LEFT_HIP_PITCH,LEFT_HIP_ROLL,LEFT_HIP_YAW,LEFT_KNEE,LEFT_ANKLE_PITCH,LEFT_ANKLE_ROLL,RIGHT_HIP_PITCH,RIGHT_HIP_ROLL,RIGHT_HIP_YAW,RIGHT_KNEE,RIGHT_ANKLE_PITCH,RIGHT_ANKLE_ROLL,WAIST_YAW,WAIST_ROLL,WAIST_PITCH,LEFT_SHOULDER_PITCH,LEFT_SHOULDER_ROLL,LEFT_SHOULDER_YAW,LEFT_ELBOW,LEFT_WRIST_ROLL,LEFT_WRIST_PITCH,LEFT_WRIST_YAW,RIGHT_SHOULDER_PITCH,RIGHT_SHOULDER_ROLL,RIGHT_SHOULDER_YAW,RIGHT_ELBOW,RIGHT_WRIST_ROLL,RIGHT_WRIST_PITCH,RIGHT_WRIST_YAW,FLAG
-0.012570,-0.071492,0.003040,0.259251,-0.289755,0.051453,-0.046309,0.035835,0.010231,0.314756,-0.320602,-0.030887,-0.201910,0.032667,-0.062974,-0.169733,1.236032,1.167527,-0.121029,-0.473629,-0.148161,0.056434,-0.495967,-1.292930,-0.953777,-0.170500,0.200604,-0.079384,0.052443,0
-0.011590,-0.070503,0.003335,0.259089,-0.292618,0.054736,-0.046616,0.036764,0.010365,0.313460,-0.322284,-0.033794,-0.377477,0.036824,-0.060911,-0.176348,1.187197,1.062066,-0.298479,-0.470393,-0.144698,0.053522,-0.497945,-1.219239,-0.909195,-0.224500,0.146303,0.015795,0.107163,3
-0.011590,-0.070495,0.003335,0.259081,-0.292601,0.054707,-0.046616,0.036764,0.010325,0.313503,-0.322317,-0.033852,-0.378174,0.036854,-0.060921,-0.176588,1.190073,1.061659,-0.297448,-0.470393,-0.144733,0.053605,-0.498172,-1.220725,-0.909195,-0.224333,0.146339,0.016730,0.107235,3
-0.011547,-0.070503,0.003294,0.259072,-0.292563,0.054656,-0.046616,0.036773,0.010325,0.313554,-0.322366,-0.033939,-0.379433,0.036900,-0.060952,-0.176959,1.192877,1.060520,-0.296142,-0.470381,-0.144781,0.053701,-0.498532,-1.222379,-0.909183,-0.224033,0.146351,0.018228,0.107271,3
-0.011547,-0.070512,0.003335,0.259013,-0.292538,0.054627,-0.046624,0.036773,0.010339,0.313622,-0.322415,-0.033997,-0.380558,0.036930,-0.060972,-0.177307,1.194687,1.059789,-0.294956,-0.470405,-0.144853,0.053761,-0.498616,-1.223673,-0.909231,-0.223710,0.146387,0.019211,0.107247,3
-0.011530,-0.070495,0.003348,0.258979,-0.292513,0.054598,-0.046650,0.036764,0.010339,0.313665,-0.322440,-0.034069,-0.381803,0.036938,-0.060987,-0.177678,1.196233,1.059046,-0.294105,-0.470417,-0.144877,0.053785,-0.498568,-1.224956,-0.909291,-0.223554,0.146411,0.020205,0.107235,3
-0.011496,-0.070512,0.003348,0.258944,-0.292492,0.054548,-0.046659,0.036798,0.010312,0.313725,-0.322481,-0.034156,-0.383263,0.036976,-0.061003,-0.178146,1.197707,1.058351,-0.293146,-0.470429,-0.144853,0.053809,-0.498484,-1.226310,-0.909315,-0.223458,0.146507,0.021751,0.107223,3
-0.011505,-0.070486,0.003375,0.258885,-0.292475,0.054490,-0.046667,0.036824,0.010285,0.313759,-0.322514,-0.034214,-0.385446,0.036991,-0.061013,-0.178613,1.199205,1.057680,-0.292295,-0.470477,-0.144817,0.053905,-0.498364,-1.227532,-0.909387,-0.223290,0.146579,0.022818,0.107223,3
-0.011513,-0.070495,0.003361,0.258859,-0.292467,0.054490,-0.046710,0.036824,0.010272,0.313767,-0.322556,-0.034286,-0.386959,0.036991,-0.061013,-0.179248,1.200931,1.057140,-0.291528,-0.470501,-0.144769,0.053977,-0.498052,-1.228611,-0.909411,-0.223122,0.146675,0.023980,0.107223,3
-0.011539,-0.070486,0.003348,0.258876,-0.292471,0.054497,-0.046693,0.036850,0.010285,0.313750,-0.322593,-0.034351,-0.388552,0.036999,-0.061019,-0.179691,1.202740,1.056661,-0.290629,-0.470501,-0.144722,0.054061,-0.497897,-1.229546,-0.909447,-0.222955,0.146759,0.025215,0.107223,3
-0.011556,-0.070478,0.003308,0.258876,-0.292462,0.054482,-0.046693,0.036858,0.010285,0.313750,-0.322634,-0.034409,-0.390307,0.036991,-0.061013,-0.180087,1.205533,1.056206,-0.289659,-0.470501,-0.144722,0.054133,-0.497849,-1.230948,-0.909579,-0.222775,0.146867,0.026521,0.107211,3
-0.011582,-0.070469,0.003268,0.258910,-0.292467,0.054490,-0.046693,0.036875,0.010285,0.313733,-0.322655,-0.034459,-0.391954,0.037006,-0.061024,-0.180470,1.207390,1.055463,-0.288664,-0.470501,-0.144733,0.054181,-0.497873,-1.232014,-0.909818,-0.222547,0.146939,0.027947,0.107187,3
-0.011582,-0.070469,0.003201,0.258927,-0.292471,0.054468,-0.046701,0.036901,0.010272,0.313742,-0.322675,-0.034481,-0.393400,0.037037,-0.061044,-0.180746,1.209236,1.054875,-0.287478,-0.470501,-0.144793,0.054205,-0.497897,-1.233261,-0.910322,-0.222343,0.146987,0.029337,0.107151,3
-0.011573,-0.070478,0.003201,0.258944,-0.292466,0.054461,-0.046684,0.036935,0.010245,0.313708,-0.322692,-0.034524,-0.394498,0.037060,-0.061060,-0.180914,1.210961,1.054204,-0.285680,-0.470501,-0.144901,0.054169,-0.497921,-1.234603,-0.910573,-0.221996,0.147082,0.030512,0.107103,3
-0.011582,-0.070461,0.003187,0.258936,-0.292471,0.054468,-0.046676,0.036926,0.010231,0.313708,-0.322700,-0.034539,-0.394927,0.037067,-0.061075,-0.181022,1.211848,1.053821,-0.285069,-0.470501,-0.144997,0.054157,-0.497933,-1.235262,-0.910657,-0.221864,0.147082,0.031027,0.107091,3
-0.011582,-0.070461,0.003174,0.258953,-0.292475,0.054446,-0.046667,0.036960,0.010231,0.313725,-0.322770,-0.034647,-0.396092,0.037113,-0.061095,-0.181405,1.215360,1.051795,-0.282756,-0.470525,-0.145465,0.053977,-0.498016,-1.237671,-0.910873,-0.221289,0.147178,0.033448,0.107091,3
-0.011573,-0.070461,0.003187,0.258962,-0.292470,0.054439,-0.046676,0.036977,0.010231,0.313750,-0.322799,-0.034712,-0.396159,0.037113,-0.061095,-0.181705,1.217026,1.050453,-0.281773,-0.470561,-0.145584,0.053965,-0.498028,-1.238546,-0.910921,-0.220785,0.147226,0.034491,0.107091,3
-0.011582,-0.070452,0.003187,0.258987,-0.292466,0.054432,-0.046701,0.036995,0.010218,0.313801,-0.322840,-0.034799,-0.396052,0.037083,-0.061085,-0.182244,1.218835,1.049135,-0.280671,-0.470573,-0.145716,0.053965,-0.498028,-1.239361,-0.910969,-0.220186,0.147274,0.035437,0.107103,3
-0.011590,-0.070461,0.003187,0.258979,-0.292466,0.054432,-0.046701,0.036995,0.010231,0.313852,-0.322894,-0.034864,-0.396079,0.037128,-0.061096,-0.182652,1.221448,1.048152,-0.279568,-0.470585,-0.145824,0.053953,-0.497981,-1.240751,-0.911101,-0.219551,0.147322,0.036096,0.107127,3
-0.011573,-0.070444,0.003214,0.258970,-0.292458,0.054417,-0.046761,0.037012,0.010245,0.313938,-0.322935,-0.034936,-0.396454,0.037189,-0.061117,-0.183179,1.223209,1.047565,-0.278322,-0.470573,-0.145896,0.053965,-0.497909,-1.241901,-0.911328,-0.218952,0.147358,0.036648,0.107139,3
-0.011530,-0.070435,0.003294,0.258970,-0.292445,0.054396,-0.046795,0.037003,0.010272,0.314023,-0.322972,-0.035001,-0.397204,0.037273,-0.061183,-0.183826,1.224983,1.047242,-0.276284,-0.470561,-0.145920,0.053965,-0.497765,-1.243232,-0.911856,-0.218424,0.147442,0.037175,0.107163,3
-0.011445,-0.070427,0.003402,0.258859,-0.292411,0.054352,-0.046889,0.037020,0.010406,0.314296,-0.323013,-0.035102,-0.399078,0.037417,-0.061300,-0.185252,1.227392,1.047325,-0.274391,-0.470585,-0.145980,0.053953,-0.497513,-1.245485,-0.912443,-0.216938,0.147538,0.038026,0.107271,3
-0.011428,-0.070427,0.003428,0.258800,-0.292395,0.054367,-0.046906,0.037020,0.010432,0.314372,-0.323025,-0.035124,-0.399802,0.037448,-0.061331,-0.185791,1.228207,1.047421,-0.273840,-0.470585,-0.145992,0.053977,-0.497405,-1.246144,-0.912635,-0.216519,0.147598,0.038326,0.107319,3
-0.011360,-0.070435,0.003495,0.258731,-0.292374,0.054345,-0.046965,0.037037,0.010486,0.314517,-0.323058,-0.035182,-0.401181,0.037539,-0.061383,-0.187002,1.229681,1.047661,-0.272869,-0.470573,-0.145956,0.053989,-0.497261,-1.247402,-0.912898,-0.215812,0.147670,0.039081,0.107415,3
-0.011266,-0.070427,0.003576,0.258714,-0.292382,0.054345,-0.047034,0.037029,0.010526,0.314636,-0.323083,-0.035225,-0.403672,0.037653,-0.061459,-0.188608,1.231946,1.048080,-0.271071,-0.470585,-0.145836,0.053989,-0.497154,-1.249152,-0.913342,-0.214805,0.147813,0.039812,0.107690,3
-0.011258,-0.070401,0.003562,0.258740,-0.292382,0.054330,-0.047042,0.037046,0.010539,0.314662,-0.323087,-0.035232,-0.404703,0.037767,-0.061516,-0.189986,1.233504,1.047997,-0.269897,-0.470585,-0.145656,0.053953,-0.497178,-1.250374,-0.913557,-0.214002,0.147921,0.040255,0.107846,3
-0.011275,-0.070367,0.003549,0.258800,-0.292395,0.054338,-0.047034,0.037063,0.010539,0.314611,-0.323095,-0.035218,-0.405707,0.037805,-0.061552,-0.190813,1.235769,1.047493,-0.268674,-0.470573,-0.145393,0.053905,-0.497285,-1.252232,-0.913761,-0.213187,0.148017,0.040722,0.108002,3
-0.011309,-0.070307,0.003522,0.258885,-0.292382,0.054330,-0.047017,0.037054,0.010539,0.314577,-0.323095,-0.035218,-0.406632,0.037866,-0.061593,-0.191568,1.237291,1.046307,-0.267416,-0.470585,-0.145177,0.053845,-0.497513,-1.253394,-0.913893,-0.212289,0.148149,0.041238,0.108182,3
-0.011326,-0.070273,0.003495,0.258987,-0.292399,0.054345,-0.046991,0.037063,0.010553,0.314517,-0.323091,-0.035225,-0.407703,0.037919,-0.061619,-0.192287,1.239088,1.045600,-0.266122,-0.470573,-0.144997,0.053797,-0.497849,-1.254593,-0.913857,-0.211450,0.148281,0.041873,0.108313,3
-0.011369,-0.070248,0.003482,0.259132,-0.292403,0.054352,-0.046974,0.037080,0.010539,0.314440,-0.323087,-0.035232,-0.408801,0.037965,-0.061650,-0.192850,1.240802,1.045036,-0.264372,-0.470561,-0.144985,0.053737,-0.498076,-1.255647,-0.913749,-0.210203,0.148425,0.042496,0.108445,3
-0.011394,-0.070239,0.003455,0.259226,-0.292395,0.054338,-0.046931,0.037088,0.010539,0.314398,-0.323091,-0.035225,-0.409966,0.037996,-0.061660,-0.193234,1.242396,1.044641,-0.263198,-0.470573,-0.144997,0.053737,-0.498172,-1.256762,-0.913581,-0.209257,0.148628,0.043167,0.108565,3
-0.011428,-0.070239,0.003402,0.259277,-0.292395,0.054352,-0.046897,0.037097,0.010539,0.314364,-0.323087,-0.035232,-0.411305,0.038026,-0.061681,-0.193521,1.243954,1.044365,-0.261855,-0.470573,-0.145009,0.053737,-0.498184,-1.257864,-0.913486,-0.208346,0.148808,0.043910,0.108721,3
-0.011488,-0.070231,0.003415,0.259294,-0.292399,0.054345,-0.046821,0.037114,0.010513,0.314321,-0.323087,-0.035232,-0.414626,0.038064,-0.061707,-0.193809,1.246423,1.043982,-0.259518,-0.470585,-0.144997,0.053761,-0.498244,-1.259578,-0.913522,-0.207135,0.149060,0.045828,0.108997,3
-0.011505,-0.070239,0.003415,0.259285,-0.292395,0.054352,-0.046778,0.037114,0.010499,0.314296,-0.323091,-0.035225,-0.416555,0.038079,-0.061717,-0.194132,1.247957,1.043694,-0.257960,-0.470573,-0.144997,0.053761,-0.498412,-1.260824,-0.913581,-0.206284,0.149204,0.046978,0.109092,3
-0.011496,-0.070256,0.003415,0.259277,-0.292383,0.054359,-0.046718,0.037131,0.010486,0.314287,-0.323091,-0.035225,-0.418711,0.038102,-0.061712,-0.194840,1.249503,1.043383,-0.256414,-0.470621,-0.145021,0.053797,-0.498676,-1.262119,-0.913605,-0.205362,0.149359,0.048201,0.109140,3
-0.011496,-0.070256,0.003415,0.259243,-0.292378,0.054352,-0.046693,0.037122,0.010446,0.314338,-0.323091,-0.035225,-0.420693,0.038132,-0.061693,-0.195367,1.252019,1.043095,-0.255036,-0.470621,-0.145081,0.053797,-0.498819,-1.264228,-0.913581,-0.204619,0.149515,0.049399,0.109140,3
-0.011522,-0.070256,0.003402,0.259200,-0.292378,0.054352,-0.046701,0.037114,0.010392,0.314398,-0.323087,-0.035232,-0.422380,0.038132,-0.061703,-0.195774,1.253877,1.042723,-0.253862,-0.470621,-0.145117,0.053797,-0.498855,-1.265558,-0.913426,-0.203984,0.149695,0.050370,0.109116,3
-0.011539,-0.070256,0.003402,0.259175,-0.292366,0.054330,-0.046701,0.037122,0.010379,0.314466,-0.323096,-0.035247,-0.423920,0.038140,-0.061708,-0.196086,1.255627,1.042496,-0.252400,-0.470621,-0.145129,0.053785,-0.498795,-1.266780,-0.913306,-0.203097,0.149839,0.051089,0.109116,3
-0.011582,-0.070256,0.003402,0.259132,-0.292357,0.054330,-0.046727,0.037114,0.010339,0.314526,-0.323104,-0.035232,-0.425340,0.038140,-0.061718,-0.196338,1.257388,1.042268,-0.251141,-0.470621,-0.145105,0.053797,-0.498724,-1.267907,-0.913210,-0.202414,0.150007,0.051568,0.109128,3
-0.011616,-0.070256,0.003402,0.259123,-0.292341,0.054316,-0.046735,0.037105,0.010325,0.314560,-0.323112,-0.035247,-0.426733,0.038178,-0.061724,-0.196529,1.259150,1.042100,-0.249643,-0.470656,-0.145045,0.053797,-0.498712,-1.269046,-0.913198,-0.201647,0.150174,0.051796,0.109104,3
-0.011616,-0.070273,0.003375,0.259115,-0.292341,0.054316,-0.046735,0.037105,0.010285,0.314577,-0.323116,-0.035268,-0.428126,0.038193,-0.061724,-0.196721,1.260972,1.042064,-0.248061,-0.470692,-0.144925,0.053821,-0.498724,-1.270472,-0.913150,-0.200796,0.150306,0.051628,0.109092,3
-0.011616,-0.070265,0.003375,0.259123,-0.292341,0.054316,-0.046727,0.037105,0.010272,0.314585,-0.323108,-0.035283,-0.430081,0.038239,-0.061725,-0.196829,1.262601,1.042100,-0.246432,-0.470740,-0.144937,0.053809,-0.498724,-1.272138,-0.913186,-0.200029,0.150414,0.051280,0.109080,3
-0.011556,-0.070273,0.003361,0.259123,-0.292328,0.054309,-0.046710,0.037114,0.010245,0.314619,-0.323124,-0.035297,-0.431822,0.038300,-0.061736,-0.196817,1.264866,1.042148,-0.243999,-0.470752,-0.145033,0.053821,-0.498652,-1.274618,-0.913114,-0.198782,0.150570,0.050993,0.109056,3
-0.011530,-0.070273,0.003361,0.259140,-0.292320,0.054309,-0.046701,0.037114,0.010218,0.314619,-0.323141,-0.035312,-0.432853,0.038368,-0.061733,-0.196793,1.267323,1.042136,-0.242549,-0.470752,-0.145129,0.053797,-0.498544,-1.276763,-0.913030,-0.197788,0.150666,0.051448,0.109068,3
-0.011488,-0.070273,0.003361,0.259149,-0.292324,0.054287,-0.046701,0.037114,0.010191,0.314662,-0.323166,-0.035355,-0.433750,0.038406,-0.061739,-0.196805,1.268905,1.042184,-0.240967,-0.470776,-0.145213,0.053821,-0.498388,-1.277998,-0.912826,-0.196601,0.150738,0.051748,0.109056,3
-0.011488,-0.070256,0.003348,0.259158,-0.292315,0.054273,-0.046701,0.037114,0.010178,0.314662,-0.323170,-0.035377,-0.434688,0.038429,-0.061744,-0.196769,1.270559,1.042232,-0.239193,-0.470800,-0.145297,0.053833,-0.498268,-1.279064,-0.912683,-0.195415,0.150881,0.051784,0.109068,3
-0.011488,-0.070273,0.003335,0.259175,-0.292303,0.054265,-0.046701,0.037122,0.010164,0.314679,-0.323186,-0.035406,-0.435612,0.038505,-0.061755,-0.196733,1.272249,1.042292,-0.236269,-0.470812,-0.145321,0.053833,-0.498256,-1.279951,-0.912527,-0.193881,0.151037,0.051628,0.109092,3
-0.011496,-0.070273,0.003308,0.259175,-0.292286,0.054236,-0.046710,0.037122,0.010138,0.314696,-0.323198,-0.035413,-0.436643,0.038543,-0.061781,-0.196745,1.273951,1.042352,-0.234543,-0.470872,-0.145321,0.053833,-0.498244,-1.280838,-0.912359,-0.192910,0.151325,0.051532,0.109104,3
-0.011513,-0.070273,0.003254,0.259175,-0.292273,0.054215,-0.046727,0.037139,0.010138,0.314696,-0.323215,-0.035456,-0.437902,0.038642,-0.061828,-0.196769,1.275592,1.042388,-0.233129,-0.470908,-0.145309,0.053833,-0.498160,-1.281761,-0.912215,-0.191784,0.151541,0.051496,0.109116,3
-0.011513,-0.070256,0.003281,0.259166,-0.292269,0.054193,-0.046744,0.037139,0.010111,0.314722,-0.323231,-0.035485,-0.440111,0.038756,-0.061875,-0.196841,1.277306,1.042412,-0.231835,-0.470956,-0.145321,0.053833,-0.497957,-1.282887,-0.912071,-0.190489,0.151768,0.051412,0.109176,3
-0.011420,-0.070248,0.003241,0.259166,-0.292248,0.054171,-0.046752,0.037182,0.010151,0.314722,-0.323248,-0.035500,-0.442642,0.038992,-0.062005,-0.196901,1.280027,1.042412,-0.230241,-0.470992,-0.145309,0.053821,-0.497669,-1.284901,-0.911952,-0.188680,0.152176,0.051280,0.109236,3
-0.011377,-0.070256,0.003241,0.259166,-0.292244,0.054164,-0.046761,0.037173,0.010138,0.314730,-0.323248,-0.035514,-0.443593,0.039045,-0.062031,-0.196913,1.280818,1.042412,-0.229726,-0.471016,-0.145321,0.053833,-0.497705,-1.285488,-0.911928,-0.188080,0.152320,0.051233,0.109296,3
-0.011300,-0.070256,0.003201,0.259183,-0.292214,0.054113,-0.046752,0.037199,0.010111,0.314739,-0.323248,-0.035514,-0.446205,0.039167,-0.062123,-0.196913,1.284329,1.042436,-0.228156,-0.471052,-0.145321,0.053857,-0.497741,-1.287801,-0.911784,-0.186427,0.152751,0.051113,0.109380,3
-0.011275,-0.070248,0.003160,0.259166,-0.292181,0.054070,-0.046761,0.037225,0.010111,0.314756,-0.323273,-0.035528,-0.447852,0.039250,-0.062169,-0.196877,1.286091,1.042496,-0.227065,-0.471088,-0.145309,0.053869,-0.497729,-1.288855,-0.911700,-0.185336,0.153039,0.051113,0.109440,3
-0.011258,-0.070248,0.003147,0.259166,-0.292164,0.054041,-0.046752,0.037225,0.010111,0.314764,-0.323281,-0.035557,-0.449137,0.039304,-0.062195,-0.196841,1.287804,1.042532,-0.224800,-0.471124,-0.145273,0.053893,-0.497729,-1.289970,-0.911592,-0.183754,0.153302,0.051209,0.109560,3
-0.011249,-0.070239,0.003174,0.259166,-0.292151,0.054005,-0.046752,0.037233,0.010124,0.314764,-0.323273,-0.035572,-0.450155,0.039357,-0.062221,-0.196793,1.289470,1.042580,-0.223158,-0.471184,-0.145165,0.053905,-0.497753,-1.291264,-0.911472,-0.182747,0.153650,0.051292,0.109632,3
-0.011275,-0.070222,0.003120,0.259140,-0.292118,0.053961,-0.046761,0.037233,0.010138,0.314781,-0.323277,-0.035565,-0.451066,0.039387,-0.062222,-0.196757,1.291136,1.042640,-0.221540,-0.471184,-0.144937,0.053941,-0.497777,-1.292678,-0.911328,-0.181777,0.153841,0.051364,0.109752,3
-0.011292,-0.070222,0.003147,0.259132,-0.292101,0.053947,-0.046769,0.037267,0.010111,0.314798,-0.323281,-0.035543,-0.451883,0.039456,-0.062238,-0.196805,1.292646,1.042675,-0.219563,-0.471184,-0.144841,0.053929,-0.497765,-1.294069,-0.911256,-0.180698,0.154057,0.051388,0.109859,3
-0.011275,-0.070214,0.003107,0.259132,-0.292093,0.053932,-0.046786,0.037259,0.010111,0.314773,-0.323281,-0.035557,-0.453436,0.039501,-0.062259,-0.196985,1.294216,1.042699,-0.217562,-0.471208,-0.144865,0.053893,-0.497705,-1.295195,-0.911149,-0.179524,0.154225,0.051352,0.110051,3
-0.011266,-0.070205,0.003147,0.259115,-0.292084,0.053918,-0.046846,0.037276,0.010111,0.314798,-0.323289,-0.035572,-0.454775,0.039562,-0.062280,-0.197260,1.295894,1.042699,-0.215584,-0.471184,-0.144949,0.053857,-0.497501,-1.296226,-0.911053,-0.178313,0.154381,0.051340,0.110183,3
-0.011232,-0.070180,0.003174,0.259089,-0.292072,0.053911,-0.046897,0.037310,0.010124,0.314824,-0.323281,-0.035586,-0.456931,0.039699,-0.062313,-0.197668,1.299669,1.042628,-0.213319,-0.471232,-0.145129,0.053809,-0.497202,-1.298359,-0.910993,-0.176767,0.154620,0.051209,0.110435,3
-0.011181,-0.070180,0.003308,0.259089,-0.292072,0.053896,-0.046940,0.037327,0.010164,0.314815,-0.323285,-0.035579,-0.458391,0.039768,-0.062349,-0.197836,1.301610,1.042448,-0.212001,-0.471244,-0.145225,0.053797,-0.497118,-1.299701,-0.911041,-0.175761,0.154752,0.051137,0.110662,3
-0.011130,-0.070180,0.003321,0.259064,-0.292067,0.053903,-0.046974,0.037335,0.010205,0.314815,-0.323289,-0.035572,-0.459784,0.039813,-0.062340,-0.197848,1.303456,1.042388,-0.209892,-0.471268,-0.145201,0.053797,-0.497178,-1.301067,-0.911077,-0.173975,0.154872,0.051137,0.110902,3
-0.011096,-0.070180,0.003375,0.259072,-0.292068,0.053918,-0.046999,0.037344,0.010218,0.314807,-0.323289,-0.035586,-0.461190,0.039859,-0.062341,-0.197836,1.305325,1.042376,-0.208130,-0.471268,-0.145165,0.053785,-0.497321,-1.302541,-0.911089,-0.172609,0.155112,0.051149,0.111106,3
-0.011079,-0.070163,0.003415,0.259089,-0.292051,0.053903,-0.046999,0.037361,0.010231,0.314815,-0.323285,-0.035579,-0.462476,0.039882,-0.062297,-0.197812,1.307147,1.042376,-0.206225,-0.471268,-0.145141,0.053785,-0.497453,-1.304063,-0.911053,-0.171171,0.155256,0.051149,0.111274,3
-0.011087,-0.070146,0.003415,0.259098,-0.292059,0.053918,-0.046982,0.037352,0.010231,0.314815,-0.323285,-0.035579,-0.464578,0.039927,-0.062268,-0.197812,1.308789,1.042412,-0.204367,-0.471268,-0.145153,0.053809,-0.497477,-1.305562,-0.910993,-0.169757,0.155447,0.051089,0.111429,3
-0.011121,-0.070120,0.003402,0.259123,-0.292063,0.053911,-0.046999,0.037378,0.010231,0.314824,-0.323293,-0.035565,-0.466118,0.039973,-0.062229,-0.197788,1.310371,1.042412,-0.202593,-0.471244,-0.145153,0.053821,-0.497501,-1.306952,-0.910885,-0.168247,0.155651,0.051041,0.111501,3
-0.011164,-0.070094,0.003375,0.259166,-0.292055,0.053896,-0.046965,0.037361,0.010245,0.314798,-0.323289,-0.035543,-0.467712,0.040026,-0.062195,-0.197692,1.311869,1.042412,-0.200700,-0.471244,-0.145201,0.053821,-0.497525,-1.308282,-0.910825,-0.167012,0.155891,0.050957,0.111573,3
-0.011190,-0.070060,0.003348,0.259209,-0.292059,0.053903,-0.046948,0.037361,0.010231,0.314815,-0.323281,-0.035557,-0.469332,0.040094,-0.062162,-0.197656,1.313235,1.042412,-0.198579,-0.471220,-0.145213,0.053797,-0.497549,-1.309612,-0.910741,-0.166041,0.156178,0.050873,0.111597,3
-0.011232,-0.070035,0.003294,0.259192,-0.292055,0.053896,-0.046914,0.037378,0.010231,0.314815,-0.323281,-0.035557,-0.472212,0.040185,-0.062104,-0.197716,1.316662,1.042412,-0.195403,-0.471244,-0.145213,0.053809,-0.497513,-1.312848,-0.910549,-0.164939,0.156646,0.050825,0.111597,3
-0.011292,-0.070026,0.003268,0.259192,-0.292068,0.053918,-0.046897,0.037378,0.010205,0.314833,-0.323277,-0.035536,-0.474247,0.040261,-0.062085,-0.197776,1.318771,1.042412,-0.192958,-0.471268,-0.145201,0.053785,-0.497477,-1.314586,-0.910502,-0.163213,0.156945,0.050969,0.111597,3
-0.011326,-0.070009,0.003241,0.259183,-0.292059,0.053903,-0.046880,0.037387,0.010178,0.314841,-0.323269,-0.035536,-0.476109,0.040307,-0.062056,-0.197800,1.320761,1.042412,-0.191556,-0.471268,-0.145213,0.053785,-0.497453,-1.316227,-0.910454,-0.161907,0.157257,0.051245,0.111549,3
-0.011351,-0.070026,0.003201,0.259166,-0.292055,0.053896,-0.046863,0.037395,0.010151,0.314858,-0.323269,-0.035507,-0.477930,0.040383,-0.062038,-0.197788,1.322750,1.042460,-0.190309,-0.471244,-0.145213,0.053797,-0.497513,-1.317594,-0.910382,-0.160673,0.157724,0.051436,0.111525,3
-0.011420,-0.070026,0.003187,0.259149,-0.292051,0.053903,-0.046838,0.037404,0.010138,0.314841,-0.323256,-0.035529,-0.479390,0.040444,-0.062000,-0.197728,1.324919,1.042520,-0.189051,-0.471244,-0.145213,0.053773,-0.497597,-1.318660,-0.910310,-0.159510,0.158036,0.051436,0.111465,3
-0.011462,-0.070035,0.003214,0.259140,-0.292043,0.053903,-0.046829,0.037395,0.010138,0.314841,-0.323256,-0.035529,-0.481479,0.040489,-0.061971,-0.197716,1.326861,1.042604,-0.187817,-0.471268,-0.145237,0.053785,-0.497621,-1.319475,-0.910286,-0.158455,0.158336,0.051400,0.111369,3
-0.011513,-0.070035,0.003254,0.259149,-0.292034,0.053903,-0.046803,0.037395,0.010111,0.314833,-0.323260,-0.035521,-0.482684,0.040550,-0.061962,-0.197692,1.328742,1.042664,-0.186534,-0.471268,-0.145225,0.053785,-0.497597,-1.320194,-0.910238,-0.157281,0.158623,0.051388,0.111345,3
-0.011513,-0.070035,0.003308,0.259140,-0.292022,0.053911,-0.046795,0.037387,0.010138,0.314841,-0.323264,-0.035514,-0.483822,0.040588,-0.061968,-0.197704,1.331223,1.042664,-0.184929,-0.471244,-0.145201,0.053785,-0.497609,-1.321321,-0.910178,-0.155975,0.158887,0.051388,0.111286,3
-0.011530,-0.070043,0.003348,0.259149,-0.292017,0.053874,-0.046795,0.037369,0.010124,0.314833,-0.323273,-0.035499,-0.484840,0.040618,-0.061948,-0.197704,1.332637,1.042675,-0.183167,-0.471244,-0.145057,0.053809,-0.497585,-1.322088,-0.910166,-0.154573,0.159151,0.051364,0.111309,3
-0.011522,-0.070043,0.003335,0.259158,-0.292009,0.053860,-0.046795,0.037395,0.010138,0.314833,-0.323273,-0.035499,-0.485724,0.040649,-0.061939,-0.197716,1.333812,1.042675,-0.181393,-0.471256,-0.144985,0.053893,-0.497621,-1.322831,-0.910154,-0.153134,0.159426,0.051328,0.111309,3
-0.011496,-0.070052,0.003321,0.259166,-0.292001,0.053860,-0.046795,0.037404,0.010111,0.314841,-0.323269,-0.035536,-0.486916,0.040710,-0.061920,-0.197728,1.335693,1.042652,-0.177414,-0.471244,-0.144985,0.054169,-0.497585,-1.323718,-0.910178,-0.150054,0.159965,0.051185,0.111286,3
-0.011496,-0.070043,0.003308,0.259175,-0.291992,0.053860,-0.046803,0.037395,0.010124,0.314841,-0.323260,-0.035536,-0.487411,0.040763,-0.061897,-0.197752,1.336580,1.042675,-0.176396,-0.471244,-0.145021,0.054241,-0.497573,-1.323981,-0.910190,-0.149216,0.159965,0.051137,0.111274,3
-0.011471,-0.070052,0.003335,0.259175,-0.291984,0.053860,-0.046829,0.037395,0.010097,0.314867,-0.323260,-0.035550,-0.489085,0.040892,-0.061894,-0.197991,1.339612,1.042664,-0.173939,-0.471220,-0.145297,0.054313,-0.497465,-1.325168,-0.910202,-0.146963,0.160553,0.051017,0.111309,3
-0.011445,-0.070043,0.003335,0.259175,-0.291976,0.053845,-0.046863,0.037395,0.010124,0.314867,-0.323260,-0.035550,-0.490518,0.040983,-0.061886,-0.198243,1.341673,1.042640,-0.172513,-0.471220,-0.145524,0.054348,-0.497345,-1.326186,-0.910202,-0.145896,0.160888,0.050921,0.111381,3
-0.011394,-0.070035,0.003348,0.259175,-0.291976,0.053845,-0.046897,0.037369,0.010138,0.314858,-0.323273,-0.035543,-0.492889,0.041059,-0.061878,-0.198459,1.343687,1.042616,-0.171099,-0.471232,-0.145620,0.054384,-0.497417,-1.327469,-0.910166,-0.145081,0.161272,0.050861,0.111453,3
-0.011283,-0.070043,0.003388,0.259166,-0.291963,0.053838,-0.046948,0.037387,0.010151,0.314841,-0.323277,-0.035550,-0.494576,0.041090,-0.061859,-0.198603,1.345724,1.042640,-0.169337,-0.471220,-0.145584,0.054420,-0.497777,-1.328859,-0.910118,-0.144146,0.161691,0.050873,0.111525,3
-0.011232,-0.070052,0.003428,0.259175,-0.291951,0.053831,-0.046940,0.037387,0.010178,0.314841,-0.323285,-0.035550,-0.496304,0.041128,-0.061825,-0.198663,1.348828,1.042664,-0.167396,-0.471220,-0.145596,0.054420,-0.497969,-1.330848,-0.910058,-0.142780,0.162075,0.051065,0.111537,3
-0.011172,-0.070060,0.003442,0.259166,-0.291938,0.053809,-0.046948,0.037387,0.010205,0.314841,-0.323277,-0.035536,-0.498152,0.041097,-0.061814,-0.198710,1.350542,1.042688,-0.165430,-0.471220,-0.145596,0.054432,-0.498100,-1.332119,-0.910034,-0.141138,0.162530,0.051352,0.111501,3
-0.011130,-0.070060,0.003415,0.259166,-0.291921,0.053766,-0.046957,0.037387,0.010191,0.314858,-0.323277,-0.035565,-0.500040,0.041112,-0.061814,-0.198782,1.352016,1.042688,-0.162698,-0.471232,-0.145620,0.054432,-0.498232,-1.333221,-0.910022,-0.138849,0.163045,0.051508,0.111453,3
-0.011155,-0.070060,0.003348,0.259158,-0.291888,0.053722,-0.046957,0.037395,0.010191,0.314858,-0.323281,-0.035557,-0.502799,0.041166,-0.061830,-0.198854,1.353670,1.042688,-0.159546,-0.471220,-0.145716,0.054432,-0.498292,-1.334563,-0.910010,-0.137124,0.164316,0.051400,0.111393,3
-0.011190,-0.070043,0.003321,0.259166,-0.291888,0.053737,-0.046957,0.037387,0.010178,0.314858,-0.323273,-0.035557,-0.503575,0.041188,-0.061826,-0.198842,1.354281,1.042688,-0.158527,-0.471208,-0.145740,0.054396,-0.498256,-1.334959,-0.910010,-0.136632,0.164687,0.051340,0.111369,3
-0.011215,-0.070052,0.003214,0.259175,-0.291871,0.053722,-0.046982,0.037395,0.010178,0.314850,-0.323265,-0.035558,-0.505330,0.041226,-0.061822,-0.198902,1.356773,1.042688,-0.155711,-0.471208,-0.145836,0.054301,-0.498220,-1.336217,-0.910010,-0.135062,0.166197,0.051125,0.111381,3
-0.011224,-0.070043,0.003147,0.259175,-0.291863,0.053722,-0.046965,0.037395,0.010151,0.314850,-0.323269,-0.035550,-0.506374,0.041264,-0.061807,-0.199010,1.358859,1.042699,-0.154189,-0.471220,-0.145848,0.054133,-0.498184,-1.337200,-0.910022,-0.133696,0.167396,0.051029,0.111429,3
-0.011232,-0.070035,0.003120,0.259166,-0.291854,0.053708,-0.046957,0.037387,0.010111,0.314841,-0.323264,-0.035543,-0.506803,0.041356,-0.061829,-0.199238,1.360872,1.042699,-0.152751,-0.471220,-0.145884,0.054049,-0.498256,-1.338266,-0.910022,-0.131982,0.168882,0.051041,0.111477,3
-0.011198,-0.070043,0.003107,0.259166,-0.291850,0.053701,-0.046940,0.037395,0.010111,0.314841,-0.323264,-0.035543,-0.507272,0.041424,-0.061826,-0.199382,1.363832,1.042723,-0.151564,-0.471208,-0.145908,0.054025,-0.498340,-1.340076,-0.910022,-0.130209,0.170464,0.051005,0.111513,3
-0.011207,-0.070043,0.003147,0.259166,-0.291833,0.053686,-0.046931,0.037395,0.010097,0.314841,-0.323281,-0.035543,-0.508035,0.041508,-0.061813,-0.199561,1.365798,1.042723,-0.150198,-0.471220,-0.145908,0.054013,-0.498304,-1.341346,-0.910046,-0.128267,0.172189,0.050897,0.111537,3
-0.011172,-0.070035,0.003254,0.259158,-0.291825,0.053643,-0.046957,0.037395,0.010138,0.314858,-0.323277,-0.035536,-0.509254,0.041538,-0.061793,-0.199849,1.367679,1.042723,-0.148640,-0.471232,-0.145872,0.054073,-0.498136,-1.342820,-0.910070,-0.126482,0.173927,0.050753,0.111525,3
-0.011121,-0.070026,0.003361,0.259140,-0.291808,0.053628,-0.046991,0.037395,0.010164,0.314875,-0.323260,-0.035550,-0.510820,0.041553,-0.061774,-0.200292,1.369489,1.042723,-0.145884,-0.471232,-0.145824,0.054157,-0.497861,-1.344498,-0.910094,-0.124468,0.175761,0.050645,0.111537,3
-0.011045,-0.070043,0.003535,0.259158,-0.291774,0.053585,-0.047042,0.037404,0.010258,0.314884,-0.323264,-0.035543,-0.513378,0.041546,-0.061788,-0.201035,1.371862,1.042640,-0.143164,-0.471244,-0.145752,0.054444,-0.497513,-1.346763,-0.910070,-0.122754,0.179835,0.050454,0.111585,3
-0.011028,-0.070043,0.003616,0.259166,-0.291758,0.053556,-0.047093,0.037412,0.010352,0.314892,-0.323269,-0.035550,-0.514959,0.041546,-0.061768,-0.201443,1.373060,1.042520,-0.141126,-0.471220,-0.145776,0.054648,-0.497369,-1.348237,-0.910034,-0.121640,0.181753,0.050274,0.111621,3
-0.011002,-0.070043,0.003669,0.259166,-0.291737,0.053534,-0.047127,0.037404,0.010432,0.314901,-0.323269,-0.035536,-0.516981,0.041553,-0.061784,-0.201683,1.374151,1.042412,-0.138969,-0.471220,-0.145788,0.054636,-0.497261,-1.349807,-0.910010,-0.120513,0.183874,0.050118,0.111645,3
-0.010968,-0.070043,0.003683,0.259166,-0.291741,0.053542,-0.047161,0.037404,0.010446,0.314884,-0.323269,-0.035521,-0.518213,0.041546,-0.061768,-0.201874,1.375505,1.042316,-0.137100,-0.471220,-0.145812,0.054576,-0.497202,-1.351509,-0.910010,-0.119339,0.185779,0.050034,0.111657,3
-0.010951,-0.070026,0.003669,0.259183,-0.291733,0.053542,-0.047178,0.037395,0.010446,0.314892,-0.323273,-0.035514,-0.519619,0.041568,-0.061754,-0.201958,1.378429,1.042292,-0.135482,-0.471220,-0.145836,0.054408,-0.497202,-1.353918,-0.910034,-0.117913,0.187637,0.050094,0.111633,3
-0.010959,-0.070001,0.003616,0.259192,-0.291737,0.053534,-0.047170,0.037404,0.010432,0.314875,-0.323264,-0.035514,-0.521065,0.041622,-0.061720,-0.202138,1.380406,1.042352,-0.133996,-0.471220,-0.145860,0.054217,-0.497214,-1.355284,-0.910058,-0.116415,0.189722,0.050286,0.111609,3
-0.011002,-0.070001,0.003549,0.259200,-0.291732,0.053527,-0.047161,0.037412,0.010419,0.314841,-0.323256,-0.035500,-0.522672,0.041705,-0.061667,-0.202342,1.382228,1.042496,-0.132450,-0.471244,-0.145872,0.054073,-0.497297,-1.356411,-0.910106,-0.114917,0.191688,0.050466,0.111573,3
-0.011045,-0.069984,0.003495,0.259183,-0.291737,0.053534,-0.047127,0.037421,0.010379,0.314858,-0.323240,-0.035500,-0.524601,0.041766,-0.061609,-0.202533,1.384014,1.042604,-0.129561,-0.471244,-0.145824,0.054025,-0.497477,-1.357285,-0.910142,-0.112304,0.193605,0.050525,0.111549,3
-0.011113,-0.069984,0.003455,0.259175,-0.291728,0.053549,-0.047127,0.037421,0.010339,0.314858,-0.323227,-0.035493,-0.526623,0.041842,-0.061521,-0.202617,1.385727,1.042711,-0.127356,-0.471244,-0.145800,0.054061,-0.497609,-1.358004,-0.910142,-0.110471,0.196182,0.050478,0.111489,3
-0.011138,-0.069984,0.003415,0.259166,-0.291732,0.053527,-0.047093,0.037421,0.010298,0.314875,-0.323240,-0.035500,-0.528766,0.041940,-0.061448,-0.202713,1.387345,1.042783,-0.125475,-0.471220,-0.145824,0.054085,-0.497669,-1.358604,-0.910106,-0.108541,0.198015,0.050394,0.111453,3
-0.011207,-0.069984,0.003375,0.259158,-0.291737,0.053534,-0.047034,0.037446,0.010191,0.314884,-0.323244,-0.035492,-0.532770,0.042032,-0.061381,-0.202941,1.389790,1.042843,-0.122742,-0.471244,-0.145956,0.054109,-0.497645,-1.359898,-0.910106,-0.105953,0.200460,0.050274,0.111405,3
-0.011249,-0.069984,0.003335,0.259166,-0.291733,0.053542,-0.047008,0.037421,0.010151,0.314884,-0.323248,-0.035485,-0.534283,0.042100,-0.061357,-0.203217,1.391420,1.042867,-0.120657,-0.471244,-0.146076,0.054121,-0.497693,-1.361048,-0.910130,-0.104598,0.201934,0.050178,0.111429,3
-0.011326,-0.069984,0.003281,0.259158,-0.291728,0.053520,-0.046974,0.037404,0.010084,0.314867,-0.323244,-0.035492,-0.535756,0.042100,-0.061357,-0.203408,1.393014,1.042867,-0.118536,-0.471220,-0.146112,0.054121,-0.497921,-1.362391,-0.910202,-0.103256,0.203420,0.050106,0.111453,3
-0.011351,-0.069992,0.003227,0.259149,-0.291724,0.053513,-0.046940,0.037421,0.010071,0.314875,-0.323240,-0.035500,-0.537095,0.042085,-0.061367,-0.203612,1.395662,1.042867,-0.116774,-0.471220,-0.146100,0.054109,-0.498172,-1.364608,-0.910226,-0.101686,0.204810,0.050142,0.111405,3
-0.011394,-0.069992,0.003174,0.259158,-0.291724,0.053513,-0.046923,0.037421,0.010057,0.314867,-0.323240,-0.035500,-0.538368,0.042077,-0.061362,-0.203936,1.397592,1.042867,-0.115168,-0.471244,-0.146124,0.054097,-0.498292,-1.366010,-0.910166,-0.099769,0.206045,0.050262,0.111369,3
-0.011428,-0.069992,0.003120,0.259158,-0.291720,0.053505,-0.046889,0.037412,0.010044,0.314884,-0.323240,-0.035514,-0.539506,0.042100,-0.061347,-0.204367,1.399354,1.042867,-0.112975,-0.471244,-0.146136,0.054097,-0.498364,-1.367388,-0.910082,-0.097180,0.207183,0.050430,0.111309,3
-0.011445,-0.070009,0.003107,0.259158,-0.291707,0.053498,-0.046880,0.037421,0.010057,0.314901,-0.323236,-0.035521,-0.540457,0.042092,-0.061352,-0.204798,1.401043,1.042867,-0.111214,-0.471244,-0.146112,0.054133,-0.498352,-1.368694,-0.910010,-0.095586,0.208777,0.050525,0.111262,3
-0.011462,-0.070009,0.003120,0.259166,-0.291699,0.053469,-0.046897,0.037412,0.010071,0.314884,-0.323244,-0.035521,-0.541274,0.042100,-0.061337,-0.205146,1.402757,1.042867,-0.109140,-0.471244,-0.146028,0.054217,-0.498328,-1.370085,-0.909962,-0.094004,0.209964,0.050525,0.111202,3
-0.011471,-0.070026,0.003134,0.259158,-0.291695,0.053462,-0.046906,0.037404,0.010097,0.314892,-0.323244,-0.035550,-0.541983,0.042100,-0.061327,-0.205446,1.404495,1.042867,-0.107079,-0.471244,-0.145896,0.054241,-0.498280,-1.371666,-0.909938,-0.092314,0.211198,0.050537,0.111166,3
-0.011462,-0.070043,0.003187,0.259166,-0.291678,0.053433,-0.046940,0.037395,0.010044,0.314867,-0.323256,-0.035558,-0.543349,0.042115,-0.061328,-0.205985,1.407239,1.042867,-0.104335,-0.471244,-0.145920,0.054289,-0.498196,-1.373884,-0.909998,-0.089175,0.213068,0.050502,0.111154,3
-0.011471,-0.070052,0.003201,0.259166,-0.291674,0.053426,-0.046940,0.037378,0.010031,0.314884,-0.323260,-0.035550,-0.543751,0.042100,-0.061327,-0.206392,1.408246,1.042867,-0.103460,-0.471244,-0.145920,0.054301,-0.498136,-1.374567,-0.909998,-0.088156,0.213727,0.050478,0.111154,3
-0.011428,-0.070052,0.003268,0.259140,-0.291653,0.053404,-0.046948,0.037395,0.010044,0.314875,-0.323265,-0.035558,-0.545572,0.042100,-0.061337,-0.207099,1.412009,1.042891,-0.100008,-0.471244,-0.145968,0.054336,-0.498004,-1.377047,-0.910034,-0.085519,0.215752,0.050370,0.111178,3
-0.011369,-0.070060,0.003348,0.259158,-0.291640,0.053382,-0.046965,0.037387,0.010044,0.314875,-0.323269,-0.035565,-0.547179,0.042108,-0.061323,-0.207603,1.413890,1.042879,-0.097635,-0.471256,-0.145968,0.054336,-0.497897,-1.378390,-0.910106,-0.083878,0.217226,0.050334,0.111202,3
-0.011317,-0.070069,0.003415,0.259166,-0.291615,0.053354,-0.046965,0.037395,0.010044,0.314867,-0.323277,-0.035565,-0.549041,0.042077,-0.061322,-0.208094,1.415760,1.042879,-0.095682,-0.471244,-0.145968,0.054348,-0.497885,-1.379936,-0.910142,-0.082236,0.218748,0.050322,0.111238,3
-0.011258,-0.070069,0.003402,0.259166,-0.291606,0.053310,-0.047008,0.037387,0.010044,0.314875,-0.323285,-0.035579,-0.551036,0.042069,-0.061307,-0.208573,1.417665,1.042891,-0.092830,-0.471244,-0.145968,0.054301,-0.497957,-1.381793,-0.910142,-0.079707,0.220270,0.050298,0.111250,3
-0.011224,-0.070069,0.003455,0.259149,-0.291585,0.053274,-0.047042,0.037387,0.010071,0.314875,-0.323289,-0.035586,-0.553152,0.042062,-0.061312,-0.209041,1.419571,1.042867,-0.090840,-0.471220,-0.145980,0.054253,-0.498076,-1.383603,-0.910130,-0.077850,0.222763,0.050334,0.111226,3
-0.011181,-0.070069,0.003388,0.259158,-0.291560,0.053231,-0.047059,0.037395,0.010057,0.314875,-0.323273,-0.035572,-0.555643,0.042069,-0.061307,-0.209520,1.421536,1.042867,-0.088384,-0.471220,-0.145980,0.054181,-0.498112,-1.385161,-0.910058,-0.075992,0.224405,0.050502,0.111238,3
-0.011172,-0.070069,0.003294,0.259166,-0.291539,0.053195,-0.047068,0.037387,0.010057,0.314867,-0.323281,-0.035586,-0.558630,0.042069,-0.061297,-0.210095,1.423382,1.042867,-0.086262,-0.471244,-0.145980,0.054085,-0.498052,-1.386671,-0.910022,-0.074086,0.225867,0.050585,0.111226,3
-0.011172,-0.070052,0.003227,0.259175,-0.291527,0.053202,-0.047076,0.037395,0.010057,0.314884,-0.323273,-0.035572,-0.560116,0.042107,-0.061283,-0.210982,1.425287,1.042867,-0.084141,-0.471220,-0.146016,0.054037,-0.497969,-1.388301,-0.910022,-0.072193,0.227173,0.050537,0.111214,3
-0.011207,-0.070060,0.003187,0.259175,-0.291514,0.053180,-0.047093,0.037395,0.010057,0.314875,-0.323281,-0.035586,-0.561254,0.042115,-0.061278,-0.211653,1.427265,1.042867,-0.081780,-0.471220,-0.146076,0.054013,-0.497981,-1.390170,-0.910022,-0.070192,0.228240,0.050418,0.111202,3
-0.011266,-0.070043,0.003094,0.259166,-0.291501,0.053158,-0.047110,0.037369,0.010031,0.314875,-0.323289,-0.035557,-0.562419,0.042199,-0.061265,-0.212696,1.431387,1.042879,-0.078341,-0.471220,-0.146148,0.054001,-0.497969,-1.393897,-0.910046,-0.067315,0.229522,0.050190,0.111178,3
-0.011258,-0.070035,0.003027,0.259166,-0.291501,0.053158,-0.047110,0.037404,0.010044,0.314875,-0.323281,-0.035557,-0.562902,0.042206,-0.061270,-0.213499,1.433377,1.042867,-0.076268,-0.471220,-0.146160,0.054001,-0.497909,-1.395383,-0.910022,-0.065434,0.230193,0.050058,0.111178,3
-0.011283,-0.070052,0.002986,0.259149,-0.291497,0.053151,-0.047102,0.037395,0.010057,0.314858,-0.323277,-0.035579,-0.563049,0.042237,-0.061261,-0.214290,1.435450,1.042867,-0.073379,-0.471244,-0.146184,0.054013,-0.497861,-1.396642,-0.910034,-0.062366,0.230768,0.050046,0.111178,3
-0.011275,-0.070043,0.002986,0.259140,-0.291493,0.053144,-0.047093,0.037421,0.010057,0.314867,-0.323273,-0.035572,-0.563089,0.042282,-0.061232,-0.214973,1.437439,1.042879,-0.071234,-0.471232,-0.146160,0.054013,-0.497825,-1.397984,-0.910022,-0.060173,0.231523,0.050022,0.111190,3
-0.011266,-0.070018,0.002986,0.259149,-0.291476,0.053115,-0.047110,0.037438,0.010071,0.314858,-0.323273,-0.035572,-0.563357,0.042366,-0.061209,-0.215572,1.439369,1.042867,-0.068777,-0.471232,-0.146100,0.054037,-0.497801,-1.399506,-0.910034,-0.058279,0.232027,0.049950,0.111202,3
-0.011207,-0.070001,0.003040,0.259166,-0.291468,0.053101,-0.047093,0.037412,0.010057,0.314884,-0.323273,-0.035572,-0.564080,0.042449,-0.061156,-0.216207,1.441442,1.042867,-0.066285,-0.471244,-0.146052,0.054037,-0.497813,-1.401483,-0.910070,-0.056578,0.232446,0.049902,0.111202,3
-0.011130,-0.069992,0.003094,0.259166,-0.291451,0.053072,-0.047110,0.037429,0.010071,0.314875,-0.323273,-0.035572,-0.566183,0.042525,-0.061108,-0.216998,1.443695,1.042867,-0.063960,-0.471256,-0.146064,0.054061,-0.497813,-1.403724,-0.910094,-0.054588,0.232889,0.049914,0.111178,3
-0.011011,-0.070009,0.003241,0.259166,-0.291451,0.053057,-0.047110,0.037429,0.010057,0.314875,-0.323281,-0.035586,-0.567830,0.042563,-0.061054,-0.218401,1.445876,1.042891,-0.061239,-0.471268,-0.146124,0.054085,-0.497861,-1.405750,-0.910106,-0.052299,0.233285,0.050094,0.111190,3
-0.010934,-0.070001,0.003361,0.259158,-0.291421,0.053021,-0.047127,0.037446,0.010084,0.314875,-0.323277,-0.035594,-0.569356,0.042555,-0.061019,-0.219215,1.449052,1.042879,-0.058639,-0.471244,-0.146255,0.054109,-0.497897,-1.408722,-0.910082,-0.049974,0.233644,0.050262,0.111178,3
-0.010883,-0.070009,0.003535,0.259158,-0.291400,0.052985,-0.047110,0.037472,0.010205,0.314867,-0.323273,-0.035586,-0.570736,0.042502,-0.061013,-0.219887,1.451137,1.042855,-0.056242,-0.471244,-0.146411,0.054109,-0.497992,-1.411035,-0.910082,-0.047961,0.234004,0.050262,0.111154,3
-0.010840,-0.070009,0.003562,0.259166,-0.291379,0.052949,-0.047136,0.037455,0.010272,0.314875,-0.323269,-0.035579,-0.572115,0.042502,-0.061013,-0.220438,1.453306,1.042783,-0.054073,-0.471256,-0.146483,0.054097,-0.498088,-1.413144,-0.910058,-0.046103,0.234375,0.050154,0.111142,3
-0.010840,-0.069992,0.003643,0.259166,-0.291342,0.052898,-0.047153,0.037446,0.010339,0.314875,-0.323269,-0.035579,-0.574218,0.042533,-0.061033,-0.221229,1.456578,1.042711,-0.049159,-0.471304,-0.146423,0.054061,-0.498124,-1.415828,-0.910022,-0.041777,0.235083,0.049950,0.111070,3
-0.010866,-0.069992,0.003589,0.259166,-0.291321,0.052891,-0.047144,0.037446,0.010325,0.314892,-0.323260,-0.035550,-0.575825,0.042555,-0.061019,-0.221828,1.458759,1.042688,-0.046607,-0.471304,-0.146399,0.054037,-0.498100,-1.417506,-0.910046,-0.039368,0.235454,0.050034,0.111022,3
-0.010908,-0.069992,0.003522,0.259166,-0.291316,0.052855,-0.047153,0.037455,0.010312,0.314884,-0.323248,-0.035543,-0.577552,0.042563,-0.060994,-0.222427,1.460940,1.042711,-0.043826,-0.471316,-0.146363,0.054037,-0.498136,-1.419328,-0.910094,-0.037247,0.235909,0.050082,0.110962,3
-0.010951,-0.069992,0.003482,0.259166,-0.291308,0.052840,-0.047161,0.037446,0.010312,0.314892,-0.323252,-0.035536,-0.580311,0.042563,-0.060954,-0.223002,1.463301,1.042723,-0.040722,-0.471316,-0.146387,0.054025,-0.498268,-1.421485,-0.910118,-0.035234,0.236437,0.050058,0.110914,3
-0.010968,-0.070001,0.003415,0.259166,-0.291300,0.052855,-0.047136,0.037438,0.010325,0.314892,-0.323248,-0.035543,-0.582347,0.042586,-0.060900,-0.223949,1.465698,1.042723,-0.037798,-0.471304,-0.146411,0.054037,-0.498604,-1.423870,-0.910106,-0.032897,0.237072,0.050022,0.110830,3
-0.011002,-0.070001,0.003361,0.259166,-0.291300,0.052840,-0.047136,0.037446,0.010285,0.314875,-0.323248,-0.035543,-0.584141,0.042624,-0.060856,-0.224680,1.469114,1.042711,-0.035258,-0.471316,-0.146459,0.053989,-0.498783,-1.427321,-0.910046,-0.030464,0.237815,0.050118,0.110710,3
-0.011045,-0.069992,0.003268,0.259175,-0.291296,0.052848,-0.047136,0.037438,0.010191,0.314858,-0.323244,-0.035550,-0.585641,0.042646,-0.060802,-0.225447,1.471259,1.042711,-0.032837,-0.471340,-0.146471,0.053965,-0.498879,-1.429718,-0.909974,-0.028199,0.238594,0.050238,0.110554,3
-0.011121,-0.070009,0.003187,0.259166,-0.291296,0.052848,-0.047136,0.037446,0.010084,0.314850,-0.323236,-0.035536,-0.586726,0.042722,-0.060764,-0.226166,1.473692,1.042723,-0.030284,-0.471376,-0.146471,0.053929,-0.498927,-1.432451,-0.909938,-0.026221,0.239541,0.050262,0.110387,3
-0.011190,-0.070001,0.003080,0.259166,-0.291287,0.052833,-0.047119,0.037446,0.010017,0.314867,-0.323236,-0.035536,-0.587556,0.042783,-0.060725,-0.226849,1.476244,1.042723,-0.026809,-0.471399,-0.146459,0.053857,-0.498903,-1.434751,-0.909902,-0.022758,0.241410,0.050298,0.110243,3
-0.011283,-0.070009,0.002960,0.259166,-0.291291,0.052826,-0.047119,0.037404,0.009937,0.314875,-0.323248,-0.035529,-0.588172,0.042859,-0.060677,-0.227497,1.478785,1.042723,-0.024532,-0.471411,-0.146435,0.053737,-0.498867,-1.436777,-0.909890,-0.020289,0.242884,0.050418,0.110063,3
-0.011411,-0.070009,0.002852,0.259166,-0.291279,0.052819,-0.047051,0.037446,0.009883,0.314909,-0.323244,-0.035536,-0.589270,0.042965,-0.060620,-0.228515,1.482668,1.042723,-0.020229,-0.471471,-0.146375,0.053474,-0.498879,-1.439521,-0.909902,-0.016730,0.245353,0.050382,0.109871,3
-0.011573,-0.070009,0.002812,0.259166,-0.291279,0.052790,-0.046982,0.037429,0.009870,0.314926,-0.323248,-0.035543,-0.589685,0.042980,-0.060580,-0.229666,1.485244,1.042723,-0.017377,-0.471531,-0.146387,0.053378,-0.498819,-1.441343,-0.909950,-0.014345,0.247007,0.050334,0.109835,3
-0.011650,-0.070026,0.002812,0.259166,-0.291283,0.052797,-0.046931,0.037446,0.009897,0.314901,-0.323256,-0.035543,-0.589980,0.043018,-0.060566,-0.230529,1.488768,1.042723,-0.014801,-0.471543,-0.146387,0.053330,-0.498700,-1.444399,-0.909950,-0.011924,0.248769,0.050334,0.109835,3
-0.011718,-0.070043,0.002866,0.259166,-0.291275,0.052797,-0.046897,0.037421,0.009910,0.314909,-0.323273,-0.035543,-0.590409,0.043049,-0.060547,-0.231475,1.490961,1.042723,-0.012128,-0.471555,-0.146387,0.053318,-0.498676,-1.446640,-0.909962,-0.009492,0.250434,0.050322,0.109883,3
-0.011761,-0.070035,0.002893,0.259158,-0.291274,0.052783,-0.046863,0.037421,0.009937,0.314901,-0.323277,-0.035565,-0.591118,0.043094,-0.060518,-0.232458,1.493322,1.042688,-0.007718,-0.471531,-0.146375,0.053270,-0.498676,-1.449384,-0.909950,-0.006340,0.252124,0.050274,0.109943,3
-0.011735,-0.070035,0.002960,0.259166,-0.291266,0.052783,-0.046846,0.037404,0.009937,0.314875,-0.323277,-0.035594,-0.592163,0.043163,-0.060475,-0.233405,1.495886,1.042544,-0.004818,-0.471531,-0.146375,0.053210,-0.498628,-1.452260,-0.909926,-0.003895,0.255144,0.050310,0.110015,3
-0.011658,-0.070026,0.003027,0.259149,-0.291245,0.052718,-0.046889,0.037429,0.009937,0.314875,-0.323277,-0.035594,-0.594198,0.043261,-0.060412,-0.234987,1.500081,1.041981,0.000132,-0.471531,-0.146387,0.053090,-0.498388,-1.456323,-0.909962,0.000276,0.258560,0.050525,0.110075,3
-0.011633,-0.070026,0.003067,0.259166,-0.291224,0.052696,-0.046914,0.037404,0.009910,0.314867,-0.323277,-0.035594,-0.594948,0.043277,-0.060402,-0.235478,1.501567,1.041753,0.001774,-0.471579,-0.146399,0.053066,-0.498304,-1.457605,-0.909998,0.001522,0.259794,0.050573,0.110075,3
-0.011573,-0.070052,0.003147,0.259166,-0.291182,0.052638,-0.046991,0.037404,0.009910,0.314892,-0.323277,-0.035594,-0.597627,0.043322,-0.060374,-0.236617,1.505558,1.041225,0.005968,-0.471615,-0.146423,0.053030,-0.498292,-1.461380,-0.910034,0.005237,0.264024,0.050370,0.110195,3
-0.011496,-0.070069,0.003134,0.259166,-0.291148,0.052580,-0.047051,0.037395,0.009923,0.314901,-0.323289,-0.035572,-0.599086,0.043330,-0.060379,-0.237228,1.508230,1.041094,0.008737,-0.471651,-0.146423,0.053066,-0.498340,-1.463741,-0.910106,0.007898,0.266949,0.050178,0.110231,3
-0.011454,-0.070069,0.003160,0.259166,-0.291115,0.052508,-0.047110,0.037361,0.009923,0.314892,-0.323281,-0.035586,-0.600533,0.043337,-0.060364,-0.237396,1.511454,1.041178,0.011445,-0.471687,-0.146447,0.053150,-0.498340,-1.467265,-0.910130,0.010486,0.269861,0.050010,0.110267,3
-0.011454,-0.070069,0.003120,0.259166,-0.291068,0.052429,-0.047127,0.037352,0.009937,0.314892,-0.323277,-0.035594,-0.602153,0.043368,-0.060355,-0.237455,1.513839,1.041405,0.013986,-0.471747,-0.146423,0.053282,-0.498328,-1.470105,-0.910106,0.012847,0.272270,0.049962,0.110339,3
-0.011488,-0.070069,0.003094,0.259166,-0.291014,0.052364,-0.047144,0.037344,0.009923,0.314884,-0.323273,-0.035601,-0.603747,0.043429,-0.060316,-0.237455,1.516619,1.041801,0.017125,-0.471795,-0.146363,0.053390,-0.498364,-1.472801,-0.909986,0.015340,0.274511,0.050010,0.110363,3
-0.011513,-0.070060,0.003053,0.259166,-0.290951,0.052241,-0.047153,0.037344,0.009897,0.314875,-0.323277,-0.035594,-0.605474,0.043504,-0.060268,-0.237431,1.519615,1.042064,0.022015,-0.471843,-0.146303,0.053522,-0.498400,-1.475354,-0.909902,0.019450,0.276967,0.050034,0.110399,3
-0.011547,-0.070060,0.002973,0.259166,-0.290892,0.052139,-0.047161,0.037369,0.009883,0.314892,-0.323277,-0.035594,-0.607389,0.043588,-0.060225,-0.237384,1.522875,1.042292,0.025035,-0.471951,-0.146255,0.053629,-0.498436,-1.477967,-0.909830,0.022075,0.280527,0.050034,0.110387,3
-0.011547,-0.070069,0.002919,0.259166,-0.290803,0.051988,-0.047153,0.037352,0.009910,0.314884,-0.323277,-0.035594,-0.609211,0.043679,-0.060147,-0.237276,1.526111,1.042496,0.028055,-0.472011,-0.146303,0.053713,-0.498412,-1.480747,-0.909806,0.024771,0.283271,0.049902,0.110375,3
-0.011522,-0.070060,0.002893,0.259166,-0.290745,0.051901,-0.047127,0.037344,0.009923,0.314875,-0.323281,-0.035586,-0.610737,0.043763,-0.060094,-0.237024,1.529083,1.042640,0.031075,-0.472023,-0.146339,0.053737,-0.498400,-1.483719,-0.909782,0.027660,0.286063,0.049770,0.110375,3
-0.011454,-0.070060,0.002866,0.259158,-0.290656,0.051749,-0.047110,0.037369,0.009923,0.314909,-0.323277,-0.035594,-0.612693,0.043869,-0.060027,-0.236377,1.532774,1.042807,0.035809,-0.472023,-0.146363,0.053725,-0.498364,-1.488237,-0.909806,0.031578,0.290318,0.049555,0.110363,3
-0.011437,-0.070069,0.002866,0.259149,-0.290597,0.051634,-0.047110,0.037369,0.009910,0.314918,-0.323273,-0.035601,-0.613242,0.043899,-0.060008,-0.236149,1.535195,1.042855,0.039308,-0.472011,-0.146375,0.053665,-0.498328,-1.491425,-0.909842,0.033987,0.292823,0.049411,0.110351,3
-0.011437,-0.070060,0.002893,0.259123,-0.290551,0.051554,-0.047093,0.037361,0.009910,0.314909,-0.323277,-0.035594,-0.613496,0.043930,-0.059999,-0.236113,1.539281,1.042867,0.042436,-0.472011,-0.146363,0.053629,-0.498280,-1.495547,-0.909890,0.036768,0.295207,0.049327,0.110351,3
-0.011479,-0.070043,0.002893,0.259115,-0.290484,0.051438,-0.047093,0.037361,0.009910,0.314901,-0.323277,-0.035594,-0.613429,0.043990,-0.059950,-0.236185,1.542457,1.042855,0.045408,-0.472011,-0.146363,0.053581,-0.498220,-1.498256,-0.909890,0.039404,0.297592,0.049351,0.110363,3
-0.011522,-0.070035,0.002879,0.259013,-0.290429,0.051345,-0.047093,0.037361,0.009897,0.314892,-0.323281,-0.035586,-0.613161,0.044051,-0.059912,-0.236293,1.545801,1.042867,0.049998,-0.472023,-0.146375,0.053581,-0.498196,-1.501647,-0.909866,0.043395,0.300193,0.049447,0.110363,3
-0.011539,-0.070052,0.002879,0.258927,-0.290358,0.051222,-0.047093,0.037361,0.009937,0.314875,-0.323281,-0.035586,-0.613041,0.044165,-0.059850,-0.236353,1.548929,1.042891,0.052826,-0.472023,-0.146351,0.053605,-0.498184,-1.504691,-0.909818,0.046355,0.304531,0.049531,0.110363,3
-0.011556,-0.070043,0.002893,0.258825,-0.290240,0.051019,-0.047102,0.037361,0.009923,0.314867,-0.323273,-0.035586,-0.613376,0.044279,-0.059788,-0.236485,1.551625,1.042951,0.056218,-0.472047,-0.146315,0.053617,-0.498112,-1.508203,-0.909818,0.049387,0.307599,0.049555,0.110375,3
-0.011522,-0.070043,0.002933,0.258706,-0.290169,0.050911,-0.047110,0.037378,0.009910,0.314875,-0.323273,-0.035601,-0.614581,0.044385,-0.059701,-0.236676,1.554250,1.043011,0.059634,-0.472047,-0.146315,0.053689,-0.497909,-1.511990,-0.909830,0.051856,0.310439,0.049519,0.110387,3
-0.011445,-0.070052,0.003067,0.258476,-0.290034,0.050694,-0.047127,0.037369,0.009897,0.314875,-0.323277,-0.035594,-0.616429,0.044484,-0.059649,-0.237096,1.558372,1.043095,0.064535,-0.472047,-0.146351,0.053761,-0.497345,-1.516951,-0.909830,0.055918,0.314274,0.049543,0.110399,3
-0.011428,-0.070060,0.003174,0.258339,-0.289959,0.050578,-0.047119,0.037361,0.009910,0.314892,-0.323277,-0.035594,-0.617688,0.044499,-0.059629,-0.237348,1.561608,1.043179,0.067771,-0.472071,-0.146423,0.053857,-0.496722,-1.520283,-0.909878,0.058771,0.316408,0.049782,0.110363,3
-0.011437,-0.070052,0.003268,0.258212,-0.289891,0.050477,-0.047136,0.037344,0.009950,0.314901,-0.323281,-0.035572,-0.618813,0.044552,-0.059595,-0.237300,1.566617,1.043251,0.071114,-0.472214,-0.146435,0.053989,-0.496459,-1.525005,-0.909854,0.061587,0.318433,0.049998,0.110387,3
-0.011479,-0.070060,0.003375,0.258092,-0.289862,0.050427,-0.047127,0.037352,0.009977,0.314918,-0.323281,-0.035586,-0.619830,0.044605,-0.059572,-0.237252,1.569613,1.043395,0.074338,-0.472358,-0.146435,0.054193,-0.496375,-1.528276,-0.909794,0.064715,0.320566,0.050106,0.110363,3
-0.011513,-0.070069,0.003375,0.257973,-0.289849,0.050419,-0.047119,0.037361,0.010004,0.314901,-0.323273,-0.035572,-0.620714,0.044651,-0.059543,-0.237192,1.572322,1.043514,0.079623,-0.472514,-0.146447,0.054384,-0.496375,-1.531656,-0.909782,0.069748,0.322831,0.050058,0.110363,3
-0.011539,-0.070069,0.003415,0.257922,-0.289850,0.050434,-0.047085,0.037361,0.010031,0.314901,-0.323277,-0.035579,-0.621504,0.044727,-0.059495,-0.237072,1.575090,1.043646,0.082739,-0.472694,-0.146495,0.054552,-0.496435,-1.534880,-0.909759,0.072648,0.325144,0.049986,0.110363,3
-0.011530,-0.070069,0.003415,0.257879,-0.289845,0.050427,-0.047119,0.037361,0.010071,0.314875,-0.323265,-0.035587,-0.622241,0.044795,-0.059442,-0.236940,1.577906,1.043790,0.085759,-0.472874,-0.146507,0.054624,-0.496518,-1.538187,-0.909794,0.075489,0.328811,0.049986,0.110375,3
-0.011539,-0.070060,0.003388,0.257913,-0.289841,0.050434,-0.047110,0.037344,0.010111,0.314867,-0.323269,-0.035579,-0.622911,0.044917,-0.059385,-0.236796,1.581238,1.043934,0.089414,-0.472969,-0.146435,0.054636,-0.496626,-1.541926,-0.909782,0.078497,0.331100,0.049950,0.110387,3
-0.011530,-0.070060,0.003348,0.257956,-0.289837,0.050441,-0.047119,0.037352,0.010111,0.314858,-0.323269,-0.035579,-0.623902,0.045015,-0.059303,-0.236784,1.584654,1.044090,0.092590,-0.473065,-0.146387,0.054612,-0.496710,-1.545630,-0.909747,0.081193,0.333401,0.049962,0.110399,3
-0.011513,-0.070060,0.003335,0.258050,-0.289833,0.050448,-0.047119,0.037344,0.010084,0.314867,-0.323260,-0.035565,-0.624638,0.045129,-0.059231,-0.236880,1.587889,1.044305,0.096221,-0.473137,-0.146399,0.054660,-0.496674,-1.549704,-0.909555,0.084201,0.335498,0.050082,0.110387,3
-0.011513,-0.070069,0.003268,0.258169,-0.289829,0.050470,-0.047102,0.037335,0.010111,0.314884,-0.323248,-0.035543,-0.625803,0.045455,-0.059024,-0.236988,1.593702,1.044677,0.101291,-0.473281,-0.146483,0.054780,-0.496530,-1.556679,-0.908956,0.089690,0.338399,0.050322,0.110399,3
-0.011505,-0.070052,0.003241,0.258195,-0.289829,0.050470,-0.047110,0.037318,0.010097,0.314901,-0.323248,-0.035543,-0.626687,0.045638,-0.058909,-0.236988,1.596398,1.045084,0.104419,-0.473341,-0.146579,0.054804,-0.496423,-1.559855,-0.908237,0.092686,0.340364,0.050346,0.110411,3
-0.011488,-0.070060,0.003268,0.258212,-0.289821,0.050456,-0.047102,0.037344,0.010111,0.314901,-0.323252,-0.035536,-0.627705,0.045790,-0.058813,-0.236976,1.599322,1.045324,0.109728,-0.473377,-0.146627,0.054840,-0.496351,-1.563150,-0.907781,0.097324,0.342629,0.050274,0.110423,3
-0.011496,-0.070060,0.003268,0.258263,-0.289821,0.050456,-0.047102,0.037344,0.010111,0.314901,-0.323244,-0.035550,-0.628790,0.045934,-0.058742,-0.236940,1.602906,1.045528,0.113251,-0.473437,-0.146615,0.054852,-0.496279,-1.566698,-0.907470,0.100272,0.344882,0.050226,0.110411,3
-0.011556,-0.070060,0.003294,0.258314,-0.289821,0.050470,-0.047110,0.037344,0.010097,0.314901,-0.323252,-0.035536,-0.630022,0.046025,-0.058664,-0.236892,1.606645,1.045696,0.117134,-0.473497,-0.146627,0.054828,-0.496255,-1.570557,-0.907194,0.103256,0.348250,0.050238,0.110411,3
-0.011590,-0.070060,0.003241,0.258382,-0.289813,0.050470,-0.047093,0.037327,0.010097,0.314901,-0.323240,-0.035529,-0.631348,0.046101,-0.058617,-0.236820,1.610120,1.045815,0.120741,-0.473557,-0.146699,0.054804,-0.496231,-1.573972,-0.906858,0.106720,0.350311,0.050346,0.110411,3
-0.011607,-0.070060,0.003227,0.258450,-0.289808,0.050463,-0.047102,0.037335,0.010097,0.314892,-0.323240,-0.035529,-0.633597,0.046192,-0.058559,-0.236736,1.613631,1.045875,0.123941,-0.473605,-0.146783,0.054708,-0.496231,-1.577460,-0.906391,0.110483,0.352180,0.050454,0.110423,3
-0.011590,-0.070060,0.003160,0.258476,-0.289808,0.050463,-0.047085,0.037310,0.010057,0.314875,-0.323256,-0.035514,-0.635312,0.046298,-0.058482,-0.236676,1.616915,1.045875,0.127464,-0.473653,-0.146831,0.054720,-0.496231,-1.581331,-0.905900,0.114042,0.354014,0.050478,0.110423,3
-0.011471,-0.070069,0.003107,0.258527,-0.289792,0.050448,-0.047059,0.037335,0.010031,0.314867,-0.323252,-0.035536,-0.638244,0.046541,-0.058339,-0.236712,1.621685,1.045803,0.132689,-0.473653,-0.146843,0.054768,-0.496231,-1.587251,-0.905037,0.119243,0.356351,0.050286,0.110459,3
-0.011403,-0.070069,0.003094,0.258561,-0.289792,0.050448,-0.047025,0.037327,0.010017,0.314841,-0.323244,-0.035550,-0.639865,0.046791,-0.058181,-0.236700,1.626646,1.045791,0.136620,-0.473688,-0.146843,0.054804,-0.496279,-1.593243,-0.904485,0.122467,0.357633,0.050118,0.110471,3
-0.011377,-0.070069,0.003080,0.258587,-0.289784,0.050463,-0.047008,0.037318,0.010004,0.314841,-0.323240,-0.035558,-0.640494,0.046867,-0.058123,-0.236676,1.628360,1.045791,0.138562,-0.473712,-0.146843,0.054828,-0.496279,-1.595040,-0.903886,0.123989,0.358208,0.050034,0.110483,3
-0.011394,-0.070077,0.003067,0.258697,-0.289787,0.050441,-0.046931,0.037310,0.009977,0.314747,-0.323240,-0.035558,-0.641780,0.047087,-0.057985,-0.236652,1.633645,1.045851,0.145309,-0.473748,-0.146843,0.054804,-0.496279,-1.600314,-0.902856,0.130676,0.359922,0.049770,0.110495,3
-0.011454,-0.070069,0.003040,0.258774,-0.289788,0.050456,-0.046889,0.037301,0.009950,0.314671,-0.323260,-0.035550,-0.642369,0.047216,-0.057913,-0.236652,1.637204,1.045875,0.149096,-0.473784,-0.146855,0.054804,-0.496255,-1.603669,-0.902125,0.134139,0.361636,0.049663,0.110495,3
-0.011547,-0.070069,0.003027,0.258834,-0.289779,0.050456,-0.046838,0.037293,0.009937,0.314645,-0.323281,-0.035557,-0.642757,0.047315,-0.057851,-0.236676,1.641039,1.045887,0.152811,-0.473784,-0.146855,0.054816,-0.496267,-1.607636,-0.901381,0.137591,0.362906,0.049651,0.110471,3
-0.011607,-0.070077,0.003040,0.258859,-0.289771,0.050441,-0.046838,0.037293,0.009937,0.314636,-0.323293,-0.035565,-0.643132,0.047383,-0.057798,-0.236664,1.644719,1.045899,0.157197,-0.473808,-0.146879,0.054816,-0.496399,-1.611639,-0.900627,0.140958,0.364249,0.049663,0.110483,3
-0.011658,-0.070077,0.003053,0.258876,-0.289767,0.050419,-0.046803,0.037284,0.009937,0.314671,-0.323289,-0.035601,-0.643628,0.047482,-0.057746,-0.236652,1.648458,1.045887,0.161080,-0.473844,-0.146891,0.054804,-0.496542,-1.615426,-0.899800,0.144398,0.365651,0.049639,0.110435,3
-0.011684,-0.070086,0.003053,0.258834,-0.289746,0.050412,-0.046829,0.037276,0.009937,0.314722,-0.323298,-0.035644,-0.643869,0.047550,-0.057703,-0.236676,1.652305,1.045875,0.164759,-0.473868,-0.146987,0.054816,-0.496722,-1.619404,-0.899057,0.147897,0.367233,0.049603,0.110435,3
-0.011650,-0.070128,0.003053,0.258783,-0.289729,0.050398,-0.046855,0.037259,0.009950,0.314756,-0.323310,-0.035666,-0.644070,0.047634,-0.057630,-0.236676,1.657937,1.045839,0.168498,-0.473892,-0.147106,0.054828,-0.496758,-1.625277,-0.898362,0.151157,0.368743,0.049603,0.110411,3
-0.011607,-0.070137,0.003080,0.258731,-0.289713,0.050398,-0.046889,0.037233,0.009950,0.314798,-0.323330,-0.035688,-0.644565,0.047785,-0.057534,-0.236676,1.663713,1.045827,0.173951,-0.473928,-0.147430,0.054816,-0.496638,-1.631628,-0.897271,0.156598,0.370984,0.049603,0.110363,3
-0.011607,-0.070146,0.003080,0.258680,-0.289717,0.050405,-0.046914,0.037208,0.009937,0.314815,-0.323343,-0.035695,-0.645114,0.047968,-0.057439,-0.236688,1.667165,1.045851,0.180123,-0.473940,-0.147586,0.054828,-0.496518,-1.635451,-0.896887,0.161523,0.372590,0.049615,0.110327,3
-0.011565,-0.070137,0.003107,0.258612,-0.289708,0.050391,-0.046931,0.037216,0.009950,0.314841,-0.323347,-0.035717,-0.645971,0.048127,-0.057319,-0.236700,1.670784,1.045875,0.183934,-0.474024,-0.147622,0.054888,-0.496327,-1.639334,-0.896684,0.165167,0.375214,0.049555,0.110243,3
-0.011556,-0.070137,0.003174,0.258552,-0.289704,0.050383,-0.046948,0.037216,0.009950,0.314875,-0.323343,-0.035709,-0.646962,0.048294,-0.057234,-0.236700,1.674715,1.045887,0.188164,-0.474084,-0.147610,0.054984,-0.496147,-1.643013,-0.896564,0.168834,0.376892,0.049555,0.110219,3
-0.011547,-0.070128,0.003187,0.258425,-0.289696,0.050369,-0.046982,0.037216,0.009950,0.314892,-0.323347,-0.035717,-0.648154,0.048453,-0.057134,-0.236688,1.678898,1.045899,0.192155,-0.474144,-0.147634,0.055056,-0.495931,-1.647268,-0.896516,0.172273,0.378558,0.049591,0.110219,3
-0.011530,-0.070137,0.003187,0.258322,-0.289692,0.050362,-0.047017,0.037225,0.009950,0.314918,-0.323347,-0.035717,-0.649775,0.048582,-0.057053,-0.236652,1.683224,1.045887,0.196649,-0.474180,-0.147670,0.055056,-0.495692,-1.651462,-0.896432,0.176204,0.380391,0.049687,0.110255,3
-0.011522,-0.070128,0.003134,0.258229,-0.289683,0.050362,-0.047051,0.037225,0.009937,0.314909,-0.323343,-0.035695,-0.650766,0.048696,-0.056961,-0.236581,1.687274,1.045887,0.200724,-0.474216,-0.147718,0.055032,-0.495380,-1.655429,-0.896300,0.179943,0.382141,0.049747,0.110327,3
-0.011513,-0.070137,0.003120,0.258169,-0.289687,0.050354,-0.047042,0.037225,0.009937,0.314918,-0.323351,-0.035695,-0.651703,0.048893,-0.056837,-0.236545,1.692787,1.045899,0.204319,-0.474264,-0.147837,0.055020,-0.495152,-1.661457,-0.896108,0.183550,0.384011,0.049735,0.110363,3
-0.011496,-0.070128,0.003080,0.258143,-0.289683,0.050347,-0.047025,0.037233,0.009964,0.314901,-0.323355,-0.035702,-0.652547,0.049083,-0.056718,-0.236485,1.696682,1.045887,0.208094,-0.474324,-0.147981,0.055008,-0.494889,-1.665891,-0.895917,0.187361,0.386072,0.049651,0.110375,3
-0.011471,-0.070120,0.003027,0.258135,-0.289687,0.050340,-0.046999,0.037242,0.009950,0.314875,-0.323351,-0.035709,-0.653257,0.049295,-0.056584,-0.236425,1.700865,1.045887,0.211833,-0.474372,-0.148065,0.055020,-0.494649,-1.670098,-0.895677,0.190441,0.388217,0.049531,0.110375,3
-0.011479,-0.070103,0.002986,0.258237,-0.289683,0.050333,-0.046982,0.037250,0.009964,0.314807,-0.323351,-0.035709,-0.654355,0.049644,-0.056365,-0.236269,1.707048,1.045899,0.220486,-0.474467,-0.147993,0.055008,-0.494265,-1.676018,-0.895497,0.197608,0.391213,0.049483,0.110315,3
-0.011513,-0.070103,0.002973,0.258288,-0.289683,0.050347,-0.046957,0.037259,0.009950,0.314773,-0.323351,-0.035709,-0.655105,0.049834,-0.056245,-0.236209,1.710919,1.045911,0.224584,-0.474611,-0.147897,0.054996,-0.493990,-1.679937,-0.895425,0.201551,0.394389,0.049591,0.110243,3
-0.011530,-0.070103,0.002946,0.258314,-0.289675,0.050347,-0.046948,0.037259,0.009950,0.314722,-0.323343,-0.035709,-0.655895,0.050008,-0.056135,-0.236161,1.715054,1.045899,0.228635,-0.474719,-0.147873,0.054996,-0.493786,-1.683664,-0.895401,0.205685,0.396378,0.049699,0.110231,3
-0.011573,-0.070086,0.002919,0.258297,-0.289675,0.050347,-0.046948,0.037284,0.009950,0.314662,-0.323351,-0.035709,-0.657127,0.050137,-0.056054,-0.236125,1.719272,1.045887,0.232818,-0.474815,-0.147921,0.054984,-0.493570,-1.687942,-0.895413,0.209328,0.398487,0.049699,0.110183,3
-0.011633,-0.070094,0.002893,0.258288,-0.289679,0.050340,-0.046957,0.037310,0.009950,0.314628,-0.323347,-0.035717,-0.658078,0.050274,-0.055968,-0.236089,1.723790,1.045899,0.237096,-0.474911,-0.147945,0.054948,-0.493379,-1.691861,-0.895413,0.212708,0.400561,0.049639,0.110207,3
-0.011633,-0.070094,0.002919,0.258280,-0.289683,0.050333,-0.046957,0.037310,0.009950,0.314636,-0.323343,-0.035724,-0.659109,0.050441,-0.055864,-0.236065,1.729962,1.045887,0.241003,-0.475007,-0.147945,0.054900,-0.493295,-1.697805,-0.895389,0.216291,0.402514,0.049627,0.110231,3
-0.011650,-0.070086,0.002946,0.258314,-0.289675,0.050318,-0.046948,0.037310,0.009937,0.314636,-0.323347,-0.035717,-0.660154,0.050554,-0.055792,-0.236053,1.733905,1.045887,0.245161,-0.475103,-0.147945,0.054840,-0.493247,-1.702012,-0.895306,0.220114,0.404468,0.049711,0.110243,3
-0.011633,-0.070094,0.002960,0.258348,-0.289662,0.050326,-0.046948,0.037310,0.009950,0.314636,-0.323355,-0.035717,-0.661238,0.050698,-0.055702,-0.236053,1.738064,1.045875,0.249008,-0.475199,-0.147969,0.054792,-0.493211,-1.706650,-0.895078,0.224213,0.406553,0.049818,0.110243,3
-0.011624,-0.070086,0.002960,0.258365,-0.289654,0.050311,-0.046940,0.037301,0.009950,0.314662,-0.323359,-0.035724,-0.662363,0.050850,-0.055597,-0.236053,1.742558,1.045875,0.255600,-0.475354,-0.147921,0.054744,-0.493211,-1.711084,-0.894910,0.230133,0.408722,0.049890,0.110231,3
-0.011616,-0.070103,0.002986,0.258373,-0.289650,0.050304,-0.046931,0.037293,0.009950,0.314662,-0.323359,-0.035709,-0.663461,0.051032,-0.055492,-0.236029,1.746788,1.045887,0.259602,-0.475630,-0.147909,0.054732,-0.493211,-1.715194,-0.894706,0.233644,0.410879,0.049890,0.110195,3
-0.011616,-0.070103,0.002986,0.258373,-0.289616,0.050261,-0.046940,0.037301,0.009937,0.314662,-0.323359,-0.035724,-0.664894,0.051282,-0.055335,-0.235993,1.752780,1.045887,0.265678,-0.475906,-0.147921,0.054756,-0.493199,-1.721222,-0.894443,0.239229,0.415960,0.049782,0.110195,3
-0.011624,-0.070103,0.003027,0.258356,-0.289595,0.050253,-0.046940,0.037293,0.009950,0.314688,-0.323359,-0.035724,-0.665671,0.051464,-0.055221,-0.235945,1.756939,1.045887,0.269597,-0.476121,-0.147909,0.054720,-0.493223,-1.725357,-0.894323,0.243507,0.418729,0.049806,0.110195,3
-0.011616,-0.070103,0.003027,0.258348,-0.289579,0.050239,-0.046940,0.037293,0.009950,0.314671,-0.323363,-0.035716,-0.666555,0.051639,-0.055112,-0.235874,1.761313,1.045887,0.273887,-0.476349,-0.147921,0.054672,-0.493211,-1.729491,-0.894239,0.247558,0.421557,0.049794,0.110219,3
-0.011633,-0.070103,0.003027,0.258356,-0.289574,0.050232,-0.046931,0.037276,0.009950,0.314671,-0.323363,-0.035716,-0.666769,0.051745,-0.055045,-0.235814,1.763746,1.045887,0.276069,-0.476469,-0.147933,0.054636,-0.493211,-1.731373,-0.894239,0.249404,0.423019,0.049770,0.110243,3
-0.011641,-0.070120,0.003000,0.258348,-0.289549,0.050217,-0.046914,0.037284,0.009950,0.314671,-0.323363,-0.035731,-0.667171,0.052109,-0.054817,-0.235706,1.772015,1.045899,0.281797,-0.476900,-0.147921,0.054492,-0.493211,-1.739642,-0.894107,0.255060,0.426902,0.049687,0.110327,3
-0.011650,-0.070120,0.003027,0.258314,-0.289520,0.050195,-0.046923,0.037284,0.009950,0.314654,-0.323355,-0.035746,-0.667211,0.052291,-0.054692,-0.235682,1.775718,1.045911,0.285740,-0.477176,-0.147933,0.054408,-0.493211,-1.744028,-0.893999,0.258644,0.429275,0.049615,0.110387,3
-0.011624,-0.070111,0.003027,0.258322,-0.289495,0.050181,-0.046906,0.037293,0.009950,0.314645,-0.323355,-0.035746,-0.667104,0.052465,-0.054583,-0.235658,1.779901,1.045899,0.291660,-0.477487,-0.147933,0.054313,-0.493211,-1.748546,-0.893867,0.265139,0.431732,0.049603,0.110423,3
-0.011616,-0.070120,0.003027,0.258339,-0.289491,0.050145,-0.046906,0.037276,0.009950,0.314636,-0.323355,-0.035746,-0.666863,0.052662,-0.054439,-0.235682,1.784275,1.045899,0.296034,-0.477955,-0.147921,0.054265,-0.493223,-1.752657,-0.893712,0.269094,0.435555,0.049603,0.110411,3
-0.011599,-0.070120,0.003000,0.258348,-0.289482,0.050130,-0.046906,0.037284,0.009950,0.314645,-0.323359,-0.035738,-0.666702,0.052882,-0.054312,-0.235670,1.788361,1.045899,0.299917,-0.478326,-0.147885,0.054217,-0.493199,-1.756660,-0.893556,0.272989,0.438203,0.049543,0.110339,3
-0.011624,-0.070111,0.003013,0.258356,-0.289470,0.050123,-0.046906,0.037259,0.009937,0.314636,-0.323363,-0.035731,-0.666796,0.053132,-0.054135,-0.235682,1.792340,1.045887,0.303788,-0.478758,-0.147909,0.054229,-0.493223,-1.760519,-0.893496,0.276572,0.440840,0.049495,0.110267,3
-0.011624,-0.070111,0.003027,0.258331,-0.289478,0.050123,-0.046940,0.037267,0.009950,0.314671,-0.323359,-0.035738,-0.667439,0.053382,-0.053959,-0.235634,1.796139,1.045899,0.307923,-0.479213,-0.147909,0.054313,-0.493211,-1.765085,-0.893496,0.280155,0.443632,0.049435,0.110171,3
-0.011624,-0.070111,0.003080,0.258288,-0.289466,0.050116,-0.046999,0.037276,0.009950,0.314688,-0.323372,-0.035745,-0.668082,0.053648,-0.053773,-0.235598,1.800070,1.045887,0.312033,-0.479788,-0.147933,0.054360,-0.493211,-1.769351,-0.893508,0.284134,0.446125,0.049387,0.110195,3
-0.011624,-0.070103,0.003201,0.258177,-0.289466,0.050102,-0.047034,0.037276,0.009977,0.314713,-0.323376,-0.035767,-0.669046,0.054049,-0.053492,-0.235514,1.808279,1.045911,0.317930,-0.480855,-0.147933,0.054360,-0.493223,-1.777788,-0.893544,0.289982,0.449648,0.049375,0.110231,3
-0.011616,-0.070103,0.003308,0.258092,-0.289461,0.050094,-0.047051,0.037284,0.010004,0.314764,-0.323380,-0.035789,-0.669581,0.054186,-0.053376,-0.235454,1.812318,1.045911,0.321585,-0.481682,-0.147933,0.054360,-0.493211,-1.782006,-0.893508,0.293985,0.452273,0.049375,0.110219,3
-0.011616,-0.070103,0.003335,0.258058,-0.289457,0.050087,-0.047076,0.037293,0.010071,0.314790,-0.323372,-0.035760,-0.669956,0.054277,-0.053300,-0.235418,1.816381,1.045899,0.325336,-0.482557,-0.147945,0.054324,-0.493223,-1.786500,-0.893496,0.297796,0.454909,0.049387,0.110171,3
-0.011616,-0.070103,0.003361,0.258058,-0.289445,0.050094,-0.047076,0.037293,0.010084,0.314764,-0.323380,-0.035760,-0.670197,0.054322,-0.053232,-0.235334,1.820383,1.045887,0.331124,-0.483468,-0.147933,0.054348,-0.493199,-1.790635,-0.893460,0.303788,0.457809,0.049411,0.110051,3
-0.011599,-0.070103,0.003308,0.258067,-0.289457,0.050087,-0.047068,0.037276,0.010097,0.314730,-0.323376,-0.035767,-0.670385,0.054390,-0.053129,-0.235274,1.824278,1.045887,0.335379,-0.484786,-0.147933,0.054384,-0.493211,-1.794614,-0.893472,0.307719,0.462723,0.049387,0.109967,3
-0.011616,-0.070103,0.003294,0.258118,-0.289461,0.050094,-0.047068,0.037301,0.010111,0.314679,-0.323376,-0.035753,-0.670479,0.054489,-0.053018,-0.235190,1.828005,1.045887,0.338914,-0.485709,-0.147933,0.054384,-0.493211,-1.798700,-0.893508,0.311686,0.465803,0.049363,0.109907,3
-0.011607,-0.070103,0.003268,0.258126,-0.289457,0.050102,-0.047051,0.037301,0.010124,0.314628,-0.323376,-0.035753,-0.670599,0.054625,-0.052883,-0.235131,1.831636,1.045887,0.342677,-0.486727,-0.147933,0.054384,-0.493211,-1.803039,-0.893628,0.315425,0.468511,0.049339,0.109931,3
-0.011616,-0.070103,0.003281,0.258169,-0.289445,0.050094,-0.047059,0.037293,0.010164,0.314594,-0.323380,-0.035745,-0.670773,0.054845,-0.052756,-0.235095,1.835316,1.045911,0.346488,-0.487974,-0.147933,0.054408,-0.493223,-1.807641,-0.893712,0.319140,0.471052,0.049339,0.110003,3
-0.011624,-0.070086,0.003308,0.258152,-0.289449,0.050102,-0.047034,0.037301,0.010245,0.314602,-0.323380,-0.035745,-0.671028,0.055049,-0.052618,-0.235071,1.839019,1.045899,0.350551,-0.489472,-0.147933,0.054384,-0.493199,-1.811559,-0.893819,0.323203,0.473593,0.049327,0.110075,3
-0.011633,-0.070069,0.003321,0.258126,-0.289449,0.050087,-0.047025,0.037293,0.010339,0.314645,-0.323380,-0.035760,-0.671537,0.055443,-0.052353,-0.235071,1.846784,1.045899,0.356591,-0.492240,-0.147957,0.054360,-0.493115,-1.820104,-0.893807,0.329159,0.477416,0.049243,0.110087,3
-0.011616,-0.070069,0.003348,0.258126,-0.289453,0.050080,-0.047025,0.037301,0.010446,0.314654,-0.323376,-0.035767,-0.671885,0.055640,-0.052220,-0.235047,1.850787,1.045899,0.360114,-0.494493,-0.148005,0.054372,-0.492935,-1.824742,-0.893604,0.333161,0.480100,0.049171,0.110075,3
-0.011616,-0.070086,0.003335,0.258169,-0.289453,0.050094,-0.047017,0.037310,0.010526,0.314654,-0.323368,-0.035753,-0.672220,0.055807,-0.052086,-0.235047,1.854574,1.045887,0.365567,-0.496542,-0.148089,0.054372,-0.492671,-1.829308,-0.893376,0.338854,0.483084,0.049111,0.110051,3
-0.011633,-0.070094,0.003281,0.258169,-0.289449,0.050102,-0.047034,0.037301,0.010593,0.314636,-0.323363,-0.035745,-0.672474,0.055935,-0.051956,-0.235059,1.858409,1.045887,0.368898,-0.499658,-0.148197,0.054336,-0.492324,-1.833562,-0.893112,0.342773,0.487291,0.048980,0.110027,3
-0.011624,-0.070086,0.003268,0.258203,-0.289445,0.050094,-0.047025,0.037284,0.010673,0.314636,-0.323368,-0.035753,-0.672662,0.056087,-0.051831,-0.235035,1.861921,1.045887,0.372709,-0.501827,-0.148317,0.054289,-0.491904,-1.837649,-0.892885,0.346416,0.489855,0.048644,0.110003,3
-0.011607,-0.070086,0.003281,0.258229,-0.289445,0.050094,-0.047059,0.037284,0.010727,0.314619,-0.323372,-0.035745,-0.672836,0.056170,-0.051749,-0.235047,1.865156,1.045899,0.376017,-0.503997,-0.148377,0.054265,-0.491473,-1.841772,-0.892693,0.350251,0.492408,0.048476,0.109991,3
-0.011616,-0.070069,0.003268,0.258263,-0.289445,0.050094,-0.047051,0.037293,0.010780,0.314602,-0.323380,-0.035745,-0.672916,0.056253,-0.051687,-0.235047,1.868404,1.045887,0.379169,-0.505926,-0.148449,0.054217,-0.491018,-1.845990,-0.892525,0.354146,0.495008,0.048428,0.109979,3
-0.011616,-0.070077,0.003268,0.258280,-0.289441,0.050087,-0.047068,0.037293,0.010821,0.314594,-0.323376,-0.035753,-0.673037,0.056367,-0.051646,-0.235023,1.871664,1.045911,0.382692,-0.507832,-0.148449,0.054205,-0.490371,-1.850065,-0.892405,0.357681,0.497849,0.048392,0.109943,3
-0.011641,-0.070086,0.003254,0.258305,-0.289432,0.050073,-0.047059,0.037293,0.010941,0.314585,-0.323380,-0.035760,-0.673264,0.056534,-0.051552,-0.235011,1.878675,1.045899,0.387786,-0.510840,-0.148437,0.054181,-0.489723,-1.858058,-0.892190,0.363110,0.502415,0.048380,0.109907,3
-0.011633,-0.070069,0.003214,0.258297,-0.289420,0.050051,-0.047051,0.037284,0.011062,0.314602,-0.323380,-0.035760,-0.673505,0.056640,-0.051496,-0.235023,1.882222,1.045899,0.391597,-0.512973,-0.148449,0.054181,-0.489244,-1.862684,-0.891974,0.366370,0.505567,0.048464,0.109883,3
-0.011616,-0.070094,0.003201,0.258288,-0.289424,0.050058,-0.047059,0.037293,0.011115,0.314602,-0.323376,-0.035753,-0.673733,0.056792,-0.051411,-0.235023,1.885410,1.045887,0.396798,-0.514926,-0.148449,0.054193,-0.488849,-1.867202,-0.891794,0.371655,0.508287,0.048596,0.109871,3
-0.011599,-0.070086,0.003120,0.258297,-0.289407,0.050044,-0.047051,0.037284,0.011196,0.314602,-0.323376,-0.035767,-0.673974,0.056943,-0.051337,-0.235023,1.888657,1.045887,0.399962,-0.517467,-0.148461,0.054205,-0.488501,-1.871505,-0.891566,0.375178,0.511762,0.048776,0.109883,3
-0.011582,-0.070086,0.003134,0.258297,-0.289403,0.050037,-0.047068,0.037293,0.011236,0.314602,-0.323372,-0.035774,-0.674228,0.057095,-0.051242,-0.235011,1.891881,1.045887,0.403125,-0.519121,-0.148497,0.054181,-0.488129,-1.875891,-0.891255,0.378570,0.513704,0.048920,0.109919,3
-0.011590,-0.070086,0.003147,0.258297,-0.289394,0.050022,-0.047051,0.037293,0.011249,0.314585,-0.323388,-0.035774,-0.674429,0.057246,-0.051168,-0.235011,1.895177,1.045887,0.405918,-0.520834,-0.148556,0.054181,-0.487746,-1.879714,-0.890811,0.381949,0.515621,0.049027,0.109991,3
-0.011582,-0.070086,0.003174,0.258297,-0.289382,0.050000,-0.047059,0.037284,0.011289,0.314568,-0.323400,-0.035796,-0.674657,0.057405,-0.051108,-0.234963,1.898664,1.045887,0.409189,-0.522620,-0.148544,0.054157,-0.487386,-1.884304,-0.890308,0.385221,0.517659,0.049075,0.110147,3
-0.011582,-0.070086,0.003174,0.258331,-0.289378,0.049993,-0.047034,0.037284,0.011303,0.314560,-0.323405,-0.035803,-0.674791,0.057557,-0.051073,-0.234843,1.901948,1.045887,0.412605,-0.524034,-0.148520,0.054169,-0.486967,-1.888007,-0.889745,0.388085,0.519696,0.049075,0.110243,3
-0.011590,-0.070077,0.003147,0.258331,-0.289386,0.049993,-0.047051,0.037293,0.011316,0.314526,-0.323413,-0.035803,-0.674898,0.057663,-0.051037,-0.234687,1.904704,1.045851,0.415625,-0.525340,-0.148509,0.054157,-0.486799,-1.891722,-0.889253,0.391417,0.521721,0.049075,0.110375,3
-0.011573,-0.070086,0.003107,0.258382,-0.289373,0.049986,-0.047042,0.037293,0.011316,0.314526,-0.323421,-0.035832,-0.675045,0.057792,-0.050986,-0.234507,1.908911,1.045756,0.418501,-0.526611,-0.148461,0.054133,-0.486655,-1.897702,-0.888726,0.394533,0.523795,0.049039,0.110471,3
-0.011539,-0.070086,0.003080,0.258382,-0.289378,0.049993,-0.047059,0.037293,0.011316,0.314500,-0.323425,-0.035839,-0.675179,0.057868,-0.050959,-0.234208,1.911823,1.045552,0.421305,-0.527881,-0.148449,0.054085,-0.486524,-1.901932,-0.887875,0.397697,0.525760,0.049015,0.110542,3
-0.011488,-0.070077,0.003080,0.258391,-0.289378,0.049993,-0.047051,0.037284,0.011330,0.314458,-0.323442,-0.035868,-0.675501,0.058019,-0.050865,-0.233728,1.916521,1.045336,0.427010,-0.529907,-0.148461,0.053917,-0.486212,-1.908380,-0.886953,0.403796,0.528373,0.048980,0.110590,3
-0.011454,-0.070086,0.003067,0.258416,-0.289377,0.049979,-0.047051,0.037276,0.011316,0.314440,-0.323450,-0.035883,-0.675688,0.058118,-0.050774,-0.233381,1.919708,1.045216,0.430246,-0.532040,-0.148461,0.053761,-0.486020,-1.912239,-0.886329,0.406217,0.530733,0.049003,0.110614,3
-0.011428,-0.070069,0.003094,0.258416,-0.289377,0.049979,-0.047034,0.037293,0.011343,0.314423,-0.323479,-0.035933,-0.675862,0.058269,-0.050689,-0.233021,1.922741,1.045108,0.433338,-0.533502,-0.148449,0.053558,-0.485888,-1.916314,-0.885646,0.408830,0.532112,0.049003,0.110614,3
-0.011403,-0.070086,0.003120,0.258442,-0.289377,0.049979,-0.047034,0.037293,0.011330,0.314415,-0.323495,-0.035977,-0.676090,0.058413,-0.050599,-0.232662,1.925317,1.045000,0.436070,-0.534652,-0.148485,0.053282,-0.485817,-1.919969,-0.884951,0.411586,0.533226,0.049039,0.110578,3
-0.011369,-0.070086,0.003147,0.258450,-0.289373,0.049986,-0.047034,0.037276,0.011330,0.314406,-0.323516,-0.036013,-0.676210,0.058557,-0.050510,-0.232098,1.927882,1.044893,0.438467,-0.535659,-0.148461,0.053114,-0.485829,-1.923816,-0.884268,0.414307,0.534221,0.049087,0.110590,3
-0.011377,-0.070077,0.003174,0.258459,-0.289377,0.049979,-0.047034,0.037293,0.011316,0.314406,-0.323553,-0.036063,-0.676371,0.058769,-0.050397,-0.231691,1.931669,1.044785,0.441019,-0.536570,-0.148449,0.052958,-0.485829,-1.928945,-0.883477,0.417099,0.535132,0.049111,0.110686,3
-0.011369,-0.070077,0.003174,0.258484,-0.289382,0.049986,-0.047025,0.037284,0.011316,0.314406,-0.323594,-0.036136,-0.676532,0.058852,-0.050325,-0.231248,1.934485,1.044701,0.443249,-0.537516,-0.148449,0.052850,-0.485876,-1.932480,-0.882638,0.420071,0.536090,0.049159,0.110842,3
-0.011360,-0.070077,0.003174,0.258484,-0.289377,0.049979,-0.047017,0.037284,0.011316,0.314406,-0.323631,-0.036201,-0.676706,0.058973,-0.050250,-0.230768,1.937325,1.044569,0.445274,-0.538619,-0.148449,0.052802,-0.485864,-1.936375,-0.881284,0.422887,0.537097,0.049171,0.111058,3
-0.011334,-0.070069,0.003160,0.258518,-0.289377,0.049979,-0.047017,0.037276,0.011330,0.314415,-0.323652,-0.036237,-0.676907,0.059087,-0.050179,-0.230325,1.940070,1.044521,0.448761,-0.539734,-0.148413,0.052791,-0.485876,-1.940198,-0.880301,0.426195,0.538200,0.049207,0.111298,3
-0.011300,-0.070086,0.003147,0.258510,-0.289382,0.049986,-0.047025,0.037259,0.011330,0.314432,-0.323677,-0.036280,-0.677108,0.059239,-0.050105,-0.229893,1.942359,1.044449,0.451146,-0.541351,-0.148293,0.052826,-0.485876,-1.944237,-0.879295,0.428304,0.539889,0.049231,0.111489,3
-0.011224,-0.070086,0.003187,0.258552,-0.289377,0.049979,-0.047008,0.037267,0.011316,0.314415,-0.323697,-0.036316,-0.677402,0.059473,-0.049959,-0.229258,1.945379,1.044401,0.454274,-0.542730,-0.148161,0.052886,-0.485876,-1.949630,-0.877713,0.431324,0.541447,0.049183,0.111669,3
-0.011215,-0.070086,0.003174,0.258552,-0.289378,0.049993,-0.046999,0.037267,0.011343,0.314415,-0.323722,-0.036345,-0.677550,0.059678,-0.049832,-0.228731,1.947272,1.044401,0.456072,-0.543401,-0.148137,0.052970,-0.485876,-1.953093,-0.876850,0.433290,0.542418,0.049111,0.111693,3
-0.011215,-0.070086,0.003174,0.258552,-0.289378,0.049993,-0.046999,0.037267,0.011343,0.314415,-0.323722,-0.036345,-0.677550,0.059678,-0.049832,-0.228731,1.947272,1.044401,0.456072,-0.543401,-0.148137,0.052970,-0.485876,-1.953093,-0.876850,0.433290,0.542418,0.049111,0.111693,3
-0.011215,-0.070086,0.003201,0.258612,-0.289378,0.049993,-0.046982,0.037276,0.011316,0.314406,-0.323784,-0.036453,-0.677925,0.060200,-0.049488,-0.227485,1.951011,1.044461,0.459643,-0.544156,-0.148065,0.053054,-0.485876,-1.959481,-0.875484,0.438023,0.543904,0.049243,0.111693,3
-0.011207,-0.070086,0.003214,0.258621,-0.289377,0.049979,-0.046974,0.037259,0.011303,0.314406,-0.323808,-0.036511,-0.678085,0.060722,-0.049173,-0.226454,1.954415,1.044641,0.462435,-0.544300,-0.148053,0.053162,-0.485757,-1.964191,-0.874633,0.441846,0.544359,0.049279,0.111741,3
-0.011198,-0.070086,0.003187,0.258621,-0.289382,0.049986,-0.046974,0.037259,0.011289,0.314406,-0.323837,-0.036562,-0.678259,0.061154,-0.048895,-0.225723,1.956776,1.044809,0.464053,-0.544359,-0.148101,0.053246,-0.485637,-1.967103,-0.873974,0.443009,0.544719,0.049255,0.111789,3
-0.011181,-0.070086,0.003214,0.258612,-0.289373,0.049986,-0.046974,0.037259,0.011276,0.314406,-0.323862,-0.036605,-0.678407,0.061684,-0.048586,-0.225028,1.959053,1.044965,0.465671,-0.544335,-0.148137,0.053330,-0.485577,-1.969919,-0.873243,0.445597,0.544887,0.049171,0.111861,3
-0.011130,-0.070069,0.003187,0.258638,-0.289386,0.049993,-0.046940,0.037259,0.011276,0.314406,-0.323883,-0.036641,-0.678541,0.062236,-0.048243,-0.224453,1.961102,1.045084,0.467409,-0.544180,-0.148137,0.053402,-0.485589,-1.973131,-0.872464,0.447239,0.544851,0.049075,0.111909,3
-0.011053,-0.070077,0.003160,0.258638,-0.289386,0.049993,-0.046897,0.037250,0.011276,0.314440,-0.323940,-0.036728,-0.678849,0.063182,-0.047657,-0.223733,1.963511,1.045168,0.470225,-0.543952,-0.148149,0.053498,-0.485661,-1.977781,-0.871097,0.449528,0.544755,0.048944,0.111885,3
-0.011019,-0.070086,0.003174,0.258672,-0.289377,0.049979,-0.046880,0.037259,0.011263,0.314466,-0.323973,-0.036800,-0.678982,0.063810,-0.047239,-0.223326,1.964937,1.045180,0.471831,-0.543820,-0.148137,0.053510,-0.485709,-1.981424,-0.870115,0.451122,0.544779,0.048932,0.111825,3
-0.011011,-0.070086,0.003174,0.258663,-0.289369,0.049993,-0.046838,0.037259,0.011276,0.314483,-0.324002,-0.036865,-0.679090,0.064408,-0.046899,-0.222823,1.966231,1.045144,0.473149,-0.543748,-0.148137,0.053486,-0.485805,-1.984708,-0.869120,0.452704,0.544767,0.048968,0.111705,3
-0.010968,-0.070086,0.003187,0.258689,-0.289369,0.049993,-0.046821,0.037250,0.011249,0.314517,-0.324031,-0.036916,-0.679197,0.065111,-0.046444,-0.222511,1.968005,1.045072,0.474132,-0.543700,-0.148125,0.053474,-0.485864,-1.988974,-0.868269,0.454478,0.544791,0.049039,0.111573,3
-0.010951,-0.070086,0.003201,0.258714,-0.289382,0.049986,-0.046795,0.037259,0.011236,0.314534,-0.324068,-0.036996,-0.679331,0.065489,-0.046210,-0.222200,1.969311,1.044976,0.474947,-0.543700,-0.148113,0.053474,-0.485948,-1.991575,-0.867226,0.456407,0.544815,0.049111,0.111405,3
-0.010959,-0.070077,0.003134,0.258731,-0.289382,0.049986,-0.046795,0.037259,0.011236,0.314560,-0.324097,-0.037046,-0.679398,0.065784,-0.046028,-0.221876,1.970641,1.044965,0.475810,-0.543724,-0.148101,0.053462,-0.485936,-1.993947,-0.866603,0.459547,0.544851,0.049147,0.111250,3
-0.010968,-0.070086,0.003134,0.258740,-0.289382,0.049986,-0.046795,0.037259,0.011209,0.314560,-0.324134,-0.037082,-0.679545,0.066011,-0.045898,-0.221528,1.972188,1.045024,0.476229,-0.543748,-0.148089,0.053474,-0.485900,-1.995913,-0.866028,0.461764,0.544875,0.049147,0.111118,3
-0.010976,-0.070086,0.003120,0.258766,-0.289374,0.050000,-0.046812,0.037259,0.011169,0.314585,-0.324151,-0.037126,-0.679652,0.066086,-0.045861,-0.221133,1.973697,1.045048,0.476697,-0.543772,-0.148077,0.053462,-0.485888,-1.997902,-0.865501,0.463634,0.544875,0.049123,0.111034,3
-0.010976,-0.070077,0.003094,0.258766,-0.289382,0.049986,-0.046812,0.037259,0.011155,0.314594,-0.324183,-0.037183,-0.679773,0.066064,-0.045875,-0.220773,1.975195,1.045084,0.477248,-0.543784,-0.148053,0.053462,-0.485876,-2.000359,-0.865069,0.465252,0.544875,0.049051,0.110998,3
-0.010968,-0.070069,0.003120,0.258766,-0.289382,0.049986,-0.046795,0.037259,0.011155,0.314594,-0.324204,-0.037205,-0.679987,0.065996,-0.045927,-0.220462,1.976586,1.045108,0.477919,-0.543772,-0.148065,0.053462,-0.485912,-2.002612,-0.864686,0.466834,0.544887,0.049039,0.111022,3
-0.010925,-0.070069,0.003120,0.258766,-0.289382,0.049986,-0.046778,0.037267,0.011115,0.314594,-0.324229,-0.037263,-0.680174,0.065890,-0.045973,-0.219935,1.978587,1.045168,0.478962,-0.543772,-0.148077,0.053462,-0.485864,-2.005836,-0.864123,0.469194,0.544935,0.049027,0.111106,3
-0.010891,-0.070060,0.003094,0.258766,-0.289386,0.049993,-0.046769,0.037259,0.011088,0.314602,-0.324249,-0.037299,-0.680335,0.065875,-0.045972,-0.219623,1.980157,1.045204,0.479513,-0.543784,-0.148101,0.053474,-0.485864,-2.008796,-0.863739,0.470537,0.544935,0.049051,0.111154,3
-0.010874,-0.070052,0.003120,0.258766,-0.289382,0.050000,-0.046744,0.037276,0.011075,0.314602,-0.324270,-0.037350,-0.680482,0.065928,-0.045959,-0.219239,1.980972,1.045228,0.479836,-0.543784,-0.148137,0.053486,-0.485864,-2.011025,-0.863403,0.471627,0.544947,0.049087,0.111226,3
-0.010866,-0.070052,0.003134,0.258766,-0.289374,0.050000,-0.046744,0.037267,0.011022,0.314628,-0.324295,-0.037378,-0.680590,0.065965,-0.045936,-0.218784,1.981571,1.045276,0.479992,-0.543772,-0.148149,0.053510,-0.485864,-2.013254,-0.862936,0.472514,0.544935,0.049099,0.111250,3
-0.010866,-0.070060,0.003094,0.258791,-0.289386,0.049993,-0.046735,0.037276,0.011022,0.314645,-0.324324,-0.037414,-0.680697,0.065965,-0.045926,-0.218245,1.981943,1.045288,0.479980,-0.543784,-0.148185,0.053546,-0.485864,-2.015195,-0.862648,0.473557,0.544947,0.049099,0.111238,3
-0.010857,-0.070060,0.003094,0.258800,-0.289378,0.049993,-0.046735,0.037267,0.010995,0.314671,-0.324344,-0.037451,-0.680817,0.065965,-0.045936,-0.217526,1.982158,1.045324,0.479896,-0.543772,-0.148161,0.053546,-0.485852,-2.017245,-0.862337,0.474204,0.544947,0.049087,0.111214,3
-0.010891,-0.070052,0.003053,0.258808,-0.289382,0.049986,-0.046727,0.037293,0.010941,0.314688,-0.324361,-0.037509,-0.680924,0.065928,-0.045940,-0.216723,1.982410,1.045336,0.479741,-0.543784,-0.148125,0.053558,-0.485876,-2.019486,-0.862061,0.474851,0.544899,0.049051,0.111142,3
-0.010925,-0.070052,0.003027,0.258817,-0.289377,0.049979,-0.046727,0.037276,0.010888,0.314722,-0.324381,-0.037545,-0.681045,0.065912,-0.045949,-0.215800,1.982865,1.045336,0.479597,-0.543772,-0.148053,0.053569,-0.485888,-2.021691,-0.861810,0.475642,0.544923,0.049063,0.111142,3
-0.010925,-0.070043,0.003000,0.258825,-0.289378,0.049993,-0.046735,0.037276,0.010861,0.314764,-0.324390,-0.037545,-0.681219,0.065928,-0.045940,-0.214829,1.983525,1.045324,0.479405,-0.543760,-0.148053,0.053569,-0.485900,-2.023692,-0.861606,0.476505,0.544911,0.049039,0.111190,3
-0.010976,-0.070043,0.002933,0.258825,-0.289377,0.049979,-0.046744,0.037276,0.010754,0.314756,-0.324394,-0.037537,-0.681420,0.065958,-0.045931,-0.212924,1.984759,1.045384,0.479045,-0.543772,-0.148077,0.053569,-0.485900,-2.026844,-0.861462,0.477643,0.544899,0.049063,0.111298,3
-0.010951,-0.070043,0.002879,0.258825,-0.289378,0.049993,-0.046735,0.037284,0.010714,0.314739,-0.324394,-0.037537,-0.681540,0.065950,-0.045926,-0.212109,1.985214,1.045492,0.478794,-0.543760,-0.148125,0.053593,-0.485900,-2.028150,-0.861426,0.478159,0.544911,0.049063,0.111393,3
-0.010942,-0.070035,0.002852,0.258825,-0.289369,0.049993,-0.046718,0.037293,0.010647,0.314722,-0.324394,-0.037552,-0.681661,0.065958,-0.045931,-0.211474,1.985514,1.045612,0.478434,-0.543784,-0.148161,0.053641,-0.485852,-2.029289,-0.861390,0.478506,0.544899,0.049063,0.111489,3
-0.010934,-0.070026,0.002852,0.258800,-0.289373,0.049986,-0.046710,0.037301,0.010606,0.314696,-0.324402,-0.037552,-0.681795,0.065965,-0.045936,-0.210958,1.985718,1.045732,0.478278,-0.543784,-0.148221,0.053725,-0.485829,-2.030331,-0.861318,0.478698,0.544899,0.049039,0.111621,3
-0.010925,-0.070018,0.002879,0.258808,-0.289382,0.049986,-0.046710,0.037293,0.010553,0.314722,-0.324398,-0.037559,-0.681929,0.065943,-0.045940,-0.210611,1.985862,1.045851,0.478183,-0.543772,-0.148245,0.053845,-0.485840,-2.031086,-0.861282,0.478854,0.544899,0.049027,0.111705,3
-0.010925,-0.070018,0.002866,0.258825,-0.289373,0.049986,-0.046693,0.037301,0.010486,0.314722,-0.324418,-0.037581,-0.682049,0.065950,-0.045926,-0.210347,1.985933,1.045971,0.478207,-0.543784,-0.148257,0.053941,-0.485840,-2.031626,-0.861306,0.478986,0.544887,0.049051,0.111753,3
-0.010934,-0.070009,0.002852,0.258825,-0.289373,0.049986,-0.046701,0.037301,0.010446,0.314747,-0.324414,-0.037573,-0.682210,0.065935,-0.045935,-0.210167,1.985969,1.046067,0.478266,-0.543784,-0.148281,0.054049,-0.485840,-2.031901,-0.861318,0.479021,0.544899,0.049051,0.111741,3
-0.010934,-0.070001,0.002852,0.258834,-0.289365,0.049986,-0.046693,0.037301,0.010419,0.314773,-0.324418,-0.037581,-0.682438,0.065950,-0.045926,-0.210071,1.986017,1.046115,0.478398,-0.543784,-0.148257,0.054145,-0.485829,-2.031985,-0.861318,0.478986,0.544887,0.049051,0.111645,3
-0.010934,-0.070009,0.002852,0.258800,-0.289361,0.049964,-0.046710,0.037310,0.010365,0.314790,-0.324414,-0.037602,-0.682652,0.065928,-0.045930,-0.210048,1.986089,1.046175,0.478290,-0.543760,-0.148269,0.054241,-0.485840,-2.032033,-0.861318,0.478890,0.544887,0.049039,0.111537,3
-0.010951,-0.069992,0.002852,0.258808,-0.289365,0.049957,-0.046693,0.037318,0.010325,0.314798,-0.324410,-0.037610,-0.682853,0.065935,-0.045935,-0.210071,1.986221,1.046175,0.477787,-0.543784,-0.148317,0.054265,-0.485888,-2.032489,-0.861366,0.478662,0.544839,0.049039,0.111465,3
-0.010951,-0.069992,0.002852,0.258791,-0.289365,0.049943,-0.046701,0.037335,0.010272,0.314815,-0.324427,-0.037624,-0.683201,0.065928,-0.045940,-0.210191,1.986353,1.046115,0.476625,-0.543748,-0.148676,0.054241,-0.485960,-2.033364,-0.861582,0.478195,0.544767,0.049027,0.111429,3
-0.010917,-0.069992,0.002852,0.258817,-0.289361,0.049950,-0.046684,0.037335,0.010258,0.314841,-0.324447,-0.037631,-0.683496,0.065928,-0.045959,-0.210287,1.986377,1.046091,0.475318,-0.543748,-0.148952,0.054145,-0.485996,-2.034023,-0.861726,0.477871,0.544779,0.049003,0.111465,3
-0.010908,-0.069984,0.002839,0.258825,-0.289352,0.049935,-0.046676,0.037344,0.010245,0.314858,-0.324476,-0.037667,-0.683871,0.065905,-0.045983,-0.210371,1.986353,1.046103,0.474372,-0.543772,-0.149120,0.054085,-0.485972,-2.034634,-0.861870,0.477751,0.544791,0.048956,0.111465,3
-0.010917,-0.069975,0.002812,0.258825,-0.289340,0.049914,-0.046676,0.037361,0.010205,0.314867,-0.324476,-0.037667,-0.684179,0.065882,-0.045968,-0.210467,1.986269,1.046139,0.473341,-0.543772,-0.149168,0.054121,-0.485960,-2.035113,-0.861953,0.477643,0.544827,0.048800,0.111441,3
-0.010934,-0.069967,0.002799,0.258834,-0.289336,0.049921,-0.046676,0.037361,0.010178,0.314892,-0.324472,-0.037675,-0.684607,0.065905,-0.045973,-0.210563,1.986173,1.046175,0.472250,-0.543808,-0.149204,0.054217,-0.485960,-2.035533,-0.861977,0.477416,0.544851,0.048344,0.111405,3
-0.010968,-0.069958,0.002745,0.258834,-0.289340,0.049914,-0.046701,0.037395,0.010138,0.314909,-0.324476,-0.037682,-0.685250,0.065875,-0.045972,-0.210623,1.986065,1.046199,0.470908,-0.543772,-0.149180,0.054420,-0.485960,-2.035856,-0.862001,0.477092,0.544863,0.047937,0.111357,3
-0.011045,-0.069958,0.002719,0.258859,-0.289331,0.049899,-0.046761,0.037404,0.010097,0.314901,-0.324476,-0.037682,-0.685786,0.065860,-0.045982,-0.210683,1.985921,1.046199,0.469578,-0.543760,-0.149204,0.054552,-0.486008,-2.036084,-0.861941,0.476768,0.544875,0.047529,0.111321,3
-0.011096,-0.069932,0.002705,0.258859,-0.289340,0.049914,-0.046803,0.037412,0.010057,0.314875,-0.324484,-0.037696,-0.686388,0.065860,-0.046001,-0.210707,1.985730,1.046175,0.468260,-0.543772,-0.149168,0.054672,-0.486008,-2.036228,-0.861905,0.476457,0.544839,0.047122,0.111286,3
-0.011130,-0.069907,0.002705,0.258851,-0.289327,0.049906,-0.046838,0.037446,0.010031,0.314875,-0.324488,-0.037704,-0.687031,0.065814,-0.046009,-0.210719,1.985574,1.046175,0.467193,-0.543760,-0.149144,0.054816,-0.486008,-2.036216,-0.861893,0.476193,0.544863,0.046738,0.111262,3
-0.011121,-0.069873,0.002665,0.258834,-0.289327,0.049906,-0.046846,0.037455,0.010004,0.314858,-0.324484,-0.037725,-0.687955,0.065746,-0.046051,-0.210707,1.985430,1.046211,0.465276,-0.543772,-0.149168,0.055044,-0.485996,-2.036024,-0.861893,0.475522,0.544899,0.046187,0.111274,3
-0.011104,-0.069864,0.002652,0.258825,-0.289331,0.049899,-0.046838,0.037455,0.010031,0.314858,-0.324497,-0.037718,-0.688183,0.065754,-0.046067,-0.210707,1.985382,1.046211,0.464736,-0.543760,-0.149168,0.055115,-0.485996,-2.035988,-0.861893,0.475306,0.544887,0.046007,0.111274,3
-0.011062,-0.069822,0.002544,0.258808,-0.289327,0.049906,-0.046795,0.037463,0.010004,0.314867,-0.324488,-0.037733,-0.688812,0.065693,-0.046084,-0.210683,1.985286,1.046175,0.463011,-0.543712,-0.149455,0.055199,-0.485996,-2.035868,-0.861917,0.474671,0.544911,0.045432,0.111309,3
-0.011079,-0.069788,0.002451,0.258825,-0.289327,0.049892,-0.046803,0.037472,0.010017,0.314867,-0.324497,-0.037732,-0.689174,0.065686,-0.046099,-0.210683,1.985238,1.046175,0.461728,-0.543676,-0.149647,0.055175,-0.485996,-2.035820,-0.861941,0.474144,0.544911,0.045228,0.111309,3
-0.011113,-0.069754,0.002357,0.258859,-0.289323,0.049885,-0.046735,0.037506,0.010017,0.314867,-0.324497,-0.037718,-0.689375,0.065686,-0.046089,-0.210659,1.985202,1.046187,0.460254,-0.543676,-0.149719,0.055175,-0.485984,-2.035760,-0.861917,0.473605,0.544911,0.045085,0.111286,3
-0.011155,-0.069711,0.002277,0.258876,-0.289331,0.049885,-0.046727,0.037497,0.010017,0.314875,-0.324497,-0.037732,-0.689549,0.065708,-0.046104,-0.210659,1.985202,1.046211,0.458900,-0.543676,-0.149719,0.055187,-0.485996,-2.035665,-0.861905,0.472969,0.544923,0.045049,0.111298,3
-0.011181,-0.069626,0.002223,0.258885,-0.289323,0.049870,-0.046684,0.037506,0.010004,0.314875,-0.324488,-0.037733,-0.689750,0.065671,-0.046098,-0.210683,1.985214,1.046235,0.457618,-0.543652,-0.149731,0.055199,-0.486008,-2.035617,-0.861881,0.472226,0.544911,0.045061,0.111298,3
-0.011198,-0.069583,0.002103,0.258902,-0.289323,0.049885,-0.046684,0.037523,0.010017,0.314884,-0.324493,-0.037740,-0.690058,0.065640,-0.046107,-0.210683,1.985238,1.046295,0.456503,-0.543652,-0.149731,0.055235,-0.486008,-2.035593,-0.861870,0.471352,0.544899,0.045193,0.111298,3
-0.011215,-0.069549,0.002103,0.258893,-0.289319,0.049892,-0.046684,0.037514,0.010004,0.314901,-0.324493,-0.037740,-0.690459,0.065625,-0.046126,-0.210683,1.985238,1.046355,0.454550,-0.543664,-0.149719,0.055295,-0.485996,-2.035581,-0.861810,0.469818,0.544899,0.045444,0.111286,3
-0.011232,-0.069489,0.002089,0.258885,-0.289318,0.049863,-0.046718,0.037523,0.010004,0.314901,-0.324505,-0.037732,-0.691102,0.065542,-0.046177,-0.210659,1.985226,1.046415,0.452189,-0.543628,-0.149755,0.055295,-0.485996,-2.035604,-0.861726,0.468308,0.544863,0.046271,0.111309,3
-0.011215,-0.069447,0.002103,0.258842,-0.289306,0.049856,-0.046727,0.037531,0.009990,0.314901,-0.324509,-0.037740,-0.691571,0.065497,-0.046225,-0.210659,1.984975,1.046475,0.450379,-0.543604,-0.149779,0.055307,-0.485984,-2.035604,-0.861666,0.467265,0.544863,0.046786,0.111321,3
-0.011232,-0.069421,0.002116,0.258817,-0.289302,0.049849,-0.046727,0.037523,0.009990,0.314901,-0.324505,-0.037732,-0.692294,0.065429,-0.046248,-0.210683,1.984351,1.046510,0.448438,-0.543545,-0.149731,0.055319,-0.485972,-2.035617,-0.861654,0.466354,0.544839,0.047290,0.111298,3
-0.011241,-0.069370,0.002089,0.258774,-0.289302,0.049849,-0.046718,0.037531,0.009977,0.314884,-0.324505,-0.037747,-0.692749,0.065398,-0.046276,-0.210683,1.983393,1.046570,0.446712,-0.543521,-0.149755,0.055343,-0.485960,-2.035593,-0.861642,0.465359,0.544803,0.047721,0.111321,3
-0.011241,-0.069336,0.002116,0.258740,-0.289289,0.049856,-0.046718,0.037531,0.009977,0.314892,-0.324509,-0.037740,-0.693071,0.065368,-0.046305,-0.210707,1.982350,1.046618,0.445178,-0.543473,-0.149731,0.055367,-0.485960,-2.035568,-0.861654,0.464329,0.544803,0.048057,0.111321,3
-0.011241,-0.069302,0.002103,0.258697,-0.289289,0.049841,-0.046735,0.037523,0.009977,0.314875,-0.324509,-0.037740,-0.693379,0.065315,-0.046328,-0.210707,1.980816,1.046666,0.443800,-0.543413,-0.149731,0.055403,-0.485960,-2.035545,-0.861606,0.463250,0.544767,0.048284,0.111298,3
-0.011275,-0.069268,0.002103,0.258680,-0.289293,0.049834,-0.046727,0.037531,0.009923,0.314875,-0.324513,-0.037761,-0.693620,0.065285,-0.046356,-0.210707,1.979678,1.046726,0.442398,-0.543389,-0.149719,0.055427,-0.485948,-2.035365,-0.861510,0.461992,0.544743,0.048536,0.111321,3
-0.011283,-0.069225,0.002103,0.258655,-0.289298,0.049841,-0.046735,0.037523,0.009897,0.314892,-0.324517,-0.037754,-0.693821,0.065217,-0.046378,-0.210707,1.978611,1.046810,0.439977,-0.543329,-0.149719,0.055487,-0.485924,-2.034802,-0.861426,0.460218,0.544731,0.048680,0.111298,3
-0.011283,-0.069191,0.002129,0.258655,-0.289289,0.049798,-0.046735,0.037540,0.009856,0.314884,-0.324517,-0.037754,-0.693981,0.065187,-0.046397,-0.210707,1.977664,1.046906,0.438371,-0.543221,-0.149719,0.055547,-0.485912,-2.033939,-0.861306,0.459164,0.544743,0.048740,0.111298,3
-0.011292,-0.069157,0.002103,0.258638,-0.289289,0.049798,-0.046735,0.037548,0.009803,0.314884,-0.324509,-0.037754,-0.694115,0.065156,-0.046426,-0.210719,1.976801,1.047074,0.436897,-0.543161,-0.149731,0.055619,-0.485924,-2.032908,-0.861162,0.458373,0.544743,0.048776,0.111309,3
-0.011334,-0.069097,0.002116,0.258612,-0.289293,0.049820,-0.046727,0.037548,0.009763,0.314884,-0.324513,-0.037761,-0.694303,0.065111,-0.046444,-0.210767,1.975495,1.047337,0.434620,-0.543017,-0.149755,0.055763,-0.485912,-2.031194,-0.860935,0.457378,0.544707,0.048728,0.111333,3
-0.011351,-0.069072,0.002129,0.258578,-0.289285,0.049820,-0.046761,0.037557,0.009763,0.314892,-0.324513,-0.037761,-0.694343,0.065103,-0.046449,-0.210779,1.974393,1.047541,0.433014,-0.542897,-0.149839,0.055775,-0.485912,-2.029948,-0.860839,0.456491,0.544683,0.048428,0.111393,3
-0.011394,-0.069038,0.002156,0.258544,-0.289297,0.049812,-0.046803,0.037574,0.009723,0.314875,-0.324517,-0.037740,-0.694343,0.065081,-0.046463,-0.210862,1.973158,1.047745,0.431109,-0.542778,-0.149875,0.055775,-0.485829,-2.028774,-0.860755,0.455532,0.544707,0.047961,0.111465,3
-0.011377,-0.068995,0.002156,0.258527,-0.289297,0.049812,-0.046778,0.037591,0.009669,0.314901,-0.324513,-0.037747,-0.694316,0.065035,-0.046491,-0.210874,1.971133,1.047985,0.429275,-0.542646,-0.149923,0.055763,-0.485733,-2.027048,-0.860659,0.454622,0.544683,0.047553,0.111573,3
-0.011369,-0.068961,0.002156,0.258510,-0.289310,0.049791,-0.046752,0.037600,0.009548,0.314901,-0.324509,-0.037754,-0.694249,0.065013,-0.046505,-0.210874,1.969874,1.048368,0.427501,-0.542526,-0.149899,0.055775,-0.485649,-2.026101,-0.860455,0.453831,0.544671,0.047218,0.111705,3
-0.011334,-0.068927,0.002156,0.258518,-0.289334,0.049747,-0.046735,0.037600,0.009441,0.314901,-0.324509,-0.037769,-0.694209,0.064997,-0.046524,-0.210874,1.968568,1.048620,0.425080,-0.542430,-0.149899,0.055787,-0.485601,-2.025130,-0.860300,0.452992,0.544671,0.046906,0.111765,3
-0.011334,-0.068910,0.002156,0.258544,-0.289354,0.049682,-0.046752,0.037608,0.009361,0.314901,-0.324505,-0.037761,-0.694169,0.064982,-0.046533,-0.210862,1.967190,1.048871,0.423475,-0.542370,-0.149911,0.055763,-0.485577,-2.024100,-0.860180,0.451542,0.544683,0.046535,0.111777,3
-0.011326,-0.068884,0.002129,0.258518,-0.289407,0.049617,-0.046769,0.037617,0.009294,0.314901,-0.324517,-0.037754,-0.694169,0.064945,-0.046547,-0.210862,1.965668,1.049051,0.421533,-0.542298,-0.149947,0.055739,-0.485565,-2.022985,-0.860036,0.450379,0.544671,0.046271,0.111753,3
-0.011326,-0.068876,0.002143,0.258535,-0.289424,0.049588,-0.046786,0.037608,0.009267,0.314901,-0.324525,-0.037754,-0.694236,0.064929,-0.046566,-0.210838,1.964134,1.049219,0.419556,-0.542286,-0.150043,0.055727,-0.485541,-2.021655,-0.859832,0.449133,0.544671,0.046019,0.111705,3
-0.011334,-0.068859,0.002169,0.258527,-0.289436,0.049552,-0.046786,0.037617,0.009240,0.314884,-0.324521,-0.037747,-0.694370,0.064899,-0.046575,-0.210838,1.962684,1.049327,0.417758,-0.542286,-0.150031,0.055763,-0.485565,-2.020265,-0.859652,0.447886,0.544635,0.046031,0.111549,3
-0.011317,-0.068867,0.002156,0.258535,-0.289440,0.049559,-0.046838,0.037617,0.009281,0.314884,-0.324513,-0.037761,-0.694504,0.064823,-0.046612,-0.210898,1.960467,1.049399,0.415122,-0.542298,-0.150019,0.055811,-0.485601,-2.018120,-0.859473,0.446041,0.544539,0.046079,0.111441,3
-0.011326,-0.068850,0.002129,0.258527,-0.289436,0.049567,-0.046855,0.037617,0.009281,0.314901,-0.324509,-0.037754,-0.694638,0.064755,-0.046664,-0.210994,1.957914,1.049435,0.413144,-0.542286,-0.150031,0.055823,-0.485577,-2.016142,-0.859401,0.444747,0.544467,0.046067,0.111345,3
-0.011326,-0.068850,0.002169,0.258535,-0.289432,0.049559,-0.046889,0.037617,0.009307,0.314901,-0.324513,-0.037761,-0.694731,0.064702,-0.046696,-0.211126,1.956236,1.049459,0.410963,-0.542286,-0.150043,0.055823,-0.485589,-2.014728,-0.859341,0.443416,0.544383,0.046091,0.111286,3
-0.011334,-0.068859,0.002129,0.258527,-0.289423,0.049559,-0.046906,0.037625,0.009321,0.314918,-0.324513,-0.037761,-0.694798,0.064680,-0.046710,-0.211306,1.954595,1.049459,0.407883,-0.542274,-0.150066,0.055858,-0.485589,-2.013062,-0.859305,0.441031,0.544288,0.046163,0.111226,3
-0.011334,-0.068859,0.002156,0.258527,-0.289436,0.049538,-0.046957,0.037617,0.009307,0.314901,-0.324513,-0.037747,-0.694839,0.064642,-0.046734,-0.211450,1.952917,1.049459,0.406097,-0.542238,-0.150078,0.055894,-0.485589,-2.011253,-0.859257,0.439366,0.544168,0.046283,0.111202,3
-0.011317,-0.068850,0.002169,0.258535,-0.289432,0.049545,-0.046974,0.037600,0.009307,0.314892,-0.324505,-0.037761,-0.694839,0.064627,-0.046743,-0.211653,1.951215,1.049423,0.404240,-0.542226,-0.150102,0.055918,-0.485613,-2.009395,-0.859281,0.437844,0.544072,0.046487,0.111202,3
-0.011309,-0.068850,0.002183,0.258561,-0.289432,0.049531,-0.046982,0.037600,0.009321,0.314892,-0.324505,-0.037747,-0.694798,0.064604,-0.046757,-0.211881,1.949513,1.049399,0.402215,-0.542178,-0.150126,0.055906,-0.485637,-2.007573,-0.859317,0.436513,0.544000,0.046619,0.111250,3
-0.011283,-0.068859,0.002169,0.258578,-0.289427,0.049538,-0.046982,0.037608,0.009321,0.314901,-0.324509,-0.037740,-0.694785,0.064581,-0.046771,-0.212193,1.947560,1.049399,0.400021,-0.542142,-0.150150,0.055918,-0.485661,-2.005872,-0.859377,0.435351,0.543940,0.046655,0.111262,3
-0.011258,-0.068867,0.002196,0.258612,-0.289427,0.049523,-0.046974,0.037600,0.009348,0.314884,-0.324505,-0.037732,-0.694772,0.064536,-0.046760,-0.212372,1.945439,1.049399,0.398008,-0.542082,-0.150138,0.055918,-0.485613,-2.003942,-0.859413,0.433901,0.543916,0.046547,0.111286,3
-0.011249,-0.068859,0.002223,0.258655,-0.289427,0.049523,-0.046957,0.037591,0.009334,0.314875,-0.324497,-0.037732,-0.694705,0.064506,-0.046798,-0.212588,1.941220,1.049399,0.394928,-0.541999,-0.150126,0.055978,-0.485637,-1.999736,-0.859389,0.431528,0.543856,0.046307,0.111286,3
-0.011258,-0.068867,0.002223,0.258655,-0.289435,0.049509,-0.046965,0.037583,0.009348,0.314875,-0.324488,-0.037733,-0.694718,0.064483,-0.046793,-0.212660,1.938907,1.049423,0.392819,-0.541963,-0.150150,0.056038,-0.485637,-1.997651,-0.859365,0.429958,0.543832,0.046283,0.111274,3
-0.011258,-0.068867,0.002183,0.258680,-0.289452,0.049494,-0.046948,0.037583,0.009334,0.314884,-0.324472,-0.037704,-0.694718,0.064498,-0.046803,-0.212756,1.936642,1.049423,0.389439,-0.541927,-0.150150,0.056086,-0.485625,-1.995985,-0.859365,0.427585,0.543796,0.046307,0.111250,3
-0.011224,-0.068859,0.002210,0.258723,-0.289448,0.049487,-0.046948,0.037548,0.009334,0.314892,-0.324464,-0.037689,-0.694718,0.064483,-0.046793,-0.212852,1.934497,1.049447,0.387318,-0.541867,-0.150150,0.056158,-0.485637,-1.994319,-0.859353,0.426027,0.543676,0.046379,0.111262,3
-0.011224,-0.068876,0.002210,0.258748,-0.289448,0.049502,-0.046948,0.037540,0.009334,0.314901,-0.324455,-0.037660,-0.694705,0.064483,-0.046793,-0.212912,1.932604,1.049483,0.385413,-0.541855,-0.150282,0.056194,-0.485625,-1.992413,-0.859365,0.424445,0.543592,0.046475,0.111262,3
-0.011224,-0.068867,0.002250,0.258757,-0.289440,0.049516,-0.046948,0.037531,0.009348,0.314901,-0.324447,-0.037660,-0.694678,0.064453,-0.046811,-0.212984,1.930902,1.049507,0.383339,-0.541843,-0.150510,0.056254,-0.485637,-1.990280,-0.859317,0.422660,0.543449,0.046535,0.111226,3
-0.011224,-0.068876,0.002263,0.258783,-0.289435,0.049509,-0.046948,0.037514,0.009348,0.314901,-0.324447,-0.037646,-0.694651,0.064430,-0.046825,-0.213044,1.929176,1.049507,0.381014,-0.541843,-0.150833,0.056326,-0.485649,-1.988051,-0.859341,0.420718,0.543245,0.046595,0.111226,3
-0.011215,-0.068893,0.002303,0.258800,-0.289444,0.049494,-0.046940,0.037497,0.009374,0.314901,-0.324443,-0.037653,-0.694664,0.064415,-0.046835,-0.213080,1.927115,1.049483,0.378917,-0.541855,-0.151109,0.056350,-0.485673,-1.985846,-0.859341,0.418609,0.543029,0.046655,0.111238,3
-0.011190,-0.068901,0.002330,0.258825,-0.289448,0.049487,-0.046914,0.037480,0.009361,0.314901,-0.324443,-0.037639,-0.694651,0.064392,-0.046849,-0.213127,1.923508,1.049483,0.377048,-0.541831,-0.151289,0.056362,-0.485685,-1.982179,-0.859389,0.416823,0.542766,0.046715,0.111250,3
-0.011172,-0.068901,0.002330,0.258834,-0.289452,0.049494,-0.046914,0.037472,0.009374,0.314901,-0.324447,-0.037631,-0.694651,0.064407,-0.046859,-0.213163,1.921027,1.049495,0.375190,-0.541831,-0.151433,0.056362,-0.485733,-1.979794,-0.859425,0.415373,0.542454,0.046762,0.111274,3
-0.011164,-0.068910,0.002330,0.258851,-0.289444,0.049494,-0.046880,0.037446,0.009388,0.314892,-0.324439,-0.037631,-0.694611,0.064385,-0.046873,-0.213211,1.917012,1.049518,0.370468,-0.541831,-0.151816,0.056362,-0.485757,-1.976690,-0.859521,0.412126,0.541939,0.046631,0.111286,3
-0.011164,-0.068910,0.002317,0.258842,-0.289456,0.049502,-0.046880,0.037438,0.009361,0.314884,-0.324439,-0.037631,-0.694638,0.064385,-0.046873,-0.213199,1.915802,1.049518,0.369354,-0.541831,-0.151912,0.056386,-0.485769,-1.975803,-0.859533,0.411239,0.541759,0.046511,0.111286,3
-0.011147,-0.068918,0.002330,0.258868,-0.289468,0.049451,-0.046872,0.037438,0.009361,0.314901,-0.324447,-0.037631,-0.694624,0.064385,-0.046873,-0.213223,1.912374,1.049518,0.366394,-0.541831,-0.152296,0.056482,-0.485745,-1.972819,-0.859533,0.408578,0.541136,0.046103,0.111262,3
-0.011130,-0.068918,0.002317,0.258859,-0.289480,0.049444,-0.046880,0.037412,0.009374,0.314884,-0.324443,-0.037624,-0.694638,0.064385,-0.046873,-0.213271,1.910457,1.049543,0.364452,-0.541831,-0.152559,0.056554,-0.485745,-1.970207,-0.859485,0.407008,0.540800,0.046055,0.111250,3
-0.011113,-0.068927,0.002303,0.258868,-0.289489,0.049429,-0.046880,0.037395,0.009374,0.314884,-0.324431,-0.037617,-0.694597,0.064400,-0.046864,-0.213283,1.908527,1.049543,0.362295,-0.541807,-0.152979,0.056661,-0.485781,-1.967642,-0.859473,0.405486,0.540501,0.046091,0.111226,3
-0.011096,-0.068927,0.002330,0.258842,-0.289493,0.049422,-0.046897,0.037395,0.009348,0.314875,-0.324427,-0.037624,-0.694584,0.064392,-0.046878,-0.213295,1.906274,1.049543,0.359946,-0.541831,-0.153434,0.056721,-0.485876,-1.965065,-0.859497,0.403808,0.540189,0.046127,0.111262,3
-0.011079,-0.068952,0.002330,0.258825,-0.289501,0.049408,-0.046872,0.037387,0.009374,0.314875,-0.324439,-0.037617,-0.694557,0.064400,-0.046883,-0.213295,1.902439,1.049543,0.357957,-0.541795,-0.153794,0.056745,-0.485912,-1.960823,-0.859592,0.401795,0.539913,0.046175,0.111286,3
-0.011045,-0.068944,0.002344,0.258825,-0.289501,0.049408,-0.046880,0.037378,0.009361,0.314875,-0.324439,-0.037631,-0.694530,0.064392,-0.046878,-0.213343,1.899599,1.049567,0.356027,-0.541723,-0.154129,0.056733,-0.485972,-1.957851,-0.859736,0.399662,0.539650,0.046199,0.111309,3
-0.011002,-0.068961,0.002344,0.258834,-0.289501,0.049408,-0.046863,0.037361,0.009361,0.314875,-0.324439,-0.037631,-0.694517,0.064392,-0.046878,-0.213367,1.896663,1.049567,0.354158,-0.541603,-0.154405,0.056733,-0.486032,-1.955262,-0.859832,0.397637,0.539386,0.046247,0.111357,3
-0.010942,-0.068961,0.002357,0.258800,-0.289505,0.049415,-0.046846,0.037344,0.009361,0.314875,-0.324427,-0.037624,-0.694530,0.064392,-0.046878,-0.213391,1.893883,1.049578,0.351054,-0.541447,-0.154788,0.056745,-0.486056,-1.952698,-0.859916,0.394988,0.539086,0.046295,0.111393,3
-0.010891,-0.068961,0.002330,0.258808,-0.289525,0.049364,-0.046838,0.037318,0.009374,0.314901,-0.324435,-0.037624,-0.694530,0.064415,-0.046874,-0.213427,1.890251,1.049626,0.348046,-0.541160,-0.155316,0.056733,-0.486056,-1.948791,-0.860036,0.392459,0.538535,0.046283,0.111381,3
-0.010866,-0.068969,0.002330,0.258808,-0.289529,0.049357,-0.046821,0.037318,0.009374,0.314901,-0.324431,-0.037602,-0.694544,0.064415,-0.046874,-0.213463,1.888262,1.049638,0.346164,-0.541016,-0.155939,0.056733,-0.486080,-1.946250,-0.860156,0.390686,0.538295,0.046127,0.111345,3
-0.010840,-0.068987,0.002344,0.258842,-0.289533,0.049350,-0.046803,0.037301,0.009374,0.314909,-0.324435,-0.037610,-0.694557,0.064430,-0.046885,-0.213475,1.886057,1.049638,0.344199,-0.540896,-0.156574,0.056709,-0.486116,-1.943590,-0.860288,0.388648,0.538056,0.045936,0.111262,3
-0.010832,-0.069004,0.002357,0.258834,-0.289538,0.049357,-0.046803,0.037293,0.009374,0.314901,-0.324427,-0.037610,-0.694530,0.064415,-0.046874,-0.213451,1.883816,1.049638,0.342090,-0.540788,-0.157317,0.056733,-0.486176,-1.940701,-0.860384,0.386851,0.537864,0.045744,0.111250,3
-0.010798,-0.069029,0.002370,0.258817,-0.289542,0.049335,-0.046812,0.037267,0.009374,0.314892,-0.324418,-0.037610,-0.694544,0.064415,-0.046884,-0.213427,1.881215,1.049614,0.340172,-0.540728,-0.157976,0.056721,-0.486188,-1.937849,-0.860515,0.385089,0.537672,0.045528,0.111274,3
-0.010798,-0.069055,0.002370,0.258834,-0.289546,0.049343,-0.046812,0.037233,0.009374,0.314901,-0.324431,-0.037617,-0.694544,0.064423,-0.046879,-0.213403,1.876889,1.049602,0.338423,-0.540656,-0.158611,0.056721,-0.486224,-1.933691,-0.860611,0.383064,0.537588,0.045252,0.111274,3
-0.010780,-0.069072,0.002411,0.258825,-0.289546,0.049343,-0.046829,0.037216,0.009374,0.314901,-0.324423,-0.037602,-0.694544,0.064400,-0.046874,-0.213391,1.874145,1.049602,0.336817,-0.540608,-0.159162,0.056721,-0.486248,-1.930779,-0.860683,0.380811,0.537528,0.045013,0.111286,3
-0.010806,-0.069063,0.002424,0.258859,-0.289554,0.049328,-0.046855,0.037191,0.009361,0.314926,-0.324422,-0.037588,-0.694544,0.064407,-0.046879,-0.213379,1.871592,1.049602,0.333916,-0.540584,-0.159846,0.056721,-0.486296,-1.927758,-0.860707,0.377611,0.537504,0.044845,0.111286,3
-0.010789,-0.069055,0.002397,0.258876,-0.289574,0.049292,-0.046846,0.037182,0.009361,0.314935,-0.324414,-0.037602,-0.694544,0.064423,-0.046869,-0.213379,1.869255,1.049602,0.331795,-0.540584,-0.160577,0.056721,-0.486320,-1.924643,-0.860743,0.375837,0.537481,0.044677,0.111286,3
-0.010772,-0.069080,0.002411,0.258893,-0.289599,0.049263,-0.046863,0.037156,0.009388,0.314935,-0.324410,-0.037581,-0.694517,0.064460,-0.046856,-0.213355,1.865492,1.049578,0.328571,-0.540584,-0.162171,0.056709,-0.486428,-1.919441,-0.860851,0.373309,0.537457,0.044318,0.111250,3
-0.010712,-0.069097,0.002411,0.258876,-0.289607,0.049220,-0.046855,0.037156,0.009374,0.314943,-0.324414,-0.037573,-0.694530,0.064453,-0.046851,-0.213355,1.862772,1.049578,0.326870,-0.540596,-0.163069,0.056709,-0.486500,-1.916170,-0.860923,0.371547,0.537433,0.044114,0.111262,3
-0.010619,-0.069106,0.002424,0.258885,-0.289619,0.049227,-0.046855,0.037131,0.009361,0.314960,-0.324414,-0.037588,-0.694544,0.064468,-0.046851,-0.213331,1.860003,1.049567,0.325408,-0.540608,-0.163980,0.056697,-0.486596,-1.912970,-0.861007,0.369785,0.537373,0.043898,0.111262,3
-0.010576,-0.069131,0.002451,0.258885,-0.289636,0.049241,-0.046846,0.037131,0.009388,0.314969,-0.324410,-0.037581,-0.694584,0.064453,-0.046851,-0.213319,1.855617,1.049554,0.323838,-0.540596,-0.164963,0.056685,-0.486619,-1.909782,-0.861091,0.368024,0.537265,0.043647,0.111274,3
-0.010550,-0.069157,0.002451,0.258893,-0.289632,0.049220,-0.046838,0.037105,0.009401,0.314977,-0.324402,-0.037581,-0.694624,0.064460,-0.046846,-0.213319,1.852777,1.049554,0.322244,-0.540596,-0.166029,0.056661,-0.486643,-1.905348,-0.861150,0.366274,0.537145,0.043263,0.111250,3
-0.010533,-0.069165,0.002451,0.258902,-0.289644,0.049227,-0.046846,0.037063,0.009401,0.315003,-0.324402,-0.037581,-0.694611,0.064483,-0.046842,-0.213295,1.850176,1.049543,0.320638,-0.540596,-0.167264,0.056661,-0.486643,-1.901717,-0.861234,0.364440,0.537001,0.042748,0.111274,3
-0.010542,-0.069165,0.002478,0.258910,-0.289640,0.049220,-0.046838,0.037054,0.009401,0.315029,-0.324402,-0.037566,-0.694638,0.064483,-0.046832,-0.213271,1.847432,1.049507,0.318253,-0.540596,-0.168534,0.056661,-0.486631,-1.898457,-0.861258,0.361145,0.536821,0.042208,0.111274,3
-0.010508,-0.069165,0.002464,0.258902,-0.289648,0.049220,-0.046846,0.037054,0.009388,0.315071,-0.324398,-0.037559,-0.694651,0.064513,-0.046813,-0.213247,1.844783,1.049483,0.316563,-0.540572,-0.169781,0.056661,-0.486643,-1.895401,-0.861270,0.358844,0.536486,0.041585,0.111262,3
-0.010482,-0.069183,0.002504,0.258927,-0.289657,0.049220,-0.046838,0.037020,0.009401,0.315088,-0.324398,-0.037559,-0.694664,0.064536,-0.046809,-0.213187,1.842051,1.049435,0.314802,-0.540549,-0.170967,0.056613,-0.486643,-1.891950,-0.861258,0.356770,0.536210,0.040866,0.111286,3
-0.010448,-0.069217,0.002504,0.258893,-0.289644,0.049227,-0.046838,0.036986,0.009388,0.315105,-0.324394,-0.037537,-0.694678,0.064536,-0.046799,-0.213127,1.837509,1.049423,0.311949,-0.540513,-0.173400,0.056458,-0.486643,-1.886856,-0.861234,0.353858,0.535731,0.039260,0.111274,3
-0.010440,-0.069234,0.002531,0.258910,-0.289644,0.049227,-0.046838,0.036969,0.009401,0.315122,-0.324385,-0.037552,-0.694664,0.064544,-0.046805,-0.213127,1.835855,1.049423,0.311075,-0.540501,-0.173927,0.056434,-0.486643,-1.884939,-0.861222,0.352840,0.535515,0.038757,0.111262,3
-0.010474,-0.069268,0.002571,0.258902,-0.289653,0.049241,-0.046855,0.036952,0.009415,0.315131,-0.324381,-0.037545,-0.694691,0.064536,-0.046799,-0.213127,1.831325,1.049423,0.308570,-0.540441,-0.175617,0.056278,-0.486643,-1.878839,-0.861210,0.349808,0.534784,0.037247,0.111202,3
-0.010474,-0.069276,0.002571,0.258919,-0.289657,0.049220,-0.046846,0.036918,0.009415,0.315139,-0.324381,-0.037545,-0.694718,0.064536,-0.046799,-0.213163,1.826939,1.049423,0.306928,-0.540357,-0.176695,0.056110,-0.486631,-1.873386,-0.861210,0.348070,0.534209,0.036037,0.111154,3
-0.010440,-0.069302,0.002625,0.258910,-0.289653,0.049227,-0.046838,0.036901,0.009428,0.315122,-0.324381,-0.037530,-0.694772,0.064551,-0.046790,-0.213163,1.824015,1.049435,0.305094,-0.540321,-0.177894,0.055906,-0.486643,-1.869707,-0.861222,0.346560,0.533418,0.034694,0.111118,3
-0.010397,-0.069319,0.002625,0.258919,-0.289645,0.049256,-0.046838,0.036892,0.009415,0.315122,-0.324373,-0.037472,-0.694785,0.064566,-0.046800,-0.213175,1.820971,1.049423,0.303081,-0.540249,-0.179116,0.055751,-0.486631,-1.866279,-0.861234,0.345182,0.532471,0.033172,0.111082,3
-0.010371,-0.069344,0.002652,0.258910,-0.289640,0.049263,-0.046821,0.036875,0.009401,0.315122,-0.324373,-0.037458,-0.694825,0.064559,-0.046785,-0.213187,1.817914,1.049423,0.300385,-0.540177,-0.180291,0.055643,-0.486631,-1.862936,-0.861258,0.343204,0.531261,0.031566,0.111058,3
-0.010337,-0.069370,0.002665,0.258927,-0.289640,0.049263,-0.046812,0.036867,0.009401,0.315139,-0.324361,-0.037480,-0.694852,0.064566,-0.046790,-0.213187,1.815002,1.049435,0.298767,-0.540093,-0.181441,0.055559,-0.486643,-1.859185,-0.861234,0.341922,0.528996,0.029805,0.111022,3
-0.010312,-0.069438,0.002732,0.258910,-0.289624,0.049306,-0.046803,0.036841,0.009415,0.315156,-0.324324,-0.037443,-0.694932,0.064566,-0.046781,-0.213199,1.810472,1.049435,0.295926,-0.540045,-0.183982,0.055475,-0.486619,-1.854043,-0.861234,0.339921,0.526383,0.025922,0.110914,3
-0.010329,-0.069455,0.002772,0.258927,-0.289608,0.049321,-0.046821,0.036824,0.009401,0.315173,-0.324320,-0.037436,-0.694959,0.064566,-0.046781,-0.213211,1.808842,1.049435,0.294764,-0.540045,-0.184713,0.055391,-0.486643,-1.851994,-0.861222,0.339261,0.525424,0.024891,0.110794,3
-0.010414,-0.069523,0.002812,0.258944,-0.289596,0.049357,-0.046846,0.036790,0.009415,0.315199,-0.324315,-0.037400,-0.695013,0.064559,-0.046785,-0.213199,1.804253,1.049423,0.291348,-0.540021,-0.187062,0.055331,-0.486607,-1.845906,-0.861246,0.336889,0.522344,0.021763,0.110638,3
-0.010440,-0.069566,0.002866,0.258953,-0.289583,0.049364,-0.046838,0.036756,0.009415,0.315199,-0.324324,-0.037400,-0.695026,0.064559,-0.046785,-0.213187,1.799651,1.049423,0.289263,-0.540009,-0.188596,0.055319,-0.486619,-1.839219,-0.861246,0.335235,0.520331,0.019642,0.110602,3
-0.010406,-0.069600,0.002933,0.258944,-0.289583,0.049379,-0.046821,0.036730,0.009415,0.315207,-0.324307,-0.037371,-0.695013,0.064566,-0.046781,-0.213151,1.796583,1.049411,0.287609,-0.539973,-0.190106,0.055307,-0.486619,-1.835360,-0.861234,0.333473,0.518354,0.017521,0.110614,3
-0.010363,-0.069651,0.002960,0.258953,-0.289575,0.049393,-0.046812,0.036696,0.009428,0.315199,-0.324299,-0.037357,-0.695039,0.064574,-0.046776,-0.213127,1.793503,1.049423,0.284973,-0.539925,-0.191628,0.055259,-0.486607,-1.831238,-0.861222,0.331627,0.516388,0.015376,0.110662,3
-0.010337,-0.069694,0.003027,0.258944,-0.289575,0.049408,-0.046786,0.036671,0.009415,0.315207,-0.324266,-0.037313,-0.695080,0.064566,-0.046781,-0.213127,1.790279,1.049423,0.283091,-0.539829,-0.193126,0.055199,-0.486584,-1.827331,-0.861222,0.329051,0.514507,0.013039,0.110686,3
-0.010329,-0.069719,0.003027,0.258962,-0.289547,0.049444,-0.046778,0.036628,0.009415,0.315207,-0.324249,-0.037284,-0.695080,0.064566,-0.046781,-0.213127,1.787031,1.049423,0.281414,-0.539782,-0.194540,0.055139,-0.486596,-1.823364,-0.861246,0.327589,0.511774,0.010570,0.110722,3
-0.010346,-0.069788,0.003053,0.258979,-0.289543,0.049480,-0.046769,0.036620,0.009428,0.315233,-0.324196,-0.037205,-0.695093,0.064566,-0.046781,-0.213139,1.783556,1.049423,0.279664,-0.539710,-0.196769,0.055068,-0.486596,-1.819325,-0.861246,0.326079,0.509413,0.006699,0.110722,3
-0.010380,-0.069822,0.003067,0.258962,-0.289523,0.049516,-0.046752,0.036594,0.009415,0.315276,-0.324159,-0.037140,-0.695120,0.064566,-0.046781,-0.213187,1.780128,1.049435,0.277926,-0.539638,-0.198183,0.054924,-0.486596,-1.815646,-0.861234,0.324557,0.506945,0.004326,0.110722,3
-0.010440,-0.069881,0.003107,0.258944,-0.289510,0.049552,-0.046752,0.036577,0.009428,0.315301,-0.324126,-0.037097,-0.695106,0.064582,-0.046791,-0.213235,1.776737,1.049435,0.275877,-0.539566,-0.199561,0.054840,-0.486607,-1.811344,-0.861222,0.322831,0.503997,0.002001,0.110758,3
-0.010559,-0.069958,0.003107,0.258953,-0.289515,0.049603,-0.046769,0.036534,0.009428,0.315327,-0.324068,-0.037010,-0.695106,0.064566,-0.046781,-0.213259,1.770265,1.049435,0.272294,-0.539470,-0.201527,0.054696,-0.486584,-1.801744,-0.861210,0.320446,0.499682,-0.001714,0.110842,3
-0.010610,-0.069984,0.003094,0.258962,-0.289536,0.049610,-0.046786,0.036517,0.009428,0.315335,-0.324043,-0.036938,-0.695093,0.064597,-0.046782,-0.213235,1.766778,1.049459,0.270124,-0.539386,-0.202893,0.054624,-0.486584,-1.797154,-0.861222,0.318972,0.496950,-0.004206,0.110890,3
-0.010593,-0.070009,0.003107,0.258962,-0.289532,0.049632,-0.046769,0.036509,0.009428,0.315352,-0.324027,-0.036894,-0.695106,0.064566,-0.046781,-0.213223,1.763410,1.049483,0.268243,-0.539254,-0.204307,0.054552,-0.486596,-1.792385,-0.861246,0.317438,0.494589,-0.006436,0.110938,3
-0.010602,-0.070026,0.003094,0.258936,-0.289536,0.049668,-0.046769,0.036509,0.009428,0.315369,-0.324002,-0.036851,-0.695106,0.064582,-0.046791,-0.213283,1.759575,1.049531,0.265355,-0.539134,-0.205829,0.054516,-0.486584,-1.787974,-0.861246,0.315005,0.492372,-0.009156,0.110962,3
-0.010602,-0.070060,0.003080,0.258962,-0.289541,0.049690,-0.046744,0.036492,0.009428,0.315386,-0.323969,-0.036793,-0.695093,0.064582,-0.046791,-0.213319,1.756268,1.049518,0.262934,-0.538967,-0.207471,0.054480,-0.486584,-1.783289,-0.861246,0.313244,0.489088,-0.011924,0.110986,3
-0.010619,-0.070103,0.003094,0.258962,-0.289541,0.049690,-0.046735,0.036500,0.009441,0.315395,-0.323953,-0.036779,-0.695106,0.064566,-0.046781,-0.213319,1.753044,1.049495,0.260705,-0.538823,-0.210107,0.054468,-0.486584,-1.779190,-0.861246,0.311470,0.486835,-0.015783,0.110974,3
-0.010619,-0.070128,0.003107,0.258962,-0.289524,0.049704,-0.046727,0.036492,0.009468,0.315429,-0.323940,-0.036743,-0.695106,0.064581,-0.046771,-0.213307,1.749724,1.049483,0.258715,-0.538655,-0.211785,0.054480,-0.486596,-1.775319,-0.861246,0.309696,0.484283,-0.018264,0.110950,3
-0.010610,-0.070137,0.003067,0.258996,-0.289520,0.049740,-0.046718,0.036475,0.009455,0.315472,-0.323936,-0.036750,-0.695106,0.064566,-0.046781,-0.213283,1.746141,1.049483,0.256666,-0.538451,-0.213451,0.054468,-0.486596,-1.771221,-0.861222,0.308174,0.481694,-0.020577,0.110938,3
-0.010661,-0.070163,0.003094,0.258987,-0.289537,0.049783,-0.046710,0.036466,0.009441,0.315480,-0.323932,-0.036757,-0.695093,0.064581,-0.046771,-0.213259,1.742282,1.049471,0.254581,-0.538224,-0.214925,0.054480,-0.486584,-1.766714,-0.861246,0.306856,0.479225,-0.023022,0.110938,3
-0.010729,-0.070231,0.003080,0.258970,-0.289542,0.049791,-0.046710,0.036466,0.009441,0.315514,-0.323940,-0.036757,-0.695053,0.064566,-0.046781,-0.213259,1.734756,1.049471,0.251177,-0.537840,-0.217166,0.054492,-0.486548,-1.756744,-0.861222,0.304855,0.475834,-0.026833,0.110974,3
-0.010798,-0.070256,0.003080,0.258979,-0.289542,0.049791,-0.046727,0.036458,0.009428,0.315540,-0.323940,-0.036757,-0.695026,0.064566,-0.046781,-0.213247,1.731412,1.049495,0.249104,-0.537504,-0.218652,0.054516,-0.486572,-1.751806,-0.861246,0.303069,0.473533,-0.029493,0.111034,3
-0.010849,-0.070273,0.003094,0.259013,-0.289546,0.049798,-0.046727,0.036475,0.009441,0.315557,-0.323949,-0.036771,-0.695026,0.064566,-0.046781,-0.213259,1.727973,1.049495,0.246084,-0.537169,-0.220138,0.054492,-0.486584,-1.746881,-0.861246,0.300469,0.471399,-0.032274,0.111130,3
-0.010874,-0.070290,0.003107,0.259004,-0.289542,0.049791,-0.046718,0.036449,0.009441,0.315591,-0.323940,-0.036757,-0.695039,0.064551,-0.046790,-0.213283,1.724402,1.049518,0.243663,-0.536618,-0.221528,0.054492,-0.486584,-1.742063,-0.861246,0.299162,0.468056,-0.035042,0.111309,3
-0.010891,-0.070316,0.003107,0.259030,-0.289542,0.049791,-0.046710,0.036458,0.009455,0.315608,-0.323944,-0.036750,-0.695039,0.064551,-0.046810,-0.213307,1.720543,1.049518,0.241171,-0.536162,-0.223014,0.054492,-0.486584,-1.737629,-0.861282,0.298000,0.465515,-0.037690,0.111513,3
-0.010891,-0.070342,0.003094,0.259064,-0.289546,0.049798,-0.046684,0.036449,0.009455,0.315591,-0.323944,-0.036764,-0.695053,0.064529,-0.046804,-0.213355,1.716828,1.049531,0.238846,-0.535623,-0.225363,0.054468,-0.486584,-1.733290,-0.861282,0.296669,0.462615,-0.041681,0.111705,3
-0.010874,-0.070367,0.003094,0.259098,-0.289550,0.049805,-0.046684,0.036432,0.009428,0.315625,-0.323936,-0.036750,-0.695026,0.064521,-0.046819,-0.213379,1.713220,1.049554,0.236329,-0.535000,-0.227029,0.054456,-0.486596,-1.728928,-0.861318,0.295040,0.459787,-0.044605,0.111837,3
-0.010900,-0.070393,0.003107,0.259158,-0.289542,0.049820,-0.046684,0.036441,0.009428,0.315659,-0.323936,-0.036764,-0.695013,0.064513,-0.046833,-0.213391,1.709949,1.049578,0.233920,-0.534173,-0.228683,0.054456,-0.486607,-1.723775,-0.861390,0.293422,0.457198,-0.047338,0.111825,3
-0.010900,-0.070418,0.003094,0.259217,-0.289550,0.049820,-0.046684,0.036441,0.009428,0.315685,-0.323932,-0.036757,-0.694972,0.064483,-0.046832,-0.213415,1.704700,1.049590,0.231499,-0.533202,-0.230397,0.054468,-0.486619,-1.716213,-0.861546,0.291684,0.454885,-0.050214,0.111777,3
-0.010925,-0.070452,0.003107,0.259234,-0.289550,0.049834,-0.046684,0.036449,0.009455,0.315685,-0.323932,-0.036757,-0.694959,0.064491,-0.046847,-0.213403,1.700745,1.049590,0.229438,-0.531968,-0.232134,0.054492,-0.486631,-1.711084,-0.861858,0.290078,0.452728,-0.053126,0.111681,3
-0.010925,-0.070495,0.003080,0.259243,-0.289550,0.049849,-0.046659,0.036424,0.009468,0.315668,-0.323936,-0.036750,-0.694946,0.064438,-0.046860,-0.213355,1.695100,1.049614,0.226011,-0.530062,-0.234747,0.054540,-0.486679,-1.703354,-0.862756,0.287526,0.449588,-0.057416,0.111561,3
-0.010925,-0.070529,0.003094,0.259234,-0.289555,0.049856,-0.046633,0.036424,0.009468,0.315685,-0.323928,-0.036750,-0.694946,0.064392,-0.046898,-0.213355,1.691649,1.049638,0.224033,-0.528253,-0.236617,0.054516,-0.486703,-1.698560,-0.863296,0.286243,0.446868,-0.060233,0.111477,3
-0.010900,-0.070563,0.003080,0.259226,-0.289542,0.049834,-0.046616,0.036432,0.009441,0.315702,-0.323940,-0.036743,-0.694959,0.064332,-0.046926,-0.213415,1.688041,1.049662,0.221960,-0.527042,-0.238582,0.054504,-0.486715,-1.693371,-0.863823,0.284745,0.444711,-0.062845,0.111453,3
-0.010883,-0.070563,0.003094,0.259200,-0.289550,0.049849,-0.046582,0.036432,0.009428,0.315736,-0.323940,-0.036757,-0.694959,0.064309,-0.046940,-0.213499,1.684602,1.049674,0.219839,-0.525844,-0.241674,0.054456,-0.486691,-1.688470,-0.864314,0.283283,0.442518,-0.066656,0.111441,3
-0.010883,-0.070589,0.003094,0.259217,-0.289559,0.049849,-0.046565,0.036424,0.009441,0.315744,-0.323944,-0.036750,-0.694972,0.064309,-0.046940,-0.213571,1.680983,1.049698,0.217681,-0.524621,-0.243819,0.054432,-0.486715,-1.682657,-0.864806,0.281881,0.440133,-0.069317,0.111441,3
-0.010866,-0.070606,0.003080,0.259209,-0.289555,0.049856,-0.046539,0.036432,0.009441,0.315761,-0.323944,-0.036750,-0.694972,0.064309,-0.046940,-0.213595,1.677376,1.049698,0.215249,-0.523303,-0.245832,0.054444,-0.486691,-1.677648,-0.865333,0.280563,0.437748,-0.072001,0.111429,3
-0.010866,-0.070606,0.003080,0.259226,-0.289563,0.049885,-0.046531,0.036424,0.009468,0.315770,-0.323928,-0.036750,-0.694959,0.064309,-0.046940,-0.213607,1.673936,1.049758,0.212840,-0.521661,-0.247906,0.054420,-0.486691,-1.672459,-0.865932,0.279292,0.435495,-0.074746,0.111393,3
-0.010883,-0.070640,0.003094,0.259243,-0.289567,0.049877,-0.046505,0.036424,0.009468,0.315753,-0.323932,-0.036757,-0.694959,0.064264,-0.046968,-0.213631,1.668579,1.049890,0.210731,-0.519888,-0.249943,0.054432,-0.486715,-1.664896,-0.866891,0.278070,0.433266,-0.077694,0.111405,3
-0.010883,-0.070682,0.003107,0.259268,-0.289567,0.049877,-0.046497,0.036415,0.009468,0.315787,-0.323928,-0.036764,-0.694919,0.064218,-0.046996,-0.213667,1.665008,1.049950,0.208094,-0.518138,-0.251968,0.054468,-0.486691,-1.660307,-0.867550,0.276260,0.430953,-0.080546,0.111441,3
-0.010866,-0.070708,0.003094,0.259268,-0.289567,0.049877,-0.046488,0.036424,0.009455,0.315787,-0.323932,-0.036757,-0.694905,0.064165,-0.047028,-0.213703,1.661065,1.050034,0.206201,-0.515705,-0.254173,0.054468,-0.486691,-1.655705,-0.868233,0.274978,0.427537,-0.083362,0.111501,3
-0.010815,-0.070742,0.003094,0.259285,-0.289559,0.049892,-0.046454,0.036424,0.009481,0.315813,-0.323936,-0.036750,-0.694919,0.064075,-0.047085,-0.213739,1.655468,1.050106,0.203228,-0.512841,-0.258512,0.054468,-0.486655,-1.647843,-0.869216,0.272989,0.423678,-0.088803,0.111573,3
-0.010815,-0.070742,0.003094,0.259311,-0.289571,0.049885,-0.046446,0.036424,0.009455,0.315838,-0.323932,-0.036757,-0.694905,0.064067,-0.047099,-0.213739,1.651921,1.050154,0.201299,-0.510720,-0.260501,0.054492,-0.486607,-1.642366,-0.869803,0.271646,0.421030,-0.091392,0.111609,3
-0.010823,-0.070742,0.003094,0.259345,-0.289567,0.049892,-0.046437,0.036406,0.009468,0.315872,-0.323932,-0.036757,-0.694879,0.064075,-0.047085,-0.213763,1.648410,1.050202,0.199250,-0.508694,-0.262730,0.054468,-0.486572,-1.637093,-0.870282,0.270412,0.418094,-0.093932,0.111609,3
-0.010857,-0.070751,0.003094,0.259345,-0.289563,0.049899,-0.046446,0.036406,0.009468,0.315898,-0.323936,-0.036764,-0.694852,0.064075,-0.047085,-0.213775,1.645102,1.050274,0.197093,-0.506873,-0.265067,0.054456,-0.486631,-1.632120,-0.870798,0.269238,0.415421,-0.096605,0.111597,3
-0.010823,-0.070776,0.003094,0.259371,-0.289555,0.049914,-0.046446,0.036424,0.009441,0.315932,-0.323936,-0.036750,-0.694852,0.064052,-0.047099,-0.213799,1.639505,1.050405,0.194828,-0.505087,-0.267368,0.054456,-0.486691,-1.624126,-0.871301,0.267967,0.412857,-0.099313,0.111585,3
-0.010840,-0.070802,0.003094,0.259354,-0.289551,0.049921,-0.046428,0.036415,0.009455,0.315915,-0.323932,-0.036743,-0.694839,0.064007,-0.047127,-0.213811,1.635539,1.050585,0.192491,-0.503122,-0.269489,0.054456,-0.486739,-1.619416,-0.872092,0.266565,0.410256,-0.102118,0.111609,3
-0.010823,-0.070844,0.003094,0.259371,-0.289526,0.049964,-0.046411,0.036406,0.009455,0.315923,-0.323928,-0.036750,-0.694825,0.063946,-0.047164,-0.213835,1.631704,1.050669,0.189962,-0.500054,-0.271646,0.054468,-0.486787,-1.614527,-0.872715,0.264360,0.406493,-0.104694,0.111609,3
-0.010815,-0.070878,0.003094,0.259388,-0.289510,0.049993,-0.046420,0.036406,0.009455,0.315949,-0.323916,-0.036728,-0.694812,0.063870,-0.047201,-0.213870,1.628024,1.050741,0.188392,-0.498040,-0.273911,0.054468,-0.486787,-1.609481,-0.873314,0.263030,0.403832,-0.107235,0.111609,3
-0.010840,-0.070930,0.003120,0.259396,-0.289465,0.050058,-0.046446,0.036415,0.009495,0.315992,-0.323907,-0.036714,-0.694812,0.063840,-0.047230,-0.214014,1.622572,1.050765,0.185312,-0.495308,-0.278813,0.054480,-0.486799,-1.600757,-0.874309,0.261460,0.399722,-0.111969,0.111573,3
-0.010857,-0.070947,0.003120,0.259405,-0.289445,0.050094,-0.046454,0.036406,0.009455,0.316017,-0.323899,-0.036699,-0.694798,0.063840,-0.047240,-0.214086,1.619000,1.050741,0.183287,-0.493367,-0.281246,0.054468,-0.486811,-1.595244,-0.875136,0.260753,0.396582,-0.114186,0.111549,3
-0.010866,-0.070955,0.003094,0.259413,-0.289437,0.050152,-0.046437,0.036406,0.009441,0.316034,-0.323903,-0.036707,-0.694825,0.063833,-0.047234,-0.214134,1.615477,1.050741,0.181453,-0.491485,-0.283739,0.054468,-0.486823,-1.589684,-0.876155,0.259746,0.393466,-0.116702,0.111573,3
-0.010849,-0.070981,0.003107,0.259413,-0.289421,0.050167,-0.046403,0.036406,0.009455,0.316034,-0.323874,-0.036627,-0.694812,0.063825,-0.047239,-0.214170,1.612002,1.050741,0.179739,-0.489975,-0.286195,0.054468,-0.486823,-1.583979,-0.877353,0.258548,0.390278,-0.119531,0.111645,3
-0.010832,-0.071006,0.003094,0.259413,-0.289412,0.050181,-0.046411,0.036398,0.009441,0.316051,-0.323841,-0.036569,-0.694798,0.063780,-0.047267,-0.214218,1.606177,1.050765,0.177906,-0.488633,-0.288412,0.054444,-0.486811,-1.576645,-0.878767,0.257313,0.386971,-0.122647,0.111741,3
-0.010798,-0.071023,0.003120,0.259422,-0.289412,0.050167,-0.046403,0.036415,0.009455,0.316068,-0.323800,-0.036497,-0.694772,0.063742,-0.047301,-0.214242,1.602354,1.050765,0.175928,-0.487614,-0.290546,0.054468,-0.486811,-1.572079,-0.880793,0.256235,0.383459,-0.125595,0.111813,3
-0.010798,-0.071040,0.003120,0.259439,-0.289412,0.050167,-0.046386,0.036424,0.009441,0.316077,-0.323747,-0.036417,-0.694758,0.063674,-0.047313,-0.214242,1.598651,1.050741,0.172585,-0.486703,-0.292811,0.054468,-0.486799,-1.566842,-0.881895,0.254833,0.380271,-0.128447,0.111801,3
-0.010780,-0.071057,0.003134,0.259447,-0.289408,0.050145,-0.046386,0.036415,0.009455,0.316102,-0.323693,-0.036338,-0.694731,0.063621,-0.047326,-0.214242,1.595116,1.050741,0.170583,-0.485565,-0.295183,0.054456,-0.486775,-1.561688,-0.882938,0.253742,0.375310,-0.131012,0.111777,3
-0.010798,-0.071074,0.003147,0.259481,-0.289412,0.050152,-0.046394,0.036398,0.009441,0.316162,-0.323619,-0.036193,-0.694718,0.063598,-0.047330,-0.214218,1.591532,1.050741,0.168810,-0.484810,-0.298515,0.054444,-0.486679,-1.556523,-0.883873,0.252663,0.371871,-0.134343,0.111717,3
-0.010832,-0.071083,0.003134,0.259490,-0.289416,0.050145,-0.046428,0.036398,0.009441,0.316188,-0.323586,-0.036121,-0.694705,0.063606,-0.047335,-0.214182,1.587973,1.050729,0.166772,-0.484019,-0.300540,0.054444,-0.486536,-1.551118,-0.884711,0.251537,0.368695,-0.136668,0.111657,3
-0.010883,-0.071091,0.003147,0.259498,-0.289416,0.050145,-0.046420,0.036398,0.009441,0.316179,-0.323537,-0.036049,-0.694691,0.063598,-0.047330,-0.214122,1.584090,1.050729,0.164603,-0.483108,-0.302745,0.054456,-0.486428,-1.545234,-0.885694,0.250398,0.365303,-0.139329,0.111693,3
-0.010934,-0.071109,0.003147,0.259464,-0.289408,0.050145,-0.046428,0.036389,0.009455,0.316162,-0.323499,-0.035984,-0.694651,0.063583,-0.047330,-0.214074,1.577223,1.050741,0.161667,-0.481646,-0.305885,0.054456,-0.486488,-1.535575,-0.887240,0.248685,0.360809,-0.143391,0.111717,3
-0.010934,-0.071100,0.003120,0.259456,-0.289404,0.050138,-0.046428,0.036406,0.009455,0.316179,-0.323475,-0.035926,-0.694638,0.063545,-0.047343,-0.214086,1.573616,1.050741,0.159798,-0.480567,-0.307767,0.054456,-0.486488,-1.530613,-0.889050,0.247570,0.357753,-0.146088,0.111753,3
-0.010934,-0.071109,0.003094,0.259456,-0.289408,0.050145,-0.046437,0.036406,0.009455,0.316170,-0.323454,-0.035890,-0.694678,0.063530,-0.047343,-0.214098,1.569901,1.050741,0.157832,-0.479597,-0.309481,0.054456,-0.486476,-1.524885,-0.890296,0.246324,0.354565,-0.148820,0.111753,3
-0.010934,-0.071091,0.003107,0.259456,-0.289400,0.050130,-0.046454,0.036424,0.009441,0.316188,-0.323429,-0.035832,-0.694664,0.063515,-0.047332,-0.214122,1.565898,1.050741,0.154585,-0.478051,-0.311290,0.054456,-0.486464,-1.519420,-0.891435,0.244215,0.349640,-0.151277,0.111729,3
-0.010951,-0.071100,0.003107,0.259481,-0.289395,0.050123,-0.046454,0.036398,0.009455,0.316188,-0.323351,-0.035724,-0.694651,0.063499,-0.047322,-0.214158,1.561991,1.050765,0.152403,-0.476984,-0.313795,0.054444,-0.486476,-1.514123,-0.892369,0.242908,0.346164,-0.154177,0.111717,3
-0.010985,-0.071109,0.003107,0.259464,-0.289395,0.050123,-0.046454,0.036406,0.009468,0.316188,-0.323302,-0.035637,-0.694638,0.063499,-0.047322,-0.214254,1.558300,1.050765,0.150414,-0.475738,-0.315473,0.054468,-0.486524,-1.508514,-0.893268,0.241746,0.342713,-0.155903,0.111717,3
-0.011011,-0.071100,0.003107,0.259456,-0.289399,0.050116,-0.046463,0.036406,0.009468,0.316170,-0.323244,-0.035536,-0.694651,0.063499,-0.047342,-0.214338,1.554861,1.050789,0.148401,-0.474336,-0.317246,0.054468,-0.486607,-1.503193,-0.894239,0.240823,0.339513,-0.157497,0.111705,3
-0.011045,-0.071091,0.003107,0.259430,-0.289395,0.050109,-0.046480,0.036389,0.009441,0.316162,-0.323170,-0.035420,-0.694651,0.063484,-0.047331,-0.214434,1.551158,1.050801,0.146267,-0.472802,-0.319140,0.054456,-0.486727,-1.498292,-0.895186,0.240128,0.336721,-0.159222,0.111681,3
-0.011045,-0.071091,0.003120,0.259413,-0.289395,0.050109,-0.046471,0.036381,0.009441,0.316170,-0.323096,-0.035305,-0.694664,0.063461,-0.047335,-0.214482,1.545202,1.050801,0.144098,-0.471447,-0.320950,0.054444,-0.486799,-1.490562,-0.896312,0.239109,0.333857,-0.161451,0.111681,3
-0.011062,-0.071091,0.003107,0.259396,-0.289387,0.050109,-0.046471,0.036381,0.009455,0.316170,-0.322976,-0.035110,-0.694638,0.063454,-0.047330,-0.214542,1.539365,1.050789,0.141078,-0.469662,-0.323598,0.054408,-0.486811,-1.481838,-0.899117,0.237024,0.329506,-0.165334,0.111705,3
-0.011062,-0.071091,0.003094,0.259405,-0.289387,0.050094,-0.046480,0.036381,0.009468,0.316188,-0.322902,-0.034951,-0.694638,0.063469,-0.047321,-0.214566,1.535914,1.050777,0.139053,-0.468787,-0.325240,0.054432,-0.486787,-1.476133,-0.900579,0.235658,0.326570,-0.167947,0.111705,3
-0.011070,-0.071109,0.003120,0.259430,-0.289391,0.050102,-0.046480,0.036381,0.009468,0.316170,-0.322807,-0.034799,-0.694638,0.063461,-0.047326,-0.214566,1.532462,1.050789,0.135482,-0.468104,-0.326774,0.054420,-0.486799,-1.470704,-0.901849,0.233884,0.323826,-0.170320,0.111717,3
-0.011087,-0.071117,0.003147,0.259430,-0.289387,0.050094,-0.046471,0.036381,0.009455,0.316170,-0.322716,-0.034611,-0.694638,0.063446,-0.047315,-0.214554,1.528807,1.050801,0.133061,-0.467205,-0.328140,0.054408,-0.486739,-1.465467,-0.902903,0.232818,0.320183,-0.172465,0.111705,3
-0.011104,-0.071126,0.003120,0.259422,-0.289387,0.050109,-0.046471,0.036381,0.009428,0.316170,-0.322510,-0.034250,-0.694691,0.063423,-0.047309,-0.214554,1.524864,1.050825,0.130652,-0.466630,-0.330022,0.054372,-0.486751,-1.460661,-0.903850,0.231727,0.317882,-0.175137,0.111741,3
-0.011113,-0.071126,0.003147,0.259430,-0.289383,0.050102,-0.046471,0.036372,0.009441,0.316153,-0.322350,-0.033954,-0.694624,0.063439,-0.047300,-0.214566,1.520921,1.050861,0.128471,-0.466078,-0.331076,0.054253,-0.486679,-1.456167,-0.904797,0.230696,0.315784,-0.176612,0.111789,3
-0.011130,-0.071126,0.003120,0.259422,-0.289387,0.050109,-0.046480,0.036381,0.009468,0.316153,-0.322118,-0.033549,-0.694624,0.063446,-0.047305,-0.214566,1.517266,1.050921,0.126098,-0.465515,-0.331987,0.054073,-0.486619,-1.451098,-0.905828,0.229618,0.313435,-0.177906,0.111849,3
-0.011164,-0.071126,0.003120,0.259413,-0.289370,0.050094,-0.046488,0.036381,0.009468,0.316162,-0.321836,-0.033071,-0.694597,0.063454,-0.047310,-0.214554,1.513731,1.051005,0.123557,-0.464940,-0.332898,0.053881,-0.486500,-1.445549,-0.906906,0.228323,0.310883,-0.179068,0.111873,3
-0.011190,-0.071126,0.003120,0.259396,-0.289362,0.050109,-0.046497,0.036372,0.009455,0.316153,-0.321522,-0.032536,-0.694597,0.063446,-0.047305,-0.214554,1.507895,1.051041,0.121065,-0.464281,-0.333725,0.053689,-0.486392,-1.437484,-0.908129,0.226945,0.308055,-0.180339,0.111957,3
-0.011215,-0.071126,0.003094,0.259396,-0.289350,0.050130,-0.046497,0.036364,0.009455,0.316136,-0.320958,-0.031552,-0.694597,0.063454,-0.047291,-0.214554,1.501891,1.051196,0.117050,-0.463094,-0.334695,0.053462,-0.486284,-1.429155,-0.910765,0.224632,0.303836,-0.182939,0.112064,3
-0.011232,-0.071117,0.003080,0.259388,-0.289342,0.050145,-0.046497,0.036372,0.009441,0.316170,-0.320573,-0.030850,-0.694597,0.063476,-0.047296,-0.214566,1.498235,1.051280,0.112939,-0.462148,-0.335235,0.053366,-0.486284,-1.424229,-0.912000,0.222319,0.301212,-0.184929,0.112196,3
-0.011232,-0.071117,0.003107,0.259413,-0.289305,0.050210,-0.046488,0.036372,0.009441,0.316188,-0.320167,-0.030142,-0.694611,0.063454,-0.047291,-0.214590,1.494916,1.051352,0.110662,-0.460662,-0.335666,0.053258,-0.486296,-1.419388,-0.913102,0.220989,0.297724,-0.187014,0.112400,3
-0.011241,-0.071109,0.003120,0.259430,-0.289260,0.050275,-0.046505,0.036372,0.009441,0.316188,-0.319741,-0.029411,-0.694584,0.063476,-0.047296,-0.214590,1.491476,1.051448,0.108385,-0.459595,-0.336217,0.053210,-0.486332,-1.414846,-0.914121,0.219683,0.295675,-0.189854,0.112628,3
-0.011241,-0.071117,0.003107,0.259447,-0.289211,0.050333,-0.046505,0.036372,0.009441,0.316153,-0.319596,-0.029172,-0.694530,0.063484,-0.047302,-0.214590,1.487893,1.051544,0.106084,-0.458576,-0.336565,0.053162,-0.486356,-1.409465,-0.915139,0.218293,0.293602,-0.191448,0.112855,3
-0.011266,-0.071126,0.003094,0.259447,-0.289158,0.050427,-0.046497,0.036364,0.009441,0.316153,-0.319587,-0.029158,-0.694410,0.063484,-0.047282,-0.214554,1.483782,1.051628,0.103711,-0.457462,-0.336913,0.053126,-0.486392,-1.404335,-0.916206,0.216855,0.291516,-0.192778,0.113215,3
-0.011292,-0.071126,0.003094,0.259422,-0.289109,0.050499,-0.046480,0.036381,0.009455,0.316119,-0.319662,-0.029288,-0.694356,0.063507,-0.047278,-0.214554,1.479959,1.051712,0.101327,-0.456144,-0.337272,0.053054,-0.486344,-1.398943,-0.917524,0.215464,0.289215,-0.193881,0.113443,3
-0.011309,-0.071126,0.003107,0.259456,-0.289064,0.050579,-0.046454,0.036364,0.009468,0.316111,-0.319753,-0.029418,-0.694209,0.063499,-0.047273,-0.214566,1.474782,1.051748,0.098630,-0.454562,-0.337584,0.053018,-0.486320,-1.391069,-0.918926,0.214158,0.286543,-0.194684,0.113730,3
-0.011309,-0.071126,0.003120,0.259456,-0.289023,0.050637,-0.046437,0.036364,0.009455,0.316111,-0.319828,-0.029563,-0.694062,0.063529,-0.047274,-0.214602,1.471403,1.051784,0.095754,-0.452800,-0.337799,0.053102,-0.486284,-1.386167,-0.920844,0.212936,0.283954,-0.195235,0.114042,3
-0.011326,-0.071143,0.003134,0.259464,-0.288994,0.050702,-0.046411,0.036364,0.009455,0.316094,-0.319877,-0.029664,-0.693914,0.063522,-0.047268,-0.214614,1.467987,1.051808,0.093069,-0.451218,-0.337919,0.053174,-0.486308,-1.381553,-0.921923,0.211737,0.281438,-0.195547,0.114377,3
-0.011334,-0.071143,0.003120,0.259481,-0.288954,0.050759,-0.046420,0.036372,0.009455,0.316111,-0.319906,-0.029715,-0.693781,0.063507,-0.047278,-0.214602,1.464140,1.051855,0.089558,-0.449816,-0.338027,0.053258,-0.486320,-1.376976,-0.922977,0.209904,0.279017,-0.195702,0.114749,3
-0.011309,-0.071143,0.003080,0.259481,-0.288876,0.050868,-0.046403,0.036355,0.009455,0.316145,-0.319927,-0.029751,-0.693647,0.063514,-0.047283,-0.214566,1.458544,1.051927,0.085771,-0.447755,-0.338027,0.053294,-0.486332,-1.368994,-0.924559,0.207711,0.274415,-0.196565,0.115264,3
-0.011334,-0.071151,0.003094,0.259464,-0.288835,0.050911,-0.046428,0.036364,0.009441,0.316162,-0.319906,-0.029729,-0.693526,0.063537,-0.047279,-0.214530,1.455068,1.051951,0.083434,-0.446880,-0.338027,0.053246,-0.486344,-1.363817,-0.925853,0.205805,0.272042,-0.198003,0.115672,3
-0.011334,-0.071143,0.003107,0.259464,-0.288802,0.050955,-0.046437,0.036355,0.009455,0.316170,-0.319877,-0.029679,-0.693432,0.063522,-0.047288,-0.214506,1.451701,1.051951,0.081217,-0.446017,-0.338015,0.053198,-0.486320,-1.358664,-0.927411,0.203660,0.269274,-0.198710,0.115887,3
-0.011360,-0.071151,0.003094,0.259456,-0.288790,0.050991,-0.046428,0.036347,0.009441,0.316188,-0.319852,-0.029621,-0.693339,0.063560,-0.047304,-0.214446,1.448213,1.051951,0.078892,-0.445070,-0.338015,0.053198,-0.486236,-1.353594,-0.929113,0.201754,0.266230,-0.199034,0.116055,3
-0.011343,-0.071151,0.003120,0.259464,-0.288761,0.051027,-0.046394,0.036355,0.009441,0.316170,-0.319840,-0.029585,-0.693285,0.063545,-0.047304,-0.214410,1.442772,1.051963,0.076292,-0.444075,-0.338003,0.053234,-0.486188,-1.346380,-0.930791,0.199981,0.263042,-0.199178,0.116175,3
-0.011326,-0.071143,0.003134,0.259456,-0.288732,0.051063,-0.046343,0.036355,0.009441,0.316170,-0.319828,-0.029548,-0.693178,0.063507,-0.047297,-0.214410,1.439081,1.051951,0.073967,-0.442901,-0.338003,0.053282,-0.486152,-1.341730,-0.932253,0.198435,0.259866,-0.199310,0.116319,3
-0.011283,-0.071143,0.003120,0.259456,-0.288700,0.051106,-0.046309,0.036347,0.009468,0.316188,-0.319819,-0.029548,-0.693071,0.063492,-0.047267,-0.214446,1.435642,1.051951,0.071869,-0.441667,-0.338003,0.053294,-0.486080,-1.337152,-0.934110,0.197093,0.257158,-0.199513,0.116463,3
-0.011266,-0.071143,0.003120,0.259490,-0.288650,0.051135,-0.046284,0.036338,0.009441,0.316256,-0.319815,-0.029556,-0.692990,0.063492,-0.047267,-0.214494,1.432166,1.051927,0.068706,-0.440312,-0.338027,0.053402,-0.486032,-1.331795,-0.935273,0.194935,0.254197,-0.199669,0.116607,3
-0.011283,-0.071151,0.003094,0.259550,-0.288614,0.051229,-0.046275,0.036330,0.009468,0.316307,-0.319819,-0.029563,-0.692923,0.063514,-0.047283,-0.214494,1.428799,1.051927,0.066369,-0.438275,-0.338099,0.053450,-0.486020,-1.326378,-0.936459,0.193126,0.250207,-0.199765,0.116726,3
-0.011351,-0.071143,0.003107,0.259575,-0.288561,0.051294,-0.046301,0.036330,0.009441,0.316332,-0.319828,-0.029563,-0.692803,0.063522,-0.047268,-0.214434,1.423586,1.051927,0.062869,-0.435782,-0.338255,0.053510,-0.486044,-1.318708,-0.938365,0.190477,0.245545,-0.200149,0.116882,3
-0.011360,-0.071143,0.003120,0.259592,-0.288540,0.051331,-0.046301,0.036321,0.009441,0.316341,-0.319836,-0.029577,-0.692776,0.063529,-0.047264,-0.214434,1.421920,1.051939,0.061779,-0.434704,-0.338279,0.053522,-0.486068,-1.316335,-0.939000,0.189650,0.243999,-0.200292,0.116906,3
-0.011411,-0.071134,0.003174,0.259618,-0.288475,0.051432,-0.046267,0.036270,0.009455,0.316324,-0.319840,-0.029570,-0.692749,0.063529,-0.047264,-0.214386,1.416958,1.051963,0.058327,-0.431288,-0.338255,0.053569,-0.486092,-1.308737,-0.940774,0.187122,0.239133,-0.200664,0.116918,3
-0.011437,-0.071143,0.003134,0.259626,-0.288426,0.051504,-0.046258,0.036219,0.009468,0.316349,-0.319832,-0.029570,-0.692749,0.063529,-0.047264,-0.214398,1.413531,1.051963,0.055799,-0.429107,-0.338255,0.053546,-0.486104,-1.304495,-0.941852,0.185048,0.235921,-0.200880,0.116882,3
-0.011437,-0.071143,0.003107,0.259652,-0.288360,0.051576,-0.046258,0.036168,0.009468,0.316384,-0.319840,-0.029585,-0.692723,0.063537,-0.047279,-0.214422,1.408665,1.051999,0.053510,-0.427202,-0.338243,0.053558,-0.486092,-1.297832,-0.942943,0.183035,0.232686,-0.201083,0.116810,3
-0.011454,-0.071160,0.003094,0.259643,-0.288299,0.051656,-0.046275,0.036108,0.009428,0.316418,-0.319840,-0.029599,-0.692736,0.063537,-0.047269,-0.214410,1.405214,1.052023,0.051412,-0.425440,-0.338219,0.053534,-0.486092,-1.292583,-0.944609,0.181261,0.229534,-0.201335,0.116702,3
-0.011479,-0.071143,0.003094,0.259669,-0.288229,0.051779,-0.046284,0.036057,0.009415,0.316469,-0.319852,-0.029592,-0.692669,0.063560,-0.047265,-0.214434,1.402014,1.052047,0.048440,-0.423546,-0.338255,0.053534,-0.486068,-1.287297,-0.945807,0.178889,0.226118,-0.201695,0.116559,3
-0.011479,-0.071143,0.003067,0.259677,-0.288148,0.051938,-0.046250,0.036014,0.009401,0.316443,-0.319844,-0.029592,-0.692682,0.063620,-0.047267,-0.214434,1.398646,1.052083,0.046199,-0.420802,-0.338255,0.053546,-0.486044,-1.282372,-0.947077,0.177414,0.220809,-0.202174,0.116415,3
-0.011496,-0.071143,0.003094,0.259669,-0.288091,0.052025,-0.046241,0.035980,0.009374,0.316469,-0.319852,-0.029606,-0.692642,0.063628,-0.047262,-0.214434,1.395159,1.052131,0.044150,-0.419064,-0.338231,0.053534,-0.486044,-1.277590,-0.948372,0.175928,0.217322,-0.202761,0.116271,3
-0.011513,-0.071151,0.003107,0.259652,-0.287984,0.052169,-0.046215,0.035912,0.009374,0.316460,-0.319828,-0.029548,-0.692629,0.063605,-0.047266,-0.214434,1.389958,1.052215,0.041226,-0.416344,-0.338231,0.053546,-0.486032,-1.270232,-0.950397,0.173448,0.212169,-0.204355,0.116175,3
-0.011513,-0.071160,0.003120,0.259652,-0.287910,0.052256,-0.046207,0.035887,0.009361,0.316486,-0.319823,-0.029556,-0.692629,0.063620,-0.047267,-0.214470,1.386530,1.052239,0.039152,-0.414079,-0.338279,0.053605,-0.486056,-1.266253,-0.951559,0.171842,0.208681,-0.205434,0.116211,3
-0.011505,-0.071160,0.003134,0.259618,-0.287837,0.052343,-0.046198,0.035835,0.009334,0.316486,-0.319832,-0.029585,-0.692575,0.063605,-0.047266,-0.214625,1.383319,1.052215,0.037007,-0.411802,-0.338255,0.053641,-0.486068,-1.261795,-0.952554,0.170488,0.205230,-0.206656,0.116247,3
-0.011522,-0.071151,0.003094,0.259626,-0.287754,0.052415,-0.046181,0.035776,0.009321,0.316503,-0.319836,-0.029577,-0.692562,0.063628,-0.047262,-0.214745,1.378824,1.052227,0.034898,-0.409801,-0.338303,0.053689,-0.486068,-1.254629,-0.953369,0.169265,0.201599,-0.207890,0.116259,3
-0.011513,-0.071143,0.003147,0.259618,-0.287685,0.052494,-0.046173,0.035767,0.009267,0.316511,-0.319836,-0.029592,-0.692535,0.063620,-0.047237,-0.214817,1.375397,1.052239,0.032993,-0.408051,-0.338435,0.053797,-0.486080,-1.249487,-0.954484,0.167983,0.197943,-0.208945,0.116247,3
-0.011530,-0.071151,0.003094,0.259618,-0.287636,0.052581,-0.046164,0.035750,0.009240,0.316503,-0.319840,-0.029585,-0.692508,0.063643,-0.047253,-0.214913,1.372113,1.052239,0.030116,-0.406565,-0.338626,0.053881,-0.486068,-1.244909,-0.955227,0.165586,0.194144,-0.209964,0.116247,3
-0.011539,-0.071168,0.003120,0.259609,-0.287591,0.052661,-0.046173,0.035725,0.009200,0.316503,-0.319852,-0.029563,-0.692468,0.063628,-0.047242,-0.214961,1.368566,1.052239,0.027767,-0.405043,-0.338842,0.053941,-0.486092,-1.240283,-0.956006,0.163932,0.190621,-0.210862,0.116271,3
-0.011556,-0.071168,0.003107,0.259618,-0.287517,0.052762,-0.046147,0.035708,0.009187,0.316503,-0.319848,-0.029570,-0.692441,0.063635,-0.047238,-0.214961,1.365234,1.052275,0.025574,-0.402850,-0.339070,0.053941,-0.486092,-1.235526,-0.956892,0.162362,0.185060,-0.211857,0.116271,3
-0.011565,-0.071160,0.003107,0.259601,-0.287451,0.052791,-0.046130,0.035665,0.009160,0.316503,-0.319844,-0.029577,-0.692415,0.063643,-0.047233,-0.214973,1.362202,1.052323,0.023477,-0.401376,-0.339405,0.053893,-0.486128,-1.230828,-0.957827,0.160900,0.181357,-0.213655,0.116271,3
-0.011565,-0.071160,0.003120,0.259618,-0.287389,0.052827,-0.046122,0.035614,0.009147,0.316537,-0.319828,-0.029563,-0.692374,0.063635,-0.047238,-0.214973,1.359410,1.052407,0.021392,-0.399997,-0.339585,0.053821,-0.486164,-1.226837,-0.958774,0.159618,0.177678,-0.214721,0.116259,3
-0.011599,-0.071177,0.003107,0.259618,-0.287291,0.052928,-0.046130,0.035580,0.009093,0.316580,-0.319840,-0.029585,-0.692374,0.063635,-0.047218,-0.214973,1.354796,1.052598,0.018252,-0.398032,-0.339897,0.053833,-0.486272,-1.220845,-0.960056,0.157688,0.172129,-0.216171,0.116247,3
-0.011607,-0.071177,0.003107,0.259601,-0.287233,0.053001,-0.046139,0.035554,0.009066,0.316580,-0.319832,-0.029585,-0.692361,0.063666,-0.047219,-0.214961,1.349679,1.052718,0.016143,-0.396414,-0.340112,0.053821,-0.486320,-1.213726,-0.960715,0.156310,0.168570,-0.217070,0.116271,3
-0.011616,-0.071194,0.003080,0.259592,-0.287193,0.053058,-0.046147,0.035546,0.008959,0.316580,-0.319844,-0.029592,-0.692334,0.063688,-0.047205,-0.214961,1.346143,1.052886,0.014309,-0.394605,-0.340304,0.053857,-0.486332,-1.209148,-0.961770,0.154692,0.165095,-0.218053,0.116271,3
-0.011650,-0.071194,0.003094,0.259592,-0.287160,0.053145,-0.046164,0.035520,0.008906,0.316571,-0.319844,-0.029577,-0.692307,0.063711,-0.047191,-0.214973,1.342836,1.052994,0.012559,-0.392579,-0.340520,0.053881,-0.486356,-1.204379,-0.962573,0.153063,0.161811,-0.219096,0.116259,3
-0.011684,-0.071202,0.003094,0.259618,-0.287123,0.053181,-0.046164,0.035520,0.008852,0.316571,-0.319836,-0.029563,-0.692267,0.063726,-0.047181,-0.214961,1.339948,1.053126,0.009659,-0.390722,-0.340783,0.053905,-0.486380,-1.199873,-0.963568,0.150833,0.158623,-0.220090,0.116259,3
-0.011692,-0.071219,0.003094,0.259626,-0.287078,0.053261,-0.046173,0.035495,0.008825,0.316563,-0.319836,-0.029563,-0.692240,0.063749,-0.047187,-0.214961,1.337107,1.053306,0.007430,-0.387929,-0.341119,0.053905,-0.486404,-1.195091,-0.964622,0.149335,0.153194,-0.221001,0.116283,3
-0.011726,-0.071253,0.003120,0.259609,-0.287033,0.053282,-0.046164,0.035452,0.008825,0.316563,-0.319832,-0.029570,-0.692227,0.063741,-0.047192,-0.214973,1.334207,1.053509,0.005249,-0.386335,-0.341646,0.053881,-0.486416,-1.190621,-0.965689,0.147837,0.149431,-0.222571,0.116343,3
-0.011726,-0.071253,0.003120,0.259618,-0.286987,0.053275,-0.046147,0.035461,0.008839,0.316554,-0.319823,-0.029570,-0.692214,0.063726,-0.047181,-0.214961,1.330984,1.053701,0.003332,-0.384634,-0.341934,0.053797,-0.486404,-1.186750,-0.966720,0.146232,0.145800,-0.223805,0.116451,3
-0.011726,-0.071279,0.003094,0.259626,-0.286925,0.053311,-0.046105,0.035435,0.008825,0.316563,-0.319836,-0.029592,-0.692147,0.063711,-0.047151,-0.214949,1.325974,1.053941,0.000168,-0.382129,-0.342329,0.053737,-0.486416,-1.181141,-0.968277,0.143799,0.141018,-0.225927,0.116618,3
-0.011743,-0.071270,0.003094,0.259618,-0.286880,0.053333,-0.046096,0.035418,0.008812,0.316580,-0.319844,-0.029592,-0.692120,0.063688,-0.047146,-0.214937,1.321384,1.054085,-0.001882,-0.380763,-0.342521,0.053689,-0.486416,-1.175245,-0.969188,0.142349,0.137867,-0.227473,0.116750,3
-0.011701,-0.071270,0.003080,0.259652,-0.286835,0.053369,-0.046105,0.035409,0.008798,0.316597,-0.319840,-0.029585,-0.692080,0.063711,-0.047132,-0.214961,1.318508,1.054168,-0.003775,-0.379457,-0.342677,0.053677,-0.486404,-1.170823,-0.969979,0.141150,0.134619,-0.229114,0.116846,3
-0.011718,-0.071279,0.003094,0.259643,-0.286814,0.053391,-0.046096,0.035426,0.008772,0.316614,-0.319844,-0.029592,-0.692040,0.063711,-0.047132,-0.214937,1.317094,1.054300,-0.004674,-0.378833,-0.342749,0.053665,-0.486380,-1.168618,-0.970734,0.140515,0.133061,-0.229857,0.116882,3
-0.011726,-0.071287,0.003080,0.259652,-0.286741,0.053478,-0.046139,0.035426,0.008732,0.316614,-0.319840,-0.029585,-0.691932,0.063718,-0.047127,-0.214937,1.312564,1.054480,-0.007922,-0.376724,-0.343048,0.053677,-0.486368,-1.162314,-0.971897,0.137950,0.128183,-0.231955,0.116978,3
-0.011726,-0.071313,0.003094,0.259669,-0.286659,0.053608,-0.046130,0.035409,0.008705,0.316597,-0.319824,-0.029585,-0.691879,0.063703,-0.047116,-0.214925,1.309160,1.054624,-0.010091,-0.374327,-0.343384,0.053701,-0.486344,-1.158191,-0.972831,0.136548,0.123989,-0.233309,0.116990,3
-0.011735,-0.071313,0.003094,0.259652,-0.286618,0.053637,-0.046130,0.035409,0.008705,0.316605,-0.319823,-0.029570,-0.691852,0.063703,-0.047116,-0.214913,1.307542,1.054696,-0.011217,-0.373524,-0.343791,0.053713,-0.486332,-1.156142,-0.973311,0.135853,0.122706,-0.234567,0.116978,3
-0.011726,-0.071330,0.003107,0.259652,-0.286491,0.053789,-0.046122,0.035409,0.008691,0.316605,-0.319840,-0.029556,-0.691799,0.063688,-0.047106,-0.214841,1.302976,1.054935,-0.014153,-0.371307,-0.344163,0.053689,-0.486260,-1.150426,-0.974953,0.133852,0.119255,-0.236700,0.117050,3
-0.011735,-0.071313,0.003080,0.259652,-0.286392,0.053919,-0.046130,0.035409,0.008678,0.316648,-0.319840,-0.029556,-0.691799,0.063673,-0.047096,-0.214757,1.298722,1.055247,-0.016862,-0.369929,-0.344367,0.053689,-0.486164,-1.144577,-0.976750,0.132018,0.116571,-0.238330,0.117146,3
-0.011735,-0.071313,0.003094,0.259652,-0.286274,0.054085,-0.046147,0.035409,0.008665,0.316656,-0.319840,-0.029585,-0.691745,0.063658,-0.047085,-0.214721,1.295882,1.055475,-0.018779,-0.368012,-0.344594,0.053689,-0.486056,-1.140623,-0.977829,0.130856,0.112352,-0.240272,0.117302,3
-0.011743,-0.071305,0.003094,0.259660,-0.286232,0.054143,-0.046164,0.035409,0.008638,0.316648,-0.319832,-0.029585,-0.691705,0.063658,-0.047066,-0.214745,1.292982,1.055559,-0.019918,-0.367400,-0.344654,0.053665,-0.486008,-1.135865,-0.978308,0.130137,0.110770,-0.240943,0.117338,3
-0.011726,-0.071305,0.003080,0.259643,-0.286150,0.054273,-0.046173,0.035409,0.008584,0.316622,-0.319828,-0.029577,-0.691691,0.063658,-0.047066,-0.214649,1.287960,1.056026,-0.023273,-0.365375,-0.344738,0.053677,-0.485996,-1.129333,-0.979543,0.127848,0.106672,-0.243448,0.117517,3
-0.011743,-0.071296,0.003080,0.259652,-0.286105,0.054338,-0.046173,0.035409,0.008598,0.316631,-0.319840,-0.029556,-0.691665,0.063673,-0.047056,-0.214506,1.284700,1.056326,-0.026162,-0.364021,-0.344738,0.053701,-0.486044,-1.125103,-0.980058,0.125211,0.104215,-0.245077,0.117601,3
-0.011726,-0.071296,0.003080,0.259652,-0.286055,0.054367,-0.046164,0.035418,0.008598,0.316656,-0.319848,-0.029570,-0.691665,0.063627,-0.047065,-0.214374,1.281716,1.056709,-0.027899,-0.362007,-0.344738,0.053677,-0.486080,-1.121412,-0.980717,0.123761,0.101327,-0.246767,0.117649,3
-0.011735,-0.071305,0.003094,0.259669,-0.286026,0.054374,-0.046181,0.035401,0.008584,0.316656,-0.319840,-0.029585,-0.691651,0.063642,-0.047055,-0.214242,1.278948,1.057212,-0.029997,-0.360797,-0.344762,0.053629,-0.486128,-1.117481,-0.981556,0.122455,0.099685,-0.248565,0.117661,3
-0.011726,-0.071296,0.003094,0.259652,-0.285992,0.054316,-0.046198,0.035435,0.008584,0.316656,-0.319836,-0.029606,-0.691665,0.063650,-0.047060,-0.214098,1.276443,1.057836,-0.032274,-0.359707,-0.344834,0.053498,-0.486140,-1.113646,-0.982419,0.121280,0.098163,-0.251117,0.117649,3
-0.011726,-0.071296,0.003080,0.259626,-0.285979,0.054237,-0.046198,0.035435,0.008584,0.316648,-0.319824,-0.029614,-0.691691,0.063642,-0.047055,-0.213942,1.273747,1.058519,-0.034419,-0.358424,-0.344834,0.053294,-0.486128,-1.110279,-0.983222,0.120214,0.096689,-0.252939,0.117661,3
-0.011735,-0.071305,0.003080,0.259618,-0.285970,0.054179,-0.046198,0.035435,0.008584,0.316648,-0.319819,-0.029592,-0.691758,0.063612,-0.047034,-0.213691,1.270954,1.059142,-0.036432,-0.356938,-0.344774,0.053198,-0.486116,-1.106539,-0.983857,0.119027,0.095275,-0.254665,0.117697,3
-0.011718,-0.071287,0.003040,0.259609,-0.285974,0.054143,-0.046198,0.035435,0.008584,0.316648,-0.319823,-0.029570,-0.691812,0.063582,-0.047014,-0.213571,1.266245,1.059633,-0.038409,-0.355164,-0.344750,0.053102,-0.486092,-1.100344,-0.984420,0.117709,0.093729,-0.256355,0.117721,3
-0.011726,-0.071279,0.003053,0.259609,-0.285982,0.054114,-0.046232,0.035452,0.008571,0.316665,-0.319828,-0.029577,-0.691812,0.063566,-0.047003,-0.213511,1.263189,1.060113,-0.040471,-0.353319,-0.344750,0.053054,-0.486080,-1.095933,-0.985247,0.116295,0.092075,-0.257972,0.117745,3
-0.011743,-0.071279,0.003067,0.259609,-0.285986,0.054135,-0.046250,0.035452,0.008584,0.316656,-0.319848,-0.029570,-0.691839,0.063551,-0.046993,-0.213535,1.258838,1.060616,-0.044354,-0.350599,-0.344750,0.053078,-0.486032,-1.089845,-0.986182,0.113527,0.089522,-0.260585,0.117793,3
-0.011743,-0.071262,0.003080,0.259618,-0.285957,0.054128,-0.046275,0.035478,0.008571,0.316639,-0.319852,-0.029592,-0.691852,0.063551,-0.046993,-0.213595,1.256154,1.061011,-0.046103,-0.348801,-0.344798,0.053114,-0.485972,-1.085771,-0.986829,0.112364,0.088024,-0.262383,0.117877,3
-0.011735,-0.071262,0.003094,0.259609,-0.285936,0.054121,-0.046292,0.035495,0.008584,0.316622,-0.319848,-0.029599,-0.691839,0.063551,-0.046993,-0.213691,1.253745,1.061491,-0.047937,-0.346021,-0.344930,0.053126,-0.485876,-1.082080,-0.987512,0.111214,0.086023,-0.263989,0.117949,3
-0.011752,-0.071262,0.003094,0.259575,-0.285915,0.054085,-0.046309,0.035486,0.008571,0.316622,-0.319844,-0.029592,-0.691812,0.063551,-0.046993,-0.213787,1.251013,1.061994,-0.050178,-0.343887,-0.345218,0.053162,-0.485757,-1.078520,-0.988171,0.109907,0.084812,-0.266325,0.118045,3
-0.011726,-0.071270,0.003094,0.259592,-0.285898,0.054070,-0.046309,0.035503,0.008557,0.316631,-0.319848,-0.029599,-0.691825,0.063536,-0.046982,-0.213906,1.248089,1.062569,-0.052371,-0.341874,-0.345361,0.053258,-0.485721,-1.074913,-0.988735,0.108469,0.083722,-0.268135,0.118248,3
-0.011743,-0.071279,0.003094,0.259584,-0.285898,0.054056,-0.046292,0.035520,0.008571,0.316648,-0.319836,-0.029592,-0.691839,0.063475,-0.046941,-0.214014,1.244925,1.063181,-0.054336,-0.340112,-0.345373,0.053342,-0.485745,-1.071977,-0.989238,0.106971,0.082751,-0.270208,0.118404,3
-0.011726,-0.071279,0.003094,0.259584,-0.285906,0.054041,-0.046275,0.035546,0.008584,0.316665,-0.319844,-0.029606,-0.691919,0.063430,-0.046910,-0.214014,1.240586,1.063816,-0.056230,-0.338482,-0.345349,0.053378,-0.485757,-1.068034,-0.989621,0.105557,0.081828,-0.272318,0.118620,3
-0.011735,-0.071279,0.003094,0.259592,-0.285898,0.054056,-0.046292,0.035563,0.008584,0.316690,-0.319840,-0.029585,-0.691973,0.063384,-0.046859,-0.213966,1.237638,1.064547,-0.058327,-0.336757,-0.345313,0.053390,-0.485769,-1.064762,-0.989897,0.104383,0.080917,-0.274439,0.118812,3
-0.011743,-0.071279,0.003094,0.259601,-0.285907,0.054070,-0.046318,0.035580,0.008584,0.316716,-0.319840,-0.029599,-0.692053,0.063353,-0.046828,-0.213930,1.235026,1.065745,-0.060676,-0.334887,-0.345301,0.053354,-0.485769,-1.061347,-0.990292,0.103364,0.080055,-0.276464,0.119003,3
-0.011735,-0.071279,0.003080,0.259601,-0.285898,0.054056,-0.046360,0.035563,0.008571,0.316741,-0.319832,-0.029585,-0.692093,0.063391,-0.046815,-0.213918,1.232389,1.066692,-0.064056,-0.333221,-0.345301,0.053330,-0.485769,-1.057368,-0.990664,0.101938,0.079144,-0.278262,0.119159,3
-0.011735,-0.071270,0.003094,0.259592,-0.285902,0.054034,-0.046420,0.035614,0.008557,0.316699,-0.319832,-0.029585,-0.692214,0.063460,-0.046832,-0.213882,1.228554,1.068094,-0.066824,-0.330465,-0.345218,0.053306,-0.485852,-1.051867,-0.991335,0.100440,0.077286,-0.280659,0.119387,3
-0.011735,-0.071270,0.003080,0.259558,-0.285894,0.054034,-0.046428,0.035614,0.008584,0.316673,-0.319828,-0.029592,-0.692321,0.063444,-0.046821,-0.213787,1.226014,1.068993,-0.068765,-0.329135,-0.345206,0.053258,-0.485888,-1.048392,-0.991838,0.099433,0.076292,-0.283846,0.119555,3
-0.011726,-0.071270,0.003107,0.259584,-0.285885,0.054005,-0.046446,0.035622,0.008584,0.316673,-0.319824,-0.029599,-0.692482,0.063429,-0.046811,-0.213691,1.223449,1.069784,-0.070839,-0.327781,-0.345218,0.053138,-0.485924,-1.044965,-0.992366,0.098319,0.075129,-0.285932,0.119878,3
-0.011709,-0.071270,0.003120,0.259515,-0.285877,0.053991,-0.046454,0.035639,0.008584,0.316656,-0.319828,-0.029592,-0.692602,0.063429,-0.046781,-0.213631,1.221052,1.070551,-0.072852,-0.326330,-0.345218,0.053090,-0.485924,-1.041717,-0.992905,0.097012,0.073727,-0.287777,0.120118,3
-0.011735,-0.071262,0.003120,0.259498,-0.285856,0.053955,-0.046446,0.035648,0.008598,0.316673,-0.319824,-0.029585,-0.692682,0.063421,-0.046756,-0.213691,1.218416,1.071282,-0.074758,-0.324749,-0.345218,0.053090,-0.485924,-1.038349,-0.993444,0.095682,0.072073,-0.289467,0.120334,3
-0.011743,-0.071279,0.003107,0.259473,-0.285843,0.053947,-0.046446,0.035682,0.008624,0.316673,-0.319828,-0.029592,-0.692776,0.063421,-0.046717,-0.213811,1.214329,1.072097,-0.076915,-0.323023,-0.345218,0.053150,-0.485912,-1.033939,-0.994056,0.094424,0.070096,-0.291277,0.120525,3
-0.011743,-0.071270,0.003094,0.259456,-0.285843,0.053933,-0.046446,0.035682,0.008611,0.316665,-0.319828,-0.029577,-0.692830,0.063451,-0.046688,-0.213990,1.211597,1.073092,-0.078988,-0.321585,-0.345218,0.053222,-0.485888,-1.031542,-0.995134,0.093297,0.068250,-0.293230,0.120633,3
-0.011726,-0.071270,0.003094,0.259464,-0.285831,0.053940,-0.046446,0.035716,0.008611,0.316665,-0.319840,-0.029585,-0.692856,0.063429,-0.046643,-0.214182,1.208876,1.073715,-0.082212,-0.320195,-0.345218,0.053306,-0.485876,-1.029181,-0.995913,0.091751,0.066441,-0.295375,0.120801,3
-0.011735,-0.071262,0.003080,0.259456,-0.285831,0.053940,-0.046463,0.035716,0.008598,0.316639,-0.319840,-0.029570,-0.692843,0.063451,-0.046589,-0.214446,1.205137,1.074733,-0.084884,-0.317378,-0.345206,0.053462,-0.485840,-1.025886,-0.997088,0.089966,0.063205,-0.298467,0.121029,3
-0.011735,-0.071270,0.003080,0.259422,-0.285826,0.053933,-0.046471,0.035716,0.008611,0.316639,-0.319840,-0.029585,-0.692870,0.063451,-0.046570,-0.214661,1.202716,1.075464,-0.086610,-0.315784,-0.345206,0.053558,-0.485757,-1.023285,-0.997723,0.088743,0.061958,-0.301415,0.121232,3
-0.011726,-0.071262,0.003067,0.259422,-0.285826,0.053933,-0.046471,0.035742,0.008611,0.316622,-0.319836,-0.029592,-0.692856,0.063428,-0.046544,-0.214901,1.200212,1.076291,-0.088504,-0.314262,-0.345289,0.053629,-0.485661,-1.020025,-0.998154,0.087509,0.060832,-0.303189,0.121472,3
-0.011726,-0.071262,0.003094,0.259396,-0.285826,0.053933,-0.046497,0.035750,0.008611,0.316605,-0.319836,-0.029592,-0.692856,0.063458,-0.046526,-0.215093,1.197755,1.077178,-0.090601,-0.312920,-0.345313,0.053677,-0.485541,-1.016646,-0.998358,0.086394,0.059693,-0.304831,0.121880,3
-0.011718,-0.071262,0.003067,0.259396,-0.285835,0.053933,-0.046531,0.035750,0.008638,0.316597,-0.319840,-0.029585,-0.692910,0.063458,-0.046526,-0.215225,1.195394,1.078137,-0.092638,-0.311662,-0.345301,0.053629,-0.485553,-1.013554,-0.998430,0.085352,0.058615,-0.306449,0.122227,3
-0.011735,-0.071270,0.003080,0.259396,-0.285830,0.053926,-0.046565,0.035759,0.008638,0.316580,-0.319836,-0.029577,-0.692910,0.063481,-0.046511,-0.215189,1.191835,1.079132,-0.094400,-0.310619,-0.345254,0.053581,-0.485661,-1.009132,-0.998574,0.084477,0.057692,-0.308055,0.122527,3
-0.011743,-0.071270,0.003067,0.259396,-0.285835,0.053918,-0.046556,0.035784,0.008624,0.316588,-0.319840,-0.029570,-0.692950,0.063504,-0.046478,-0.215081,1.189665,1.080222,-0.096365,-0.309636,-0.345218,0.053498,-0.485805,-1.006160,-0.998897,0.083434,0.056925,-0.309624,0.122754,3
-0.011769,-0.071262,0.003080,0.259379,-0.285826,0.053933,-0.046599,0.035784,0.008638,0.316588,-0.319840,-0.029585,-0.693031,0.063534,-0.046479,-0.214901,1.187700,1.081888,-0.099661,-0.308690,-0.345158,0.053330,-0.485912,-1.003499,-0.999580,0.081661,0.056302,-0.311338,0.122874,3
-0.011735,-0.071262,0.003094,0.259371,-0.285826,0.053933,-0.046624,0.035784,0.008638,0.316580,-0.319832,-0.029585,-0.693151,0.063587,-0.046476,-0.214697,1.185699,1.083014,-0.101962,-0.307695,-0.345158,0.053150,-0.486008,-1.000599,-0.999928,0.080522,0.055727,-0.313160,0.122910,3
-0.011743,-0.071270,0.003094,0.259345,-0.285822,0.053940,-0.046650,0.035784,0.008678,0.316563,-0.319848,-0.029570,-0.693379,0.063602,-0.046446,-0.214398,1.182415,1.084968,-0.104706,-0.305430,-0.345134,0.052946,-0.486140,-0.996368,-1.000239,0.078880,0.054648,-0.316168,0.122934,3
-0.011726,-0.071279,0.003080,0.259345,-0.285822,0.053940,-0.046650,0.035784,0.008678,0.316554,-0.319844,-0.029577,-0.693540,0.063602,-0.046407,-0.214230,1.179994,1.086634,-0.106384,-0.304267,-0.345134,0.052886,-0.486224,-0.994115,-1.000347,0.077730,0.054025,-0.318960,0.122922,3
-0.011735,-0.071262,0.003107,0.259328,-0.285826,0.053933,-0.046633,0.035793,0.008705,0.316537,-0.319840,-0.029585,-0.693687,0.063556,-0.046376,-0.214098,1.177394,1.088479,-0.108277,-0.303129,-0.345134,0.052767,-0.486272,-0.992222,-1.000503,0.076507,0.053246,-0.320758,0.122886,3
-0.011743,-0.071270,0.003094,0.259319,-0.285835,0.053933,-0.046616,0.035776,0.008718,0.316545,-0.319824,-0.029585,-0.693807,0.063503,-0.046330,-0.213882,1.175093,1.090193,-0.110159,-0.302146,-0.345122,0.052647,-0.486320,-0.990580,-1.000695,0.075381,0.052443,-0.322412,0.122778,3
-0.011735,-0.071262,0.003094,0.259311,-0.285826,0.053933,-0.046616,0.035784,0.008745,0.316563,-0.319819,-0.029577,-0.693888,0.063473,-0.046309,-0.213763,1.172576,1.091715,-0.111909,-0.301247,-0.345110,0.052491,-0.486344,-0.988902,-1.000922,0.074302,0.051520,-0.323922,0.122575,3
-0.011743,-0.071262,0.003094,0.259294,-0.285835,0.053947,-0.046650,0.035784,0.008745,0.316563,-0.319815,-0.029556,-0.693955,0.063496,-0.046314,-0.213643,1.169196,1.092842,-0.113586,-0.300433,-0.345098,0.052275,-0.486332,-0.986733,-1.001138,0.073343,0.050561,-0.325228,0.122347,3
-0.011743,-0.071279,0.003094,0.259302,-0.285831,0.053940,-0.046650,0.035784,0.008758,0.316528,-0.319819,-0.029577,-0.694008,0.063503,-0.046310,-0.213583,1.167315,1.093800,-0.116067,-0.299713,-0.345086,0.052036,-0.486320,-0.985535,-1.001462,0.072397,0.049567,-0.326223,0.122059,3
-0.011743,-0.071262,0.003107,0.259294,-0.285835,0.053947,-0.046659,0.035776,0.008785,0.316486,-0.319823,-0.029570,-0.694022,0.063503,-0.046310,-0.213595,1.165553,1.094292,-0.118057,-0.298982,-0.345086,0.051772,-0.486308,-0.984384,-1.001594,0.070695,0.048560,-0.326906,0.121748,3
-0.011752,-0.071262,0.003120,0.259311,-0.285843,0.053933,-0.046624,0.035776,0.008812,0.316460,-0.319832,-0.029585,-0.694048,0.063503,-0.046310,-0.213763,1.164103,1.094951,-0.120082,-0.297856,-0.345086,0.051520,-0.486272,-0.983186,-1.001773,0.069353,0.047170,-0.327301,0.121472,3
-0.011761,-0.071253,0.003120,0.259294,-0.285831,0.053940,-0.046624,0.035784,0.008839,0.316443,-0.319848,-0.029599,-0.694062,0.063496,-0.046305,-0.214062,1.162653,1.095862,-0.121987,-0.297173,-0.345110,0.051364,-0.486176,-0.981772,-1.001941,0.067879,0.046379,-0.327972,0.121196,3
-0.011726,-0.071262,0.003134,0.259319,-0.285847,0.053940,-0.046642,0.035767,0.008852,0.316443,-0.319848,-0.029599,-0.693981,0.063503,-0.046310,-0.214602,1.159849,1.097659,-0.124300,-0.296418,-0.345110,0.051376,-0.485876,-0.979135,-1.002385,0.065602,0.045480,-0.329386,0.120849,3
-0.011726,-0.071253,0.003134,0.259302,-0.285843,0.053947,-0.046659,0.035767,0.008865,0.316452,-0.319836,-0.029592,-0.693955,0.063503,-0.046310,-0.214841,1.157548,1.098953,-0.125631,-0.296106,-0.345110,0.051376,-0.485649,-0.977266,-1.002768,0.064092,0.044977,-0.329722,0.120777,3
-0.011718,-0.071262,0.003134,0.259311,-0.285847,0.053969,-0.046650,0.035776,0.008865,0.316426,-0.319832,-0.029570,-0.693901,0.063518,-0.046300,-0.214973,1.155139,1.100104,-0.127153,-0.295915,-0.345122,0.051292,-0.485493,-0.975708,-1.003128,0.062761,0.044581,-0.329782,0.120777,3
-0.011709,-0.071262,0.003134,0.259319,-0.285848,0.053998,-0.046633,0.035767,0.008865,0.316435,-0.319832,-0.029570,-0.693847,0.063533,-0.046291,-0.214949,1.151460,1.101158,-0.129154,-0.295831,-0.345122,0.051137,-0.485493,-0.973670,-1.003403,0.061431,0.044270,-0.329770,0.120837,3
-0.011709,-0.071279,0.003160,0.259311,-0.285856,0.053998,-0.046616,0.035776,0.008879,0.316435,-0.319840,-0.029585,-0.693821,0.063541,-0.046286,-0.214985,1.149135,1.102561,-0.131048,-0.295867,-0.345110,0.050945,-0.485517,-0.972340,-1.003511,0.060101,0.044006,-0.329938,0.120945,3
-0.011692,-0.071262,0.003107,0.259294,-0.285864,0.053998,-0.046616,0.035784,0.008879,0.316435,-0.319836,-0.029592,-0.693794,0.063556,-0.046277,-0.214973,1.147050,1.103543,-0.133576,-0.295950,-0.345062,0.050765,-0.485577,-0.970986,-1.003499,0.057824,0.043850,-0.330129,0.121196,3
-0.011684,-0.071270,0.003094,0.259302,-0.285864,0.053984,-0.046616,0.035767,0.008865,0.316443,-0.319840,-0.029599,-0.693807,0.063548,-0.046272,-0.214973,1.145348,1.104562,-0.135242,-0.296082,-0.344966,0.050597,-0.485649,-0.969692,-1.003439,0.056194,0.043659,-0.330117,0.121436,3
-0.011684,-0.071253,0.003134,0.259294,-0.285864,0.053969,-0.046624,0.035784,0.008879,0.316443,-0.319836,-0.029577,-0.693807,0.063579,-0.046273,-0.214961,1.143766,1.105808,-0.136944,-0.296142,-0.344942,0.050502,-0.485709,-0.968445,-1.003391,0.054588,0.043611,-0.329842,0.121712,3
-0.011675,-0.071262,0.003107,0.259302,-0.285864,0.053969,-0.046659,0.035776,0.008892,0.316443,-0.319836,-0.029592,-0.693834,0.063579,-0.046293,-0.214913,1.142352,1.107211,-0.138849,-0.296130,-0.344918,0.050406,-0.485769,-0.967271,-1.003391,0.053114,0.043563,-0.329458,0.122059,3
-0.011658,-0.071270,0.003134,0.259294,-0.285868,0.053976,-0.046633,0.035776,0.008892,0.316435,-0.319828,-0.029592,-0.693861,0.063617,-0.046309,-0.214745,1.140458,1.109751,-0.141689,-0.296094,-0.344906,0.050286,-0.485840,-0.965629,-1.003427,0.051137,0.043563,-0.328739,0.122155,3
-0.011650,-0.071253,0.003107,0.259302,-0.285864,0.053969,-0.046624,0.035776,0.008892,0.316435,-0.319832,-0.029599,-0.693861,0.063632,-0.046309,-0.214685,1.139248,1.110650,-0.142588,-0.296070,-0.344906,0.050226,-0.485852,-0.964550,-1.003427,0.050430,0.043575,-0.328476,0.122155,3
-0.011633,-0.071253,0.003120,0.259294,-0.285869,0.053991,-0.046624,0.035776,0.008906,0.316401,-0.319848,-0.029614,-0.693928,0.063647,-0.046320,-0.214506,1.137498,1.113478,-0.144650,-0.296034,-0.344894,0.050058,-0.485960,-0.963148,-1.003355,0.047697,0.043575,-0.327697,0.122107,3
-0.011599,-0.071262,0.003134,0.259302,-0.285856,0.054012,-0.046616,0.035767,0.008919,0.316358,-0.319848,-0.029599,-0.693968,0.063662,-0.046320,-0.214434,1.136300,1.114569,-0.146759,-0.296022,-0.344846,0.049938,-0.486008,-0.962213,-1.003319,0.044833,0.043575,-0.327109,0.122059,3
-0.011590,-0.071270,0.003120,0.259311,-0.285848,0.053998,-0.046616,0.035776,0.008906,0.316315,-0.319865,-0.029599,-0.694008,0.063670,-0.046306,-0.214362,1.135125,1.115600,-0.148197,-0.296010,-0.344810,0.049806,-0.485996,-0.961303,-1.003295,0.043323,0.043575,-0.326366,0.122011,3
-0.011573,-0.071270,0.003120,0.259319,-0.285860,0.054005,-0.046624,0.035776,0.008892,0.316273,-0.319848,-0.029599,-0.694089,0.063685,-0.046296,-0.214338,1.133927,1.116606,-0.149755,-0.296022,-0.344786,0.049675,-0.485984,-0.960452,-1.003295,0.041981,0.043575,-0.325671,0.121963,3
-0.011556,-0.071279,0.003120,0.259302,-0.285852,0.053991,-0.046633,0.035776,0.008892,0.316247,-0.319828,-0.029606,-0.694115,0.063723,-0.046293,-0.214326,1.132836,1.117577,-0.151325,-0.296022,-0.344774,0.049543,-0.485984,-0.959733,-1.003319,0.040495,0.043575,-0.324641,0.121904,3
-0.011547,-0.071262,0.003120,0.259311,-0.285860,0.053991,-0.046659,0.035784,0.008892,0.316230,-0.319819,-0.029606,-0.694196,0.063753,-0.046294,-0.214314,1.131710,1.118512,-0.152751,-0.296010,-0.344738,0.049327,-0.485984,-0.959229,-1.003319,0.038829,0.043563,-0.324149,0.121820,3
-0.011582,-0.071262,0.003120,0.259311,-0.285864,0.053998,-0.046642,0.035776,0.008892,0.316222,-0.319832,-0.029614,-0.694222,0.063837,-0.046301,-0.214242,1.130823,1.119434,-0.154153,-0.296010,-0.344738,0.049195,-0.486008,-0.959002,-1.003319,0.037115,0.043587,-0.323718,0.121772,3
-0.011599,-0.071262,0.003120,0.259319,-0.285873,0.053998,-0.046659,0.035767,0.008906,0.316213,-0.319832,-0.029599,-0.694276,0.063905,-0.046309,-0.214218,1.129648,1.120297,-0.155519,-0.296010,-0.344714,0.049027,-0.486008,-0.959026,-1.003331,0.035497,0.043563,-0.323262,0.121724,3
-0.011590,-0.071262,0.003107,0.259302,-0.285860,0.053991,-0.046676,0.035776,0.008892,0.316230,-0.319844,-0.029577,-0.694289,0.063988,-0.046316,-0.214230,1.129061,1.121675,-0.156921,-0.295998,-0.344702,0.048908,-0.486008,-0.959086,-1.003343,0.033927,0.043575,-0.322771,0.121652,3
-0.011565,-0.071262,0.003120,0.259294,-0.285877,0.054005,-0.046684,0.035776,0.008919,0.316170,-0.319848,-0.029570,-0.694263,0.064011,-0.046302,-0.214278,1.128582,1.122754,-0.158336,-0.296022,-0.344702,0.048800,-0.485984,-0.958918,-1.003343,0.032525,0.043599,-0.322340,0.121616,3
-0.011547,-0.071270,0.003134,0.259285,-0.285864,0.053998,-0.046693,0.035776,0.008892,0.316119,-0.319856,-0.029585,-0.694263,0.064072,-0.046265,-0.214386,1.127791,1.124612,-0.160780,-0.296022,-0.344690,0.048728,-0.485912,-0.958510,-1.003391,0.029721,0.043611,-0.321764,0.121544,3
-0.011539,-0.071262,0.003134,0.259294,-0.285873,0.053984,-0.046701,0.035776,0.008892,0.316085,-0.319844,-0.029592,-0.694276,0.064132,-0.046247,-0.214410,1.126916,1.126050,-0.161679,-0.296022,-0.344678,0.048728,-0.485900,-0.958355,-1.003487,0.028235,0.043587,-0.321453,0.121484,3
-0.011522,-0.071253,0.003120,0.259285,-0.285873,0.053984,-0.046701,0.035784,0.008892,0.316017,-0.319844,-0.029606,-0.694236,0.064147,-0.046228,-0.214350,1.125981,1.127548,-0.162446,-0.296022,-0.344678,0.048728,-0.485912,-0.958355,-1.003559,0.026629,0.043611,-0.321213,0.121412,3
-0.011496,-0.071253,0.003120,0.259285,-0.285873,0.053984,-0.046701,0.035784,0.008892,0.315966,-0.319840,-0.029614,-0.694249,0.064178,-0.046199,-0.214218,1.125118,1.129190,-0.163213,-0.296022,-0.344678,0.048692,-0.485912,-0.958438,-1.003607,0.025251,0.043587,-0.321189,0.121352,3
-0.011488,-0.071262,0.003134,0.259285,-0.285873,0.053984,-0.046710,0.035784,0.008892,0.315949,-0.319840,-0.029599,-0.694222,0.064200,-0.046185,-0.213966,1.124423,1.130760,-0.164052,-0.296022,-0.344702,0.048620,-0.485912,-0.958534,-1.003619,0.024124,0.043587,-0.321249,0.121376,3
-0.011471,-0.071262,0.003107,0.259277,-0.285856,0.053998,-0.046710,0.035784,0.008919,0.315915,-0.319844,-0.029606,-0.694263,0.064253,-0.046172,-0.213882,1.123884,1.132210,-0.164951,-0.296022,-0.344762,0.048512,-0.485912,-0.958642,-1.003595,0.023309,0.043575,-0.321369,0.121412,3
-0.011479,-0.071262,0.003107,0.259285,-0.285856,0.054012,-0.046718,0.035784,0.008919,0.315889,-0.319840,-0.029599,-0.694276,0.064306,-0.046140,-0.213847,1.123261,1.133312,-0.165970,-0.296034,-0.344714,0.048428,-0.485924,-0.958930,-1.003607,0.022554,0.043611,-0.321501,0.121448,3
-0.011471,-0.071253,0.003080,0.259294,-0.285856,0.054012,-0.046735,0.035784,0.008906,0.315889,-0.319836,-0.029606,-0.694263,0.064367,-0.046102,-0.213882,1.122949,1.134475,-0.167084,-0.296034,-0.344678,0.048308,-0.485984,-0.959253,-1.003595,0.021548,0.043611,-0.321633,0.121472,3
-0.011488,-0.071262,0.003094,0.259302,-0.285865,0.054012,-0.046735,0.035767,0.008906,0.315881,-0.319832,-0.029585,-0.694249,0.064427,-0.046084,-0.213894,1.122662,1.135026,-0.168654,-0.296070,-0.344558,0.048225,-0.486032,-0.959613,-1.003571,0.019798,0.043599,-0.321764,0.121508,3
-0.011454,-0.071253,0.003120,0.259302,-0.285873,0.053998,-0.046735,0.035784,0.008892,0.315872,-0.319840,-0.029570,-0.694196,0.064503,-0.046038,-0.213882,1.122266,1.135553,-0.169912,-0.296058,-0.344343,0.048117,-0.486032,-0.960188,-1.003571,0.018192,0.043611,-0.321896,0.121520,3
-0.011479,-0.071262,0.003107,0.259294,-0.285864,0.053998,-0.046735,0.035784,0.008906,0.315847,-0.319844,-0.029592,-0.694222,0.064548,-0.046020,-0.213882,1.122015,1.135769,-0.170512,-0.296058,-0.344139,0.048081,-0.486032,-0.960584,-1.003559,0.017185,0.043611,-0.321956,0.121508,3
-0.011454,-0.071253,0.003067,0.259302,-0.285864,0.053998,-0.046735,0.035784,0.008906,0.315838,-0.319852,-0.029621,-0.694209,0.064586,-0.045986,-0.213918,1.121835,1.136033,-0.171051,-0.296070,-0.344019,0.048021,-0.486032,-0.960883,-1.003583,0.016358,0.043575,-0.321872,0.121508,3
-0.011445,-0.071245,0.003067,0.259311,-0.285869,0.053991,-0.046735,0.035784,0.008906,0.315821,-0.319861,-0.029635,-0.694182,0.064601,-0.045957,-0.214098,1.121715,1.136668,-0.171494,-0.296094,-0.343947,0.048021,-0.486008,-0.961123,-1.003571,0.015556,0.043611,-0.321741,0.121544,3
-0.011479,-0.071253,0.003053,0.259302,-0.285864,0.053998,-0.046735,0.035776,0.008892,0.315830,-0.319865,-0.029642,-0.694142,0.064647,-0.045959,-0.214242,1.121643,1.137579,-0.171986,-0.296154,-0.343947,0.048105,-0.485972,-0.961255,-1.003559,0.014609,0.043611,-0.321657,0.121544,3
-0.011488,-0.071253,0.003053,0.259294,-0.285864,0.053984,-0.046761,0.035776,0.008906,0.315821,-0.319865,-0.029628,-0.694115,0.064654,-0.045964,-0.214338,1.121667,1.138501,-0.172537,-0.296226,-0.343911,0.048165,-0.485924,-0.961159,-1.003571,0.013542,0.043635,-0.321621,0.121532,3
-0.011488,-0.071253,0.003053,0.259294,-0.285873,0.053984,-0.046752,0.035767,0.008906,0.315821,-0.319861,-0.029621,-0.694075,0.064647,-0.045959,-0.214410,1.121727,1.139436,-0.173016,-0.296274,-0.343887,0.048153,-0.485936,-0.961003,-1.003571,0.012476,0.043635,-0.321621,0.121520,3
-0.011471,-0.071253,0.003027,0.259285,-0.285877,0.053962,-0.046735,0.035784,0.008906,0.315821,-0.319852,-0.029621,-0.694022,0.064647,-0.045959,-0.214446,1.121799,1.139796,-0.173771,-0.296274,-0.343887,0.048117,-0.485960,-0.960835,-1.003547,0.010726,0.043635,-0.321633,0.121520,3
-0.011428,-0.071245,0.003027,0.259277,-0.285893,0.053947,-0.046727,0.035776,0.008906,0.315804,-0.319836,-0.029621,-0.693995,0.064647,-0.045959,-0.214506,1.121955,1.140383,-0.174514,-0.296298,-0.343815,0.048117,-0.485996,-0.960667,-1.003463,0.008533,0.043647,-0.321381,0.121508,3
-0.011428,-0.071253,0.002986,0.259277,-0.285897,0.053940,-0.046718,0.035767,0.008892,0.315804,-0.319853,-0.029650,-0.694035,0.064647,-0.045959,-0.214554,1.122122,1.140958,-0.175042,-0.296310,-0.343803,0.048165,-0.486008,-0.960679,-1.003379,0.007023,0.043647,-0.321081,0.121532,3
-0.011411,-0.071262,0.002986,0.259268,-0.285893,0.053947,-0.046710,0.035767,0.008892,0.315804,-0.319886,-0.029679,-0.693981,0.064662,-0.045969,-0.214602,1.122278,1.141581,-0.175641,-0.296346,-0.343779,0.048213,-0.485996,-0.960943,-1.003343,0.005573,0.043671,-0.320818,0.121520,3
-0.011420,-0.071245,0.002933,0.259268,-0.285885,0.053947,-0.046727,0.035776,0.008892,0.315804,-0.319902,-0.029693,-0.693981,0.064677,-0.045980,-0.214625,1.122362,1.141917,-0.175952,-0.296346,-0.343756,0.048225,-0.486020,-0.961231,-1.003343,0.004926,0.043683,-0.320674,0.121520,3
-0.011428,-0.071245,0.002906,0.259243,-0.285885,0.053947,-0.046727,0.035784,0.008892,0.315804,-0.319939,-0.029773,-0.693981,0.064662,-0.045969,-0.214590,1.122650,1.142792,-0.176947,-0.296382,-0.343588,0.048201,-0.486080,-0.962897,-1.003343,0.003284,0.043671,-0.320159,0.121508,3
-0.011437,-0.071253,0.002866,0.259251,-0.285881,0.053940,-0.046693,0.035776,0.008892,0.315787,-0.319944,-0.029794,-0.693995,0.064662,-0.045969,-0.214506,1.122782,1.143631,-0.177606,-0.296358,-0.343444,0.048189,-0.486212,-0.964011,-1.003283,0.002361,0.043683,-0.319727,0.121508,3
-0.011411,-0.071262,0.002866,0.259226,-0.285893,0.053918,-0.046659,0.035784,0.008892,0.315804,-0.319952,-0.029823,-0.693981,0.064662,-0.045969,-0.214434,1.122877,1.144230,-0.178397,-0.296358,-0.343240,0.048141,-0.486428,-0.965209,-1.003188,0.001222,0.043671,-0.319332,0.121532,3
-0.011411,-0.071253,0.002893,0.259209,-0.285901,0.053890,-0.046650,0.035776,0.008865,0.315813,-0.319952,-0.029823,-0.694035,0.064662,-0.045969,-0.214302,1.122961,1.144949,-0.178829,-0.296370,-0.343036,0.048105,-0.486631,-0.966456,-1.003056,0.000563,0.043671,-0.318852,0.121544,3
-0.011411,-0.071245,0.002852,0.259226,-0.285954,0.053810,-0.046624,0.035776,0.008865,0.315804,-0.319973,-0.029860,-0.694048,0.064662,-0.045969,-0.214194,1.123033,1.146183,-0.179284,-0.296358,-0.342545,0.048069,-0.486931,-0.968098,-1.002780,-0.000264,0.043706,-0.317714,0.121544,3
-0.011428,-0.071253,0.002852,0.259226,-0.285971,0.053767,-0.046633,0.035793,0.008865,0.315796,-0.319993,-0.029867,-0.694062,0.064632,-0.045968,-0.214170,1.123057,1.147070,-0.179476,-0.296346,-0.342246,0.048057,-0.487051,-0.969044,-1.002552,-0.000839,0.043730,-0.317115,0.121544,3
-0.011445,-0.071236,0.002839,0.259217,-0.285979,0.053738,-0.046642,0.035784,0.008865,0.315787,-0.319993,-0.029867,-0.694035,0.064662,-0.045969,-0.214158,1.123081,1.147502,-0.179512,-0.296358,-0.342114,0.048045,-0.487075,-0.969560,-1.002409,-0.001210,0.043754,-0.316779,0.121520,3
-0.011437,-0.071245,0.002826,0.259217,-0.286012,0.053695,-0.046642,0.035776,0.008865,0.315778,-0.320006,-0.029888,-0.694035,0.064654,-0.045964,-0.214122,1.123117,1.148293,-0.179512,-0.296370,-0.341802,0.048045,-0.487123,-0.970531,-1.002121,-0.002313,0.043802,-0.316240,0.121520,3
-0.011462,-0.071236,0.002839,0.259226,-0.286040,0.053629,-0.046659,0.035776,0.008865,0.315778,-0.320026,-0.029925,-0.694022,0.064662,-0.045969,-0.214026,1.123932,1.149407,-0.179380,-0.296382,-0.341347,0.048021,-0.487123,-0.972975,-1.001689,-0.004135,0.043838,-0.315569,0.121508,3
-0.011462,-0.071228,0.002812,0.259234,-0.286057,0.053601,-0.046659,0.035776,0.008865,0.315770,-0.320026,-0.029939,-0.694008,0.064662,-0.045969,-0.213966,1.124675,1.150102,-0.179224,-0.296406,-0.341035,0.048009,-0.487135,-0.974413,-1.001438,-0.005105,0.043874,-0.315089,0.121532,3
-0.011454,-0.071202,0.002812,0.259243,-0.286077,0.053579,-0.046650,0.035776,0.008865,0.315770,-0.320031,-0.029946,-0.693995,0.064662,-0.045969,-0.213942,1.125586,1.151013,-0.179080,-0.296418,-0.340724,0.048021,-0.487123,-0.975983,-1.001114,-0.005848,0.043898,-0.314562,0.121508,3
-0.011454,-0.071194,0.002786,0.259217,-0.286098,0.053528,-0.046667,0.035776,0.008865,0.315770,-0.320039,-0.029961,-0.693968,0.064669,-0.045974,-0.213918,1.126580,1.151552,-0.178865,-0.296466,-0.340388,0.048021,-0.487123,-0.977625,-1.000911,-0.006987,0.043922,-0.313999,0.121508,3
-0.011445,-0.071143,0.002759,0.259209,-0.286135,0.053463,-0.046650,0.035784,0.008852,0.315787,-0.320051,-0.029982,-0.693928,0.064662,-0.045969,-0.213906,1.127815,1.151972,-0.178781,-0.296514,-0.340064,0.048021,-0.487123,-0.979459,-1.000671,-0.007934,0.043934,-0.313615,0.121496,3
-0.011437,-0.071109,0.002745,0.259217,-0.286155,0.053427,-0.046659,0.035784,0.008865,0.315787,-0.320076,-0.030011,-0.693888,0.064692,-0.045970,-0.213894,1.128953,1.152355,-0.178721,-0.296550,-0.339513,0.048033,-0.487135,-0.980969,-1.000347,-0.009024,0.043958,-0.313172,0.121496,3
-0.011420,-0.071091,0.002732,0.259200,-0.286176,0.053377,-0.046650,0.035776,0.008865,0.315787,-0.320093,-0.030040,-0.693754,0.064662,-0.045969,-0.213906,1.130068,1.152703,-0.178673,-0.296598,-0.339166,0.048033,-0.487123,-0.982227,-1.000036,-0.010270,0.043994,-0.312920,0.121472,3
-0.011420,-0.071023,0.002719,0.259209,-0.286209,0.053333,-0.046650,0.035784,0.008865,0.315787,-0.320122,-0.030076,-0.693647,0.064677,-0.045980,-0.213906,1.131075,1.153038,-0.178709,-0.296646,-0.338758,0.048045,-0.487135,-0.983390,-0.999760,-0.011673,0.044042,-0.312668,0.121472,3
-0.011437,-0.070972,0.002719,0.259217,-0.286241,0.053261,-0.046633,0.035776,0.008865,0.315770,-0.320155,-0.030134,-0.693473,0.064677,-0.045980,-0.213882,1.132776,1.153566,-0.178781,-0.296777,-0.338075,0.048021,-0.487147,-0.985367,-0.999377,-0.013614,0.044078,-0.312357,0.121472,3
-0.011428,-0.070904,0.002705,0.259209,-0.286262,0.053225,-0.046624,0.035776,0.008865,0.315770,-0.320176,-0.030200,-0.693406,0.064677,-0.045980,-0.213847,1.133639,1.154117,-0.178829,-0.296837,-0.337560,0.048033,-0.487159,-0.988003,-0.998969,-0.014657,0.044126,-0.312177,0.121484,3
-0.011437,-0.070853,0.002665,0.259183,-0.286274,0.053203,-0.046616,0.035784,0.008852,0.315770,-0.320192,-0.030257,-0.693352,0.064662,-0.045969,-0.213775,1.134646,1.154512,-0.178865,-0.296921,-0.336937,0.048045,-0.487243,-0.990137,-0.998645,-0.015520,0.044174,-0.311973,0.121520,3
-0.011437,-0.070819,0.002652,0.259192,-0.286278,0.053167,-0.046607,0.035776,0.008865,0.315770,-0.320213,-0.030294,-0.693365,0.064677,-0.045980,-0.213763,1.135916,1.154896,-0.178889,-0.296957,-0.336205,0.048021,-0.487470,-0.992174,-0.998286,-0.016562,0.044174,-0.311794,0.121532,3
-0.011437,-0.070776,0.002598,0.259192,-0.286290,0.053145,-0.046607,0.035784,0.008852,0.315770,-0.320234,-0.030315,-0.693325,0.064677,-0.045980,-0.213823,1.137223,1.155291,-0.178865,-0.296981,-0.335426,0.048033,-0.487878,-0.993948,-0.997914,-0.017078,0.044222,-0.311626,0.121532,3
-0.011462,-0.070751,0.002571,0.259175,-0.286298,0.053116,-0.046607,0.035776,0.008839,0.315770,-0.320250,-0.030315,-0.693298,0.064692,-0.045990,-0.213966,1.138445,1.155651,-0.178841,-0.297005,-0.334024,0.048021,-0.488465,-0.995817,-0.997567,-0.017533,0.044306,-0.311362,0.121496,3
-0.011505,-0.070734,0.002518,0.259192,-0.286315,0.053088,-0.046599,0.035776,0.008839,0.315761,-0.320258,-0.030330,-0.693205,0.064692,-0.045990,-0.214218,1.139571,1.156010,-0.178817,-0.297005,-0.332934,0.048081,-0.489076,-0.997950,-0.997267,-0.017904,0.044354,-0.311134,0.121412,3
-0.011496,-0.070725,0.002491,0.259192,-0.286339,0.053044,-0.046599,0.035784,0.008825,0.315744,-0.320262,-0.030337,-0.693084,0.064692,-0.045990,-0.214422,1.140710,1.156346,-0.178805,-0.297005,-0.331663,0.048129,-0.489699,-1.000048,-0.997052,-0.018252,0.044461,-0.310883,0.121340,3
-0.011547,-0.070699,0.002478,0.259175,-0.286351,0.053008,-0.046582,0.035784,0.008798,0.315744,-0.320279,-0.030380,-0.692950,0.064677,-0.045999,-0.214566,1.141884,1.156669,-0.178793,-0.297017,-0.330237,0.048177,-0.490395,-1.001929,-0.996932,-0.018564,0.044545,-0.310607,0.121292,3
-0.011539,-0.070674,0.002451,0.259158,-0.286359,0.053008,-0.046599,0.035784,0.008772,0.315727,-0.320287,-0.030409,-0.692843,0.064700,-0.046015,-0.214602,1.143694,1.156933,-0.178805,-0.297029,-0.328607,0.048201,-0.490802,-1.004110,-0.996872,-0.018863,0.044665,-0.310224,0.121256,3
-0.011573,-0.070623,0.002397,0.259166,-0.286376,0.052965,-0.046590,0.035776,0.008758,0.315727,-0.320329,-0.030467,-0.692709,0.064670,-0.046043,-0.214649,1.145683,1.157269,-0.178841,-0.297089,-0.325863,0.048260,-0.491461,-1.006351,-0.997040,-0.019295,0.044833,-0.309469,0.121220,3
-0.011599,-0.070606,0.002384,0.259132,-0.286371,0.052943,-0.046565,0.035793,0.008732,0.315744,-0.320337,-0.030482,-0.692642,0.064693,-0.046059,-0.214661,1.147002,1.157424,-0.178877,-0.297089,-0.323886,0.048284,-0.491869,-1.008305,-0.997171,-0.019702,0.044953,-0.308810,0.121232,3
-0.011582,-0.070580,0.002357,0.259123,-0.286375,0.052921,-0.046531,0.035784,0.008718,0.315761,-0.320374,-0.030518,-0.692642,0.064685,-0.046093,-0.214625,1.148440,1.157616,-0.178853,-0.297149,-0.321812,0.048344,-0.492420,-1.010522,-0.997255,-0.020026,0.045097,-0.307983,0.121244,3
-0.011547,-0.070555,0.002317,0.259115,-0.286367,0.052907,-0.046497,0.035776,0.008705,0.315778,-0.320395,-0.030568,-0.692656,0.064640,-0.046102,-0.214566,1.150034,1.157832,-0.178853,-0.297173,-0.319643,0.048428,-0.493115,-1.012775,-0.997327,-0.020517,0.045169,-0.306940,0.121244,3
-0.011539,-0.070538,0.002277,0.259089,-0.286342,0.052878,-0.046471,0.035793,0.008718,0.315778,-0.320432,-0.030648,-0.692669,0.064617,-0.046116,-0.214470,1.151604,1.158048,-0.178829,-0.297173,-0.316192,0.048536,-0.493942,-1.015040,-0.997303,-0.021260,0.045228,-0.305034,0.121268,3
-0.011505,-0.070529,0.002263,0.259081,-0.286325,0.052849,-0.046428,0.035784,0.008691,0.315778,-0.320437,-0.030684,-0.692656,0.064549,-0.046099,-0.214410,1.153114,1.158263,-0.178805,-0.297173,-0.313855,0.048680,-0.494733,-1.017664,-0.997171,-0.022195,0.045276,-0.303728,0.121268,3
-0.011547,-0.070512,0.002223,0.259081,-0.286316,0.052820,-0.046411,0.035793,0.008678,0.315761,-0.320474,-0.030735,-0.692642,0.064488,-0.046116,-0.214374,1.154636,1.158491,-0.178829,-0.297173,-0.311566,0.048776,-0.495668,-1.020241,-0.996800,-0.023177,0.045324,-0.302350,0.121268,3
-0.011547,-0.070512,0.002210,0.259072,-0.286304,0.052798,-0.046420,0.035810,0.008665,0.315744,-0.320503,-0.030771,-0.692629,0.064458,-0.046125,-0.214374,1.156805,1.158659,-0.178841,-0.297173,-0.309109,0.048884,-0.496135,-1.023225,-0.996273,-0.024136,0.045336,-0.301056,0.121280,3
-0.011599,-0.070486,0.002210,0.259072,-0.286299,0.052762,-0.046437,0.035793,0.008638,0.315727,-0.320552,-0.030843,-0.692562,0.064428,-0.046154,-0.214434,1.159058,1.158827,-0.178865,-0.297173,-0.305202,0.049027,-0.496782,-1.025993,-0.995326,-0.025431,0.045372,-0.298911,0.121256,3
-0.011616,-0.070469,0.002156,0.259089,-0.286295,0.052726,-0.046437,0.035810,0.008638,0.315719,-0.320573,-0.030879,-0.692495,0.064405,-0.046168,-0.214482,1.160712,1.158851,-0.178853,-0.297173,-0.302662,0.049111,-0.497190,-1.028079,-0.995050,-0.026689,0.045360,-0.297185,0.121280,3
-0.011624,-0.070452,0.002143,0.259064,-0.286286,0.052712,-0.046428,0.035810,0.008638,0.315719,-0.320586,-0.030916,-0.692428,0.064359,-0.046176,-0.214542,1.162389,1.158803,-0.178841,-0.297173,-0.300121,0.049231,-0.497597,-1.030571,-0.994799,-0.027504,0.045336,-0.295495,0.121292,3
-0.011624,-0.070435,0.002156,0.259055,-0.286274,0.052690,-0.046428,0.035818,0.008651,0.315727,-0.320610,-0.030974,-0.692374,0.064306,-0.046209,-0.214602,1.163983,1.158779,-0.178841,-0.297173,-0.297401,0.049339,-0.498076,-1.033016,-0.994355,-0.028415,0.045324,-0.293769,0.121280,3
-0.011616,-0.070427,0.002156,0.259055,-0.286244,0.052668,-0.046411,0.035810,0.008638,0.315736,-0.320656,-0.031024,-0.692321,0.064231,-0.046236,-0.214709,1.165781,1.158719,-0.178829,-0.297161,-0.293194,0.049495,-0.498592,-1.035557,-0.993804,-0.029517,0.045324,-0.291037,0.121292,3
-0.011633,-0.070401,0.002129,0.259055,-0.286227,0.052625,-0.046411,0.035818,0.008638,0.315753,-0.320681,-0.031053,-0.692240,0.064147,-0.046267,-0.214877,1.167650,1.158683,-0.178817,-0.297173,-0.290486,0.049818,-0.499059,-1.038457,-0.993253,-0.030799,0.045324,-0.289191,0.121280,3
-0.011633,-0.070401,0.002103,0.259047,-0.286198,0.052574,-0.046403,0.035818,0.008638,0.315736,-0.320697,-0.031067,-0.692160,0.064087,-0.046285,-0.215165,1.169532,1.158683,-0.178841,-0.297197,-0.287717,0.050082,-0.499598,-1.041309,-0.992701,-0.032166,0.045360,-0.287166,0.121280,3
-0.011658,-0.070393,0.002089,0.259072,-0.286173,0.052545,-0.046394,0.035818,0.008638,0.315727,-0.320722,-0.031125,-0.692066,0.064026,-0.046293,-0.215321,1.171497,1.158719,-0.178853,-0.297185,-0.284829,0.050406,-0.499946,-1.043766,-0.992222,-0.033448,0.045336,-0.285081,0.121268,3
-0.011684,-0.070384,0.002062,0.259064,-0.286151,0.052509,-0.046411,0.035827,0.008611,0.315736,-0.320747,-0.031169,-0.691973,0.063973,-0.046326,-0.215404,1.174398,1.158755,-0.178853,-0.297185,-0.282013,0.050741,-0.500150,-1.047230,-0.991779,-0.034503,0.045384,-0.282876,0.121256,3
-0.011709,-0.070359,0.002009,0.259072,-0.286126,0.052451,-0.046411,0.035844,0.008611,0.315727,-0.320784,-0.031248,-0.691799,0.063958,-0.046335,-0.215500,1.176902,1.158791,-0.178865,-0.297197,-0.277806,0.051233,-0.500305,-1.050981,-0.991071,-0.035905,0.045360,-0.279292,0.121256,3
-0.011709,-0.070367,0.001982,0.259064,-0.286113,0.052444,-0.046411,0.035853,0.008598,0.315736,-0.320805,-0.031285,-0.691745,0.063943,-0.046335,-0.215524,1.177753,1.158791,-0.178853,-0.297173,-0.276392,0.051388,-0.500329,-1.052179,-0.990892,-0.036684,0.045384,-0.278058,0.121256,3
-0.011726,-0.070350,0.001969,0.259055,-0.286096,0.052415,-0.046411,0.035861,0.008598,0.315727,-0.320830,-0.031342,-0.691651,0.063897,-0.046333,-0.215560,1.179587,1.158779,-0.178829,-0.297173,-0.273552,0.051676,-0.500425,-1.054792,-0.990568,-0.037439,0.045348,-0.275493,0.121280,3
-0.011735,-0.070333,0.001928,0.259064,-0.286067,0.052365,-0.046403,0.035878,0.008544,0.315727,-0.320892,-0.031451,-0.691557,0.063814,-0.046355,-0.215596,1.182775,1.158731,-0.178829,-0.297173,-0.268063,0.052047,-0.500665,-1.059202,-0.989801,-0.038613,0.045324,-0.270244,0.121280,3
-0.011735,-0.070324,0.001915,0.259038,-0.286050,0.052336,-0.046386,0.035870,0.008517,0.315736,-0.320933,-0.031509,-0.691531,0.063784,-0.046364,-0.215632,1.184896,1.158719,-0.178829,-0.297173,-0.265139,0.052383,-0.500917,-1.062198,-0.989130,-0.039392,0.045324,-0.267548,0.121220,3
-0.011726,-0.070316,0.001875,0.259021,-0.286025,0.052307,-0.046386,0.035887,0.008490,0.315702,-0.320950,-0.031538,-0.691437,0.063769,-0.046373,-0.215680,1.187137,1.158731,-0.178829,-0.297197,-0.262299,0.052563,-0.501228,-1.064906,-0.988363,-0.040387,0.045324,-0.264791,0.121161,3
-0.011735,-0.070299,0.001848,0.258996,-0.286008,0.052278,-0.046386,0.035887,0.008464,0.315702,-0.320954,-0.031545,-0.691370,0.063754,-0.046382,-0.215692,1.189342,1.158755,-0.178829,-0.297197,-0.259578,0.052695,-0.501756,-1.067950,-0.987620,-0.041417,0.045348,-0.262131,0.121113,3
-0.011735,-0.070290,0.001821,0.259004,-0.285999,0.052249,-0.046377,0.035887,0.008450,0.315702,-0.320975,-0.031596,-0.691357,0.063746,-0.046387,-0.215596,1.192757,1.158767,-0.178853,-0.297257,-0.256786,0.052791,-0.502127,-1.072528,-0.986949,-0.042484,0.045384,-0.259327,0.121065,3
-0.011726,-0.070273,0.001795,0.258979,-0.285974,0.052220,-0.046377,0.035904,0.008437,0.315710,-0.321004,-0.031632,-0.691290,0.063738,-0.046372,-0.215500,1.194831,1.158767,-0.178817,-0.297329,-0.254078,0.052850,-0.502475,-1.075920,-0.986134,-0.043371,0.045408,-0.256474,0.121017,3
-0.011726,-0.070256,0.001808,0.258953,-0.285957,0.052191,-0.046369,0.035912,0.008437,0.315744,-0.321020,-0.031661,-0.691263,0.063723,-0.046372,-0.215464,1.196796,1.158743,-0.178829,-0.297377,-0.251453,0.052838,-0.502798,-1.079371,-0.985559,-0.044449,0.045480,-0.253646,0.120969,3
-0.011726,-0.070248,0.001808,0.258936,-0.285940,0.052177,-0.046369,0.035904,0.008437,0.315727,-0.321066,-0.031740,-0.691263,0.063716,-0.046366,-0.215464,1.198726,1.158743,-0.178841,-0.297448,-0.248876,0.052850,-0.503170,-1.082487,-0.984983,-0.045157,0.045564,-0.250950,0.120897,3
-0.011735,-0.070231,0.001808,0.258919,-0.285919,0.052126,-0.046386,0.035912,0.008410,0.315744,-0.321095,-0.031805,-0.691236,0.063738,-0.046382,-0.215464,1.202069,1.158755,-0.178877,-0.297580,-0.244994,0.052814,-0.503829,-1.086861,-0.984085,-0.046295,0.045840,-0.247079,0.120789,3
-0.011743,-0.070197,0.001808,0.258893,-0.285906,0.052119,-0.046369,0.035921,0.008383,0.315727,-0.321132,-0.031856,-0.691236,0.063738,-0.046382,-0.215476,1.204310,1.158743,-0.178781,-0.297652,-0.241063,0.052826,-0.504512,-1.089797,-0.983330,-0.047014,0.046019,-0.243244,0.120717,3
-0.011735,-0.070171,0.001781,0.258902,-0.285919,0.052112,-0.046377,0.035929,0.008357,0.315702,-0.321145,-0.031878,-0.691249,0.063761,-0.046398,-0.215476,1.206719,1.158767,-0.178625,-0.297652,-0.238498,0.052814,-0.505411,-1.092302,-0.982383,-0.047745,0.046211,-0.240631,0.120669,3
-0.011735,-0.070146,0.001781,0.258876,-0.285923,0.052104,-0.046377,0.035938,0.008330,0.315685,-0.321157,-0.031899,-0.691249,0.063822,-0.046419,-0.215464,1.209200,1.158803,-0.178325,-0.297688,-0.235850,0.052850,-0.507172,-1.095274,-0.981316,-0.048392,0.046403,-0.237899,0.120717,3
-0.011726,-0.070103,0.001808,0.258868,-0.285927,0.052083,-0.046360,0.035972,0.008316,0.315685,-0.321170,-0.031907,-0.691276,0.063814,-0.046424,-0.215404,1.212927,1.158827,-0.177906,-0.297712,-0.233249,0.052874,-0.508383,-1.100380,-0.980046,-0.048968,0.046631,-0.235154,0.120777,3
-0.011735,-0.070077,0.001821,0.258825,-0.285931,0.052075,-0.046343,0.035989,0.008330,0.315651,-0.321170,-0.031921,-0.691303,0.063822,-0.046429,-0.215249,1.215396,1.158863,-0.177402,-0.297772,-0.230648,0.052898,-0.509437,-1.103508,-0.978057,-0.049507,0.046870,-0.232314,0.120837,3
-0.011735,-0.070060,0.001848,0.258800,-0.285923,0.052075,-0.046309,0.035989,0.008303,0.315685,-0.321207,-0.031986,-0.691397,0.063830,-0.046415,-0.215117,1.217625,1.159102,-0.176875,-0.297832,-0.228048,0.052922,-0.510336,-1.106899,-0.976666,-0.050010,0.047110,-0.229558,0.120897,3
-0.011726,-0.070052,0.001848,0.258748,-0.285918,0.052068,-0.046284,0.036023,0.008316,0.315702,-0.321244,-0.032066,-0.691517,0.063837,-0.046420,-0.215117,1.219962,1.159450,-0.176156,-0.297892,-0.225519,0.052958,-0.511235,-1.110362,-0.975396,-0.050717,0.047350,-0.226742,0.120921,3
-0.011743,-0.070043,0.001848,0.258706,-0.285906,0.052046,-0.046258,0.036032,0.008303,0.315685,-0.321277,-0.032138,-0.691598,0.063845,-0.046425,-0.215249,1.222287,1.159833,-0.175593,-0.297964,-0.223050,0.053066,-0.512242,-1.113646,-0.974389,-0.051173,0.047721,-0.223985,0.120909,3
-0.011735,-0.070043,0.001848,0.258672,-0.285893,0.052025,-0.046258,0.036032,0.008303,0.315693,-0.321335,-0.032210,-0.691624,0.063860,-0.046435,-0.215440,1.224576,1.160085,-0.174994,-0.298048,-0.219227,0.053162,-0.513416,-1.117253,-0.973622,-0.051556,0.047961,-0.219958,0.120873,3
-0.011735,-0.070026,0.001848,0.258663,-0.285889,0.052003,-0.046258,0.036049,0.008303,0.315685,-0.321381,-0.032290,-0.691624,0.063868,-0.046441,-0.215728,1.228111,1.160205,-0.174011,-0.298084,-0.215404,0.053378,-0.515537,-1.122263,-0.972592,-0.051976,0.048248,-0.215704,0.120681,3
-0.011735,-0.070035,0.001848,0.258629,-0.285884,0.051996,-0.046258,0.036057,0.008303,0.315676,-0.321393,-0.032326,-0.691624,0.063944,-0.046473,-0.215992,1.230532,1.160181,-0.173352,-0.298108,-0.212888,0.053450,-0.517838,-1.125247,-0.971525,-0.052155,0.048344,-0.212888,0.120645,3
-0.011735,-0.070026,0.001821,0.258621,-0.285880,0.052003,-0.046267,0.036083,0.008303,0.315659,-0.321402,-0.032355,-0.691624,0.063966,-0.046479,-0.216219,1.232917,1.160157,-0.172741,-0.298132,-0.210359,0.053498,-0.519372,-1.128207,-0.970195,-0.052191,0.048428,-0.210095,0.120597,3
-0.011726,-0.070009,0.001848,0.258612,-0.285872,0.051974,-0.046267,0.036091,0.008316,0.315642,-0.321439,-0.032406,-0.691611,0.063951,-0.046468,-0.216519,1.236548,1.160217,-0.172058,-0.298168,-0.207830,0.053617,-0.520834,-1.132689,-0.968589,-0.052155,0.048476,-0.207303,0.120609,3
-0.011735,-0.070009,0.001861,0.258578,-0.285859,0.051996,-0.046258,0.036091,0.008290,0.315600,-0.321460,-0.032442,-0.691611,0.063951,-0.046468,-0.216831,1.239028,1.160361,-0.171434,-0.298227,-0.205553,0.053785,-0.522057,-1.136081,-0.966504,-0.052024,0.048500,-0.204523,0.120657,3
-0.011735,-0.070009,0.001861,0.258570,-0.285855,0.051960,-0.046267,0.036100,0.008290,0.315557,-0.321501,-0.032514,-0.691611,0.063959,-0.046473,-0.217058,1.241581,1.160457,-0.170416,-0.298275,-0.203456,0.053941,-0.523303,-1.139460,-0.965377,-0.051880,0.048524,-0.201934,0.120717,3
-0.011726,-0.070009,0.001861,0.258561,-0.285851,0.051952,-0.046275,0.036091,0.008290,0.315523,-0.321555,-0.032594,-0.691651,0.063997,-0.046480,-0.217178,1.243990,1.160540,-0.169565,-0.298335,-0.200161,0.054085,-0.524837,-1.142588,-0.964371,-0.051904,0.048536,-0.199429,0.120765,3
-0.011726,-0.070018,0.001848,0.258570,-0.285821,0.051931,-0.046250,0.036091,0.008303,0.315506,-0.321654,-0.032767,-0.691638,0.063981,-0.046489,-0.217442,1.248280,1.160636,-0.168031,-0.298407,-0.196613,0.054289,-0.527965,-1.147585,-0.962717,-0.051940,0.048608,-0.193809,0.120813,3
-0.011726,-0.070009,0.001861,0.258570,-0.285825,0.051924,-0.046232,0.036091,0.008303,0.315497,-0.321675,-0.032804,-0.691665,0.063981,-0.046489,-0.217538,1.249647,1.160636,-0.167492,-0.298431,-0.195463,0.054348,-0.529020,-1.149455,-0.962022,-0.051940,0.048596,-0.192383,0.120813,3
-0.011735,-0.070009,0.001848,0.258587,-0.285821,0.051916,-0.046224,0.036074,0.008303,0.315497,-0.321712,-0.032869,-0.691772,0.063966,-0.046479,-0.217957,1.253817,1.160732,-0.165982,-0.298503,-0.192515,0.054600,-0.532891,-1.154788,-0.959217,-0.051940,0.048692,-0.188021,0.120849,3
-0.011743,-0.070009,0.001861,0.258595,-0.285817,0.051909,-0.046215,0.036091,0.008316,0.315489,-0.321737,-0.032898,-0.691799,0.063974,-0.046484,-0.218125,1.256454,1.160804,-0.165107,-0.298587,-0.190537,0.054696,-0.534580,-1.158347,-0.956916,-0.051904,0.048716,-0.185168,0.120801,3
-0.011735,-0.070009,0.001861,0.258595,-0.285817,0.051909,-0.046215,0.036091,0.008343,0.315523,-0.321774,-0.032963,-0.691852,0.063981,-0.046489,-0.218257,1.260492,1.160936,-0.164220,-0.298659,-0.188548,0.054780,-0.536414,-1.163105,-0.954867,-0.051904,0.048800,-0.182436,0.120777,3
-0.011726,-0.070009,0.001915,0.258595,-0.285821,0.051916,-0.046232,0.036091,0.008343,0.315514,-0.321807,-0.033035,-0.691906,0.063997,-0.046499,-0.218413,1.263249,1.161080,-0.163237,-0.298755,-0.186750,0.054828,-0.538583,-1.166089,-0.952147,-0.051892,0.048860,-0.179679,0.120753,3
-0.011726,-0.070009,0.001955,0.258612,-0.285817,0.051909,-0.046241,0.036091,0.008357,0.315514,-0.321857,-0.033122,-0.691906,0.063997,-0.046499,-0.218604,1.265957,1.161104,-0.161392,-0.298899,-0.185216,0.054876,-0.540596,-1.169073,-0.950421,-0.051904,0.048944,-0.176863,0.120717,3
-0.011743,-0.070009,0.001942,0.258612,-0.285817,0.051909,-0.046224,0.036091,0.008357,0.315506,-0.321907,-0.033209,-0.691919,0.064004,-0.046514,-0.218796,1.268630,1.161104,-0.160013,-0.299150,-0.183862,0.054912,-0.542490,-1.172141,-0.948719,-0.051904,0.049051,-0.174035,0.120681,3
-0.011735,-0.070009,0.001955,0.258595,-0.285817,0.051909,-0.046215,0.036091,0.008357,0.315523,-0.321944,-0.033274,-0.691973,0.064019,-0.046515,-0.218988,1.271422,1.161068,-0.158575,-0.299342,-0.182604,0.054924,-0.544527,-1.175533,-0.947173,-0.051904,0.049171,-0.171279,0.120657,3
-0.011735,-0.069992,0.001955,0.258612,-0.285813,0.051916,-0.046198,0.036091,0.008383,0.315514,-0.321998,-0.033353,-0.691999,0.064020,-0.046525,-0.219144,1.274118,1.161068,-0.157221,-0.299546,-0.180614,0.054876,-0.546792,-1.179080,-0.945855,-0.051880,0.049291,-0.166892,0.120585,3
-0.011735,-0.070009,0.001928,0.258595,-0.285813,0.051916,-0.046156,0.036091,0.008397,0.315523,-0.322043,-0.033418,-0.692147,0.064020,-0.046525,-0.219419,1.278277,1.161044,-0.155375,-0.299917,-0.178541,0.054780,-0.550507,-1.184137,-0.944069,-0.051868,0.049519,-0.162722,0.120441,3
-0.011726,-0.070009,0.001955,0.258604,-0.285817,0.051909,-0.046147,0.036091,0.008410,0.315523,-0.322048,-0.033440,-0.692187,0.064004,-0.046534,-0.219587,1.279823,1.161032,-0.154728,-0.300049,-0.177870,0.054720,-0.553108,-1.186019,-0.943458,-0.051868,0.049567,-0.161320,0.120394,3
-0.011743,-0.070009,0.001969,0.258604,-0.285817,0.051924,-0.046147,0.036091,0.008437,0.315540,-0.322060,-0.033462,-0.692254,0.064004,-0.046534,-0.219767,1.284353,1.160972,-0.153434,-0.300313,-0.176695,0.054636,-0.555493,-1.191280,-0.942068,-0.051892,0.049711,-0.158431,0.120382,3
-0.011769,-0.069992,0.001982,0.258612,-0.285813,0.051916,-0.046139,0.036100,0.008424,0.315531,-0.322077,-0.033520,-0.692388,0.064020,-0.046545,-0.220090,1.288883,1.160996,-0.151337,-0.300840,-0.174718,0.054504,-0.559579,-1.196972,-0.937682,-0.051940,0.049866,-0.154177,0.120417,3
-0.011726,-0.069992,0.001995,0.258612,-0.285813,0.051916,-0.046105,0.036100,0.008437,0.315540,-0.322089,-0.033541,-0.692428,0.064012,-0.046549,-0.220342,1.291867,1.160972,-0.149252,-0.301271,-0.173208,0.054468,-0.562024,-1.200448,-0.935189,-0.051916,0.049962,-0.151289,0.120465,3
-0.011735,-0.070001,0.002009,0.258612,-0.285813,0.051902,-0.046062,0.036117,0.008437,0.315548,-0.322106,-0.033541,-0.692468,0.064012,-0.046539,-0.220618,1.294563,1.160924,-0.147945,-0.301763,-0.171698,0.054420,-0.564601,-1.203480,-0.932948,-0.051880,0.050046,-0.148305,0.120525,3
-0.011743,-0.069992,0.002022,0.258629,-0.285817,0.051909,-0.046054,0.036100,0.008437,0.315548,-0.322126,-0.033578,-0.692508,0.064012,-0.046549,-0.220893,1.297260,1.160840,-0.146651,-0.302650,-0.170320,0.054384,-0.567237,-1.206512,-0.930743,-0.051844,0.050154,-0.145393,0.120573,3
-0.011735,-0.069992,0.002036,0.258612,-0.285804,0.051902,-0.046071,0.036108,0.008450,0.315557,-0.322159,-0.033635,-0.692549,0.064020,-0.046554,-0.221157,1.300220,1.160768,-0.145405,-0.303273,-0.168235,0.054324,-0.569622,-1.209628,-0.928586,-0.051724,0.050202,-0.141258,0.120657,3
-0.011735,-0.069992,0.002022,0.258629,-0.285813,0.051902,-0.046079,0.036117,0.008464,0.315548,-0.322172,-0.033672,-0.692629,0.064012,-0.046569,-0.221433,1.303264,1.160720,-0.144170,-0.303884,-0.166689,0.054205,-0.571995,-1.212660,-0.926680,-0.051245,0.050226,-0.138717,0.120813,3
-0.011726,-0.069975,0.001995,0.258621,-0.285813,0.051916,-0.046054,0.036108,0.008477,0.315557,-0.322180,-0.033686,-0.692656,0.064012,-0.046589,-0.221996,1.306368,1.160648,-0.142876,-0.304519,-0.165203,0.054133,-0.576082,-1.216291,-0.925110,-0.050537,0.050238,-0.135769,0.120897,3
-0.011726,-0.069958,0.002022,0.258604,-0.285808,0.051895,-0.045994,0.036117,0.008477,0.315548,-0.322197,-0.033700,-0.692656,0.064027,-0.046599,-0.222463,1.311078,1.160552,-0.141234,-0.305166,-0.163800,0.054049,-0.579126,-1.221384,-0.923528,-0.049759,0.050202,-0.132677,0.120993,3
-0.011726,-0.069975,0.002022,0.258587,-0.285804,0.051887,-0.045960,0.036125,0.008490,0.315531,-0.322201,-0.033722,-0.692723,0.064027,-0.046599,-0.223026,1.313870,1.160421,-0.139520,-0.305766,-0.162506,0.053989,-0.581978,-1.224836,-0.920748,-0.048992,0.050154,-0.129633,0.121005,3
-0.011735,-0.069967,0.002049,0.258587,-0.285808,0.051895,-0.045926,0.036159,0.008504,0.315531,-0.322222,-0.033773,-0.692776,0.064043,-0.046610,-0.224045,1.317969,1.160289,-0.136464,-0.306592,-0.160625,0.053905,-0.586472,-1.230013,-0.917009,-0.047781,0.050142,-0.124648,0.121125,3
-0.011718,-0.069967,0.002062,0.258587,-0.285804,0.051902,-0.045909,0.036151,0.008504,0.315540,-0.322242,-0.033809,-0.692816,0.064058,-0.046620,-0.224812,1.320881,1.160217,-0.135146,-0.307180,-0.159534,0.053869,-0.589372,-1.233668,-0.914768,-0.047278,0.050166,-0.121616,0.121232,3
-0.011726,-0.069950,0.002049,0.258612,-0.285808,0.051895,-0.045892,0.036142,0.008517,0.315523,-0.322263,-0.033845,-0.692816,0.064073,-0.046630,-0.225663,1.323997,1.160133,-0.133672,-0.307419,-0.158360,0.053857,-0.592069,-1.237527,-0.912479,-0.046726,0.050166,-0.118704,0.121352,3
-0.011752,-0.069950,0.002036,0.258629,-0.285808,0.051895,-0.045900,0.036159,0.008531,0.315557,-0.322300,-0.033881,-0.692830,0.064088,-0.046651,-0.226610,1.327340,1.160037,-0.132030,-0.307563,-0.156262,0.053845,-0.594969,-1.241098,-0.910250,-0.046139,0.050142,-0.114761,0.121436,3
-0.011735,-0.069950,0.002036,0.258629,-0.285800,0.051895,-0.045934,0.036168,0.008531,0.315565,-0.322300,-0.033881,-0.692790,0.064103,-0.046651,-0.227521,1.330624,1.159989,-0.130233,-0.307635,-0.154812,0.053881,-0.598456,-1.244406,-0.907973,-0.045516,0.050142,-0.112220,0.121436,3
-0.011761,-0.069950,0.002049,0.258638,-0.285800,0.051895,-0.045909,0.036159,0.008504,0.315557,-0.322304,-0.033889,-0.692790,0.064103,-0.046671,-0.228347,1.333608,1.159941,-0.128423,-0.307635,-0.153374,0.053905,-0.601536,-1.247522,-0.905936,-0.044677,0.050118,-0.109212,0.121340,3
-0.011761,-0.069941,0.002049,0.258638,-0.285800,0.051880,-0.045892,0.036159,0.008517,0.315548,-0.322292,-0.033896,-0.692803,0.064119,-0.046681,-0.229546,1.336125,1.159917,-0.126697,-0.307587,-0.151972,0.053917,-0.606977,-1.250686,-0.903874,-0.043766,0.050094,-0.105977,0.121388,3
-0.011743,-0.069941,0.002036,0.258638,-0.285808,0.051895,-0.045883,0.036159,0.008531,0.315514,-0.322309,-0.033939,-0.692830,0.064134,-0.046692,-0.230493,1.340115,1.159893,-0.125307,-0.307527,-0.150630,0.053905,-0.610177,-1.255899,-0.901765,-0.042736,0.050094,-0.102765,0.121496,3
-0.011735,-0.069924,0.002062,0.258646,-0.285796,0.051887,-0.045858,0.036185,0.008544,0.315497,-0.322329,-0.033946,-0.692843,0.064141,-0.046677,-0.231523,1.342872,1.159833,-0.124001,-0.307467,-0.149168,0.053881,-0.612765,-1.259386,-0.898110,-0.041705,0.050070,-0.099781,0.121676,3
-0.011726,-0.069907,0.002036,0.258629,-0.285804,0.051887,-0.045858,0.036176,0.008571,0.315497,-0.322358,-0.034011,-0.692910,0.064149,-0.046682,-0.233285,1.348001,1.159773,-0.121017,-0.307407,-0.147082,0.053869,-0.617008,-1.264635,-0.894670,-0.040123,0.050094,-0.095706,0.122011,3
-0.011743,-0.069915,0.002049,0.258638,-0.285800,0.051895,-0.045849,0.036176,0.008571,0.315514,-0.322370,-0.034033,-0.692910,0.064141,-0.046677,-0.234519,1.351369,1.159630,-0.119315,-0.307383,-0.145836,0.053857,-0.620411,-1.268255,-0.892573,-0.039512,0.050142,-0.093429,0.122227,3
-0.011735,-0.069907,0.002049,0.258629,-0.285800,0.051880,-0.045858,0.036193,0.008557,0.315548,-0.322379,-0.034062,-0.692910,0.064134,-0.046672,-0.235778,1.354305,1.159246,-0.117697,-0.307395,-0.144086,0.053845,-0.624079,-1.272030,-0.890308,-0.038769,0.050142,-0.091356,0.122251,3
-0.011726,-0.069915,0.002062,0.258621,-0.285792,0.051895,-0.045840,0.036185,0.008571,0.315565,-0.322403,-0.034091,-0.692910,0.064141,-0.046677,-0.236868,1.357097,1.158695,-0.116331,-0.307419,-0.142972,0.053869,-0.628069,-1.275984,-0.887791,-0.037798,0.050142,-0.086958,0.122179,3
-0.011726,-0.069915,0.002076,0.258621,-0.285779,0.051873,-0.045840,0.036193,0.008544,0.315557,-0.322412,-0.034105,-0.692870,0.064149,-0.046662,-0.237659,1.359662,1.158132,-0.115037,-0.307455,-0.141893,0.053809,-0.631437,-1.279508,-0.885371,-0.036732,0.050130,-0.083842,0.122011,3
-0.011735,-0.069907,0.002076,0.258646,-0.285783,0.051866,-0.045866,0.036193,0.008571,0.315557,-0.322424,-0.034127,-0.692883,0.064172,-0.046658,-0.238594,1.362394,1.157604,-0.113431,-0.307455,-0.140755,0.053809,-0.636434,-1.282887,-0.882818,-0.035557,0.050142,-0.080726,0.122011,3
-0.011726,-0.069915,0.002089,0.258638,-0.285766,0.051851,-0.045917,0.036202,0.008571,0.315531,-0.322449,-0.034156,-0.692910,0.064179,-0.046654,-0.239073,1.367116,1.157341,-0.111633,-0.307479,-0.139616,0.053821,-0.640030,-1.287777,-0.880241,-0.034539,0.050142,-0.077682,0.122035,3
-0.011752,-0.069924,0.002076,0.258646,-0.285750,0.051837,-0.045934,0.036193,0.008584,0.315523,-0.322453,-0.034163,-0.692977,0.064202,-0.046649,-0.239529,1.370484,1.157293,-0.109668,-0.307479,-0.138394,0.053845,-0.644140,-1.290881,-0.876047,-0.033520,0.050154,-0.074841,0.122095,3
-0.011752,-0.069915,0.002089,0.258621,-0.285741,0.051822,-0.045968,0.036193,0.008584,0.315523,-0.322453,-0.034192,-0.693057,0.064217,-0.046630,-0.239852,1.373527,1.157424,-0.107738,-0.307491,-0.137267,0.053881,-0.648311,-1.294632,-0.873530,-0.032489,0.050142,-0.072253,0.122167,3
-0.011752,-0.069924,0.002076,0.258595,-0.285720,0.051815,-0.045951,0.036193,0.008598,0.315489,-0.322465,-0.034170,-0.693205,0.064247,-0.046621,-0.239972,1.377734,1.157772,-0.104538,-0.307479,-0.135853,0.053917,-0.653524,-1.299701,-0.869072,-0.030464,0.050142,-0.068861,0.122299,3
-0.011752,-0.069907,0.002103,0.258595,-0.285712,0.051801,-0.045926,0.036185,0.008598,0.315455,-0.322465,-0.034185,-0.693312,0.064262,-0.046612,-0.239888,1.380514,1.158012,-0.103112,-0.307491,-0.134930,0.053917,-0.656891,-1.303249,-0.866136,-0.029445,0.050154,-0.066716,0.122383,3
-0.011752,-0.069915,0.002103,0.258587,-0.285695,0.051786,-0.045917,0.036185,0.008611,0.315463,-0.322473,-0.034199,-0.693379,0.064278,-0.046603,-0.239864,1.381976,1.158132,-0.102249,-0.307479,-0.133840,0.053953,-0.658533,-1.305058,-0.864626,-0.028942,0.050166,-0.064727,0.122407,3
-0.011743,-0.069915,0.002143,0.258587,-0.285678,0.051757,-0.045926,0.036193,0.008624,0.315455,-0.322478,-0.034221,-0.693553,0.064300,-0.046589,-0.239900,1.386830,1.158443,-0.099373,-0.307491,-0.132042,0.053917,-0.664573,-1.310415,-0.860455,-0.027588,0.050166,-0.061203,0.122275,3
-0.011752,-0.069915,0.002169,0.258595,-0.285649,0.051750,-0.045977,0.036193,0.008638,0.315446,-0.322482,-0.034243,-0.693593,0.064331,-0.046570,-0.240056,1.390269,1.158575,-0.097552,-0.307551,-0.130856,0.053929,-0.670889,-1.314418,-0.857579,-0.026509,0.050166,-0.058507,0.122107,3
-0.011752,-0.069924,0.002143,0.258612,-0.285632,0.051721,-0.046011,0.036202,0.008638,0.315438,-0.322490,-0.034243,-0.693660,0.064376,-0.046552,-0.240080,1.394704,1.158671,-0.095910,-0.307563,-0.129669,0.053965,-0.674772,-1.319631,-0.854979,-0.025191,0.050142,-0.055823,0.121987,3
-0.011752,-0.069924,0.002143,0.258604,-0.285607,0.051707,-0.046036,0.036202,0.008665,0.315421,-0.322494,-0.034235,-0.693673,0.064376,-0.046542,-0.240056,1.397568,1.158755,-0.094508,-0.307575,-0.128375,0.054037,-0.678439,-1.322855,-0.850748,-0.023849,0.050142,-0.053342,0.122011,3
-0.011752,-0.069915,0.002169,0.258587,-0.285581,0.051678,-0.046036,0.036193,0.008691,0.315395,-0.322498,-0.034243,-0.693700,0.064391,-0.046533,-0.240020,1.400120,1.158779,-0.092314,-0.307611,-0.127093,0.054241,-0.682190,-1.326126,-0.847596,-0.021799,0.050142,-0.051173,0.122143,3
-0.011752,-0.069915,0.002223,0.258604,-0.285552,0.051641,-0.046028,0.036202,0.008678,0.315403,-0.322519,-0.034264,-0.693687,0.064399,-0.046538,-0.240032,1.402865,1.158803,-0.090553,-0.307635,-0.125774,0.054468,-0.686373,-1.329158,-0.844277,-0.020529,0.050142,-0.049207,0.122311,3
-0.011726,-0.069924,0.002196,0.258595,-0.285531,0.051605,-0.046062,0.036193,0.008665,0.315403,-0.322523,-0.034286,-0.693700,0.064414,-0.046528,-0.240056,1.405921,1.158779,-0.088539,-0.307683,-0.123785,0.054648,-0.690064,-1.332718,-0.840909,-0.019367,0.050130,-0.046595,0.122479,3
-0.011735,-0.069924,0.002210,0.258612,-0.285484,0.051540,-0.046088,0.036193,0.008665,0.315395,-0.322535,-0.034322,-0.693660,0.064399,-0.046538,-0.240008,1.409169,1.158779,-0.086694,-0.307707,-0.122587,0.054780,-0.693755,-1.336301,-0.837554,-0.018084,0.050130,-0.044713,0.122635,3
-0.011726,-0.069924,0.002196,0.258604,-0.285434,0.051453,-0.046147,0.036193,0.008665,0.315378,-0.322531,-0.034329,-0.693647,0.064421,-0.046534,-0.239996,1.413986,1.158743,-0.084057,-0.307719,-0.120969,0.054792,-0.700849,-1.340963,-0.833503,-0.015591,0.050142,-0.041525,0.122790,3
-0.011726,-0.069898,0.002183,0.258604,-0.285400,0.051425,-0.046113,0.036202,0.008678,0.315369,-0.322535,-0.034322,-0.693647,0.064414,-0.046519,-0.240056,1.416922,1.158743,-0.082224,-0.307779,-0.119950,0.054756,-0.705056,-1.344426,-0.830770,-0.013830,0.050166,-0.039344,0.122790,3
-0.011735,-0.069924,0.002183,0.258587,-0.285350,0.051367,-0.046079,0.036202,0.008691,0.315344,-0.322535,-0.034322,-0.693620,0.064444,-0.046520,-0.240128,1.421309,1.158743,-0.080258,-0.307839,-0.118991,0.054732,-0.709035,-1.349867,-0.827906,-0.012104,0.050166,-0.037103,0.122790,3
-0.011735,-0.069924,0.002210,0.258587,-0.285295,0.051302,-0.046054,0.036210,0.008691,0.315344,-0.322535,-0.034322,-0.693606,0.064444,-0.046520,-0.240188,1.424197,1.158779,-0.078413,-0.307923,-0.118176,0.054732,-0.713001,-1.353618,-0.822957,-0.010474,0.050166,-0.035030,0.122886,3
-0.011743,-0.069924,0.002236,0.258604,-0.285219,0.051215,-0.046045,0.036219,0.008691,0.315369,-0.322552,-0.034337,-0.693647,0.064444,-0.046520,-0.240224,1.427409,1.158803,-0.075860,-0.307995,-0.117409,0.054720,-0.717220,-1.357142,-0.819122,-0.008617,0.050190,-0.033052,0.123066,3
-0.011735,-0.069924,0.002223,0.258604,-0.285135,0.051099,-0.046054,0.036202,0.008705,0.315386,-0.322572,-0.034358,-0.693606,0.064444,-0.046529,-0.240212,1.430632,1.158779,-0.074074,-0.308186,-0.116714,0.054684,-0.721055,-1.360425,-0.815790,-0.007538,0.050166,-0.031219,0.123174,3
-0.011743,-0.069932,0.002210,0.258621,-0.284961,0.050832,-0.046113,0.036202,0.008718,0.315412,-0.322568,-0.034365,-0.693633,0.064414,-0.046519,-0.240200,1.433796,1.158779,-0.072061,-0.308318,-0.115552,0.054648,-0.725106,-1.363565,-0.812626,-0.006004,0.050166,-0.029050,0.123270,3
-0.011743,-0.069924,0.002223,0.258621,-0.284818,0.050600,-0.046156,0.036202,0.008705,0.315421,-0.322572,-0.034358,-0.693647,0.064429,-0.046529,-0.240188,1.437020,1.158755,-0.069796,-0.308486,-0.114701,0.054636,-0.729252,-1.366717,-0.809486,-0.004051,0.050190,-0.028043,0.123318,3
-0.011735,-0.069924,0.002223,0.258621,-0.284627,0.050289,-0.046164,0.036210,0.008705,0.315403,-0.322560,-0.034366,-0.693647,0.064414,-0.046519,-0.240128,1.440028,1.158779,-0.067459,-0.308714,-0.113766,0.054636,-0.732979,-1.369929,-0.806502,-0.002097,0.050166,-0.027096,0.123533,3
-0.011735,-0.069924,0.002223,0.258612,-0.284256,0.049696,-0.046079,0.036219,0.008718,0.315395,-0.322564,-0.034373,-0.693660,0.064399,-0.046538,-0.240020,1.444714,1.158779,-0.064259,-0.309037,-0.112316,0.054564,-0.740481,-1.375358,-0.801433,0.000647,0.050142,-0.025023,0.123701,3
-0.011718,-0.069924,0.002196,0.258604,-0.283981,0.049270,-0.046036,0.036219,0.008718,0.315378,-0.322564,-0.034373,-0.693660,0.064391,-0.046552,-0.240056,1.449484,1.158755,-0.062114,-0.309301,-0.111417,0.054492,-0.744388,-1.380091,-0.797994,0.002217,0.050166,-0.023801,0.123761,3
-0.011726,-0.069924,0.002223,0.258587,-0.283659,0.048720,-0.046002,0.036228,0.008705,0.315378,-0.322564,-0.034373,-0.693633,0.064368,-0.046566,-0.240140,1.452611,1.158767,-0.059777,-0.309648,-0.110435,0.054480,-0.748343,-1.383603,-0.793428,0.004075,0.050166,-0.022494,0.123737,3
-0.011726,-0.069915,0.002223,0.258621,-0.283321,0.048171,-0.045985,0.036210,0.008691,0.315395,-0.322564,-0.034373,-0.693633,0.064361,-0.046571,-0.240188,1.455847,1.158755,-0.057057,-0.310116,-0.109512,0.054516,-0.752406,-1.387054,-0.790264,0.007274,0.050166,-0.021236,0.123737,3
-0.011726,-0.069915,0.002169,0.258646,-0.282966,0.047563,-0.045994,0.036210,0.008718,0.315421,-0.322568,-0.034365,-0.693633,0.064346,-0.046580,-0.240176,1.459011,1.158767,-0.055391,-0.311027,-0.108637,0.054540,-0.756696,-1.390913,-0.787064,0.009492,0.050190,-0.019846,0.123881,3
-0.011726,-0.069907,0.002169,0.258629,-0.282661,0.047029,-0.046002,0.036228,0.008718,0.315438,-0.322580,-0.034373,-0.693620,0.064331,-0.046590,-0.240128,1.462151,1.158767,-0.053558,-0.311806,-0.107762,0.054528,-0.760759,-1.394856,-0.783421,0.011289,0.050190,-0.018492,0.124109,3
-0.011726,-0.069924,0.002183,0.258629,-0.282362,0.046531,-0.046002,0.036236,0.008705,0.315438,-0.322576,-0.034380,-0.693620,0.064308,-0.046604,-0.240128,1.465387,1.158779,-0.051352,-0.312812,-0.106324,0.054552,-0.765085,-1.398200,-0.779310,0.012787,0.050226,-0.016502,0.124360,3
-0.011743,-0.069924,0.002169,0.258638,-0.282269,0.046401,-0.046002,0.036245,0.008705,0.315429,-0.322585,-0.034365,-0.693620,0.064278,-0.046622,-0.240152,1.468514,1.158767,-0.048824,-0.314023,-0.105281,0.054648,-0.768824,-1.401411,-0.775727,0.014525,0.050190,-0.015256,0.124660,3
-0.011735,-0.069924,0.002169,0.258621,-0.282298,0.046451,-0.046036,0.036262,0.008718,0.315438,-0.322576,-0.034380,-0.693660,0.064202,-0.046669,-0.240032,1.472949,1.158791,-0.045204,-0.315976,-0.103939,0.054684,-0.776590,-1.405989,-0.770562,0.017641,0.050226,-0.013602,0.124960,3
-0.011735,-0.069924,0.002169,0.258638,-0.282311,0.046502,-0.046036,0.036270,0.008678,0.315429,-0.322576,-0.034380,-0.693660,0.064187,-0.046688,-0.239972,1.476124,1.158791,-0.043922,-0.316647,-0.103556,0.054660,-0.778351,-1.409285,-0.769052,0.018612,0.050226,-0.013111,0.125043,3
-0.011743,-0.069907,0.002156,0.258621,-0.282379,0.046646,-0.046028,0.036279,0.008718,0.315438,-0.322576,-0.034394,-0.693647,0.064081,-0.046744,-0.239756,1.481314,1.158755,-0.039656,-0.318613,-0.102477,0.054552,-0.784356,-1.414666,-0.762772,0.021380,0.050298,-0.011697,0.125355,3
-0.011726,-0.069907,0.002169,0.258612,-0.282405,0.046704,-0.046019,0.036287,0.008705,0.315472,-0.322589,-0.034387,-0.693660,0.064081,-0.046764,-0.239708,1.484609,1.158755,-0.036108,-0.319751,-0.101902,0.054468,-0.788083,-1.417914,-0.759249,0.024052,0.050346,-0.010894,0.125499,3
-0.011735,-0.069881,0.002143,0.258621,-0.282405,0.046704,-0.045994,0.036338,0.008705,0.315463,-0.322576,-0.034380,-0.693673,0.064036,-0.046772,-0.239708,1.488013,1.158755,-0.033939,-0.321525,-0.101387,0.054468,-0.792217,-1.421113,-0.756001,0.026042,0.050370,-0.010235,0.125655,3
-0.011718,-0.069873,0.002156,0.258621,-0.282392,0.046682,-0.045960,0.036364,0.008718,0.315463,-0.322580,-0.034373,-0.693687,0.064020,-0.046762,-0.239720,1.490997,1.158767,-0.031806,-0.322843,-0.100895,0.054468,-0.796591,-1.424457,-0.752573,0.028091,0.050418,-0.009671,0.125810,3
-0.011709,-0.069847,0.002169,0.258638,-0.282367,0.046639,-0.045968,0.036372,0.008718,0.315480,-0.322585,-0.034394,-0.693687,0.063990,-0.046761,-0.239696,1.493969,1.158743,-0.029721,-0.324305,-0.100691,0.054456,-0.801577,-1.427896,-0.749170,0.030009,0.050478,-0.009432,0.125918,3
-0.011709,-0.069830,0.002156,0.258646,-0.282354,0.046617,-0.045968,0.036415,0.008705,0.315497,-0.322589,-0.034402,-0.693687,0.063952,-0.046755,-0.239708,1.496941,1.158743,-0.027755,-0.325755,-0.100560,0.054408,-0.806227,-1.431480,-0.745515,0.031806,0.050573,-0.008784,0.126326,3
-0.011701,-0.069805,0.002156,0.258655,-0.282345,0.046589,-0.045977,0.036424,0.008705,0.315489,-0.322589,-0.034402,-0.693673,0.063907,-0.046773,-0.239732,1.500237,1.158731,-0.025598,-0.327049,-0.100416,0.054384,-0.810026,-1.435039,-0.741488,0.033891,0.050693,-0.008029,0.126685,3
-0.011701,-0.069771,0.002143,0.258646,-0.282333,0.046581,-0.046019,0.036458,0.008718,0.315489,-0.322581,-0.034402,-0.693687,0.063846,-0.046790,-0.239840,1.503676,1.158743,-0.022902,-0.328260,-0.100248,0.054420,-0.816054,-1.438215,-0.737545,0.036228,0.050837,-0.007610,0.127081,3
-0.011701,-0.069719,0.002156,0.258655,-0.282341,0.046596,-0.046054,0.036509,0.008718,0.315472,-0.322585,-0.034394,-0.693673,0.063740,-0.046856,-0.239792,1.510100,1.158767,-0.018144,-0.330034,-0.099936,0.054540,-0.822286,-1.444063,-0.729839,0.039572,0.051101,-0.007203,0.127764,3
-0.011709,-0.069702,0.002156,0.258655,-0.282354,0.046603,-0.046062,0.036543,0.008705,0.315455,-0.322585,-0.034409,-0.693687,0.063702,-0.046879,-0.239673,1.512964,1.158767,-0.015412,-0.331292,-0.099853,0.054564,-0.826552,-1.446760,-0.726304,0.041657,0.051352,-0.007023,0.128291,3
-0.011709,-0.069677,0.002129,0.258646,-0.282362,0.046617,-0.046088,0.036585,0.008705,0.315438,-0.322585,-0.034394,-0.693700,0.063642,-0.046907,-0.239541,1.516032,1.158791,-0.011553,-0.333413,-0.099889,0.054516,-0.830303,-1.450031,-0.722733,0.045300,0.051640,-0.007023,0.128854,3
-0.011701,-0.069651,0.002156,0.258629,-0.282371,0.046632,-0.046088,0.036611,0.008705,0.315455,-0.322597,-0.034387,-0.693700,0.063642,-0.046937,-0.239433,1.519340,1.158743,-0.008832,-0.335115,-0.099936,0.054396,-0.834713,-1.453363,-0.718910,0.048081,0.052143,-0.007035,0.129430,3
-0.011684,-0.069592,0.002156,0.258612,-0.282375,0.046625,-0.046054,0.036628,0.008718,0.315472,-0.322585,-0.034394,-0.693714,0.063604,-0.046940,-0.239373,1.523067,1.158743,-0.006208,-0.336841,-0.099960,0.054253,-0.839183,-1.456479,-0.715386,0.050478,0.052563,-0.007155,0.129993,3
-0.011667,-0.069575,0.002183,0.258612,-0.282375,0.046625,-0.046054,0.036654,0.008718,0.315489,-0.322576,-0.034380,-0.693754,0.063551,-0.046943,-0.239385,1.526614,1.158743,-0.003212,-0.338387,-0.099960,0.054025,-0.844361,-1.459451,-0.711264,0.052479,0.053054,-0.007346,0.130760,3
-0.011650,-0.069549,0.002156,0.258629,-0.282362,0.046603,-0.046045,0.036688,0.008732,0.315497,-0.322581,-0.034402,-0.693754,0.063490,-0.046932,-0.239409,1.530017,1.158743,-0.000108,-0.339813,-0.099948,0.053941,-0.848903,-1.462507,-0.707201,0.054768,0.053605,-0.007394,0.131191,3
-0.011624,-0.069532,0.002156,0.258621,-0.282362,0.046603,-0.046036,0.036722,0.008718,0.315489,-0.322585,-0.034394,-0.693781,0.063369,-0.046888,-0.239409,1.533014,1.158767,0.002912,-0.341347,-0.099960,0.053893,-0.854679,-1.465359,-0.702923,0.057189,0.054217,-0.007418,0.131635,3
-0.011599,-0.069498,0.002156,0.258638,-0.282354,0.046589,-0.046045,0.036764,0.008718,0.315506,-0.322580,-0.034373,-0.693781,0.063240,-0.046888,-0.239385,1.537316,1.158767,0.005609,-0.343036,-0.099960,0.053881,-0.859209,-1.470572,-0.698548,0.059610,0.054948,-0.007454,0.132054,3
-0.011599,-0.069464,0.002156,0.258655,-0.282358,0.046581,-0.046071,0.036773,0.008678,0.315489,-0.322585,-0.034394,-0.693794,0.063126,-0.046919,-0.239385,1.540492,1.158731,0.008281,-0.344834,-0.099960,0.053881,-0.863823,-1.473880,-0.692784,0.061827,0.055763,-0.007550,0.132390,3
-0.011633,-0.069447,0.002143,0.258638,-0.282350,0.046581,-0.046139,0.036816,0.008718,0.315463,-0.322581,-0.034402,-0.693767,0.062967,-0.046998,-0.239469,1.545873,1.158743,0.013410,-0.347363,-0.099948,0.053893,-0.870774,-1.478470,-0.686816,0.067088,0.057452,-0.007694,0.132857,3
-0.011650,-0.069430,0.002116,0.258655,-0.282354,0.046589,-0.046156,0.036807,0.008718,0.315472,-0.322581,-0.034387,-0.693767,0.062952,-0.047027,-0.239481,1.547634,1.158743,0.014765,-0.348070,-0.099936,0.053905,-0.872883,-1.479956,-0.684874,0.068442,0.058159,-0.007754,0.132989,3
-0.011650,-0.069396,0.002089,0.258663,-0.282375,0.046625,-0.046164,0.036833,0.008718,0.315463,-0.322576,-0.034380,-0.693794,0.062854,-0.047068,-0.239457,1.552464,1.158767,0.019618,-0.350778,-0.099817,0.053941,-0.879630,-1.484306,-0.678679,0.072085,0.061767,-0.007886,0.133289,3
-0.011650,-0.069379,0.002076,0.258646,-0.282383,0.046639,-0.046156,0.036858,0.008718,0.315472,-0.322581,-0.034387,-0.693794,0.062793,-0.047056,-0.239361,1.555604,1.158755,0.022734,-0.352097,-0.099709,0.053965,-0.884280,-1.486883,-0.674532,0.074290,0.063804,-0.008029,0.133432,3
-0.011658,-0.069344,0.002076,0.258646,-0.282375,0.046625,-0.046147,0.036892,0.008718,0.315480,-0.322580,-0.034373,-0.693781,0.062755,-0.047020,-0.239241,1.558756,1.158755,0.025502,-0.353415,-0.099709,0.053965,-0.888654,-1.490071,-0.670206,0.076543,0.066297,-0.008065,0.133576,3
-0.011650,-0.069344,0.002089,0.258655,-0.282366,0.046610,-0.046164,0.036884,0.008705,0.315480,-0.322580,-0.034373,-0.693754,0.062634,-0.046986,-0.239073,1.562207,1.158743,0.028546,-0.354685,-0.099745,0.053941,-0.894850,-1.493462,-0.665820,0.078904,0.068945,-0.008065,0.133696,3
-0.011624,-0.069310,0.002103,0.258655,-0.282366,0.046610,-0.046173,0.036901,0.008718,0.315514,-0.322576,-0.034380,-0.693767,0.062520,-0.047007,-0.238953,1.567468,1.158743,0.031375,-0.355812,-0.099781,0.053953,-0.898805,-1.497920,-0.661733,0.081121,0.071558,-0.008017,0.133948,3
-0.011599,-0.069293,0.002129,0.258655,-0.282362,0.046589,-0.046173,0.036918,0.008718,0.315514,-0.322576,-0.034380,-0.693794,0.062406,-0.047038,-0.238894,1.570452,1.158719,0.034227,-0.356818,-0.099793,0.053929,-0.903563,-1.501288,-0.656412,0.083686,0.074086,-0.007981,0.134307,3
-0.011599,-0.069293,0.002103,0.258672,-0.282366,0.046596,-0.046173,0.036918,0.008718,0.315514,-0.322572,-0.034387,-0.693754,0.062308,-0.047030,-0.238894,1.571986,1.158695,0.035773,-0.357298,-0.099781,0.053941,-0.905936,-1.502858,-0.654459,0.085100,0.075225,-0.008005,0.134499,3
-0.011582,-0.069293,0.002103,0.258646,-0.282366,0.046610,-0.046181,0.036943,0.008718,0.315497,-0.322580,-0.034373,-0.693754,0.062111,-0.047033,-0.238810,1.576277,1.158611,0.042137,-0.358604,-0.099769,0.053941,-0.914828,-1.507783,-0.648646,0.090733,0.079348,-0.008221,0.135074,3
-0.011590,-0.069293,0.002129,0.258672,-0.282362,0.046603,-0.046198,0.036952,0.008705,0.315497,-0.322589,-0.034358,-0.693740,0.061891,-0.046991,-0.238726,1.581298,1.158515,0.046391,-0.359203,-0.099781,0.053929,-0.919022,-1.513140,-0.642103,0.094292,0.082463,-0.008425,0.135326,3
-0.011599,-0.069276,0.002089,0.258680,-0.282366,0.046610,-0.046207,0.036960,0.008718,0.315480,-0.322576,-0.034380,-0.693754,0.061807,-0.046964,-0.238690,1.584737,1.158467,0.049207,-0.359539,-0.099769,0.053917,-0.923253,-1.516100,-0.638124,0.096677,0.084693,-0.008713,0.135578,3
-0.011624,-0.069276,0.002076,0.258680,-0.282354,0.046617,-0.046241,0.036952,0.008705,0.315463,-0.322576,-0.034380,-0.693700,0.061731,-0.046961,-0.238630,1.588333,1.158431,0.052012,-0.359838,-0.099757,0.053941,-0.927315,-1.519264,-0.633762,0.098834,0.087077,-0.008976,0.135949,3
-0.011641,-0.069268,0.002089,0.258680,-0.282366,0.046610,-0.046284,0.036960,0.008718,0.315472,-0.322580,-0.034373,-0.693687,0.061663,-0.046944,-0.238438,1.591353,1.158443,0.054852,-0.360150,-0.099733,0.053965,-0.933559,-1.522248,-0.629759,0.100907,0.089546,-0.009204,0.136153,3
-0.011641,-0.069285,0.002103,0.258689,-0.282350,0.046610,-0.046309,0.036960,0.008718,0.315480,-0.322580,-0.034373,-0.693700,0.061580,-0.046947,-0.238210,1.594217,1.158455,0.058159,-0.360474,-0.099685,0.053965,-0.937418,-1.525089,-0.625397,0.103256,0.092015,-0.009312,0.136333,3
-0.011624,-0.069276,0.002103,0.258680,-0.282337,0.046603,-0.046318,0.036960,0.008718,0.315489,-0.322580,-0.034373,-0.693700,0.061420,-0.046956,-0.237887,1.598423,1.158491,0.061203,-0.360905,-0.099649,0.053965,-0.941133,-1.530086,-0.621082,0.106216,0.094460,-0.009312,0.136512,3
-0.011607,-0.069268,0.002089,0.258689,-0.282333,0.046610,-0.046309,0.036960,0.008718,0.315514,-0.322585,-0.034365,-0.693714,0.061200,-0.046924,-0.237336,1.603049,1.158563,0.066968,-0.361744,-0.099661,0.053953,-0.946946,-1.535167,-0.614060,0.111849,0.097588,-0.009396,0.136692,3
-0.011607,-0.069259,0.002076,0.258663,-0.282341,0.046610,-0.046335,0.036960,0.008718,0.315514,-0.322568,-0.034365,-0.693700,0.061132,-0.046927,-0.237180,1.604739,1.158611,0.068490,-0.362079,-0.099661,0.053941,-0.948851,-1.536689,-0.612418,0.113131,0.098570,-0.009420,0.136728,3
-0.011624,-0.069276,0.002089,0.258672,-0.282342,0.046639,-0.046369,0.036952,0.008718,0.315514,-0.322568,-0.034365,-0.693687,0.061049,-0.046920,-0.236904,1.608250,1.158659,0.071558,-0.363374,-0.099685,0.053953,-0.953141,-1.539973,-0.608715,0.116043,0.101674,-0.009456,0.136776,3
-0.011624,-0.069268,0.002076,0.258680,-0.282333,0.046654,-0.046360,0.036960,0.008718,0.315497,-0.322568,-0.034365,-0.693660,0.060904,-0.046890,-0.236641,1.613284,1.158683,0.076136,-0.364908,-0.099733,0.053953,-0.958822,-1.544803,-0.602291,0.119567,0.105150,-0.009587,0.136800,3
-0.011624,-0.069276,0.002049,0.258680,-0.282346,0.046646,-0.046377,0.036952,0.008718,0.315489,-0.322564,-0.034373,-0.693647,0.060760,-0.046831,-0.236509,1.616592,1.158659,0.079539,-0.365962,-0.099733,0.054001,-0.962453,-1.548482,-0.598205,0.121880,0.107726,-0.009683,0.136776,3
-0.011607,-0.069268,0.002036,0.258672,-0.282338,0.046661,-0.046386,0.036960,0.008718,0.315480,-0.322568,-0.034365,-0.693647,0.060524,-0.046720,-0.236329,1.619648,1.158635,0.082356,-0.367017,-0.099733,0.054073,-0.967738,-1.551909,-0.593986,0.124001,0.110315,-0.009755,0.136728,3
-0.011624,-0.069259,0.002036,0.258672,-0.282338,0.046661,-0.046403,0.036952,0.008732,0.315472,-0.322568,-0.034365,-0.693660,0.060319,-0.046659,-0.236269,1.622715,1.158611,0.085064,-0.368084,-0.099733,0.054133,-0.971513,-1.554881,-0.590055,0.126302,0.112819,-0.009803,0.136680,3
-0.011641,-0.069259,0.002076,0.258680,-0.282338,0.046661,-0.046437,0.036960,0.008718,0.315463,-0.322572,-0.034358,-0.693647,0.060115,-0.046638,-0.236221,1.627257,1.158575,0.088048,-0.369162,-0.099709,0.054169,-0.975108,-1.559172,-0.585921,0.128699,0.115025,-0.009791,0.136632,3
-0.011658,-0.069268,0.002049,0.258697,-0.282329,0.046675,-0.046463,0.036960,0.008718,0.315480,-0.322572,-0.034344,-0.693660,0.059910,-0.046597,-0.236161,1.630062,1.158539,0.092470,-0.370349,-0.099637,0.054205,-0.978788,-1.562072,-0.579533,0.131215,0.116966,-0.009707,0.136620,3
-0.011641,-0.069259,0.002022,0.258680,-0.282333,0.046654,-0.046471,0.036960,0.008705,0.315480,-0.322564,-0.034358,-0.693687,0.059743,-0.046542,-0.236041,1.633345,1.158527,0.095838,-0.371607,-0.099565,0.054193,-0.982479,-1.565092,-0.575614,0.135290,0.118764,-0.009647,0.136596,3
-0.011624,-0.069251,0.002022,0.258655,-0.282313,0.046646,-0.046497,0.036960,0.008705,0.315497,-0.322568,-0.034351,-0.693687,0.059568,-0.046473,-0.235897,1.636425,1.158539,0.099169,-0.373884,-0.099481,0.054133,-0.985607,-1.568675,-0.571959,0.137867,0.120837,-0.009695,0.136572,3
-0.011599,-0.069268,0.002009,0.258672,-0.282317,0.046654,-0.046497,0.036960,0.008678,0.315489,-0.322572,-0.034358,-0.693700,0.059393,-0.046403,-0.235730,1.639649,1.158563,0.102010,-0.375406,-0.099493,0.054049,-0.989346,-1.571959,-0.568460,0.140144,0.122335,-0.009803,0.136512,3
-0.011539,-0.069259,0.001995,0.258680,-0.282313,0.046646,-0.046480,0.036952,0.008678,0.315497,-0.322564,-0.034358,-0.693700,0.059105,-0.046295,-0.235610,1.644766,1.158599,0.106396,-0.377635,-0.099505,0.053893,-0.995086,-1.576609,-0.562156,0.143547,0.124828,-0.009899,0.136177,3
-0.011522,-0.069259,0.001995,0.258672,-0.282313,0.046646,-0.046471,0.036960,0.008678,0.315514,-0.322568,-0.034365,-0.693687,0.058976,-0.046256,-0.235634,1.646384,1.158599,0.107990,-0.378258,-0.099493,0.053869,-0.999221,-1.578107,-0.560239,0.144769,0.125715,-0.009851,0.136069,3
-0.011488,-0.069259,0.002009,0.258706,-0.282304,0.046632,-0.046471,0.036960,0.008691,0.315472,-0.322568,-0.034365,-0.693687,0.058588,-0.046090,-0.235646,1.652844,1.158575,0.112891,-0.380044,-0.099505,0.053833,-1.004757,-1.584075,-0.553923,0.148425,0.128663,-0.009815,0.135793,3
-0.011445,-0.069251,0.002009,0.258706,-0.282312,0.046632,-0.046480,0.036960,0.008665,0.315472,-0.322572,-0.034358,-0.693673,0.058360,-0.046034,-0.235634,1.656032,1.158563,0.116523,-0.381302,-0.099505,0.053845,-1.007921,-1.587394,-0.549968,0.150702,0.130820,-0.009779,0.135685,3
-0.011445,-0.069251,0.002009,0.258714,-0.282313,0.046661,-0.046497,0.036952,0.008665,0.315463,-0.322572,-0.034344,-0.693660,0.058140,-0.045963,-0.235634,1.659303,1.158575,0.119962,-0.382788,-0.099517,0.053845,-1.011528,-1.590702,-0.543173,0.153086,0.133037,-0.009767,0.135566,3
-0.011445,-0.069259,0.002036,0.258714,-0.282334,0.046697,-0.046514,0.036960,0.008665,0.315472,-0.322568,-0.034365,-0.693660,0.057882,-0.045895,-0.235646,1.662335,1.158563,0.124564,-0.384358,-0.099541,0.053881,-1.014980,-1.593578,-0.538859,0.156730,0.135086,-0.009803,0.135482,3
-0.011428,-0.069251,0.001995,0.258740,-0.282342,0.046711,-0.046522,0.036952,0.008651,0.315463,-0.322568,-0.034365,-0.693660,0.057609,-0.045837,-0.235646,1.665355,1.158527,0.127824,-0.386779,-0.099553,0.053893,-1.018935,-1.595951,-0.534628,0.158791,0.137243,-0.009875,0.135350,3
-0.011428,-0.069251,0.002009,0.258740,-0.282351,0.046726,-0.046548,0.036952,0.008651,0.315489,-0.322564,-0.034373,-0.693660,0.057320,-0.045779,-0.235610,1.668291,1.158527,0.130772,-0.388337,-0.099541,0.053905,-1.022794,-1.598732,-0.530685,0.160924,0.140275,-0.009887,0.135182,3
-0.011411,-0.069259,0.002009,0.258748,-0.282342,0.046711,-0.046590,0.036952,0.008665,0.315497,-0.322564,-0.034373,-0.693673,0.057077,-0.045722,-0.235550,1.671455,1.158539,0.134163,-0.390015,-0.099517,0.053893,-1.026293,-1.601728,-0.526491,0.163345,0.142229,-0.009839,0.134978,3
-0.011411,-0.069251,0.001995,0.258766,-0.282321,0.046690,-0.046616,0.036960,0.008665,0.315497,-0.322568,-0.034365,-0.693687,0.056873,-0.045692,-0.235466,1.674943,1.158563,0.137579,-0.391680,-0.099481,0.053869,-1.029745,-1.604496,-0.522500,0.165802,0.144218,-0.009767,0.134739,3
-0.011386,-0.069242,0.001995,0.258757,-0.282313,0.046675,-0.046659,0.036960,0.008665,0.315480,-0.322568,-0.034365,-0.693687,0.056713,-0.045662,-0.235394,1.678514,1.158587,0.140635,-0.393406,-0.099481,0.053869,-1.035533,-1.607768,-0.518450,0.167995,0.146483,-0.009731,0.134643,3
-0.011351,-0.069268,0.002022,0.258783,-0.282300,0.046668,-0.046693,0.036952,0.008665,0.315472,-0.322560,-0.034395,-0.693673,0.056433,-0.045718,-0.235442,1.685417,1.158611,0.145321,-0.395791,-0.099493,0.053845,-1.041741,-1.613316,-0.512086,0.170955,0.149959,-0.009695,0.134571,3
-0.011334,-0.069251,0.002009,0.258766,-0.282300,0.046682,-0.046684,0.036952,0.008638,0.315472,-0.322560,-0.034380,-0.693673,0.056250,-0.045712,-0.235466,1.688413,1.158611,0.148892,-0.397085,-0.099505,0.053833,-1.045300,-1.615701,-0.505543,0.173208,0.152260,-0.009659,0.134619,3
-0.011317,-0.069251,0.001995,0.258783,-0.282304,0.046675,-0.046693,0.036960,0.008651,0.315489,-0.322568,-0.034365,-0.693660,0.056023,-0.045686,-0.235442,1.691385,1.158611,0.154321,-0.398092,-0.099493,0.053821,-1.048428,-1.618338,-0.501492,0.175629,0.154297,-0.009683,0.134655,3
-0.011317,-0.069259,0.002009,0.258817,-0.282300,0.046654,-0.046727,0.036960,0.008651,0.315497,-0.322564,-0.034373,-0.693660,0.055750,-0.045658,-0.235394,1.694189,1.158611,0.158096,-0.399302,-0.099517,0.053797,-1.051256,-1.621190,-0.497214,0.178865,0.156154,-0.009779,0.134715,3
-0.011343,-0.069259,0.002009,0.258834,-0.282292,0.046682,-0.046752,0.036952,0.008638,0.315514,-0.322568,-0.034365,-0.693647,0.055507,-0.045671,-0.235346,1.697293,1.158611,0.161643,-0.400093,-0.099541,0.053773,-1.054552,-1.623827,-0.493043,0.180938,0.158779,-0.009935,0.134811,3
-0.011360,-0.069251,0.001995,0.258842,-0.282284,0.046682,-0.046786,0.036960,0.008651,0.315523,-0.322560,-0.034380,-0.693633,0.055234,-0.045712,-0.235370,1.700361,1.158587,0.164831,-0.400944,-0.099565,0.053677,-1.057979,-1.626739,-0.488944,0.182999,0.160133,-0.010163,0.134858,3
-0.011386,-0.069251,0.002009,0.258834,-0.282284,0.046682,-0.046829,0.036952,0.008638,0.315531,-0.322564,-0.034373,-0.693687,0.054991,-0.045764,-0.235418,1.703693,1.158563,0.168115,-0.401891,-0.099565,0.053534,-1.061539,-1.629615,-0.484870,0.185252,0.161272,-0.010354,0.134811,3
-0.011369,-0.069251,0.001995,0.258825,-0.282276,0.046697,-0.046838,0.036952,0.008638,0.315514,-0.322564,-0.034373,-0.693673,0.054756,-0.045802,-0.235430,1.706917,1.158515,0.170991,-0.402898,-0.099589,0.053450,-1.064930,-1.632299,-0.481263,0.187349,0.162314,-0.010462,0.134751,3
-0.011334,-0.069242,0.001982,0.258825,-0.282284,0.046697,-0.046889,0.036952,0.008638,0.315531,-0.322568,-0.034365,-0.693647,0.054506,-0.045779,-0.235358,1.709997,1.158467,0.174239,-0.403892,-0.099577,0.053402,-1.069604,-1.634445,-0.477559,0.189015,0.163201,-0.010522,0.134691,3
-0.011309,-0.069242,0.001969,0.258825,-0.282284,0.046711,-0.046914,0.036960,0.008611,0.315531,-0.322564,-0.034358,-0.693673,0.054217,-0.045791,-0.235238,1.716252,1.158479,0.178913,-0.405546,-0.099565,0.053294,-1.074266,-1.638759,-0.471591,0.191676,0.164507,-0.010450,0.134643,3
-0.011317,-0.069242,0.001969,0.258834,-0.282297,0.046719,-0.046923,0.036960,0.008611,0.315540,-0.322564,-0.034373,-0.693660,0.054012,-0.045760,-0.235154,1.719668,1.158503,0.181765,-0.406673,-0.099553,0.053234,-1.077933,-1.640952,-0.465719,0.193689,0.165454,-0.010354,0.134655,3
-0.011326,-0.069242,0.001982,0.258817,-0.282276,0.046726,-0.046931,0.036960,0.008611,0.315565,-0.322552,-0.034351,-0.693673,0.053777,-0.045778,-0.235095,1.723035,1.158479,0.186726,-0.407955,-0.099481,0.053198,-1.081229,-1.643481,-0.462016,0.196649,0.166449,-0.010306,0.134691,3
-0.011334,-0.069234,0.001969,0.258800,-0.282267,0.046726,-0.046914,0.036943,0.008598,0.315600,-0.322548,-0.034344,-0.693660,0.053489,-0.045809,-0.235047,1.726151,1.158491,0.190190,-0.410244,-0.099385,0.053174,-1.084369,-1.646177,-0.458457,0.198375,0.168139,-0.010330,0.134739,3
-0.011317,-0.069234,0.001969,0.258800,-0.282255,0.046733,-0.046923,0.036960,0.008557,0.315625,-0.322552,-0.034322,-0.693687,0.053193,-0.045855,-0.235011,1.728896,1.158491,0.193905,-0.411994,-0.099385,0.053162,-1.087233,-1.648802,-0.454670,0.200077,0.169397,-0.010390,0.134799,3
-0.011283,-0.069217,0.001969,0.258800,-0.282259,0.046740,-0.046906,0.036960,0.008557,0.315642,-0.322539,-0.034315,-0.693673,0.052890,-0.045916,-0.234987,1.731592,1.158479,0.197764,-0.413995,-0.099457,0.053150,-1.089917,-1.650983,-0.451014,0.201826,0.170691,-0.010438,0.134847,3
-0.011275,-0.069217,0.001955,0.258800,-0.282259,0.046740,-0.046897,0.036960,0.008557,0.315651,-0.322531,-0.034329,-0.693687,0.052609,-0.045962,-0.235023,1.734540,1.158467,0.201143,-0.415948,-0.099517,0.053114,-1.093285,-1.652960,-0.447143,0.203600,0.171986,-0.010486,0.134847,3
-0.011275,-0.069217,0.001955,0.258817,-0.282259,0.046755,-0.046906,0.036969,0.008531,0.315676,-0.322527,-0.034337,-0.693687,0.052161,-0.045984,-0.235023,1.739705,1.158347,0.205901,-0.418321,-0.099589,0.053078,-1.097659,-1.655992,-0.442182,0.206129,0.173807,-0.010438,0.134727,3
-0.011283,-0.069217,0.001955,0.258825,-0.282251,0.046769,-0.046906,0.036960,0.008517,0.315676,-0.322531,-0.034315,-0.693673,0.051812,-0.046084,-0.235023,1.744823,1.158299,0.208837,-0.419759,-0.099601,0.053090,-1.100631,-1.659444,-0.439186,0.207603,0.175030,-0.010402,0.134631,3
-0.011258,-0.069225,0.001969,0.258834,-0.282243,0.046769,-0.046897,0.036960,0.008531,0.315676,-0.322527,-0.034293,-0.693673,0.051676,-0.046100,-0.235023,1.746285,1.158275,0.210191,-0.420538,-0.099601,0.053102,-1.102021,-1.660630,-0.437736,0.208358,0.175713,-0.010354,0.134571,3
-0.011266,-0.069225,0.001955,0.258817,-0.282230,0.046776,-0.046889,0.036952,0.008517,0.315659,-0.322523,-0.034271,-0.693660,0.051266,-0.046168,-0.235011,1.750515,1.158371,0.215884,-0.422887,-0.099565,0.053030,-1.106312,-1.664213,-0.431995,0.211054,0.177618,-0.010127,0.134487,3
-0.011292,-0.069234,0.001955,0.258817,-0.282206,0.046791,-0.046897,0.036960,0.008517,0.315676,-0.322519,-0.034279,-0.693660,0.050978,-0.046229,-0.235023,1.753044,1.158419,0.218556,-0.425320,-0.099589,0.052958,-1.109212,-1.666838,-0.428796,0.212648,0.179440,-0.009947,0.134463,3
-0.011283,-0.069217,0.001969,0.258817,-0.282201,0.046755,-0.046897,0.036969,0.008517,0.315685,-0.322506,-0.034286,-0.693687,0.050637,-0.046304,-0.235023,1.755872,1.158395,0.221373,-0.426950,-0.099529,0.052910,-1.111777,-1.669235,-0.425680,0.214230,0.180602,-0.009851,0.134475,3
-0.011309,-0.069217,0.001942,0.258817,-0.282197,0.046776,-0.046906,0.036952,0.008504,0.315685,-0.322506,-0.034286,-0.693673,0.050341,-0.046390,-0.235023,1.758904,1.158395,0.224405,-0.428628,-0.099385,0.052874,-1.114089,-1.671440,-0.423079,0.215716,0.181693,-0.009887,0.134511,3
-0.011326,-0.069217,0.001942,0.258825,-0.282214,0.046776,-0.046914,0.036960,0.008490,0.315685,-0.322494,-0.034279,-0.693673,0.050098,-0.046492,-0.235035,1.762128,1.158383,0.227664,-0.430689,-0.099301,0.052874,-1.117960,-1.673537,-0.420371,0.217058,0.182855,-0.009983,0.134535,3
-0.011343,-0.069217,0.001915,0.258834,-0.282222,0.046791,-0.046906,0.036952,0.008490,0.315659,-0.322498,-0.034243,-0.693673,0.049818,-0.046647,-0.235023,1.766442,1.158395,0.230804,-0.432726,-0.099301,0.052862,-1.120489,-1.676437,-0.417890,0.218484,0.183910,-0.010139,0.134559,3
-0.011334,-0.069225,0.001928,0.258825,-0.282226,0.046798,-0.046906,0.036952,0.008477,0.315642,-0.322486,-0.034221,-0.693673,0.049643,-0.046706,-0.235011,1.769019,1.158419,0.234232,-0.434776,-0.099373,0.052779,-1.122514,-1.678307,-0.414295,0.219982,0.184917,-0.010235,0.134559,3
-0.011317,-0.069217,0.001928,0.258791,-0.282218,0.046813,-0.046889,0.036960,0.008477,0.315625,-0.322498,-0.034214,-0.693687,0.049416,-0.046730,-0.235023,1.771631,1.158419,0.237360,-0.436430,-0.099457,0.052659,-1.124432,-1.679841,-0.411778,0.221720,0.185875,-0.010306,0.134523,3
-0.011309,-0.069208,0.001955,0.258808,-0.282218,0.046813,-0.046906,0.036960,0.008450,0.315600,-0.322498,-0.034214,-0.693673,0.049051,-0.046760,-0.235035,1.775442,1.158395,0.242872,-0.438826,-0.099553,0.052491,-1.127428,-1.681734,-0.407667,0.225291,0.188164,-0.010390,0.134427,3
-0.011326,-0.069208,0.001955,0.258800,-0.282214,0.046805,-0.046906,0.036960,0.008464,0.315600,-0.322506,-0.034228,-0.693660,0.048809,-0.046793,-0.235023,1.778438,1.158371,0.245533,-0.439821,-0.099565,0.052383,-1.129190,-1.682993,-0.405067,0.226706,0.189531,-0.010426,0.134271,3
-0.011334,-0.069200,0.001942,0.258800,-0.282214,0.046805,-0.046914,0.036960,0.008464,0.315600,-0.322490,-0.034228,-0.693673,0.048634,-0.046863,-0.235023,1.781542,1.158383,0.248002,-0.440816,-0.099565,0.052335,-1.130652,-1.684635,-0.403018,0.227784,0.190885,-0.010402,0.134056,3
-0.011334,-0.069200,0.001888,0.258808,-0.282201,0.046798,-0.046897,0.036969,0.008477,0.315608,-0.322482,-0.034228,-0.693647,0.048490,-0.046934,-0.235011,1.784562,1.158419,0.250638,-0.441774,-0.099517,0.052227,-1.132030,-1.686744,-0.401064,0.228647,0.192263,-0.010378,0.133696,3
-0.011275,-0.069191,0.001875,0.258791,-0.282197,0.046791,-0.046889,0.036986,0.008477,0.315625,-0.322486,-0.034250,-0.693647,0.048270,-0.046943,-0.235011,1.787163,1.158443,0.253874,-0.442673,-0.099373,0.052203,-1.133983,-1.688553,-0.399231,0.229306,0.193473,-0.010390,0.133420,3
-0.011232,-0.069191,0.001875,0.258808,-0.282201,0.046798,-0.046855,0.036977,0.008464,0.315634,-0.322486,-0.034235,-0.693620,0.048012,-0.046986,-0.235011,1.790614,1.158467,0.256834,-0.443560,-0.099277,0.052167,-1.135326,-1.690962,-0.397517,0.230121,0.194732,-0.010318,0.133109,3
-0.011215,-0.069183,0.001861,0.258800,-0.282185,0.046784,-0.046855,0.036986,0.008477,0.315625,-0.322486,-0.034235,-0.693606,0.047701,-0.046972,-0.235011,1.792879,1.158419,0.259411,-0.444387,-0.099289,0.052167,-1.136668,-1.692580,-0.395503,0.231200,0.196038,-0.010139,0.132773,3
-0.011198,-0.069191,0.001915,0.258808,-0.282197,0.046805,-0.046838,0.036995,0.008490,0.315608,-0.322490,-0.034257,-0.693580,0.047328,-0.046948,-0.235011,1.795432,1.158419,0.261939,-0.445166,-0.099349,0.052143,-1.137974,-1.694294,-0.394209,0.232338,0.197368,-0.009959,0.132378,3
-0.011207,-0.069200,0.001928,0.258825,-0.282189,0.046805,-0.046821,0.036977,0.008464,0.315642,-0.322486,-0.034221,-0.693540,0.046812,-0.046955,-0.235011,1.799435,1.158431,0.267356,-0.446149,-0.099373,0.052119,-1.139999,-1.697050,-0.392196,0.234172,0.199250,-0.009947,0.131874,3
-0.011215,-0.069200,0.001888,0.258868,-0.282202,0.046827,-0.046803,0.036986,0.008464,0.315642,-0.322498,-0.034228,-0.693499,0.046547,-0.046993,-0.235023,1.802167,1.158443,0.269789,-0.447107,-0.099373,0.052083,-1.141330,-1.698812,-0.390794,0.234951,0.200951,-0.010031,0.131551,3
-0.011224,-0.069200,0.001861,0.258876,-0.282193,0.046813,-0.046812,0.036986,0.008464,0.315651,-0.322494,-0.034235,-0.693446,0.046296,-0.047041,-0.235011,1.804960,1.158419,0.272737,-0.447862,-0.099385,0.052036,-1.142816,-1.700574,-0.389140,0.235658,0.202162,-0.010282,0.131251,3
-0.011207,-0.069191,0.001902,0.258902,-0.282189,0.046805,-0.046803,0.036986,0.008450,0.315642,-0.322490,-0.034228,-0.693365,0.046106,-0.047091,-0.235011,1.807380,1.158419,0.275433,-0.448761,-0.099385,0.051952,-1.144194,-1.702191,-0.387534,0.236389,0.203288,-0.010414,0.130976,3
-0.011190,-0.069191,0.001902,0.258893,-0.282185,0.046798,-0.046778,0.036995,0.008437,0.315634,-0.322486,-0.034235,-0.693312,0.045932,-0.047121,-0.234987,1.809813,1.158419,0.277866,-0.449900,-0.099421,0.051856,-1.145728,-1.704049,-0.386072,0.237252,0.204283,-0.010462,0.130808,3
-0.011181,-0.069191,0.001888,0.258893,-0.282185,0.046798,-0.046778,0.036986,0.008437,0.315642,-0.322494,-0.034235,-0.693285,0.045696,-0.047110,-0.234927,1.812090,1.158419,0.280095,-0.451206,-0.099445,0.051724,-1.148233,-1.706086,-0.384909,0.238222,0.205230,-0.010462,0.130724,3
-0.011181,-0.069191,0.001915,0.258902,-0.282198,0.046834,-0.046803,0.036995,0.008437,0.315634,-0.322494,-0.034235,-0.693231,0.045446,-0.047159,-0.234879,1.815326,1.158419,0.282420,-0.452740,-0.099433,0.051568,-1.149767,-1.708998,-0.383987,0.239241,0.206105,-0.010450,0.130676,3
-0.011190,-0.069174,0.001902,0.258927,-0.282202,0.046827,-0.046795,0.036995,0.008437,0.315676,-0.322482,-0.034243,-0.693231,0.045279,-0.047175,-0.234783,1.817495,1.158419,0.284877,-0.454322,-0.099457,0.051400,-1.151133,-1.710628,-0.382872,0.240236,0.206908,-0.010426,0.130688,3
-0.011207,-0.069165,0.001875,0.258936,-0.282202,0.046827,-0.046769,0.036995,0.008383,0.315685,-0.322482,-0.034243,-0.693178,0.045112,-0.047200,-0.234747,1.819592,1.158419,0.288281,-0.455736,-0.099397,0.051221,-1.152511,-1.711899,-0.382141,0.242057,0.207675,-0.010438,0.130712,3
-0.011190,-0.069148,0.001875,0.258953,-0.282202,0.046827,-0.046795,0.037012,0.008357,0.315685,-0.322478,-0.034250,-0.693151,0.044990,-0.047208,-0.234699,1.821714,1.158419,0.290713,-0.457294,-0.099385,0.051053,-1.153901,-1.713025,-0.381362,0.243280,0.208897,-0.010438,0.130772,3
-0.011181,-0.069123,0.001875,0.258944,-0.282202,0.046827,-0.046786,0.037020,0.008343,0.315685,-0.322478,-0.034236,-0.693124,0.044854,-0.047214,-0.234663,1.823847,1.158407,0.293374,-0.458193,-0.099373,0.050933,-1.155183,-1.714200,-0.380679,0.244406,0.209856,-0.010414,0.130868,3
-0.011113,-0.069080,0.001888,0.258953,-0.282219,0.046856,-0.046744,0.037037,0.008290,0.315702,-0.322469,-0.034236,-0.693057,0.044656,-0.047180,-0.234615,1.826987,1.158383,0.296897,-0.459415,-0.099445,0.050693,-1.156562,-1.715889,-0.379612,0.245689,0.211414,-0.010486,0.131024,3
-0.011079,-0.069097,0.001875,0.258953,-0.282210,0.046841,-0.046735,0.037029,0.008290,0.315736,-0.322469,-0.034236,-0.692977,0.044481,-0.047111,-0.234543,1.829072,1.158323,0.298982,-0.460206,-0.099493,0.050609,-1.157113,-1.716860,-0.378869,0.246132,0.212468,-0.010486,0.131083,3
-0.011011,-0.069072,0.001875,0.258944,-0.282210,0.046841,-0.046744,0.037046,0.008263,0.315778,-0.322461,-0.034236,-0.692923,0.044192,-0.046986,-0.234411,1.831109,1.158287,0.301092,-0.460985,-0.099481,0.050537,-1.157389,-1.717627,-0.378126,0.246264,0.213631,-0.010486,0.131131,3
-0.011036,-0.069072,0.001861,0.258953,-0.282202,0.046827,-0.046744,0.037054,0.008236,0.315821,-0.322457,-0.034228,-0.692910,0.043919,-0.046940,-0.234328,1.834117,1.158251,0.303453,-0.461728,-0.099469,0.050478,-1.157353,-1.718418,-0.377479,0.246120,0.214781,-0.010522,0.131179,3
-0.011045,-0.069080,0.001861,0.258953,-0.282202,0.046827,-0.046735,0.037037,0.008209,0.315847,-0.322461,-0.034236,-0.692856,0.043706,-0.046875,-0.234220,1.836095,1.158227,0.305670,-0.462423,-0.099481,0.050454,-1.157281,-1.718670,-0.376832,0.245784,0.216064,-0.010534,0.131215,3
-0.011036,-0.069080,0.001848,0.258936,-0.282202,0.046827,-0.046744,0.037046,0.008182,0.315898,-0.322453,-0.034192,-0.692830,0.043470,-0.046825,-0.234136,1.838048,1.158227,0.308845,-0.463011,-0.099505,0.050430,-1.157161,-1.718766,-0.376568,0.246120,0.217418,-0.010474,0.131227,3
-0.011028,-0.069080,0.001848,0.258936,-0.282202,0.046827,-0.046727,0.037020,0.008156,0.315923,-0.322449,-0.034199,-0.692816,0.043258,-0.046761,-0.234028,1.839906,1.158203,0.311134,-0.463526,-0.099529,0.050418,-1.157077,-1.718694,-0.376460,0.246743,0.218760,-0.010211,0.131179,3
-0.010985,-0.069072,0.001835,0.258944,-0.282189,0.046834,-0.046710,0.037020,0.008129,0.315957,-0.322445,-0.034207,-0.692776,0.043060,-0.046697,-0.233932,1.841739,1.158180,0.313376,-0.464053,-0.099529,0.050418,-1.156945,-1.718622,-0.376484,0.247247,0.220881,-0.009959,0.131083,3
-0.010976,-0.069089,0.001848,0.258953,-0.282193,0.046841,-0.046693,0.037012,0.008102,0.315992,-0.322436,-0.034207,-0.692736,0.042870,-0.046609,-0.233812,1.843477,1.158156,0.315545,-0.464269,-0.099529,0.050418,-1.156741,-1.719137,-0.376592,0.247486,0.222391,-0.009935,0.131024,3
-0.010985,-0.069080,0.001848,0.258953,-0.282210,0.046841,-0.046701,0.037012,0.008049,0.316051,-0.322412,-0.034221,-0.692709,0.042665,-0.046530,-0.233692,1.845167,1.158120,0.317414,-0.464401,-0.099517,0.050394,-1.156550,-1.720168,-0.376772,0.247546,0.223781,-0.010067,0.131048,3
-0.011011,-0.069089,0.001875,0.258962,-0.282210,0.046841,-0.046718,0.036986,0.007982,0.316094,-0.322404,-0.034221,-0.692736,0.042292,-0.046368,-0.233561,1.847743,1.158108,0.319811,-0.464401,-0.099517,0.050274,-1.156310,-1.721678,-0.377168,0.247582,0.225579,-0.010330,0.131215,3
-0.011036,-0.069089,0.001848,0.258970,-0.282206,0.046834,-0.046718,0.036952,0.007928,0.316119,-0.322400,-0.034229,-0.692736,0.042064,-0.046294,-0.233585,1.850368,1.158132,0.321285,-0.464317,-0.099529,0.050250,-1.156286,-1.722852,-0.377431,0.247774,0.226574,-0.010486,0.131347,3
-0.011028,-0.069097,0.001848,0.258970,-0.282202,0.046827,-0.046701,0.036952,0.007848,0.316153,-0.322383,-0.034214,-0.692749,0.041851,-0.046190,-0.233573,1.851926,1.158108,0.322819,-0.464233,-0.099541,0.050274,-1.156286,-1.723499,-0.377863,0.248073,0.227401,-0.010558,0.131479,3
-0.011011,-0.069080,0.001848,0.258987,-0.282202,0.046827,-0.046727,0.036935,0.007794,0.316179,-0.322387,-0.034193,-0.692736,0.041684,-0.046077,-0.233561,1.853460,1.158060,0.324269,-0.464149,-0.099601,0.050286,-1.156298,-1.724123,-0.378150,0.248313,0.227952,-0.010642,0.131563,3
-0.011002,-0.069097,0.001835,0.258987,-0.282202,0.046827,-0.046735,0.036943,0.007767,0.316213,-0.322367,-0.034171,-0.692736,0.041516,-0.045945,-0.233537,1.855042,1.158000,0.326103,-0.464041,-0.099589,0.050298,-1.156310,-1.724590,-0.378366,0.248421,0.228383,-0.010714,0.131563,3
-0.011036,-0.069097,0.001848,0.258979,-0.282214,0.046820,-0.046744,0.036935,0.007714,0.316230,-0.322354,-0.034178,-0.692749,0.041311,-0.045807,-0.233525,1.856576,1.157976,0.327229,-0.463885,-0.099601,0.050262,-1.156286,-1.724985,-0.378582,0.248373,0.228743,-0.010786,0.131527,3
-0.011036,-0.069089,0.001821,0.258987,-0.282231,0.046820,-0.046761,0.036926,0.007714,0.316230,-0.322350,-0.034186,-0.692763,0.041128,-0.045684,-0.233537,1.857918,1.157952,0.328404,-0.463802,-0.099565,0.050226,-1.156298,-1.725225,-0.378737,0.248325,0.228827,-0.010894,0.131443,3
-0.011053,-0.069089,0.001835,0.258962,-0.282243,0.046827,-0.046786,0.036935,0.007700,0.316230,-0.322326,-0.034186,-0.692776,0.040938,-0.045557,-0.233537,1.859128,1.157940,0.329890,-0.463766,-0.099553,0.050262,-1.156322,-1.725285,-0.378905,0.248313,0.228827,-0.010954,0.131371,3
-0.011053,-0.069097,0.001821,0.258936,-0.282239,0.046820,-0.046795,0.036935,0.007687,0.316230,-0.322313,-0.034208,-0.692776,0.040778,-0.045449,-0.233513,1.860147,1.157940,0.331424,-0.463742,-0.099541,0.050286,-1.156358,-1.725165,-0.379085,0.248253,0.228743,-0.011002,0.131251,3
-0.011011,-0.069089,0.001808,0.258893,-0.282243,0.046784,-0.046795,0.036935,0.007660,0.316230,-0.322289,-0.034222,-0.692790,0.040626,-0.045318,-0.233489,1.861633,1.157880,0.333461,-0.463766,-0.099577,0.050274,-1.156466,-1.724949,-0.379504,0.248085,0.228683,-0.011037,0.131036,3
-0.011002,-0.069089,0.001821,0.258868,-0.282243,0.046755,-0.046803,0.036935,0.007647,0.316230,-0.322264,-0.034222,-0.692790,0.040596,-0.045287,-0.233489,1.862064,1.157868,0.334540,-0.463742,-0.099589,0.050238,-1.156478,-1.725165,-0.379804,0.247858,0.228635,-0.011025,0.130892,3
-0.010985,-0.069080,0.001835,0.258834,-0.282243,0.046740,-0.046803,0.036943,0.007620,0.316230,-0.322243,-0.034230,-0.692816,0.040626,-0.045288,-0.233489,1.862412,1.157880,0.335343,-0.463730,-0.099601,0.050214,-1.156490,-1.725453,-0.380355,0.247558,0.228623,-0.011049,0.130748,3
-0.010994,-0.069089,0.001848,0.258817,-0.282251,0.046740,-0.046803,0.036918,0.007647,0.316188,-0.322219,-0.034215,-0.692843,0.040664,-0.045284,-0.233501,1.862652,1.157892,0.336265,-0.463730,-0.099589,0.050214,-1.156502,-1.725633,-0.380823,0.247067,0.228659,-0.011049,0.130628,3
-0.010959,-0.069089,0.001848,0.258800,-0.282255,0.046733,-0.046795,0.036909,0.007647,0.316222,-0.322206,-0.034237,-0.692856,0.040694,-0.045275,-0.233501,1.862867,1.157916,0.336913,-0.463718,-0.099565,0.050214,-1.156502,-1.725621,-0.381266,0.246707,0.228683,-0.011025,0.130520,3
-0.010951,-0.069097,0.001875,0.258800,-0.282263,0.046747,-0.046786,0.036892,0.007647,0.316230,-0.322186,-0.034259,-0.692870,0.040725,-0.045275,-0.233537,1.863119,1.157916,0.337644,-0.463706,-0.099457,0.050262,-1.156478,-1.725477,-0.381698,0.246288,0.228695,-0.011037,0.130436,3
-0.010934,-0.069097,0.001875,0.258808,-0.282272,0.046747,-0.046786,0.036875,0.007647,0.316230,-0.322177,-0.034259,-0.692897,0.040740,-0.045266,-0.233537,1.863479,1.157940,0.338435,-0.463706,-0.099433,0.050322,-1.156442,-1.725345,-0.382177,0.245772,0.228707,-0.011049,0.130316,3
-0.010951,-0.069097,0.001902,0.258825,-0.282276,0.046769,-0.046786,0.036858,0.007647,0.316230,-0.322161,-0.034259,-0.692883,0.040763,-0.045251,-0.233561,1.863934,1.157940,0.339237,-0.463682,-0.099469,0.050346,-1.156418,-1.725249,-0.382632,0.245209,0.228695,-0.011037,0.130269,3
-0.010959,-0.069114,0.001928,0.258842,-0.282276,0.046769,-0.046795,0.036816,0.007620,0.316239,-0.322149,-0.034266,-0.692883,0.040785,-0.045237,-0.233561,1.864665,1.157940,0.340064,-0.463646,-0.099529,0.050334,-1.156442,-1.725165,-0.383028,0.244658,0.228707,-0.011049,0.130209,3
-0.010959,-0.069148,0.001955,0.258876,-0.282272,0.046776,-0.046786,0.036781,0.007647,0.316230,-0.322140,-0.034266,-0.692897,0.040831,-0.045208,-0.233585,1.865084,1.157952,0.340843,-0.463598,-0.099601,0.050346,-1.156406,-1.725105,-0.383399,0.244179,0.228707,-0.011037,0.130197,3
-0.010951,-0.069174,0.001969,0.258927,-0.282247,0.046791,-0.046769,0.036756,0.007647,0.316222,-0.322099,-0.034267,-0.692883,0.040846,-0.045199,-0.233597,1.865468,1.157976,0.341634,-0.463514,-0.099685,0.050346,-1.156394,-1.725009,-0.384011,0.243807,0.228695,-0.011049,0.130173,3
-0.010942,-0.069208,0.001969,0.258944,-0.282235,0.046784,-0.046735,0.036705,0.007647,0.316230,-0.322070,-0.034274,-0.692910,0.040876,-0.045180,-0.233644,1.865899,1.158024,0.343216,-0.463394,-0.099733,0.050346,-1.156370,-1.724902,-0.384634,0.243280,0.228671,-0.011061,0.130161,3
-0.010959,-0.069234,0.002009,0.258979,-0.282226,0.046784,-0.046718,0.036654,0.007647,0.316230,-0.322054,-0.034260,-0.692910,0.040907,-0.045161,-0.233644,1.866127,1.158024,0.344031,-0.463358,-0.099769,0.050346,-1.156322,-1.724806,-0.385065,0.243112,0.228671,-0.011061,0.130173,3
-0.010942,-0.069276,0.002036,0.259004,-0.282239,0.046791,-0.046701,0.036611,0.007660,0.316247,-0.322033,-0.034252,-0.692923,0.040937,-0.045161,-0.233692,1.866283,1.158072,0.344786,-0.463310,-0.099757,0.050346,-1.156250,-1.724782,-0.385509,0.243028,0.228695,-0.011073,0.130173,3
-0.010934,-0.069310,0.002076,0.259013,-0.282239,0.046791,-0.046693,0.036585,0.007687,0.316256,-0.322021,-0.034245,-0.692923,0.040945,-0.045147,-0.233716,1.866379,1.158072,0.345457,-0.463274,-0.099757,0.050334,-1.156202,-1.724734,-0.385976,0.243028,0.228671,-0.011061,0.130161,3
-0.010942,-0.069344,0.002089,0.259047,-0.282235,0.046812,-0.046693,0.036560,0.007687,0.316290,-0.322000,-0.034238,-0.692937,0.040952,-0.045132,-0.233764,1.866475,1.158096,0.346116,-0.463274,-0.099769,0.050346,-1.156094,-1.724746,-0.386479,0.243136,0.228683,-0.011049,0.130173,3
-0.010976,-0.069413,0.002156,0.259047,-0.282218,0.046827,-0.046684,0.036492,0.007700,0.316281,-0.321971,-0.034216,-0.692923,0.040952,-0.045132,-0.233776,1.866523,1.158108,0.346608,-0.463250,-0.099829,0.050322,-1.156070,-1.724770,-0.386971,0.243268,0.228671,-0.011049,0.130149,3
-0.010968,-0.069455,0.002223,0.259081,-0.282218,0.046827,-0.046684,0.036483,0.007714,0.316298,-0.321959,-0.034195,-0.692937,0.040952,-0.045132,-0.233788,1.866523,1.158120,0.346740,-0.463262,-0.100032,0.050334,-1.155998,-1.724806,-0.387642,0.243412,0.228683,-0.011037,0.130173,3
-0.010976,-0.069506,0.002290,0.259098,-0.282218,0.046827,-0.046676,0.036424,0.007714,0.316315,-0.321938,-0.034173,-0.692923,0.040952,-0.045132,-0.233788,1.866511,1.158084,0.346680,-0.463238,-0.100344,0.050298,-1.155974,-1.724806,-0.387989,0.243555,0.228671,-0.011073,0.130137,3
-0.011002,-0.069566,0.002330,0.259081,-0.282206,0.046820,-0.046659,0.036406,0.007714,0.316366,-0.321917,-0.034122,-0.692923,0.040945,-0.045147,-0.233776,1.866439,1.158108,0.346572,-0.463262,-0.100799,0.050250,-1.155938,-1.724794,-0.388373,0.243639,0.228671,-0.011085,0.130161,3
-0.011011,-0.069617,0.002370,0.259106,-0.282210,0.046827,-0.046650,0.036372,0.007714,0.316392,-0.321888,-0.034086,-0.692923,0.040952,-0.045132,-0.233764,1.866439,1.158096,0.346620,-0.463250,-0.101075,0.050238,-1.155926,-1.724758,-0.388469,0.243579,0.228647,-0.011073,0.130161,3
-0.011045,-0.069651,0.002384,0.259098,-0.282218,0.046827,-0.046624,0.036355,0.007714,0.316435,-0.321872,-0.034043,-0.692923,0.040945,-0.045137,-0.233752,1.866403,1.158096,0.346656,-0.463274,-0.101231,0.050262,-1.155914,-1.724746,-0.388469,0.243483,0.228659,-0.011085,0.130161,3
-0.011087,-0.069711,0.002411,0.259081,-0.282214,0.046834,-0.046616,0.036330,0.007727,0.316469,-0.321855,-0.034014,-0.692923,0.040952,-0.045132,-0.233752,1.866379,1.158096,0.346620,-0.463274,-0.101399,0.050238,-1.155914,-1.724698,-0.388361,0.243376,0.228647,-0.011085,0.130173,3
-0.011138,-0.069754,0.002397,0.259055,-0.282219,0.046856,-0.046599,0.036287,0.007727,0.316469,-0.321834,-0.033978,-0.692923,0.040968,-0.045132,-0.233752,1.866379,1.158096,0.346464,-0.463274,-0.101566,0.050238,-1.155926,-1.724698,-0.388253,0.243256,0.228671,-0.011097,0.130161,3
-0.011155,-0.069796,0.002411,0.259081,-0.282214,0.046849,-0.046573,0.036279,0.007714,0.316494,-0.321810,-0.033934,-0.692923,0.040990,-0.045128,-0.233728,1.866403,1.158072,0.346236,-0.463250,-0.101758,0.050226,-1.155950,-1.724758,-0.388181,0.243040,0.228623,-0.011109,0.130149,3
-0.011198,-0.069907,0.002437,0.259072,-0.282214,0.046849,-0.046556,0.036253,0.007727,0.316511,-0.321789,-0.033913,-0.692923,0.040983,-0.045133,-0.233716,1.866403,1.158072,0.345997,-0.463250,-0.101926,0.050202,-1.155974,-1.724794,-0.388181,0.242788,0.228647,-0.011121,0.130161,3
-0.011224,-0.069967,0.002451,0.259064,-0.282223,0.046863,-0.046531,0.036245,0.007714,0.316528,-0.321772,-0.033869,-0.692923,0.040983,-0.045133,-0.233692,1.866331,1.158072,0.345745,-0.463250,-0.102058,0.050202,-1.155962,-1.724758,-0.388313,0.242549,0.228635,-0.011181,0.130149,3
-0.011283,-0.070043,0.002478,0.259072,-0.282210,0.046870,-0.046514,0.036228,0.007727,0.316563,-0.321747,-0.033826,-0.692923,0.041005,-0.045108,-0.233668,1.865827,1.158024,0.345182,-0.463238,-0.102249,0.050226,-1.155950,-1.724482,-0.388421,0.242285,0.228647,-0.011313,0.130149,3
-0.011292,-0.070069,0.002504,0.259081,-0.282219,0.046856,-0.046488,0.036219,0.007714,0.316580,-0.321739,-0.033811,-0.692923,0.041013,-0.045113,-0.233644,1.865540,1.158024,0.345038,-0.463238,-0.102285,0.050190,-1.155950,-1.724338,-0.388445,0.242261,0.228647,-0.011385,0.130149,3
-0.011317,-0.070120,0.002504,0.259081,-0.282214,0.046849,-0.046497,0.036228,0.007714,0.316563,-0.321727,-0.033775,-0.692950,0.041036,-0.045099,-0.233608,1.864833,1.158000,0.344654,-0.463238,-0.102441,0.050226,-1.155938,-1.723967,-0.388433,0.242213,0.228683,-0.011733,0.130149,3
-0.011343,-0.070197,0.002571,0.259098,-0.282210,0.046870,-0.046463,0.036202,0.007714,0.316571,-0.321702,-0.033717,-0.692923,0.041059,-0.045085,-0.233585,1.863646,1.157976,0.344091,-0.463238,-0.102489,0.050202,-1.155938,-1.723272,-0.388337,0.242165,0.228707,-0.012056,0.130137,3
-0.011369,-0.070248,0.002585,0.259098,-0.282210,0.046841,-0.046420,0.036202,0.007700,0.316597,-0.321681,-0.033681,-0.692923,0.041059,-0.045075,-0.233561,1.862831,1.157952,0.343636,-0.463238,-0.102489,0.050202,-1.155938,-1.722780,-0.388301,0.242177,0.228707,-0.012428,0.130149,3
-0.011369,-0.070290,0.002571,0.259089,-0.282210,0.046841,-0.046403,0.036193,0.007714,0.316614,-0.321673,-0.033652,-0.692923,0.041074,-0.045075,-0.233549,1.862005,1.157940,0.343156,-0.463238,-0.102501,0.050190,-1.155938,-1.722301,-0.388277,0.242117,0.228719,-0.012847,0.130137,3
-0.011394,-0.070367,0.002611,0.259098,-0.282202,0.046856,-0.046394,0.036202,0.007714,0.316648,-0.321644,-0.033616,-0.692923,0.041089,-0.045085,-0.233513,1.860686,1.157892,0.342701,-0.463226,-0.102489,0.050202,-1.155926,-1.721630,-0.388265,0.242093,0.228731,-0.013207,0.130149,3
-0.011403,-0.070401,0.002665,0.259089,-0.282210,0.046841,-0.046377,0.036202,0.007714,0.316656,-0.321623,-0.033580,-0.692923,0.041081,-0.045090,-0.233489,1.859715,1.157868,0.342210,-0.463238,-0.102489,0.050202,-1.155926,-1.721102,-0.388301,0.242081,0.228743,-0.013602,0.130149,3
-0.011428,-0.070452,0.002678,0.259081,-0.282210,0.046841,-0.046352,0.036193,0.007714,0.316665,-0.321598,-0.033522,-0.692923,0.041104,-0.045096,-0.233465,1.858721,1.157844,0.341407,-0.463238,-0.102501,0.050202,-1.155926,-1.720575,-0.388313,0.242069,0.228731,-0.014022,0.130125,3
-0.011420,-0.070495,0.002719,0.259115,-0.282202,0.046827,-0.046318,0.036193,0.007714,0.316665,-0.321578,-0.033471,-0.692910,0.041112,-0.045101,-0.233441,1.857702,1.157820,0.340819,-0.463226,-0.102501,0.050190,-1.155903,-1.720024,-0.388313,0.242069,0.228731,-0.014489,0.130125,3
-0.011428,-0.070529,0.002759,0.259115,-0.282206,0.046834,-0.046284,0.036193,0.007741,0.316673,-0.321553,-0.033428,-0.692910,0.041119,-0.045116,-0.233429,1.856719,1.157796,0.340220,-0.463214,-0.102513,0.050202,-1.155914,-1.719413,-0.388301,0.242069,0.228743,-0.014920,0.130125,3
-0.011437,-0.070606,0.002799,0.259123,-0.282206,0.046863,-0.046250,0.036193,0.007714,0.316673,-0.321482,-0.033334,-0.692910,0.041150,-0.045146,-0.233381,1.855269,1.157760,0.339273,-0.463154,-0.102537,0.050202,-1.155914,-1.718526,-0.388301,0.242057,0.228743,-0.015783,0.130101,3
-0.011445,-0.070640,0.002839,0.259123,-0.282210,0.046841,-0.046224,0.036193,0.007714,0.316665,-0.321449,-0.033276,-0.692910,0.041180,-0.045157,-0.233369,1.854299,1.157724,0.338710,-0.463046,-0.102513,0.050190,-1.155914,-1.717831,-0.388265,0.242045,0.228731,-0.016191,0.130101,3
-0.011445,-0.070682,0.002866,0.259115,-0.282219,0.046856,-0.046181,0.036210,0.007714,0.316682,-0.321408,-0.033189,-0.692897,0.041203,-0.045142,-0.233345,1.853280,1.157700,0.338159,-0.462963,-0.102513,0.050202,-1.155914,-1.717076,-0.388265,0.242033,0.228743,-0.016634,0.130101,3
-0.011428,-0.070742,0.002866,0.259132,-0.282223,0.046863,-0.046156,0.036193,0.007727,0.316707,-0.321375,-0.033102,-0.692897,0.041226,-0.045148,-0.233333,1.851614,1.157664,0.337572,-0.462891,-0.102513,0.050202,-1.155903,-1.715913,-0.388265,0.242021,0.228731,-0.017006,0.130089,3
-0.011411,-0.070785,0.002919,0.259158,-0.282219,0.046856,-0.046113,0.036202,0.007714,0.316673,-0.321329,-0.033023,-0.692897,0.041211,-0.045138,-0.233321,1.850440,1.157628,0.336948,-0.462807,-0.102525,0.050190,-1.155914,-1.715194,-0.388277,0.242021,0.228731,-0.017329,0.130101,3
-0.011411,-0.070827,0.002960,0.259166,-0.282206,0.046863,-0.046088,0.036193,0.007714,0.316682,-0.321283,-0.032943,-0.692910,0.041195,-0.045147,-0.233321,1.849265,1.157592,0.335798,-0.462723,-0.102525,0.050190,-1.155890,-1.714475,-0.388289,0.241997,0.228743,-0.017629,0.130101,3
-0.011403,-0.070870,0.003027,0.259192,-0.282202,0.046856,-0.046062,0.036202,0.007727,0.316707,-0.321230,-0.032878,-0.692910,0.041211,-0.045147,-0.233321,1.848163,1.157568,0.334887,-0.462639,-0.102513,0.050202,-1.155903,-1.713840,-0.388301,0.241962,0.228731,-0.017928,0.130101,3
-0.011394,-0.070921,0.003053,0.259183,-0.282202,0.046856,-0.046045,0.036202,0.007727,0.316716,-0.321172,-0.032777,-0.692897,0.041218,-0.045153,-0.233309,1.847036,1.157568,0.333916,-0.462603,-0.102501,0.050214,-1.155903,-1.713181,-0.388313,0.241950,0.228719,-0.018264,0.130089,3
-0.011394,-0.070947,0.003040,0.259183,-0.282198,0.046863,-0.046045,0.036202,0.007714,0.316716,-0.321126,-0.032668,-0.692897,0.041256,-0.045168,-0.233309,1.845898,1.157568,0.332946,-0.462567,-0.102477,0.050214,-1.155903,-1.712438,-0.388313,0.241926,0.228731,-0.018456,0.130053,3
-0.011394,-0.070981,0.003067,0.259175,-0.282198,0.046863,-0.046045,0.036210,0.007714,0.316716,-0.321076,-0.032581,-0.692897,0.041279,-0.045203,-0.233309,1.844735,1.157568,0.332023,-0.462567,-0.102477,0.050238,-1.155890,-1.711623,-0.388313,0.241950,0.228707,-0.018600,0.130029,3
-0.011403,-0.071032,0.003067,0.259149,-0.282202,0.046899,-0.046054,0.036202,0.007741,0.316707,-0.320989,-0.032444,-0.692923,0.041340,-0.045244,-0.233321,1.841907,1.157580,0.330693,-0.462543,-0.102489,0.050250,-1.155795,-1.709658,-0.388337,0.241926,0.228707,-0.018779,0.129945,3
-0.011411,-0.071040,0.003040,0.259149,-0.282186,0.046928,-0.046062,0.036210,0.007741,0.316673,-0.320936,-0.032350,-0.692923,0.041386,-0.045265,-0.233309,1.840481,1.157580,0.330010,-0.462519,-0.102477,0.050238,-1.155555,-1.708567,-0.388277,0.241938,0.228695,-0.018827,0.129921,3
-0.011428,-0.071074,0.003027,0.259140,-0.282169,0.046943,-0.046062,0.036210,0.007754,0.316690,-0.320890,-0.032256,-0.692910,0.041462,-0.045306,-0.233309,1.838983,1.157592,0.329183,-0.462459,-0.102477,0.050226,-1.155255,-1.707500,-0.388169,0.241962,0.228671,-0.018815,0.129921,3
-0.011454,-0.071074,0.003027,0.259149,-0.282140,0.046964,-0.046079,0.036193,0.007767,0.316699,-0.320840,-0.032169,-0.692923,0.041507,-0.045347,-0.233321,1.837533,1.157604,0.328595,-0.462399,-0.102513,0.050214,-1.154800,-1.706566,-0.388085,0.241962,0.228635,-0.018743,0.129957,3
-0.011454,-0.071091,0.003027,0.259149,-0.282099,0.047036,-0.046071,0.036202,0.007781,0.316665,-0.320799,-0.032097,-0.692923,0.041568,-0.045378,-0.233345,1.836047,1.157640,0.327805,-0.462303,-0.102585,0.050238,-1.154297,-1.705787,-0.388037,0.241985,0.228599,-0.018695,0.130005,3
-0.011445,-0.071091,0.003040,0.259123,-0.282079,0.047073,-0.046054,0.036193,0.007767,0.316665,-0.320720,-0.031959,-0.692964,0.041599,-0.045408,-0.233369,1.834549,1.157664,0.326858,-0.462244,-0.102956,0.050238,-1.153769,-1.705092,-0.387989,0.242009,0.228563,-0.018588,0.130017,3
-0.011437,-0.071091,0.003053,0.259132,-0.282062,0.047116,-0.046028,0.036210,0.007781,0.316648,-0.320679,-0.031902,-0.692923,0.041637,-0.045424,-0.233405,1.833099,1.157712,0.325815,-0.462160,-0.103256,0.050238,-1.153350,-1.704325,-0.388037,0.242033,0.228563,-0.018516,0.129945,3
-0.011394,-0.071091,0.003053,0.259140,-0.282059,0.047152,-0.046028,0.036202,0.007794,0.316648,-0.320637,-0.031815,-0.692910,0.041659,-0.045439,-0.233441,1.831744,1.157712,0.324677,-0.462100,-0.103484,0.050274,-1.152811,-1.703354,-0.388037,0.242117,0.228551,-0.018456,0.129825,3
-0.011394,-0.071091,0.003067,0.259140,-0.282046,0.047159,-0.046011,0.036219,0.007794,0.316673,-0.320600,-0.031750,-0.692923,0.041675,-0.045449,-0.233465,1.830270,1.157712,0.323622,-0.462052,-0.103652,0.050334,-1.152511,-1.702275,-0.388061,0.242189,0.228539,-0.018396,0.129705,3
-0.011411,-0.071074,0.003000,0.259166,-0.282050,0.047167,-0.046036,0.036193,0.007834,0.316682,-0.320546,-0.031656,-0.692910,0.041766,-0.045471,-0.233477,1.826867,1.157736,0.322172,-0.461992,-0.103819,0.050406,-1.152199,-1.700286,-0.388061,0.242357,0.228455,-0.018312,0.129537,3
-0.011462,-0.071091,0.003013,0.259175,-0.282059,0.047152,-0.046036,0.036193,0.007821,0.316673,-0.320509,-0.031576,-0.692910,0.041857,-0.045493,-0.233525,1.825189,1.157784,0.321297,-0.461956,-0.103891,0.050394,-1.152008,-1.699231,-0.388037,0.242477,0.228383,-0.018252,0.129478,3
-0.011479,-0.071091,0.003027,0.259140,-0.282059,0.047138,-0.046036,0.036193,0.007821,0.316639,-0.320480,-0.031540,-0.692910,0.042001,-0.045521,-0.233597,1.823547,1.157868,0.320051,-0.461872,-0.103951,0.050382,-1.151852,-1.698153,-0.388013,0.242681,0.228323,-0.018204,0.129466,3
-0.011505,-0.071100,0.003040,0.259166,-0.282058,0.047123,-0.046045,0.036202,0.007834,0.316639,-0.320443,-0.031489,-0.692897,0.042153,-0.045524,-0.233680,1.821749,1.157952,0.318948,-0.461752,-0.104083,0.050370,-1.151732,-1.696906,-0.388013,0.242872,0.228180,-0.018144,0.129478,3
-0.011522,-0.071091,0.003040,0.259175,-0.282059,0.047138,-0.046036,0.036202,0.007834,0.316639,-0.320397,-0.031395,-0.692897,0.042320,-0.045508,-0.233752,1.820024,1.158036,0.317774,-0.461656,-0.104443,0.050382,-1.151612,-1.695756,-0.388013,0.243004,0.228060,-0.018024,0.129502,3
-0.011513,-0.071091,0.003067,0.259166,-0.282046,0.047116,-0.046028,0.036202,0.007834,0.316648,-0.320360,-0.031345,-0.692910,0.042510,-0.045458,-0.233788,1.818346,1.158108,0.316455,-0.461560,-0.104670,0.050370,-1.151576,-1.694581,-0.388013,0.243100,0.227988,-0.017964,0.129502,3
-0.011530,-0.071109,0.003080,0.259166,-0.282046,0.047116,-0.046045,0.036202,0.007861,0.316648,-0.320335,-0.031272,-0.692923,0.042669,-0.045388,-0.233824,1.816668,1.158156,0.315137,-0.461465,-0.104886,0.050382,-1.151540,-1.693419,-0.388013,0.243160,0.227892,-0.017916,0.129490,3
-0.011513,-0.071109,0.003067,0.259166,-0.282037,0.047116,-0.046036,0.036193,0.007834,0.316656,-0.320306,-0.031222,-0.692910,0.042882,-0.045304,-0.233860,1.814919,1.158203,0.313783,-0.461357,-0.105054,0.050394,-1.151564,-1.692268,-0.388013,0.243124,0.227796,-0.017892,0.129478,3
-0.011505,-0.071109,0.003067,0.259166,-0.282033,0.047109,-0.046036,0.036193,0.007834,0.316656,-0.320281,-0.031164,-0.692910,0.043208,-0.045148,-0.233908,1.812078,1.158287,0.312417,-0.461237,-0.105233,0.050418,-1.151540,-1.690351,-0.388013,0.243088,0.227676,-0.017868,0.129478,3
-0.011513,-0.071091,0.003040,0.259166,-0.282033,0.047109,-0.046036,0.036193,0.007848,0.316673,-0.320256,-0.031120,-0.692897,0.043428,-0.045060,-0.233932,1.810113,1.158419,0.311230,-0.461117,-0.105425,0.050418,-1.151552,-1.688961,-0.388037,0.243016,0.227556,-0.017892,0.129466,3
-0.011522,-0.071100,0.003040,0.259158,-0.282046,0.047130,-0.046028,0.036193,0.007848,0.316656,-0.320219,-0.031084,-0.692897,0.043785,-0.044945,-0.233992,1.807177,1.158575,0.309469,-0.460913,-0.105677,0.050454,-1.151552,-1.686408,-0.388037,0.242980,0.227377,-0.017928,0.129490,3
-0.011530,-0.071091,0.003053,0.259149,-0.282054,0.047130,-0.046036,0.036193,0.007834,0.316673,-0.320198,-0.031019,-0.692897,0.043959,-0.044904,-0.234028,1.805319,1.158659,0.308510,-0.460662,-0.105905,0.050454,-1.151576,-1.684682,-0.388013,0.242992,0.227161,-0.017964,0.129478,3
-0.011530,-0.071091,0.003040,0.259158,-0.282042,0.047123,-0.046045,0.036185,0.007848,0.316665,-0.320165,-0.030976,-0.692923,0.044126,-0.044879,-0.234052,1.803414,1.158683,0.307264,-0.460458,-0.106612,0.050430,-1.151552,-1.683220,-0.387989,0.243004,0.227017,-0.018012,0.129490,3
-0.011505,-0.071091,0.003080,0.259149,-0.282046,0.047102,-0.046028,0.036202,0.007848,0.316665,-0.320148,-0.030932,-0.692897,0.044286,-0.044878,-0.234052,1.801592,1.158719,0.305921,-0.460242,-0.107271,0.050370,-1.151564,-1.682022,-0.387965,0.243016,0.226885,-0.018072,0.129490,3
-0.011513,-0.071109,0.003053,0.259140,-0.282033,0.047094,-0.046045,0.036193,0.007834,0.316682,-0.320124,-0.030903,-0.692923,0.044475,-0.044897,-0.234052,1.799842,1.158719,0.304603,-0.460026,-0.107930,0.050406,-1.151564,-1.680812,-0.387941,0.243028,0.226789,-0.018156,0.129490,3
-0.011496,-0.071109,0.003067,0.259140,-0.282029,0.047087,-0.046028,0.036185,0.007848,0.316699,-0.320103,-0.030867,-0.692910,0.044650,-0.044827,-0.234052,1.797002,1.158707,0.303297,-0.459799,-0.108589,0.050418,-1.151576,-1.678259,-0.387929,0.243028,0.226658,-0.018216,0.129430,3
-0.011513,-0.071109,0.003053,0.259132,-0.282037,0.047102,-0.046036,0.036185,0.007861,0.316699,-0.320107,-0.030845,-0.692910,0.044779,-0.044776,-0.234064,1.795085,1.158695,0.302158,-0.459583,-0.109212,0.050454,-1.151540,-1.676329,-0.387905,0.243040,0.226574,-0.018288,0.129382,3
-0.011496,-0.071109,0.003053,0.259132,-0.282050,0.047109,-0.046028,0.036193,0.007848,0.316707,-0.320091,-0.030845,-0.692910,0.044931,-0.044710,-0.234076,1.793023,1.158707,0.300876,-0.459331,-0.109883,0.050549,-1.151516,-1.674400,-0.387929,0.243064,0.226514,-0.018360,0.129346,3
-0.011496,-0.071109,0.003053,0.259123,-0.282054,0.047130,-0.046054,0.036202,0.007834,0.316699,-0.320095,-0.030824,-0.692923,0.045082,-0.044654,-0.234076,1.790890,1.158707,0.300049,-0.459068,-0.110519,0.050573,-1.151492,-1.672746,-0.387941,0.243052,0.226478,-0.018456,0.129358,3
-0.011530,-0.071091,0.003040,0.259123,-0.282063,0.047145,-0.046054,0.036193,0.007848,0.316682,-0.320090,-0.030816,-0.692923,0.045325,-0.044611,-0.234088,1.787690,1.158695,0.298443,-0.458457,-0.111957,0.050525,-1.151480,-1.670397,-0.387953,0.243028,0.226466,-0.018659,0.129370,3
-0.011547,-0.071100,0.003080,0.259123,-0.282063,0.047145,-0.046071,0.036193,0.007848,0.316665,-0.320099,-0.030831,-0.692923,0.045469,-0.044599,-0.234088,1.785605,1.158683,0.297173,-0.458085,-0.112760,0.050490,-1.151480,-1.668600,-0.387989,0.242992,0.226466,-0.018827,0.129358,3
-0.011522,-0.071091,0.003067,0.259115,-0.282046,0.047130,-0.046062,0.036193,0.007848,0.316682,-0.320095,-0.030824,-0.692923,0.045606,-0.044613,-0.234100,1.783472,1.158695,0.295675,-0.457642,-0.113503,0.050502,-1.151504,-1.666622,-0.388013,0.243028,0.226454,-0.018923,0.129358,3
-0.011530,-0.071091,0.003067,0.259115,-0.282046,0.047116,-0.046062,0.036193,0.007861,0.316673,-0.320099,-0.030831,-0.692950,0.045766,-0.044611,-0.234100,1.781351,1.158695,0.294033,-0.457066,-0.114198,0.050537,-1.151492,-1.664477,-0.388037,0.243040,0.226454,-0.019091,0.129310,3
-0.011530,-0.071091,0.003053,0.259098,-0.282042,0.047109,-0.046062,0.036210,0.007834,0.316690,-0.320095,-0.030838,-0.692923,0.045940,-0.044571,-0.234112,1.778259,1.158695,0.292379,-0.456371,-0.114797,0.050585,-1.151492,-1.661445,-0.388013,0.243064,0.226430,-0.019223,0.129250,3
-0.011530,-0.071083,0.003053,0.259115,-0.282042,0.047109,-0.046079,0.036193,0.007861,0.316656,-0.320099,-0.030845,-0.692937,0.046092,-0.044535,-0.234136,1.776293,1.158707,0.290809,-0.455520,-0.115384,0.050633,-1.151468,-1.659743,-0.388001,0.243088,0.226418,-0.019367,0.129202,3
-0.011556,-0.071109,0.003027,0.259123,-0.282042,0.047109,-0.046096,0.036202,0.007848,0.316665,-0.320095,-0.030838,-0.692923,0.046259,-0.044500,-0.234136,1.774196,1.158707,0.289491,-0.454550,-0.115947,0.050669,-1.151492,-1.657658,-0.387977,0.243136,0.226394,-0.019546,0.129166,3
-0.011539,-0.071109,0.003040,0.259123,-0.282037,0.047102,-0.046079,0.036193,0.007834,0.316639,-0.320082,-0.030831,-0.692923,0.046388,-0.044488,-0.234136,1.772075,1.158695,0.287933,-0.453507,-0.116523,0.050693,-1.151468,-1.655489,-0.387977,0.243448,0.226346,-0.019642,0.129106,3
-0.011556,-0.071109,0.003040,0.259106,-0.282046,0.047116,-0.046088,0.036176,0.007834,0.316614,-0.320082,-0.030816,-0.692923,0.046593,-0.044409,-0.234124,1.768216,1.158695,0.286375,-0.451626,-0.117541,0.050777,-1.151420,-1.652205,-0.387977,0.244023,0.226250,-0.019678,0.129046,3
-0.011565,-0.071126,0.003067,0.259115,-0.282050,0.047123,-0.046096,0.036176,0.007834,0.316597,-0.320086,-0.030824,-0.692923,0.046714,-0.044353,-0.234124,1.765747,1.158707,0.284937,-0.450906,-0.118752,0.050765,-1.151348,-1.649952,-0.387977,0.244358,0.226166,-0.019678,0.129046,3
-0.011573,-0.071117,0.003053,0.259115,-0.282046,0.047130,-0.046096,0.036168,0.007848,0.316614,-0.320082,-0.030802,-0.692923,0.046843,-0.044302,-0.234136,1.763266,1.158695,0.283319,-0.450379,-0.119746,0.050669,-1.151277,-1.647627,-0.388001,0.244550,0.226058,-0.019714,0.129046,3
-0.011590,-0.071126,0.003027,0.259115,-0.282046,0.047130,-0.046088,0.036142,0.007834,0.316614,-0.320086,-0.030809,-0.692910,0.047033,-0.044282,-0.234136,1.760726,1.158707,0.281737,-0.450068,-0.120753,0.050609,-1.151229,-1.645302,-0.388001,0.244670,0.225963,-0.019750,0.129058,3
-0.011582,-0.071109,0.003027,0.259123,-0.282046,0.047116,-0.046079,0.036125,0.007848,0.316614,-0.320090,-0.030831,-0.692923,0.047192,-0.044252,-0.234136,1.757478,1.158695,0.280299,-0.449936,-0.121736,0.050585,-1.151241,-1.643097,-0.387989,0.244730,0.225879,-0.019798,0.129058,3
-0.011599,-0.071126,0.003053,0.259115,-0.282029,0.047130,-0.046079,0.036074,0.007834,0.316605,-0.320095,-0.030824,-0.692910,0.047374,-0.044167,-0.234136,1.755429,1.158695,0.279017,-0.449972,-0.122766,0.050561,-1.151265,-1.639885,-0.387977,0.244778,0.225747,-0.019786,0.129058,3
-0.011582,-0.071126,0.003067,0.259123,-0.282025,0.047152,-0.046079,0.036014,0.007848,0.316597,-0.320082,-0.030802,-0.692923,0.047503,-0.044106,-0.234148,1.753427,1.158731,0.277770,-0.450128,-0.123833,0.050549,-1.151241,-1.637584,-0.387989,0.244826,0.225639,-0.019798,0.129034,3
-0.011582,-0.071117,0.003027,0.259115,-0.282013,0.047203,-0.046071,0.036006,0.007834,0.316614,-0.320086,-0.030824,-0.692897,0.047632,-0.044055,-0.234136,1.751162,1.158719,0.275913,-0.450319,-0.124924,0.050549,-1.151217,-1.634900,-0.388013,0.244898,0.225495,-0.019786,0.128998,3
-0.011590,-0.071126,0.003027,0.259123,-0.282009,0.047210,-0.046071,0.035955,0.007834,0.316622,-0.320078,-0.030809,-0.692910,0.047723,-0.044008,-0.234136,1.748466,1.158755,0.274535,-0.450607,-0.126038,0.050549,-1.151169,-1.632515,-0.388025,0.244910,0.225267,-0.019798,0.128950,3
-0.011565,-0.071126,0.003040,0.259115,-0.282005,0.047203,-0.046071,0.035912,0.007834,0.316614,-0.320074,-0.030802,-0.692923,0.047814,-0.043971,-0.234136,1.745626,1.158791,0.273073,-0.450727,-0.127560,0.050549,-1.151121,-1.629819,-0.388061,0.244922,0.225076,-0.019786,0.128950,3
-0.011599,-0.071126,0.003053,0.259115,-0.282005,0.047203,-0.046062,0.035904,0.007834,0.316639,-0.320086,-0.030795,-0.692897,0.047897,-0.043929,-0.234136,1.742642,1.158803,0.271670,-0.450763,-0.128567,0.050525,-1.151097,-1.627182,-0.388205,0.244934,0.224800,-0.019798,0.128950,3
-0.011590,-0.071109,0.003067,0.259140,-0.282001,0.047210,-0.046071,0.035827,0.007834,0.316648,-0.320086,-0.030824,-0.692897,0.048102,-0.043909,-0.234148,1.738171,1.158803,0.269765,-0.450727,-0.129945,0.050442,-1.151265,-1.623647,-0.388744,0.244970,0.224237,-0.019834,0.128890,3
-0.011582,-0.071109,0.003053,0.259123,-0.281997,0.047217,-0.046071,0.035793,0.007848,0.316639,-0.320091,-0.030845,-0.692897,0.048246,-0.043869,-0.234160,1.734432,1.158827,0.268363,-0.450667,-0.130928,0.050430,-1.151301,-1.620291,-0.389188,0.245041,0.223853,-0.019858,0.128782,3
-0.011616,-0.071109,0.003067,0.259123,-0.281984,0.047224,-0.046054,0.035767,0.007848,0.316622,-0.320090,-0.030816,-0.692883,0.048443,-0.043805,-0.234160,1.732287,1.158851,0.266853,-0.450595,-0.132030,0.050394,-1.151265,-1.617451,-0.389619,0.245113,0.223422,-0.019882,0.128675,3
-0.011616,-0.071109,0.003053,0.259123,-0.281980,0.047246,-0.046071,0.035750,0.007848,0.316631,-0.320086,-0.030824,-0.692856,0.048572,-0.043734,-0.234160,1.730190,1.158887,0.265187,-0.450511,-0.133109,0.050358,-1.151229,-1.614623,-0.390099,0.245197,0.223038,-0.019918,0.128579,3
-0.011624,-0.071117,0.003053,0.259132,-0.281976,0.047282,-0.046071,0.035725,0.007834,0.316614,-0.320095,-0.030809,-0.692830,0.048708,-0.043658,-0.234172,1.728129,1.158923,0.262526,-0.450499,-0.134032,0.050334,-1.151217,-1.611950,-0.390374,0.245245,0.222643,-0.019966,0.128495,3
-0.011641,-0.071126,0.003027,0.259123,-0.281948,0.047318,-0.046088,0.035691,0.007834,0.316631,-0.320090,-0.030802,-0.692816,0.048875,-0.043604,-0.234160,1.725684,1.158982,0.260921,-0.450475,-0.134858,0.050334,-1.151229,-1.608990,-0.390578,0.245245,0.222068,-0.020014,0.128435,3
-0.011650,-0.071126,0.003053,0.259123,-0.281935,0.047325,-0.046088,0.035674,0.007834,0.316614,-0.320082,-0.030802,-0.692803,0.049065,-0.043554,-0.234160,1.722808,1.159102,0.259566,-0.450475,-0.135685,0.050334,-1.151277,-1.605874,-0.390818,0.245329,0.221708,-0.020062,0.128399,3
-0.011650,-0.071126,0.003053,0.259115,-0.281906,0.047333,-0.046088,0.035665,0.007848,0.316605,-0.320090,-0.030802,-0.692790,0.049300,-0.043526,-0.234172,1.719728,1.159306,0.258140,-0.450451,-0.136920,0.050310,-1.151301,-1.603154,-0.391033,0.245365,0.221409,-0.020110,0.128351,3
-0.011675,-0.071126,0.003053,0.259123,-0.281869,0.047354,-0.046071,0.035631,0.007834,0.316597,-0.320095,-0.030824,-0.692763,0.049535,-0.043478,-0.234172,1.716756,1.159498,0.256450,-0.450463,-0.137807,0.050262,-1.151313,-1.600685,-0.391261,0.245389,0.221133,-0.020145,0.128315,3
-0.011701,-0.071109,0.003040,0.259140,-0.281856,0.047376,-0.046062,0.035622,0.007861,0.316605,-0.320082,-0.030816,-0.692736,0.049763,-0.043395,-0.234172,1.714191,1.159666,0.254617,-0.450463,-0.138705,0.050238,-1.151325,-1.598096,-0.391537,0.245389,0.220893,-0.020193,0.128291,3
-0.011701,-0.071126,0.003053,0.259123,-0.281840,0.047448,-0.046062,0.035580,0.007834,0.316605,-0.320095,-0.030809,-0.692723,0.050308,-0.043154,-0.234160,1.709290,1.159809,0.251609,-0.450439,-0.140215,0.050238,-1.151348,-1.593207,-0.391932,0.245425,0.220534,-0.020241,0.128303,3
-0.011675,-0.071126,0.003067,0.259123,-0.281853,0.047484,-0.046062,0.035563,0.007834,0.316597,-0.320086,-0.030795,-0.692709,0.050672,-0.043005,-0.234160,1.706905,1.159881,0.249847,-0.450439,-0.141318,0.050238,-1.151361,-1.590642,-0.392340,0.245413,0.220234,-0.020289,0.128303,3
-0.011701,-0.071126,0.003053,0.259123,-0.281845,0.047528,-0.046054,0.035537,0.007834,0.316597,-0.320078,-0.030795,-0.692723,0.051096,-0.042810,-0.234172,1.704316,1.159917,0.247606,-0.450439,-0.142456,0.050250,-1.151325,-1.587922,-0.392591,0.245425,0.219899,-0.020337,0.128315,3
-0.011692,-0.071126,0.003053,0.259132,-0.281833,0.047578,-0.046045,0.035529,0.007834,0.316614,-0.320090,-0.030802,-0.692682,0.051559,-0.042591,-0.234172,1.701368,1.159941,0.246096,-0.450403,-0.143643,0.050226,-1.151301,-1.585393,-0.392843,0.245425,0.219347,-0.020421,0.128315,3
-0.011675,-0.071126,0.003040,0.259123,-0.281821,0.047600,-0.046054,0.035495,0.007834,0.316605,-0.320086,-0.030809,-0.692656,0.052104,-0.042310,-0.234160,1.698456,1.159917,0.244526,-0.450379,-0.145596,0.050250,-1.151277,-1.583044,-0.393095,0.245413,0.218964,-0.020589,0.128315,3
-0.011701,-0.071126,0.003027,0.259132,-0.281809,0.047622,-0.046062,0.035478,0.007821,0.316605,-0.320095,-0.030824,-0.692629,0.052717,-0.042008,-0.234172,1.695663,1.159917,0.242908,-0.450343,-0.146987,0.050214,-1.151241,-1.580719,-0.393274,0.245413,0.218568,-0.020697,0.128327,3
-0.011675,-0.071126,0.003027,0.259132,-0.281792,0.047607,-0.046071,0.035461,0.007834,0.316622,-0.320086,-0.030809,-0.692549,0.053467,-0.041649,-0.234172,1.693075,1.159917,0.241290,-0.450331,-0.148389,0.050238,-1.151181,-1.577951,-0.393382,0.245413,0.218221,-0.020829,0.128327,3
-0.011709,-0.071126,0.003013,0.259115,-0.281784,0.047622,-0.046062,0.035461,0.007848,0.316605,-0.320078,-0.030809,-0.692482,0.054255,-0.041346,-0.234172,1.690510,1.159941,0.239864,-0.450331,-0.149743,0.050226,-1.151049,-1.575171,-0.393466,0.245425,0.217861,-0.020972,0.128327,3
-0.011701,-0.071143,0.003027,0.259140,-0.281763,0.047629,-0.046071,0.035435,0.007834,0.316571,-0.320078,-0.030795,-0.692401,0.055065,-0.040981,-0.234160,1.687862,1.159941,0.238462,-0.450283,-0.151073,0.050202,-1.150977,-1.572510,-0.393574,0.245413,0.217442,-0.021140,0.128339,3
-0.011692,-0.071160,0.003040,0.259149,-0.281742,0.047665,-0.046054,0.035409,0.007848,0.316571,-0.320090,-0.030802,-0.692294,0.056398,-0.040371,-0.234160,1.682241,1.160073,0.236377,-0.450223,-0.153122,0.050178,-1.150869,-1.566806,-0.393826,0.245413,0.216759,-0.021416,0.128351,3
-0.011726,-0.071160,0.003067,0.259140,-0.281730,0.047687,-0.046036,0.035392,0.007848,0.316563,-0.320082,-0.030802,-0.692240,0.056996,-0.040157,-0.234160,1.679329,1.160229,0.234975,-0.450175,-0.154453,0.050106,-1.150737,-1.564097,-0.394041,0.245425,0.216279,-0.021572,0.128363,3
-0.011726,-0.071177,0.003067,0.259132,-0.281718,0.047708,-0.046054,0.035375,0.007834,0.316580,-0.320090,-0.030816,-0.692187,0.057519,-0.039972,-0.234172,1.676537,1.160397,0.232985,-0.450151,-0.155723,0.049998,-1.150498,-1.561616,-0.394257,0.245425,0.215752,-0.021751,0.128387,3
-0.011735,-0.071177,0.003067,0.259132,-0.281714,0.047716,-0.046054,0.035367,0.007834,0.316571,-0.320090,-0.030802,-0.692147,0.057988,-0.039878,-0.234172,1.673924,1.160588,0.231655,-0.450092,-0.156945,0.049890,-1.150210,-1.559124,-0.394509,0.245401,0.214805,-0.021919,0.128399,3
-0.011752,-0.071194,0.003067,0.259132,-0.281709,0.047708,-0.046062,0.035350,0.007834,0.316563,-0.320090,-0.030802,-0.692107,0.058246,-0.039886,-0.234172,1.671216,1.160792,0.230337,-0.450080,-0.158695,0.049806,-1.149886,-1.556643,-0.394844,0.245377,0.214098,-0.022219,0.128423,3
-0.011735,-0.071202,0.003053,0.259140,-0.281718,0.047723,-0.046054,0.035350,0.007834,0.316563,-0.320078,-0.030795,-0.692026,0.058383,-0.039979,-0.234172,1.668555,1.161032,0.228971,-0.450080,-0.160049,0.049531,-1.149551,-1.554282,-0.395204,0.245329,0.213403,-0.022434,0.128399,3
-0.011735,-0.071211,0.003067,0.259149,-0.281718,0.047752,-0.046028,0.035350,0.007821,0.316563,-0.320078,-0.030809,-0.691986,0.058452,-0.040124,-0.234172,1.665895,1.161259,0.227533,-0.450056,-0.161535,0.049315,-1.149119,-1.551705,-0.395563,0.245281,0.212564,-0.022770,0.128387,3
-0.011752,-0.071219,0.003067,0.259149,-0.281710,0.047752,-0.046002,0.035333,0.007821,0.316563,-0.320078,-0.030795,-0.691906,0.058574,-0.040345,-0.234172,1.663162,1.161523,0.225975,-0.450056,-0.163165,0.049075,-1.148328,-1.549093,-0.396007,0.245221,0.211629,-0.023082,0.128411,3
-0.011752,-0.071253,0.003053,0.259166,-0.281689,0.047745,-0.046002,0.035290,0.007848,0.316580,-0.320086,-0.030780,-0.691799,0.058719,-0.040542,-0.234172,1.657422,1.161919,0.223626,-0.450056,-0.165610,0.048692,-1.147370,-1.544024,-0.396690,0.245101,0.210071,-0.023741,0.128387,3
-0.011752,-0.071245,0.003080,0.259158,-0.281685,0.047752,-0.046002,0.035282,0.007848,0.316580,-0.320086,-0.030795,-0.691825,0.058818,-0.040609,-0.234172,1.656139,1.162230,0.222871,-0.450080,-0.166377,0.048572,-1.147034,-1.542921,-0.397205,0.245101,0.209484,-0.024016,0.128399,3
-0.011735,-0.071262,0.003067,0.259175,-0.281672,0.047788,-0.046011,0.035265,0.007834,0.316597,-0.320090,-0.030831,-0.691691,0.059144,-0.040762,-0.234184,1.652257,1.162829,0.220438,-0.450044,-0.168690,0.048177,-1.145956,-1.539038,-0.397972,0.245077,0.207735,-0.025011,0.128387,3
-0.011735,-0.071262,0.003067,0.259166,-0.281668,0.047810,-0.046002,0.035273,0.007794,0.316588,-0.320082,-0.030816,-0.691638,0.059395,-0.040884,-0.234172,1.649656,1.163309,0.219311,-0.450044,-0.170188,0.047901,-1.145165,-1.536450,-0.398487,0.245077,0.205733,-0.025802,0.128387,3
-0.011726,-0.071270,0.003067,0.259175,-0.281668,0.047810,-0.045994,0.035247,0.007767,0.316571,-0.320074,-0.030787,-0.691557,0.059646,-0.041034,-0.234172,1.647271,1.163872,0.218089,-0.450044,-0.172273,0.047589,-1.144398,-1.533789,-0.398979,0.245089,0.204199,-0.027372,0.128399,3
-0.011735,-0.071279,0.003053,0.259175,-0.281668,0.047810,-0.045994,0.035256,0.007754,0.316571,-0.320070,-0.030809,-0.691450,0.059889,-0.041219,-0.234160,1.644563,1.164471,0.216711,-0.450020,-0.173711,0.047218,-1.143631,-1.530889,-0.399458,0.245173,0.202354,-0.028666,0.128375,3
-0.011752,-0.071287,0.003027,0.259166,-0.281673,0.047802,-0.045960,0.035247,0.007781,0.316554,-0.320066,-0.030802,-0.691290,0.060110,-0.041389,-0.234160,1.641710,1.165262,0.215177,-0.450020,-0.175137,0.046619,-1.142888,-1.527977,-0.399926,0.245305,0.200328,-0.030212,0.128363,3
-0.011752,-0.071296,0.003000,0.259166,-0.281660,0.047810,-0.046002,0.035256,0.007767,0.316563,-0.320082,-0.030816,-0.691236,0.060483,-0.041652,-0.234172,1.638762,1.166233,0.213607,-0.450020,-0.176516,0.046151,-1.141677,-1.525160,-0.400465,0.245521,0.198207,-0.031878,0.128315,3
-0.011752,-0.071313,0.003040,0.259166,-0.281644,0.047810,-0.046019,0.035239,0.007767,0.316571,-0.320074,-0.030802,-0.691196,0.060688,-0.041792,-0.234172,1.634700,1.167359,0.212013,-0.449996,-0.177762,0.045588,-1.140742,-1.521469,-0.401040,0.245737,0.195834,-0.033508,0.128243,3
-0.011752,-0.071313,0.003080,0.259158,-0.281631,0.047831,-0.046019,0.035256,0.007767,0.316580,-0.320095,-0.030824,-0.691182,0.060855,-0.041896,-0.234136,1.631967,1.169013,0.210707,-0.449996,-0.178877,0.045025,-1.139724,-1.518737,-0.402047,0.246012,0.193581,-0.035150,0.128171,3
-0.011743,-0.071305,0.003094,0.259149,-0.281627,0.047867,-0.046028,0.035256,0.007741,0.316597,-0.320086,-0.030809,-0.691102,0.061068,-0.042021,-0.233860,1.628048,1.170056,0.208106,-0.449960,-0.180494,0.044174,-1.138202,-1.514710,-0.403317,0.246372,0.189770,-0.037894,0.127992,3
-0.011726,-0.071305,0.003067,0.259149,-0.281611,0.047911,-0.046045,0.035247,0.007687,0.316571,-0.320078,-0.030809,-0.691035,0.061121,-0.042058,-0.233728,1.625352,1.170439,0.206536,-0.449888,-0.181693,0.043551,-1.137051,-1.511990,-0.404288,0.246480,0.186007,-0.039656,0.127872,3
-0.011735,-0.071305,0.003067,0.259123,-0.281603,0.047925,-0.046019,0.035273,0.007687,0.316571,-0.320066,-0.030787,-0.690941,0.061121,-0.042077,-0.233656,1.622584,1.170571,0.204786,-0.449828,-0.183574,0.042892,-1.135709,-1.508922,-0.405390,0.246539,0.183622,-0.041286,0.127776,3
-0.011726,-0.071313,0.003067,0.259149,-0.281595,0.047940,-0.046019,0.035239,0.007674,0.316580,-0.320074,-0.030787,-0.690875,0.061091,-0.042057,-0.233668,1.619983,1.170559,0.203037,-0.449804,-0.184893,0.041945,-1.134067,-1.506213,-0.406709,0.246575,0.181034,-0.043766,0.127716,3
-0.011743,-0.071305,0.003053,0.259149,-0.281590,0.047932,-0.046002,0.035247,0.007687,0.316571,-0.320082,-0.030787,-0.690687,0.061068,-0.042031,-0.233908,1.617370,1.170547,0.201551,-0.449804,-0.186223,0.041358,-1.132401,-1.503697,-0.408075,0.246527,0.178553,-0.045372,0.127680,3
-0.011743,-0.071296,0.003067,0.259158,-0.281590,0.047932,-0.046019,0.035239,0.007660,0.316580,-0.320078,-0.030795,-0.690513,0.061068,-0.042021,-0.234112,1.614758,1.170511,0.200029,-0.449792,-0.187625,0.040782,-1.129681,-1.500880,-0.409513,0.246408,0.175976,-0.047050,0.127548,3
-0.011735,-0.071296,0.003040,0.259149,-0.281590,0.047932,-0.046019,0.035256,0.007647,0.316588,-0.320070,-0.030795,-0.690299,0.061060,-0.042016,-0.234328,1.610623,1.170475,0.198555,-0.449768,-0.189063,0.040135,-1.127656,-1.496362,-0.410807,0.246228,0.173603,-0.048764,0.127368,3
-0.011726,-0.071296,0.003053,0.259166,-0.281586,0.047940,-0.046019,0.035230,0.007593,0.316597,-0.320070,-0.030795,-0.690044,0.061038,-0.042020,-0.234507,1.607735,1.170296,0.197057,-0.449768,-0.190537,0.039548,-1.125331,-1.493594,-0.412641,0.246012,0.171350,-0.050681,0.127081,3
-0.011743,-0.071287,0.003027,0.259149,-0.281582,0.047947,-0.046028,0.035239,0.007553,0.316580,-0.320066,-0.030787,-0.689790,0.061060,-0.042016,-0.234603,1.604823,1.170236,0.195547,-0.449792,-0.191927,0.038937,-1.123389,-1.490694,-0.413827,0.245844,0.169145,-0.052755,0.126757,3
-0.011735,-0.071296,0.003067,0.259149,-0.281586,0.047954,-0.046019,0.035256,0.007499,0.316571,-0.320070,-0.030795,-0.689602,0.061038,-0.042020,-0.234651,1.602067,1.170308,0.193485,-0.449792,-0.193282,0.038218,-1.121424,-1.487614,-0.415098,0.245784,0.167012,-0.054924,0.126338,3
-0.011752,-0.071287,0.003053,0.259158,-0.281582,0.047961,-0.046036,0.035239,0.007473,0.316588,-0.320066,-0.030787,-0.689455,0.061053,-0.042031,-0.234591,1.599430,1.170451,0.192431,-0.449768,-0.194528,0.037487,-1.119351,-1.484977,-0.416524,0.245808,0.164220,-0.056997,0.125870,3
-0.011752,-0.071296,0.003040,0.259149,-0.281574,0.047947,-0.046088,0.035265,0.007392,0.316571,-0.320074,-0.030787,-0.689174,0.061038,-0.042020,-0.234471,1.595607,1.170667,0.191220,-0.449768,-0.197045,0.035869,-1.116247,-1.481322,-0.419016,0.245772,0.161679,-0.061371,0.124696,3
-0.011743,-0.071305,0.003040,0.259132,-0.281570,0.047969,-0.046071,0.035273,0.007352,0.316563,-0.320074,-0.030787,-0.689026,0.061053,-0.042031,-0.234399,1.592695,1.170799,0.190058,-0.449768,-0.198459,0.034958,-1.114389,-1.478482,-0.420778,0.245725,0.159834,-0.063588,0.124013,3
-0.011735,-0.071296,0.003027,0.259123,-0.281553,0.047969,-0.046062,0.035299,0.007285,0.316563,-0.320066,-0.030802,-0.688852,0.061053,-0.042011,-0.234352,1.590142,1.170835,0.188644,-0.449756,-0.199921,0.034023,-1.111669,-1.475785,-0.422516,0.245629,0.157832,-0.065757,0.123330,3
-0.011726,-0.071279,0.003027,0.259115,-0.281553,0.047969,-0.046054,0.035307,0.007232,0.316554,-0.320066,-0.030802,-0.688692,0.061038,-0.042020,-0.234340,1.586307,1.170943,0.187182,-0.449720,-0.201491,0.033041,-1.109524,-1.471663,-0.424134,0.245485,0.155723,-0.068022,0.122599,3
-0.011735,-0.071279,0.003000,0.259123,-0.281549,0.047976,-0.046071,0.035324,0.007111,0.316571,-0.320078,-0.030809,-0.688558,0.061045,-0.042026,-0.234399,1.583779,1.171230,0.185744,-0.449732,-0.203013,0.032046,-1.106899,-1.468547,-0.426842,0.245293,0.153638,-0.070240,0.121928,3
-0.011718,-0.071270,0.002973,0.259123,-0.281562,0.047983,-0.046113,0.035324,0.007031,0.316588,-0.320074,-0.030802,-0.688370,0.061045,-0.042026,-0.234447,1.581382,1.171518,0.184461,-0.449732,-0.204619,0.030979,-1.104215,-1.465467,-0.428999,0.245101,0.151564,-0.072612,0.121244,3
-0.011743,-0.071253,0.002960,0.259115,-0.281562,0.047983,-0.046122,0.035341,0.006964,0.316571,-0.320078,-0.030795,-0.688210,0.061038,-0.042020,-0.234495,1.579165,1.171854,0.182855,-0.449756,-0.206237,0.029961,-1.101746,-1.463034,-0.430761,0.244862,0.149443,-0.075009,0.120645,3
-0.011726,-0.071236,0.002893,0.259123,-0.281558,0.047990,-0.046122,0.035333,0.006883,0.316554,-0.320070,-0.030795,-0.688022,0.061022,-0.042040,-0.234567,1.576864,1.172153,0.181933,-0.449756,-0.207699,0.028906,-1.099301,-1.460362,-0.432355,0.244718,0.146711,-0.077502,0.120070,3
-0.011726,-0.071245,0.002852,0.259123,-0.281553,0.047983,-0.046122,0.035324,0.006830,0.316563,-0.320066,-0.030802,-0.687794,0.060985,-0.042063,-0.234579,1.574263,1.172465,0.181034,-0.449756,-0.209928,0.027456,-1.096640,-1.457545,-0.433745,0.244646,0.145177,-0.081169,0.119123,3
-0.011726,-0.071253,0.002786,0.259123,-0.281549,0.047976,-0.046088,0.035367,0.006750,0.316571,-0.320070,-0.030795,-0.687379,0.060894,-0.042099,-0.234543,1.570165,1.172992,0.179488,-0.449732,-0.212217,0.025946,-1.092889,-1.452848,-0.435698,0.244502,0.143331,-0.084716,0.118129,3
-0.011743,-0.071253,0.002732,0.259140,-0.281549,0.047976,-0.046113,0.035392,0.006723,0.316580,-0.320070,-0.030795,-0.687165,0.060841,-0.042142,-0.234435,1.567564,1.173399,0.178265,-0.449732,-0.213763,0.024867,-1.089941,-1.449636,-0.437197,0.244454,0.142516,-0.087197,0.117433,3
-0.011735,-0.071245,0.002719,0.259140,-0.281558,0.047990,-0.046139,0.035426,0.006656,0.316614,-0.320078,-0.030780,-0.686991,0.060735,-0.042208,-0.234387,1.563573,1.173951,0.176863,-0.449732,-0.215285,0.023657,-1.087281,-1.445034,-0.438934,0.244430,0.141881,-0.089810,0.116702,3
-0.011735,-0.071253,0.002678,0.259132,-0.281562,0.047983,-0.046173,0.035452,0.006562,0.316631,-0.320082,-0.030816,-0.686803,0.060674,-0.042235,-0.234375,1.561260,1.174993,0.175329,-0.449756,-0.216687,0.022446,-1.084644,-1.442349,-0.441774,0.244454,0.141378,-0.092326,0.116019,3
-0.011718,-0.071236,0.002665,0.259149,-0.281557,0.047976,-0.046224,0.035469,0.006495,0.316605,-0.320078,-0.030809,-0.686616,0.060622,-0.042297,-0.234375,1.559067,1.175808,0.173220,-0.449756,-0.217957,0.021164,-1.081912,-1.439389,-0.443872,0.244442,0.140958,-0.094987,0.115312,3
-0.011726,-0.071253,0.002638,0.259132,-0.281562,0.047983,-0.046224,0.035495,0.006455,0.316571,-0.320082,-0.030816,-0.686455,0.060553,-0.042310,-0.234399,1.556838,1.176659,0.171986,-0.449756,-0.219108,0.019846,-1.079108,-1.436597,-0.446305,0.244466,0.140539,-0.097815,0.114629,3
-0.011726,-0.071253,0.002625,0.259123,-0.281553,0.047983,-0.046207,0.035512,0.006401,0.316537,-0.320086,-0.030795,-0.686268,0.060516,-0.042353,-0.234435,1.554405,1.177354,0.171027,-0.449756,-0.220078,0.018384,-1.076147,-1.433493,-0.448893,0.244466,0.140000,-0.100811,0.113922,3
-0.011726,-0.071245,0.002611,0.259140,-0.281553,0.047997,-0.046164,0.035520,0.006401,0.316537,-0.320070,-0.030809,-0.686053,0.060470,-0.042381,-0.234471,1.551649,1.177989,0.170212,-0.449768,-0.221265,0.015999,-1.073487,-1.430221,-0.451458,0.244478,0.139616,-0.105210,0.112987,3
-0.011735,-0.071245,0.002598,0.259123,-0.281545,0.047983,-0.046147,0.035537,0.006401,0.316545,-0.320074,-0.030802,-0.685719,0.060402,-0.042403,-0.234471,1.548953,1.178613,0.169085,-0.449756,-0.222020,0.014237,-1.071450,-1.427249,-0.453747,0.244478,0.139221,-0.108014,0.112352,3
-0.011761,-0.071253,0.002638,0.259123,-0.281549,0.047976,-0.046122,0.035580,0.006401,0.316571,-0.320066,-0.030787,-0.685464,0.060342,-0.042451,-0.234447,1.546088,1.179140,0.167635,-0.449780,-0.222978,0.012488,-1.068573,-1.424697,-0.455736,0.244514,0.138801,-0.110722,0.111813,3
-0.011752,-0.071236,0.002598,0.259115,-0.281545,0.047983,-0.046164,0.035631,0.006388,0.316571,-0.320070,-0.030809,-0.685009,0.060206,-0.042545,-0.234447,1.540719,1.180051,0.165095,-0.449756,-0.224441,0.009719,-1.065086,-1.419196,-0.458648,0.244502,0.138226,-0.114953,0.111166,3
-0.011743,-0.071245,0.002571,0.259123,-0.281549,0.047990,-0.046181,0.035631,0.006334,0.316605,-0.320074,-0.030816,-0.684687,0.060107,-0.042586,-0.234435,1.538514,1.180854,0.163429,-0.449792,-0.225387,0.007922,-1.062545,-1.416308,-0.461213,0.244490,0.137843,-0.118164,0.110914,3
-0.011743,-0.071245,0.002531,0.259132,-0.281557,0.047976,-0.046241,0.035665,0.006308,0.316571,-0.320066,-0.030802,-0.684299,0.060039,-0.042638,-0.234495,1.536393,1.181357,0.161439,-0.449768,-0.226286,0.006364,-1.059657,-1.412808,-0.462867,0.244442,0.137495,-0.121412,0.110890,3
-0.011735,-0.071253,0.002544,0.259140,-0.281549,0.047990,-0.046258,0.035682,0.006294,0.316563,-0.320074,-0.030802,-0.684071,0.060001,-0.042661,-0.234543,1.535398,1.181621,0.160792,-0.449792,-0.226694,0.005609,-1.058195,-1.411047,-0.463813,0.244454,0.137124,-0.123090,0.110926,3
-0.011735,-0.071245,0.002518,0.259140,-0.281541,0.047990,-0.046241,0.035708,0.006281,0.316545,-0.320078,-0.030809,-0.683241,0.059850,-0.042755,-0.234819,1.531959,1.182508,0.158935,-0.449792,-0.228180,0.003248,-1.052874,-1.406097,-0.467505,0.244454,0.136548,-0.129406,0.111226,3
-0.011726,-0.071245,0.002518,0.259140,-0.281549,0.048005,-0.046241,0.035733,0.006281,0.316528,-0.320074,-0.030802,-0.682813,0.059737,-0.042825,-0.234843,1.529358,1.183155,0.157700,-0.449792,-0.229031,0.002301,-1.051795,-1.403185,-0.470105,0.244478,0.136165,-0.132306,0.111357,3
-0.011726,-0.071245,0.002571,0.259132,-0.281558,0.048019,-0.046241,0.035742,0.006267,0.316528,-0.320066,-0.030816,-0.682397,0.059600,-0.042900,-0.234747,1.526698,1.183969,0.156406,-0.449792,-0.229905,0.001342,-1.048296,-1.399949,-0.472598,0.244490,0.135781,-0.135338,0.111489,3
-0.011726,-0.071236,0.002598,0.259132,-0.281562,0.048026,-0.046258,0.035759,0.006267,0.316545,-0.320070,-0.030824,-0.681929,0.059464,-0.042984,-0.234603,1.523942,1.184964,0.155040,-0.449792,-0.230828,0.000467,-1.045672,-1.397193,-0.474971,0.244478,0.135410,-0.138598,0.111585,3
-0.011726,-0.071253,0.002625,0.259140,-0.281562,0.048026,-0.046284,0.035759,0.006241,0.316554,-0.320066,-0.030816,-0.681206,0.059207,-0.043104,-0.234399,1.519016,1.187061,0.153051,-0.449792,-0.232314,-0.000731,-1.041345,-1.391117,-0.479405,0.244478,0.134870,-0.143787,0.111633,3
-0.011735,-0.071245,0.002611,0.259123,-0.281554,0.048041,-0.046326,0.035759,0.006294,0.316554,-0.320057,-0.030817,-0.680697,0.059109,-0.043165,-0.234340,1.516751,1.188080,0.151265,-0.449792,-0.233309,-0.001498,-1.038217,-1.388073,-0.481334,0.244454,0.134535,-0.147202,0.111633,3
-0.011726,-0.071236,0.002638,0.259115,-0.281545,0.048026,-0.046326,0.035759,0.006308,0.316537,-0.320070,-0.030824,-0.680174,0.059063,-0.043184,-0.234316,1.514258,1.189015,0.149995,-0.449792,-0.234447,-0.002277,-1.035149,-1.385340,-0.483192,0.244454,0.134235,-0.150522,0.111573,3
-0.011726,-0.071245,0.002665,0.259115,-0.281550,0.048034,-0.046335,0.035750,0.006321,0.316511,-0.320062,-0.030809,-0.679652,0.058942,-0.043180,-0.234375,1.511789,1.189806,0.148688,-0.449768,-0.236413,-0.003032,-1.032621,-1.382249,-0.485421,0.244466,0.133852,-0.154932,0.111501,3
-0.011743,-0.071245,0.002678,0.259115,-0.281537,0.048026,-0.046318,0.035759,0.006334,0.316520,-0.320066,-0.030816,-0.679049,0.058790,-0.043145,-0.234471,1.509189,1.190429,0.147202,-0.449792,-0.237683,-0.003787,-1.030535,-1.379025,-0.487950,0.244454,0.133648,-0.157880,0.111417,3
-0.011735,-0.071236,0.002705,0.259115,-0.281537,0.048012,-0.046326,0.035750,0.006375,0.316545,-0.320070,-0.030824,-0.678018,0.058608,-0.043130,-0.234531,1.506420,1.190813,0.145848,-0.449792,-0.238906,-0.004926,-1.028726,-1.375921,-0.490442,0.244454,0.133432,-0.161284,0.111321,3
-0.011735,-0.071245,0.002745,0.259115,-0.281541,0.048019,-0.046343,0.035742,0.006348,0.316563,-0.320066,-0.030816,-0.677255,0.058403,-0.043089,-0.234579,1.503880,1.191112,0.144602,-0.449792,-0.239984,-0.005716,-1.025970,-1.372673,-0.492731,0.244454,0.133229,-0.164939,0.111333,3
-0.011743,-0.071236,0.002772,0.259106,-0.281537,0.048026,-0.046394,0.035742,0.006388,0.316571,-0.320062,-0.030853,-0.676371,0.058259,-0.043089,-0.234543,1.501375,1.191496,0.143391,-0.449792,-0.241135,-0.006459,-1.023752,-1.369210,-0.494984,0.244442,0.132989,-0.168630,0.111333,3
-0.011735,-0.071245,0.002772,0.259115,-0.281525,0.048019,-0.046471,0.035742,0.006401,0.316545,-0.320070,-0.030838,-0.675380,0.058191,-0.043122,-0.234495,1.497876,1.192011,0.142205,-0.449780,-0.242297,-0.007334,-1.020697,-1.364740,-0.497238,0.244454,0.132725,-0.172117,0.111357,3
-0.011726,-0.071245,0.002772,0.259115,-0.281516,0.048019,-0.046531,0.035742,0.006442,0.316528,-0.320062,-0.030838,-0.674322,0.058123,-0.043144,-0.234459,1.495407,1.193042,0.140899,-0.449768,-0.243531,-0.008233,-1.017233,-1.361768,-0.500365,0.244466,0.132450,-0.175269,0.111393,3
-0.011718,-0.071245,0.002786,0.259132,-0.281516,0.048019,-0.046590,0.035725,0.006508,0.316460,-0.320062,-0.030809,-0.672501,0.057956,-0.043168,-0.234435,1.491392,1.194228,0.138142,-0.449768,-0.245317,-0.009695,-1.012703,-1.357537,-0.503361,0.244478,0.132042,-0.179668,0.111417,3
-0.011718,-0.071253,0.002839,0.259132,-0.281525,0.048034,-0.046573,0.035733,0.006575,0.316426,-0.320057,-0.030831,-0.671202,0.057713,-0.043121,-0.234447,1.488600,1.195211,0.136560,-0.449792,-0.246432,-0.010702,-1.010007,-1.354733,-0.505746,0.244490,0.131683,-0.182819,0.111405,3
-0.011718,-0.071236,0.002852,0.259123,-0.281520,0.048026,-0.046573,0.035750,0.006629,0.316443,-0.320066,-0.030846,-0.669943,0.057455,-0.043044,-0.234471,1.485880,1.196253,0.135026,-0.449792,-0.247954,-0.011745,-1.007406,-1.351845,-0.508275,0.244466,0.131515,-0.188188,0.111333,3
-0.011726,-0.071245,0.002879,0.259115,-0.281525,0.048019,-0.046573,0.035742,0.006683,0.316460,-0.320066,-0.030831,-0.668122,0.057273,-0.042980,-0.234507,1.483171,1.197392,0.133504,-0.449792,-0.248948,-0.013302,-1.005237,-1.348861,-0.510744,0.244454,0.131323,-0.191808,0.111118,3
-0.011735,-0.071236,0.002933,0.259115,-0.281525,0.048019,-0.046607,0.035742,0.006723,0.316477,-0.320062,-0.030838,-0.667077,0.057136,-0.042906,-0.234543,1.480750,1.198506,0.132198,-0.449792,-0.249883,-0.014261,-1.001953,-1.346152,-0.513165,0.244454,0.131227,-0.195127,0.110854,3
-0.011718,-0.071236,0.002973,0.259115,-0.281520,0.048026,-0.046650,0.035750,0.006790,0.316503,-0.320066,-0.030831,-0.666166,0.057113,-0.042871,-0.234531,1.476975,1.199525,0.131095,-0.449780,-0.250854,-0.015148,-0.999317,-1.342077,-0.515477,0.244466,0.131107,-0.198099,0.110590,3
-0.011752,-0.071236,0.003027,0.259106,-0.281520,0.048026,-0.046684,0.035759,0.006883,0.316494,-0.320045,-0.030824,-0.665443,0.057044,-0.042845,-0.234507,1.474231,1.200352,0.130041,-0.449768,-0.251908,-0.015987,-0.996392,-1.339357,-0.518006,0.244466,0.131024,-0.200904,0.110351,3
-0.011735,-0.071236,0.003067,0.259115,-0.281521,0.048055,-0.046710,0.035750,0.007071,0.316477,-0.320049,-0.030831,-0.664800,0.056900,-0.042815,-0.234471,1.471427,1.201478,0.128818,-0.449780,-0.253059,-0.016730,-0.993768,-1.336565,-0.521482,0.244466,0.130964,-0.203696,0.110195,3
-0.011726,-0.071236,0.003094,0.259106,-0.281517,0.048062,-0.046744,0.035742,0.007205,0.316443,-0.320045,-0.030824,-0.664184,0.056710,-0.042755,-0.234471,1.468718,1.202150,0.126625,-0.449756,-0.254341,-0.017449,-0.991515,-1.333545,-0.523531,0.244454,0.130880,-0.206896,0.110099,3
-0.011743,-0.071253,0.003094,0.259115,-0.281504,0.048070,-0.046744,0.035742,0.007366,0.316426,-0.320057,-0.030831,-0.663274,0.056475,-0.042674,-0.234471,1.464500,1.203084,0.124360,-0.449792,-0.256402,-0.018600,-0.987776,-1.329111,-0.526839,0.244394,0.130688,-0.211689,0.110147,3
-0.011735,-0.071245,0.003107,0.259115,-0.281500,0.048091,-0.046769,0.035750,0.007433,0.316392,-0.320062,-0.030853,-0.662738,0.056429,-0.042643,-0.234495,1.461743,1.203612,0.123150,-0.449768,-0.258104,-0.019414,-0.985679,-1.326510,-0.528960,0.244215,0.130568,-0.215980,0.110243,3
-0.011735,-0.071245,0.003080,0.259132,-0.281483,0.048091,-0.046778,0.035742,0.007446,0.316358,-0.320053,-0.030838,-0.662095,0.056422,-0.042638,-0.234495,1.459275,1.204079,0.121963,-0.449768,-0.259159,-0.020841,-0.983917,-1.323802,-0.530889,0.243951,0.130460,-0.218796,0.110435,3
-0.011743,-0.071245,0.003027,0.259123,-0.281483,0.048091,-0.046803,0.035759,0.007419,0.316281,-0.320045,-0.030809,-0.661747,0.056429,-0.042633,-0.234495,1.456806,1.204463,0.120753,-0.449768,-0.260154,-0.021871,-0.980645,-1.321009,-0.532855,0.243651,0.130328,-0.221708,0.110483,3
-0.011743,-0.071253,0.003000,0.259115,-0.281492,0.048106,-0.046821,0.035742,0.007406,0.316213,-0.320049,-0.030831,-0.661506,0.056399,-0.042623,-0.234447,1.452851,1.204738,0.119483,-0.449768,-0.261220,-0.022914,-0.978045,-1.317234,-0.534916,0.243364,0.130233,-0.224860,0.110554,3
-0.011743,-0.071253,0.003027,0.259115,-0.281488,0.048113,-0.046821,0.035742,0.007406,0.316136,-0.320062,-0.030853,-0.661265,0.056384,-0.042593,-0.234375,1.450215,1.204990,0.118140,-0.449792,-0.262239,-0.023825,-0.975336,-1.314262,-0.538487,0.243076,0.130173,-0.228108,0.110578,3
-0.011769,-0.071253,0.003013,0.259123,-0.281488,0.048113,-0.046821,0.035742,0.007419,0.316085,-0.320066,-0.030860,-0.660984,0.056308,-0.042551,-0.234112,1.447338,1.205038,0.116618,-0.449792,-0.263257,-0.024819,-0.972927,-1.311182,-0.540896,0.242824,0.130101,-0.231331,0.110542,3
-0.011743,-0.071262,0.002986,0.259140,-0.281484,0.048120,-0.046821,0.035742,0.007419,0.316009,-0.320066,-0.030860,-0.660595,0.056216,-0.042499,-0.233788,1.444498,1.205170,0.114425,-0.449780,-0.264276,-0.025718,-0.970566,-1.308617,-0.543173,0.242537,0.130101,-0.234387,0.110495,3
-0.011752,-0.071253,0.003013,0.259123,-0.281480,0.048127,-0.046821,0.035750,0.007392,0.315949,-0.320066,-0.030846,-0.660060,0.056148,-0.042472,-0.233561,1.441622,1.205613,0.113227,-0.449792,-0.265211,-0.026665,-0.968062,-1.306221,-0.545642,0.242429,0.130041,-0.237312,0.110447,3
-0.011735,-0.071253,0.002973,0.259123,-0.281480,0.048127,-0.046821,0.035750,0.007258,0.315889,-0.320049,-0.030846,-0.658962,0.056072,-0.042470,-0.233549,1.437367,1.206680,0.111777,-0.449768,-0.266985,-0.028714,-0.964574,-1.302362,-0.548866,0.242273,0.130053,-0.242189,0.110387,3
-0.011743,-0.071253,0.002933,0.259123,-0.281471,0.048142,-0.046812,0.035742,0.007205,0.315872,-0.320045,-0.030824,-0.658118,0.056057,-0.042479,-0.233644,1.436037,1.207015,0.111274,-0.449792,-0.267452,-0.029289,-0.963508,-1.301043,-0.549848,0.242213,0.130041,-0.243448,0.110399,3
-0.011752,-0.071262,0.002745,0.259123,-0.281467,0.048149,-0.046727,0.035742,0.006977,0.315830,-0.320045,-0.030824,-0.656846,0.056027,-0.042508,-0.234184,1.431759,1.207746,0.109620,-0.449804,-0.269058,-0.030955,-0.959050,-1.297233,-0.552509,0.241926,0.130053,-0.248109,0.110459,3
-0.011752,-0.071245,0.002638,0.259123,-0.281471,0.048156,-0.046693,0.035750,0.006816,0.315804,-0.320045,-0.030824,-0.656042,0.056004,-0.042542,-0.234447,1.427600,1.207950,0.108265,-0.449804,-0.270112,-0.031986,-0.956617,-1.293098,-0.554246,0.241662,0.130065,-0.251333,0.110483,3
-0.011735,-0.071245,0.002451,0.259115,-0.281455,0.048185,-0.046650,0.035750,0.006616,0.315787,-0.320058,-0.030846,-0.655292,0.055989,-0.042551,-0.234675,1.424904,1.208118,0.106971,-0.449828,-0.271263,-0.032801,-0.954412,-1.290186,-0.557326,0.241362,0.130041,-0.254569,0.110542,3
-0.011743,-0.071245,0.002317,0.259115,-0.281451,0.048192,-0.046633,0.035742,0.006522,0.315744,-0.320066,-0.030846,-0.654569,0.055951,-0.042575,-0.234783,1.422267,1.208297,0.105329,-0.449828,-0.272485,-0.033484,-0.952362,-1.287933,-0.559424,0.241266,0.130041,-0.257649,0.110519,3
-0.011752,-0.071236,0.002210,0.259123,-0.281439,0.048200,-0.046607,0.035742,0.006468,0.315727,-0.320078,-0.030838,-0.653792,0.055891,-0.042612,-0.234819,1.419739,1.208573,0.104419,-0.449852,-0.273744,-0.034059,-0.950157,-1.285668,-0.561449,0.241302,0.130041,-0.260585,0.110519,3
-0.011735,-0.071253,0.002156,0.259132,-0.281430,0.048214,-0.046607,0.035767,0.006401,0.315736,-0.320082,-0.030845,-0.653002,0.055807,-0.042664,-0.234735,1.417054,1.208777,0.103616,-0.449828,-0.275709,-0.034407,-0.947988,-1.283247,-0.563510,0.241314,0.130041,-0.264600,0.110507,3
-0.011752,-0.071236,0.002103,0.259115,-0.281426,0.048221,-0.046633,0.035742,0.006348,0.315744,-0.320078,-0.030824,-0.651717,0.055717,-0.042720,-0.234603,1.414322,1.208945,0.102813,-0.449828,-0.276979,-0.034551,-0.946083,-1.281030,-0.565631,0.241302,0.130029,-0.267416,0.110554,3
-0.011743,-0.071253,0.002076,0.259123,-0.281410,0.048250,-0.046642,0.035742,0.006294,0.315778,-0.320074,-0.030802,-0.650177,0.055664,-0.042753,-0.234375,1.410199,1.209053,0.101458,-0.449828,-0.278933,-0.034407,-0.941948,-1.277758,-0.568340,0.241242,0.130041,-0.272294,0.110662,3
-0.011735,-0.071245,0.002036,0.259123,-0.281397,0.048272,-0.046642,0.035750,0.006281,0.315813,-0.320074,-0.030787,-0.649172,0.055686,-0.042739,-0.234352,1.406376,1.209064,0.100380,-0.449840,-0.280275,-0.034203,-0.939899,-1.274091,-0.569802,0.241159,0.130029,-0.275481,0.110734,3
-0.011735,-0.071236,0.002076,0.259123,-0.281389,0.048286,-0.046633,0.035742,0.006281,0.315864,-0.320070,-0.030780,-0.648034,0.055671,-0.042749,-0.234364,1.403800,1.209064,0.099169,-0.449852,-0.281641,-0.033963,-0.937850,-1.271646,-0.571228,0.241159,0.130029,-0.278597,0.110794,3
-0.011735,-0.071253,0.002076,0.259123,-0.281377,0.048308,-0.046642,0.035742,0.006294,0.315898,-0.320066,-0.030787,-0.646788,0.055648,-0.042763,-0.234435,1.401139,1.209064,0.097132,-0.449852,-0.282995,-0.033652,-0.935620,-1.269405,-0.573685,0.241266,0.130029,-0.281485,0.110830,3
-0.011735,-0.071253,0.002116,0.259106,-0.281373,0.048330,-0.046633,0.035742,0.006294,0.315974,-0.320090,-0.030787,-0.645570,0.055648,-0.042763,-0.234495,1.398347,1.209064,0.095814,-0.449840,-0.284182,-0.033364,-0.933272,-1.267440,-0.575782,0.241422,0.130041,-0.284194,0.110818,3
-0.011726,-0.071253,0.002143,0.259123,-0.281361,0.048366,-0.046624,0.035733,0.006334,0.316017,-0.320090,-0.030787,-0.644297,0.055611,-0.042786,-0.234567,1.395399,1.209064,0.094556,-0.449828,-0.285249,-0.033064,-0.930719,-1.265342,-0.577903,0.241482,0.130053,-0.286854,0.110746,3
-0.011718,-0.071253,0.002223,0.259115,-0.281361,0.048380,-0.046624,0.035733,0.006361,0.316034,-0.320090,-0.030787,-0.643092,0.055603,-0.042791,-0.234579,1.392558,1.209053,0.093501,-0.449852,-0.286519,-0.032777,-0.927975,-1.262946,-0.579977,0.241374,0.130029,-0.291025,0.110614,3
-0.011735,-0.071262,0.002236,0.259115,-0.281340,0.048402,-0.046624,0.035750,0.006388,0.316034,-0.320095,-0.030795,-0.641900,0.055618,-0.042801,-0.234579,1.389586,1.209005,0.092602,-0.449852,-0.287226,-0.032465,-0.925446,-1.260824,-0.581990,0.241218,0.130005,-0.294033,0.110423,3
-0.011743,-0.071253,0.002277,0.259106,-0.281311,0.048424,-0.046616,0.035742,0.006428,0.316043,-0.320074,-0.030758,-0.639999,0.055633,-0.042802,-0.234507,1.386746,1.208945,0.091763,-0.449828,-0.287885,-0.032357,-0.921575,-1.258823,-0.584267,0.241087,0.130017,-0.297077,0.110375,3
-0.011735,-0.071253,0.002330,0.259106,-0.281307,0.048431,-0.046607,0.035759,0.006428,0.316000,-0.320070,-0.030751,-0.638579,0.055664,-0.042822,-0.234471,1.382695,1.208885,0.090769,-0.449852,-0.288484,-0.032333,-0.919118,-1.255923,-0.586292,0.241015,0.130005,-0.299965,0.110375,3
-0.011726,-0.071245,0.002370,0.259089,-0.281291,0.048474,-0.046565,0.035742,0.006468,0.315992,-0.320082,-0.030744,-0.637106,0.055671,-0.042828,-0.234435,1.379963,1.208909,0.089306,-0.449828,-0.289095,-0.032369,-0.916925,-1.253814,-0.588078,0.240979,0.130005,-0.302757,0.110435,3
-0.011718,-0.071245,0.002491,0.259115,-0.281279,0.048510,-0.046505,0.035759,0.006575,0.315949,-0.320090,-0.030773,-0.635057,0.055679,-0.042833,-0.234447,1.375577,1.208909,0.086694,-0.449852,-0.289898,-0.032417,-0.914384,-1.251009,-0.590499,0.240871,0.129993,-0.306604,0.110507,3
-0.011701,-0.071245,0.002504,0.259106,-0.281258,0.048532,-0.046454,0.035750,0.006642,0.315915,-0.320099,-0.030787,-0.633932,0.055694,-0.042823,-0.234495,1.372677,1.208909,0.084189,-0.449852,-0.290306,-0.032453,-0.912551,-1.249331,-0.591505,0.240835,0.130005,-0.308869,0.110519,3
-0.011692,-0.071245,0.002518,0.259115,-0.281234,0.048604,-0.046437,0.035742,0.006683,0.315889,-0.320103,-0.030780,-0.632955,0.055725,-0.042834,-0.234507,1.369824,1.208945,0.082739,-0.449840,-0.290581,-0.032465,-0.910537,-1.247702,-0.592704,0.240871,0.130005,-0.310835,0.110519,3
-0.011667,-0.071236,0.002518,0.259106,-0.281209,0.048648,-0.046446,0.035733,0.006696,0.315864,-0.320090,-0.030787,-0.632057,0.055808,-0.042871,-0.234519,1.366900,1.209077,0.081373,-0.449828,-0.290893,-0.032465,-0.908620,-1.246024,-0.594214,0.240967,0.129993,-0.313987,0.110447,3
-0.011658,-0.071245,0.002491,0.259106,-0.281172,0.048684,-0.046463,0.035742,0.006683,0.315872,-0.320094,-0.030780,-0.631214,0.055930,-0.042924,-0.234519,1.364216,1.209280,0.079959,-0.449828,-0.291109,-0.032453,-0.906810,-1.244058,-0.596035,0.241003,0.130005,-0.316563,0.110363,3
-0.011675,-0.071236,0.002451,0.259106,-0.281135,0.048749,-0.046480,0.035742,0.006669,0.315830,-0.320086,-0.030780,-0.629848,0.056097,-0.042998,-0.234495,1.361603,1.209640,0.078485,-0.449852,-0.291325,-0.032453,-0.905001,-1.242057,-0.597785,0.240991,0.129969,-0.319044,0.110267,3
-0.011726,-0.071253,0.002424,0.259115,-0.281077,0.048836,-0.046463,0.035742,0.006669,0.315804,-0.320090,-0.030758,-0.628803,0.056287,-0.043117,-0.234471,1.359027,1.210071,0.076807,-0.449852,-0.291564,-0.032465,-0.901669,-1.240176,-0.599427,0.240991,0.129897,-0.321441,0.110315,3
-0.011752,-0.071253,0.002384,0.259115,-0.281007,0.048929,-0.046428,0.035742,0.006656,0.315804,-0.320090,-0.030758,-0.627692,0.056401,-0.043195,-0.234471,1.354688,1.210587,0.075321,-0.449828,-0.291804,-0.032453,-0.899296,-1.237156,-0.600997,0.240991,0.129837,-0.323682,0.110411,3
-0.011761,-0.071245,0.002317,0.259123,-0.280934,0.049088,-0.046377,0.035742,0.006616,0.315761,-0.320094,-0.030766,-0.626459,0.056477,-0.043256,-0.234495,1.351620,1.211413,0.074086,-0.449828,-0.292044,-0.032465,-0.897151,-1.235130,-0.603466,0.241003,0.129717,-0.325755,0.110519,3
-0.011778,-0.071245,0.002250,0.259106,-0.280831,0.049269,-0.046318,0.035759,0.006589,0.315736,-0.320107,-0.030787,-0.625321,0.056538,-0.043288,-0.234495,1.348373,1.211881,0.072696,-0.449828,-0.292319,-0.032501,-0.895497,-1.233165,-0.605239,0.240979,0.129633,-0.327409,0.110638,3
-0.011803,-0.071236,0.002196,0.259098,-0.280737,0.049450,-0.046258,0.035750,0.006549,0.315727,-0.320103,-0.030780,-0.623446,0.056660,-0.043370,-0.234507,1.343747,1.212408,0.071186,-0.449792,-0.292799,-0.032633,-0.892609,-1.230756,-0.607337,0.240895,0.129358,-0.329518,0.110794,3
-0.011761,-0.071245,0.002196,0.259098,-0.280770,0.049421,-0.046241,0.035742,0.006549,0.315727,-0.320094,-0.030780,-0.622080,0.056736,-0.043422,-0.234507,1.341194,1.212552,0.069784,-0.449756,-0.293350,-0.032777,-0.890212,-1.229174,-0.608331,0.240787,0.129214,-0.331052,0.110842,3
-0.011761,-0.071236,0.002236,0.259106,-0.280794,0.049334,-0.046241,0.035742,0.006562,0.315736,-0.320099,-0.030773,-0.620647,0.056819,-0.043469,-0.234495,1.338929,1.212600,0.068166,-0.449756,-0.294644,-0.032969,-0.887815,-1.227304,-0.609086,0.240523,0.129070,-0.333737,0.110854,3
-0.011761,-0.071228,0.002236,0.259098,-0.280823,0.049269,-0.046267,0.035759,0.006562,0.315736,-0.320099,-0.030773,-0.618357,0.056910,-0.043531,-0.234495,1.336580,1.212504,0.066453,-0.449732,-0.295615,-0.033244,-0.885251,-1.225351,-0.609889,0.240188,0.129010,-0.335714,0.110746,3
-0.011743,-0.071236,0.002263,0.259089,-0.280810,0.049247,-0.046284,0.035742,0.006562,0.315727,-0.320090,-0.030773,-0.616844,0.057009,-0.043608,-0.234471,1.334375,1.212396,0.065062,-0.449744,-0.296466,-0.033388,-0.881548,-1.223589,-0.611040,0.240032,0.128914,-0.337691,0.110542,3
-0.011735,-0.071245,0.002303,0.259072,-0.280810,0.049276,-0.046309,0.035750,0.006562,0.315736,-0.320115,-0.030802,-0.615103,0.057085,-0.043650,-0.234471,1.331786,1.212312,0.063804,-0.449756,-0.297317,-0.033460,-0.879019,-1.222103,-0.612562,0.240080,0.128854,-0.339813,0.110291,3
-0.011701,-0.071253,0.002330,0.259055,-0.280798,0.049269,-0.046326,0.035742,0.006602,0.315744,-0.320107,-0.030787,-0.613161,0.057139,-0.043676,-0.234495,1.327436,1.212384,0.062713,-0.449756,-0.298215,-0.033472,-0.876922,-1.219982,-0.615354,0.240188,0.128806,-0.341850,0.109943,3
-0.011658,-0.071253,0.002384,0.259064,-0.280819,0.049262,-0.046377,0.035742,0.006602,0.315727,-0.320119,-0.030809,-0.610737,0.057192,-0.043712,-0.234507,1.324560,1.212432,0.061767,-0.449744,-0.299222,-0.033496,-0.875496,-1.218388,-0.617475,0.240200,0.128735,-0.343947,0.109632,3
-0.011616,-0.071253,0.002424,0.259013,-0.280831,0.049269,-0.046403,0.035733,0.006683,0.315719,-0.320111,-0.030795,-0.608340,0.057245,-0.043718,-0.234495,1.321947,1.212408,0.060305,-0.449744,-0.300133,-0.033508,-0.874477,-1.216758,-0.619381,0.240104,0.128687,-0.345853,0.109428,3
-0.011479,-0.071245,0.002464,0.258970,-0.280843,0.049247,-0.046403,0.035742,0.006763,0.315727,-0.320094,-0.030780,-0.605300,0.057268,-0.043704,-0.234495,1.318400,1.212300,0.058747,-0.449756,-0.301703,-0.033532,-0.872727,-1.214134,-0.622281,0.240128,0.128471,-0.348645,0.109284,3
-0.011403,-0.071253,0.002518,0.258927,-0.280843,0.049233,-0.046403,0.035742,0.006803,0.315744,-0.320086,-0.030766,-0.603666,0.057290,-0.043690,-0.234495,1.316003,1.212276,0.057584,-0.449732,-0.302554,-0.033544,-0.870942,-1.212480,-0.624570,0.240212,0.128231,-0.349616,0.109308,3
-0.011343,-0.071245,0.002571,0.258893,-0.280868,0.049218,-0.046437,0.035742,0.006843,0.315744,-0.320086,-0.030780,-0.601832,0.057343,-0.043677,-0.234483,1.313510,1.212372,0.056374,-0.449732,-0.303381,-0.033544,-0.868725,-1.211078,-0.626727,0.240284,0.128027,-0.350299,0.109464,3
-0.011292,-0.071245,0.002585,0.258842,-0.280885,0.049204,-0.046480,0.035742,0.006870,0.315744,-0.320103,-0.030780,-0.600787,0.057358,-0.043658,-0.234471,1.310682,1.212480,0.055271,-0.449732,-0.304172,-0.033544,-0.865321,-1.209903,-0.628549,0.240308,0.127812,-0.351473,0.109620,3
-0.011266,-0.071245,0.002638,0.258834,-0.280901,0.049146,-0.046480,0.035742,0.006924,0.315736,-0.320107,-0.030787,-0.599944,0.057381,-0.043654,-0.234495,1.307830,1.212492,0.054253,-0.449732,-0.304879,-0.033544,-0.863116,-1.208609,-0.630143,0.240176,0.127620,-0.352971,0.109799,3
-0.011300,-0.071228,0.002652,0.258825,-0.280922,0.049125,-0.046480,0.035742,0.006977,0.315727,-0.320107,-0.030787,-0.599113,0.057374,-0.043638,-0.234507,1.303767,1.212384,0.053450,-0.449732,-0.305586,-0.033580,-0.860911,-1.206224,-0.631521,0.239900,0.127404,-0.354409,0.109979,3
-0.011334,-0.071245,0.002638,0.258825,-0.280921,0.049110,-0.046454,0.035733,0.007004,0.315727,-0.320103,-0.030780,-0.598229,0.057374,-0.043638,-0.234519,1.301335,1.212049,0.052755,-0.449732,-0.306221,-0.033652,-0.858742,-1.204451,-0.633366,0.239625,0.127165,-0.355788,0.110171,3
-0.011386,-0.071245,0.002611,0.258834,-0.280930,0.049096,-0.046454,0.035733,0.006991,0.315727,-0.320103,-0.030780,-0.597198,0.057404,-0.043639,-0.234543,1.299105,1.211869,0.051568,-0.449732,-0.306844,-0.033700,-0.856716,-1.202857,-0.634517,0.239421,0.126877,-0.357178,0.110327,3
-0.011445,-0.071253,0.002571,0.258893,-0.280946,0.049067,-0.046454,0.035733,0.006964,0.315744,-0.320103,-0.030780,-0.595913,0.057411,-0.043635,-0.234507,1.296840,1.211881,0.050334,-0.449732,-0.307503,-0.033760,-0.855110,-1.201419,-0.635547,0.239433,0.126470,-0.358616,0.110435,3
-0.011522,-0.071245,0.002451,0.258962,-0.280975,0.049031,-0.046437,0.035733,0.006937,0.315727,-0.320119,-0.030794,-0.594466,0.057419,-0.043630,-0.234483,1.294539,1.212097,0.048860,-0.449744,-0.308606,-0.033808,-0.853624,-1.199968,-0.636650,0.239421,0.126146,-0.360845,0.110459,3
-0.011675,-0.071236,0.002303,0.259047,-0.281008,0.048958,-0.046420,0.035733,0.006857,0.315736,-0.320115,-0.030787,-0.591092,0.057427,-0.043606,-0.234411,1.290704,1.212432,0.046463,-0.449744,-0.309505,-0.033796,-0.851455,-1.197596,-0.638520,0.239433,0.125715,-0.363218,0.110291,3
-0.011769,-0.071236,0.002263,0.259072,-0.281028,0.048922,-0.046369,0.035733,0.006816,0.315719,-0.320111,-0.030780,-0.589324,0.057434,-0.043621,-0.234112,1.287948,1.212516,0.044917,-0.449732,-0.309912,-0.033808,-0.848939,-1.195918,-0.640089,0.239469,0.125427,-0.364716,0.110147,3
-0.011786,-0.071236,0.002169,0.259115,-0.281053,0.048879,-0.046352,0.035733,0.006750,0.315719,-0.320111,-0.030795,-0.587717,0.057411,-0.043615,-0.233812,1.284341,1.212492,0.043647,-0.449732,-0.310224,-0.033915,-0.847021,-1.193797,-0.642019,0.239541,0.125115,-0.366118,0.110003,3
-0.011812,-0.071253,0.002116,0.259115,-0.281086,0.048836,-0.046326,0.035716,0.006709,0.315727,-0.320119,-0.030794,-0.586070,0.057434,-0.043621,-0.233620,1.282172,1.212324,0.042328,-0.449732,-0.310439,-0.034023,-0.844804,-1.192682,-0.645674,0.239637,0.124816,-0.367281,0.109835,3
-0.011795,-0.071236,0.002103,0.259072,-0.281131,0.048785,-0.046326,0.035716,0.006709,0.315727,-0.320132,-0.030802,-0.584355,0.057434,-0.043621,-0.233585,1.280098,1.212216,0.040351,-0.449732,-0.310571,-0.034071,-0.842347,-1.191615,-0.647879,0.239696,0.124516,-0.368275,0.109716,3
-0.011761,-0.071236,0.002103,0.258979,-0.281160,0.048734,-0.046335,0.035750,0.006709,0.315761,-0.320144,-0.030823,-0.582722,0.057411,-0.043635,-0.233716,1.277953,1.212013,0.038997,-0.449708,-0.310631,-0.034095,-0.839986,-1.190489,-0.649929,0.239577,0.124193,-0.369570,0.109632,3
-0.011718,-0.071236,0.002116,0.258876,-0.281201,0.048691,-0.046343,0.035742,0.006736,0.315770,-0.320156,-0.030831,-0.581289,0.057419,-0.043610,-0.233968,1.275616,1.211785,0.037642,-0.449732,-0.310667,-0.034083,-0.838009,-1.189219,-0.651762,0.239337,0.123761,-0.370888,0.109560,3
-0.011701,-0.071228,0.002129,0.258783,-0.281209,0.048648,-0.046360,0.035733,0.006709,0.315753,-0.320173,-0.030874,-0.580003,0.057404,-0.043620,-0.234220,1.273124,1.211473,0.036468,-0.449732,-0.310631,-0.034071,-0.836547,-1.187888,-0.653464,0.239061,0.123509,-0.372446,0.109452,3
-0.011658,-0.071236,0.002183,0.258655,-0.281238,0.048597,-0.046377,0.035733,0.006709,0.315761,-0.320198,-0.030903,-0.577834,0.057419,-0.043630,-0.234423,1.269025,1.211090,0.034922,-0.449732,-0.310607,-0.034071,-0.834629,-1.185659,-0.656052,0.238929,0.123198,-0.374124,0.109356,3
-0.011684,-0.071245,0.002169,0.258629,-0.281254,0.048568,-0.046377,0.035742,0.006709,0.315744,-0.320202,-0.030910,-0.577298,0.057396,-0.043624,-0.234316,1.267719,1.211042,0.034419,-0.449708,-0.310607,-0.034059,-0.833119,-1.184928,-0.656855,0.238906,0.123102,-0.374639,0.109368,3
-0.011692,-0.071245,0.002143,0.258570,-0.281287,0.048496,-0.046394,0.035742,0.006709,0.315736,-0.320223,-0.030932,-0.575289,0.057411,-0.043635,-0.233848,1.262913,1.211114,0.032681,-0.449732,-0.310763,-0.034095,-0.830818,-1.182424,-0.659204,0.238894,0.122790,-0.376233,0.109428,3
-0.011735,-0.071236,0.002062,0.258544,-0.281308,0.048474,-0.046394,0.035733,0.006669,0.315727,-0.320227,-0.030954,-0.573749,0.057396,-0.043624,-0.233429,1.260912,1.211365,0.031327,-0.449708,-0.311003,-0.034119,-0.829356,-1.181045,-0.661949,0.238870,0.122539,-0.377335,0.109524,3
-0.011795,-0.071245,0.002009,0.258570,-0.281349,0.048431,-0.046352,0.035708,0.006629,0.315727,-0.320235,-0.030939,-0.572209,0.057411,-0.043635,-0.233057,1.258994,1.211521,0.029098,-0.449708,-0.311290,-0.034203,-0.827822,-1.179272,-0.664082,0.238906,0.122335,-0.378618,0.109644,3
-0.011803,-0.071253,0.001928,0.258604,-0.281365,0.048373,-0.046309,0.035733,0.006575,0.315727,-0.320239,-0.030946,-0.570495,0.057411,-0.043635,-0.232746,1.257244,1.211617,0.027504,-0.449720,-0.311542,-0.034191,-0.826157,-1.177163,-0.666119,0.238941,0.122059,-0.380044,0.109728,3
-0.011829,-0.071245,0.001875,0.258629,-0.281406,0.048272,-0.046267,0.035716,0.006522,0.315736,-0.320243,-0.030939,-0.568687,0.057419,-0.043630,-0.232554,1.255579,1.211641,0.026150,-0.449732,-0.311722,-0.034179,-0.824239,-1.174933,-0.668049,0.238941,0.121556,-0.381710,0.109752,3
-0.011846,-0.071245,0.001795,0.258672,-0.281439,0.048200,-0.046207,0.035733,0.006522,0.315744,-0.320256,-0.030961,-0.566732,0.057396,-0.043624,-0.232470,1.253589,1.211593,0.024939,-0.449744,-0.312021,-0.034191,-0.822202,-1.172824,-0.669786,0.238941,0.121137,-0.384250,0.109776,3
-0.011829,-0.071245,0.001768,0.258655,-0.281471,0.048142,-0.046156,0.035733,0.006535,0.315753,-0.320268,-0.030982,-0.563250,0.057411,-0.043635,-0.232482,1.251097,1.211545,0.023789,-0.449732,-0.312273,-0.034179,-0.820212,-1.171027,-0.671392,0.238929,0.120609,-0.385856,0.109776,3
-0.011820,-0.071245,0.001795,0.258629,-0.281488,0.048099,-0.046139,0.035733,0.006562,0.315770,-0.320272,-0.031004,-0.560745,0.057404,-0.043620,-0.232518,1.248496,1.211497,0.022674,-0.449732,-0.312489,-0.034191,-0.817899,-1.169325,-0.673034,0.238882,0.120082,-0.387222,0.109740,3
-0.011820,-0.071245,0.001821,0.258587,-0.281500,0.048091,-0.046164,0.035733,0.006562,0.315753,-0.320281,-0.031019,-0.558241,0.057389,-0.043629,-0.232626,1.245788,1.211389,0.021572,-0.449708,-0.312752,-0.034191,-0.816677,-1.167695,-0.674796,0.238858,0.119303,-0.388325,0.109656,3
-0.011812,-0.071236,0.001861,0.258535,-0.281508,0.048077,-0.046224,0.035733,0.006562,0.315744,-0.320289,-0.031033,-0.553594,0.057374,-0.043638,-0.232865,1.241126,1.210946,0.019618,-0.449732,-0.313232,-0.034215,-0.814580,-1.164447,-0.678115,0.238906,0.117685,-0.389523,0.109488,3
-0.011803,-0.071236,0.001915,0.258484,-0.281517,0.048077,-0.046258,0.035733,0.006602,0.315727,-0.320285,-0.031040,-0.550969,0.057381,-0.043654,-0.233009,1.239004,1.210682,0.018192,-0.449732,-0.313555,-0.034215,-0.812746,-1.162925,-0.679937,0.238953,0.116319,-0.389991,0.109368,3
-0.011829,-0.071245,0.001969,0.258425,-0.281545,0.048041,-0.046309,0.035733,0.006629,0.315727,-0.320285,-0.031040,-0.548907,0.057366,-0.043643,-0.233057,1.237087,1.210407,0.016155,-0.449732,-0.313891,-0.034191,-0.811092,-1.161451,-0.682202,0.239013,0.114701,-0.390278,0.109308,3
-0.011829,-0.071245,0.002022,0.258373,-0.281591,0.047976,-0.046318,0.035733,0.006709,0.315727,-0.320285,-0.031040,-0.547046,0.057366,-0.043643,-0.233081,1.235122,1.210143,0.015016,-0.449744,-0.314274,-0.034203,-0.809678,-1.160037,-0.684755,0.238977,0.112088,-0.390446,0.109224,3
-0.011829,-0.071236,0.002076,0.258331,-0.281619,0.047882,-0.046335,0.035716,0.006790,0.315727,-0.320281,-0.031033,-0.545586,0.057366,-0.043663,-0.233117,1.233168,1.209915,0.014022,-0.449756,-0.314898,-0.034203,-0.808456,-1.158659,-0.687044,0.238798,0.110147,-0.391561,0.109128,3
-0.011812,-0.071253,0.002156,0.258297,-0.281652,0.047795,-0.046309,0.035733,0.006870,0.315744,-0.320281,-0.031048,-0.543577,0.057351,-0.043653,-0.233177,1.230951,1.209712,0.013027,-0.449768,-0.315461,-0.034191,-0.807102,-1.157305,-0.689129,0.238402,0.108313,-0.392292,0.109080,3
-0.011812,-0.071253,0.002169,0.258263,-0.281697,0.047730,-0.046292,0.035742,0.006937,0.315744,-0.320281,-0.031048,-0.542358,0.057366,-0.043663,-0.233237,1.228698,1.209496,0.011996,-0.449780,-0.316132,-0.034191,-0.805520,-1.156082,-0.691262,0.237887,0.106708,-0.392795,0.109128,3
-0.011837,-0.071262,0.002223,0.258254,-0.281750,0.047651,-0.046292,0.035725,0.007031,0.315744,-0.320272,-0.031033,-0.541126,0.057351,-0.043653,-0.233237,1.226577,1.209316,0.010666,-0.449768,-0.316827,-0.034203,-0.802560,-1.155004,-0.693311,0.237419,0.105102,-0.392999,0.109224,3
-0.011820,-0.071245,0.002303,0.258280,-0.281812,0.047571,-0.046301,0.035733,0.007098,0.315744,-0.320268,-0.031040,-0.539841,0.057351,-0.043653,-0.233237,1.223437,1.209112,0.009444,-0.449780,-0.317510,-0.034191,-0.800582,-1.153949,-0.695337,0.237036,0.103783,-0.392963,0.109356,3
-0.011820,-0.071219,0.002370,0.258314,-0.281899,0.047463,-0.046309,0.035742,0.007232,0.315727,-0.320264,-0.031033,-0.537604,0.057366,-0.043643,-0.233297,1.220561,1.208549,0.007526,-0.449780,-0.318493,-0.034191,-0.798425,-1.153434,-0.698632,0.236437,0.102118,-0.392963,0.109632,3
-0.011820,-0.071228,0.002357,0.258339,-0.281956,0.047390,-0.046309,0.035742,0.007285,0.315719,-0.320268,-0.031040,-0.535729,0.057366,-0.043643,-0.233333,1.218452,1.208202,0.005836,-0.449804,-0.319176,-0.034179,-0.797490,-1.152643,-0.700358,0.235442,0.101231,-0.392927,0.109799,3
-0.011820,-0.071219,0.002317,0.258356,-0.282022,0.047260,-0.046309,0.035742,0.007299,0.315727,-0.320256,-0.031004,-0.533721,0.057374,-0.043658,-0.233369,1.216282,1.207854,0.004854,-0.449840,-0.319727,-0.034167,-0.796987,-1.151085,-0.702348,0.234759,0.100212,-0.392867,0.109955,3
-0.011820,-0.071194,0.002263,0.258391,-0.282067,0.047210,-0.046309,0.035733,0.007272,0.315685,-0.320256,-0.031004,-0.531739,0.057366,-0.043643,-0.233417,1.213969,1.207543,0.003919,-0.449864,-0.320662,-0.034155,-0.796280,-1.149443,-0.704313,0.234136,0.099613,-0.392675,0.110111,3
-0.011837,-0.071194,0.002210,0.258416,-0.282155,0.047174,-0.046309,0.035742,0.007272,0.315574,-0.320256,-0.031004,-0.529355,0.057374,-0.043658,-0.233393,1.211657,1.207363,0.002768,-0.449948,-0.321321,-0.034155,-0.794938,-1.147933,-0.706123,0.233608,0.099026,-0.392447,0.110291,3
-0.011837,-0.071177,0.002183,0.258501,-0.282263,0.047145,-0.046301,0.035742,0.007272,0.315421,-0.320260,-0.030997,-0.525860,0.057366,-0.043643,-0.233225,1.209415,1.207375,0.001426,-0.449984,-0.322052,-0.034167,-0.793164,-1.146531,-0.707740,0.233069,0.098390,-0.392088,0.110519,3
-0.011837,-0.071160,0.002169,0.258552,-0.282383,0.047137,-0.046309,0.035742,0.007272,0.315190,-0.320264,-0.030990,-0.523958,0.057381,-0.043654,-0.232806,1.207246,1.207495,-0.000012,-0.449960,-0.322771,-0.034179,-0.790707,-1.145428,-0.709514,0.232518,0.097695,-0.391692,0.110662,3
-0.011820,-0.071143,0.002169,0.258570,-0.282475,0.047152,-0.046309,0.035742,0.007285,0.315003,-0.320256,-0.030975,-0.522351,0.057366,-0.043643,-0.232626,1.204310,1.207578,-0.001390,-0.449984,-0.323358,-0.034191,-0.789712,-1.144002,-0.711408,0.231967,0.096988,-0.391297,0.110770,3
-0.011820,-0.071143,0.002183,0.258535,-0.282554,0.047159,-0.046335,0.035742,0.007285,0.314841,-0.320248,-0.030990,-0.521092,0.057366,-0.043663,-0.232626,1.202201,1.207447,-0.002637,-0.449960,-0.323814,-0.034179,-0.788874,-1.142852,-0.714296,0.231331,0.096125,-0.390925,0.110830,3
-0.011820,-0.071143,0.002196,0.258493,-0.282613,0.047231,-0.046250,0.035742,0.007285,0.314713,-0.320244,-0.031026,-0.519097,0.057366,-0.043643,-0.232746,1.198917,1.207183,-0.004350,-0.450020,-0.324509,-0.034143,-0.787699,-1.140683,-0.716848,0.230037,0.094568,-0.390434,0.110914,3
-0.011820,-0.071143,0.002156,0.258476,-0.282621,0.047231,-0.046207,0.035742,0.007272,0.314696,-0.320260,-0.031011,-0.517610,0.057358,-0.043638,-0.232638,1.196808,1.207123,-0.005357,-0.449996,-0.324892,-0.034179,-0.786549,-1.139197,-0.718287,0.229402,0.092494,-0.390170,0.110938,3
-0.011820,-0.071143,0.002143,0.258484,-0.282626,0.047224,-0.046190,0.035742,0.007258,0.314679,-0.320260,-0.030997,-0.515963,0.057351,-0.043653,-0.232386,1.194747,1.207231,-0.006567,-0.450020,-0.325743,-0.034203,-0.785170,-1.137639,-0.719665,0.228803,0.090828,-0.389871,0.110962,3
-0.011820,-0.071143,0.002156,0.258493,-0.282651,0.047238,-0.046190,0.035750,0.007245,0.314636,-0.320272,-0.031004,-0.513968,0.057343,-0.043667,-0.232098,1.192638,1.207411,-0.007862,-0.450044,-0.326330,-0.034287,-0.783613,-1.136140,-0.721139,0.228144,0.089211,-0.389391,0.110950,3
-0.011820,-0.071151,0.002076,0.258561,-0.282684,0.047253,-0.046190,0.035742,0.007232,0.314585,-0.320281,-0.031019,-0.510352,0.057305,-0.043681,-0.231907,1.190732,1.207483,-0.009228,-0.450032,-0.326798,-0.034263,-0.781839,-1.134678,-0.722697,0.227449,0.087545,-0.389044,0.110902,3
-0.011829,-0.071151,0.002103,0.258570,-0.282705,0.047260,-0.046215,0.035742,0.007205,0.314534,-0.320293,-0.031040,-0.507780,0.057260,-0.043729,-0.231955,1.188994,1.207459,-0.010534,-0.450080,-0.327145,-0.034251,-0.779514,-1.133444,-0.724303,0.226682,0.085999,-0.388624,0.110830,3
-0.011829,-0.071143,0.002049,0.258552,-0.282726,0.047267,-0.046215,0.035759,0.007191,0.314560,-0.320289,-0.031062,-0.505196,0.057200,-0.043766,-0.232158,1.187101,1.207339,-0.011637,-0.450116,-0.327385,-0.034227,-0.778160,-1.132246,-0.725789,0.225795,0.084501,-0.388169,0.110770,3
-0.011820,-0.071151,0.002036,0.258493,-0.282768,0.047296,-0.046215,0.035750,0.007205,0.314619,-0.320306,-0.031076,-0.502290,0.057162,-0.043790,-0.232302,1.184081,1.207171,-0.012703,-0.450175,-0.327529,-0.034191,-0.777033,-1.130520,-0.727191,0.224752,0.083087,-0.387690,0.110710,3
-0.011829,-0.071160,0.002062,0.258391,-0.282780,0.047303,-0.046224,0.035742,0.007218,0.314679,-0.320318,-0.031084,-0.499263,0.057177,-0.043781,-0.232386,1.181852,1.206979,-0.013794,-0.450199,-0.327637,-0.034191,-0.775943,-1.129286,-0.729204,0.223757,0.081744,-0.387186,0.110686,3
-0.011820,-0.071177,0.002062,0.258246,-0.282797,0.047332,-0.046224,0.035742,0.007218,0.314781,-0.320322,-0.031076,-0.496411,0.057162,-0.043790,-0.232446,1.179179,1.206943,-0.015819,-0.450211,-0.327793,-0.034203,-0.774852,-1.127931,-0.730726,0.222331,0.080270,-0.386683,0.110686,3
-0.011820,-0.071177,0.002089,0.258195,-0.282818,0.047339,-0.046250,0.035742,0.007232,0.314815,-0.320339,-0.031134,-0.494281,0.057139,-0.043784,-0.232530,1.176866,1.206919,-0.017257,-0.450187,-0.327840,-0.034203,-0.773750,-1.126661,-0.732512,0.221564,0.078137,-0.386192,0.110662,3
-0.011820,-0.071185,0.002143,0.258075,-0.282856,0.047347,-0.046258,0.035759,0.007258,0.314807,-0.320376,-0.031185,-0.491469,0.057101,-0.043818,-0.232854,1.173211,1.206955,-0.019738,-0.450211,-0.327709,-0.034191,-0.772132,-1.125007,-0.735244,0.220258,0.075776,-0.385568,0.110542,3
-0.011829,-0.071202,0.002223,0.258024,-0.282885,0.047325,-0.046284,0.035750,0.007285,0.314807,-0.320388,-0.031207,-0.489018,0.057056,-0.043836,-0.233165,1.170850,1.206943,-0.021392,-0.450199,-0.327541,-0.034179,-0.771173,-1.124156,-0.736826,0.219419,0.074051,-0.385485,0.110303,3
-0.011820,-0.071194,0.002250,0.257922,-0.282897,0.047303,-0.046284,0.035742,0.007299,0.314790,-0.320409,-0.031228,-0.487371,0.056995,-0.043864,-0.233632,1.168849,1.206979,-0.022986,-0.450199,-0.327361,-0.034143,-0.769951,-1.123401,-0.738216,0.218628,0.072097,-0.385461,0.110147,3
-0.011837,-0.071194,0.002277,0.257862,-0.282922,0.047289,-0.046275,0.035750,0.007299,0.314773,-0.320405,-0.031236,-0.485791,0.056965,-0.043893,-0.233908,1.166991,1.207003,-0.024316,-0.450187,-0.327169,-0.034119,-0.769207,-1.122646,-0.739678,0.217873,0.069904,-0.385497,0.110051,3
-0.011829,-0.071194,0.002277,0.257794,-0.282955,0.047274,-0.046267,0.035733,0.007312,0.314747,-0.320405,-0.031236,-0.484063,0.056935,-0.043902,-0.234004,1.164666,1.207003,-0.025431,-0.450175,-0.327062,-0.034143,-0.768369,-1.120992,-0.741128,0.217142,0.067807,-0.385568,0.110003,3
-0.011820,-0.071194,0.002263,0.257777,-0.283001,0.047267,-0.046267,0.035742,0.007352,0.314696,-0.320409,-0.031243,-0.482296,0.056957,-0.043917,-0.233968,1.163025,1.207003,-0.026713,-0.450187,-0.327073,-0.034143,-0.767434,-1.119662,-0.743286,0.216411,0.065817,-0.385688,0.110027,3
-0.011829,-0.071194,0.002250,0.257768,-0.283092,0.047209,-0.046267,0.035750,0.007392,0.314611,-0.320409,-0.031243,-0.480528,0.056942,-0.043917,-0.233836,1.160927,1.207003,-0.028858,-0.450187,-0.327229,-0.034131,-0.766403,-1.118308,-0.744568,0.215285,0.063241,-0.385820,0.110099,3
-0.011829,-0.071177,0.002250,0.257777,-0.283146,0.047231,-0.046258,0.035742,0.007406,0.314543,-0.320417,-0.031257,-0.478787,0.056927,-0.043916,-0.233597,1.158459,1.206979,-0.030524,-0.450187,-0.327397,-0.034131,-0.765313,-1.117133,-0.745862,0.214566,0.062558,-0.385916,0.110243,3
-0.011812,-0.071177,0.002303,0.257785,-0.283279,0.047173,-0.046250,0.035733,0.007499,0.314475,-0.320434,-0.031286,-0.476109,0.056889,-0.043940,-0.233249,1.154636,1.206931,-0.032789,-0.450187,-0.327385,-0.034119,-0.763467,-1.115863,-0.747816,0.213499,0.060041,-0.386012,0.110459,3
-0.011820,-0.071177,0.002290,0.257811,-0.283316,0.047137,-0.046241,0.035742,0.007540,0.314458,-0.320434,-0.031315,-0.473484,0.056851,-0.043963,-0.233069,1.151927,1.206907,-0.034047,-0.450187,-0.327325,-0.034119,-0.762137,-1.115156,-0.749122,0.212828,0.058914,-0.386060,0.110686,3
-0.011837,-0.071177,0.002303,0.257811,-0.283357,0.047094,-0.046250,0.035742,0.007566,0.314423,-0.320430,-0.031322,-0.471823,0.056821,-0.044002,-0.233009,1.149387,1.206919,-0.035174,-0.450175,-0.327241,-0.034131,-0.760902,-1.114245,-0.750512,0.212157,0.057884,-0.386108,0.110806,3
-0.011846,-0.071177,0.002277,0.257803,-0.283374,0.047079,-0.046275,0.035742,0.007593,0.314440,-0.320434,-0.031315,-0.471047,0.056798,-0.044006,-0.233021,1.148224,1.206943,-0.035785,-0.450175,-0.327205,-0.034143,-0.759824,-1.113622,-0.751219,0.211821,0.057440,-0.386132,0.110830,3
-0.011837,-0.071177,0.002277,0.257811,-0.283445,0.047043,-0.046284,0.035750,0.007660,0.314398,-0.320442,-0.031315,-0.469091,0.056776,-0.044030,-0.233129,1.144221,1.206979,-0.037750,-0.450187,-0.327229,-0.034143,-0.758709,-1.111633,-0.753328,0.210551,0.056314,-0.386276,0.110890,3
-0.011837,-0.071168,0.002263,0.257854,-0.283532,0.047036,-0.046292,0.035759,0.007647,0.314338,-0.320450,-0.031286,-0.467819,0.056753,-0.044024,-0.233141,1.142544,1.206991,-0.039236,-0.450187,-0.327265,-0.034131,-0.758074,-1.110926,-0.755174,0.209652,0.055679,-0.386335,0.110914,3
-0.011829,-0.071168,0.002223,0.257896,-0.283603,0.047029,-0.046275,0.035742,0.007647,0.314262,-0.320455,-0.031308,-0.466373,0.056753,-0.044044,-0.233057,1.140878,1.206967,-0.041717,-0.450211,-0.327253,-0.034143,-0.757295,-1.110362,-0.756253,0.208214,0.055020,-0.386359,0.110878,3
-0.011829,-0.071168,0.002183,0.257939,-0.283674,0.047022,-0.046267,0.035767,0.007647,0.314193,-0.320455,-0.031293,-0.464672,0.056745,-0.044049,-0.232830,1.139272,1.206955,-0.043107,-0.450211,-0.327205,-0.034143,-0.756396,-1.109643,-0.757127,0.207087,0.054372,-0.386323,0.110854,3
-0.011829,-0.071168,0.002143,0.257999,-0.283711,0.047014,-0.046250,0.035742,0.007620,0.314117,-0.320450,-0.031301,-0.462904,0.056707,-0.044053,-0.232518,1.137594,1.206955,-0.044222,-0.450211,-0.327145,-0.034143,-0.755474,-1.108589,-0.757930,0.205793,0.053138,-0.386312,0.110842,3
-0.011837,-0.071160,0.002089,0.258050,-0.283787,0.047072,-0.046232,0.035733,0.007593,0.314040,-0.320459,-0.031301,-0.460802,0.056685,-0.044067,-0.232230,1.135521,1.206943,-0.045324,-0.450211,-0.327229,-0.034143,-0.754539,-1.107294,-0.758805,0.204415,0.052131,-0.386323,0.110818,3
-0.011829,-0.071177,0.002062,0.258101,-0.283820,0.047072,-0.046198,0.035742,0.007607,0.313989,-0.320463,-0.031322,-0.457601,0.056662,-0.044081,-0.231955,1.133184,1.206931,-0.046703,-0.450235,-0.327445,-0.034155,-0.753604,-1.106132,-0.759848,0.203049,0.050981,-0.386359,0.110830,3
-0.011837,-0.071177,0.002022,0.258169,-0.283871,0.047145,-0.046147,0.035742,0.007620,0.313955,-0.320492,-0.031358,-0.453744,0.056586,-0.044128,-0.231571,1.129696,1.206943,-0.048932,-0.450223,-0.327793,-0.034155,-0.751986,-1.104802,-0.761562,0.201215,0.049159,-0.386252,0.110842,3
-0.011837,-0.071177,0.002062,0.258160,-0.283871,0.047145,-0.046113,0.035742,0.007633,0.313980,-0.320517,-0.031416,-0.451307,0.056518,-0.044160,-0.231403,1.126628,1.206943,-0.050394,-0.450223,-0.327864,-0.034179,-0.751291,-1.103627,-0.762556,0.200208,0.047829,-0.386204,0.110782,3
-0.011837,-0.071194,0.002076,0.258109,-0.283900,0.047152,-0.046113,0.035742,0.007607,0.314040,-0.320537,-0.031453,-0.448695,0.056511,-0.044175,-0.231308,1.124855,1.206955,-0.051640,-0.450223,-0.327840,-0.034155,-0.750584,-1.102741,-0.763683,0.199394,0.046535,-0.386144,0.110770,3
-0.011820,-0.071194,0.002076,0.258033,-0.283917,0.047166,-0.046139,0.035733,0.007593,0.314108,-0.320554,-0.031467,-0.445776,0.056503,-0.044190,-0.231284,1.123081,1.206967,-0.053450,-0.450247,-0.327793,-0.034155,-0.749841,-1.101746,-0.764258,0.198483,0.045312,-0.386096,0.110782,3
-0.011812,-0.071211,0.002076,0.257990,-0.283942,0.047166,-0.046147,0.035733,0.007593,0.314151,-0.320562,-0.031481,-0.442870,0.056488,-0.044189,-0.231308,1.120984,1.206991,-0.054696,-0.450295,-0.327769,-0.034155,-0.749050,-1.100679,-0.764773,0.198015,0.043491,-0.386024,0.110722,3
-0.011812,-0.071219,0.002089,0.257939,-0.283975,0.047195,-0.046173,0.035742,0.007593,0.314193,-0.320575,-0.031518,-0.440433,0.056503,-0.044199,-0.231284,1.118719,1.206991,-0.056098,-0.450319,-0.327793,-0.034155,-0.748283,-1.099589,-0.765409,0.197620,0.042352,-0.385988,0.110722,3
-0.011795,-0.071228,0.002116,0.257879,-0.284009,0.047195,-0.046181,0.035733,0.007633,0.314244,-0.320591,-0.031576,-0.438250,0.056473,-0.044198,-0.231272,1.116334,1.206943,-0.057632,-0.450343,-0.327769,-0.034155,-0.747504,-1.098318,-0.766187,0.197284,0.041274,-0.385976,0.110722,3
-0.011803,-0.071245,0.002210,0.257828,-0.284025,0.047210,-0.046164,0.035750,0.007647,0.314313,-0.320616,-0.031604,-0.435598,0.056473,-0.044218,-0.231320,1.113721,1.206931,-0.059274,-0.450343,-0.327673,-0.034155,-0.746725,-1.097036,-0.767098,0.196805,0.040171,-0.386012,0.110710,3
-0.011812,-0.071228,0.002263,0.257751,-0.284038,0.047203,-0.046164,0.035742,0.007620,0.314364,-0.320629,-0.031641,-0.433978,0.056458,-0.044228,-0.231367,1.111361,1.206931,-0.060868,-0.450343,-0.327541,-0.034155,-0.745670,-1.095790,-0.768021,0.195954,0.039069,-0.386180,0.110686,3
-0.011820,-0.071219,0.002303,0.257692,-0.284075,0.047195,-0.046156,0.035742,0.007647,0.314423,-0.320649,-0.031677,-0.431768,0.056390,-0.044250,-0.231415,1.106938,1.206967,-0.063181,-0.450355,-0.327313,-0.034155,-0.744640,-1.094112,-0.769471,0.194156,0.037307,-0.386575,0.110602,3
-0.011829,-0.071211,0.002370,0.257692,-0.284096,0.047188,-0.046164,0.035733,0.007647,0.314423,-0.320641,-0.031677,-0.430241,0.056397,-0.044265,-0.231403,1.105201,1.206979,-0.064403,-0.450379,-0.327157,-0.034143,-0.744029,-1.093680,-0.770753,0.193030,0.036120,-0.386647,0.110566,3
-0.011803,-0.071211,0.002384,0.257675,-0.284125,0.047166,-0.046147,0.035742,0.007674,0.314381,-0.320637,-0.031670,-0.428675,0.056367,-0.044264,-0.231439,1.103655,1.206991,-0.065901,-0.450391,-0.327026,-0.034155,-0.743417,-1.093285,-0.771580,0.191604,0.035006,-0.386623,0.110590,3
-0.011820,-0.071211,0.002384,0.257700,-0.284171,0.047145,-0.046130,0.035742,0.007674,0.314355,-0.320649,-0.031662,-0.427161,0.056382,-0.044275,-0.231547,1.102169,1.206955,-0.067124,-0.450415,-0.326954,-0.034155,-0.742770,-1.092482,-0.772323,0.190849,0.033328,-0.386467,0.110638,3
-0.011812,-0.071211,0.002384,0.257717,-0.284187,0.047159,-0.046122,0.035750,0.007660,0.314338,-0.320662,-0.031655,-0.425635,0.056374,-0.044279,-0.231715,1.100431,1.206919,-0.068634,-0.450391,-0.327002,-0.034155,-0.742099,-1.091320,-0.772995,0.190034,0.032046,-0.386252,0.110686,3
-0.011820,-0.071202,0.002397,0.257726,-0.284238,0.047174,-0.046113,0.035725,0.007660,0.314313,-0.320662,-0.031641,-0.424282,0.056329,-0.044288,-0.231919,1.098370,1.206895,-0.070204,-0.450403,-0.327145,-0.034143,-0.741284,-1.089965,-0.773558,0.188979,0.030692,-0.386096,0.110746,3
-0.011829,-0.071228,0.002411,0.257751,-0.284275,0.047181,-0.046113,0.035750,0.007660,0.314287,-0.320653,-0.031641,-0.422220,0.056306,-0.044322,-0.232098,1.095901,1.206919,-0.071630,-0.450415,-0.327133,-0.034143,-0.740409,-1.088527,-0.774001,0.187721,0.029349,-0.386228,0.110806,3
-0.011812,-0.071211,0.002424,0.257768,-0.284313,0.047174,-0.046079,0.035750,0.007674,0.314244,-0.320662,-0.031670,-0.420666,0.056238,-0.044364,-0.232098,1.093300,1.206967,-0.072828,-0.450415,-0.327085,-0.034143,-0.739079,-1.087137,-0.774552,0.186259,0.027887,-0.386300,0.110830,3
-0.011803,-0.071228,0.002451,0.257828,-0.284346,0.047159,-0.046054,0.035742,0.007687,0.314193,-0.320641,-0.031662,-0.417640,0.056041,-0.044467,-0.231955,1.088435,1.206967,-0.074554,-0.450403,-0.326990,-0.034143,-0.737641,-1.084752,-0.775535,0.183826,0.025754,-0.386240,0.110770,3
-0.011820,-0.071228,0.002411,0.257837,-0.284362,0.047159,-0.046062,0.035759,0.007660,0.314159,-0.320641,-0.031677,-0.415417,0.055966,-0.044534,-0.231835,1.086361,1.206955,-0.075764,-0.450415,-0.326978,-0.034155,-0.736538,-1.083877,-0.776614,0.182424,0.024520,-0.386096,0.110734,3
-0.011803,-0.071211,0.002397,0.257930,-0.284392,0.047167,-0.046054,0.035750,0.007660,0.314074,-0.320649,-0.031677,-0.413528,0.055898,-0.044556,-0.231679,1.084636,1.206943,-0.077862,-0.450415,-0.326990,-0.034143,-0.735232,-1.083122,-0.777321,0.180674,0.023477,-0.385964,0.110710,3
-0.011812,-0.071219,0.002357,0.257964,-0.284425,0.047196,-0.046019,0.035750,0.007674,0.314006,-0.320649,-0.031662,-0.411841,0.055882,-0.044566,-0.231523,1.083090,1.206955,-0.079431,-0.450403,-0.326978,-0.034155,-0.733722,-1.082475,-0.778040,0.179679,0.022207,-0.385844,0.110686,3
-0.011803,-0.071219,0.002330,0.258007,-0.284450,0.047196,-0.046002,0.035725,0.007687,0.313972,-0.320658,-0.031662,-0.410207,0.055860,-0.044580,-0.231379,1.081652,1.206967,-0.081025,-0.450403,-0.326966,-0.034155,-0.732248,-1.081684,-0.778759,0.178529,0.021416,-0.385628,0.110662,3
-0.011812,-0.071228,0.002303,0.257999,-0.284471,0.047232,-0.045968,0.035733,0.007687,0.313963,-0.320662,-0.031655,-0.408587,0.055845,-0.044609,-0.231284,1.080154,1.206943,-0.082332,-0.450415,-0.326918,-0.034143,-0.730894,-1.080642,-0.779550,0.177067,0.020697,-0.385521,0.110662,3
-0.011812,-0.071211,0.002290,0.258016,-0.284480,0.047217,-0.045926,0.035742,0.007687,0.313980,-0.320657,-0.031648,-0.406096,0.055807,-0.044632,-0.231212,1.078308,1.206931,-0.083530,-0.450403,-0.326918,-0.034155,-0.728976,-1.079299,-0.780281,0.175497,0.020110,-0.385437,0.110674,3
-0.011803,-0.071228,0.002223,0.258016,-0.284492,0.047239,-0.045900,0.035767,0.007674,0.313989,-0.320662,-0.031670,-0.404221,0.055716,-0.044669,-0.231116,1.076163,1.206883,-0.084645,-0.450403,-0.326978,-0.034155,-0.727634,-1.077825,-0.781000,0.173831,0.019582,-0.385401,0.110722,3
-0.011820,-0.071228,0.002169,0.257999,-0.284513,0.047275,-0.045909,0.035733,0.007674,0.313997,-0.320658,-0.031677,-0.402346,0.055564,-0.044753,-0.231020,1.072352,1.206847,-0.085903,-0.450391,-0.327049,-0.034239,-0.726172,-1.075596,-0.781527,0.172309,0.019079,-0.385389,0.110722,3
-0.011812,-0.071228,0.002143,0.257999,-0.284522,0.047290,-0.045892,0.035733,0.007687,0.314014,-0.320658,-0.031677,-0.400311,0.055443,-0.044809,-0.230960,1.070075,1.206764,-0.087257,-0.450403,-0.327133,-0.034323,-0.724782,-1.074530,-0.781959,0.171063,0.018647,-0.385353,0.110770,3
-0.011812,-0.071228,0.002129,0.257999,-0.284526,0.047297,-0.045875,0.035733,0.007687,0.314048,-0.320662,-0.031670,-0.398181,0.055330,-0.044879,-0.230972,1.067894,1.206680,-0.089510,-0.450379,-0.327133,-0.034419,-0.723643,-1.073691,-0.782007,0.169948,0.018252,-0.385353,0.110770,3
-0.011820,-0.071245,0.002103,0.257939,-0.284526,0.047297,-0.045892,0.035725,0.007700,0.314159,-0.320678,-0.031684,-0.395007,0.055163,-0.044983,-0.231116,1.065149,1.206524,-0.091595,-0.450379,-0.327062,-0.034503,-0.722709,-1.072624,-0.781947,0.167228,0.017557,-0.385341,0.110782,3
-0.011812,-0.071236,0.002143,0.257879,-0.284530,0.047304,-0.045909,0.035733,0.007687,0.314244,-0.320678,-0.031698,-0.392637,0.055034,-0.045024,-0.231188,1.063484,1.206392,-0.092770,-0.450379,-0.326978,-0.034527,-0.722541,-1.071809,-0.782126,0.165454,0.017221,-0.385329,0.110746,3
-0.011812,-0.071236,0.002103,0.257862,-0.284518,0.047311,-0.045917,0.035750,0.007687,0.314279,-0.320670,-0.031699,-0.390079,0.054959,-0.045061,-0.231224,1.061974,1.206260,-0.094004,-0.450367,-0.326978,-0.034527,-0.722697,-1.070755,-0.782510,0.163585,0.016934,-0.385449,0.110698,3
-0.011820,-0.071245,0.002116,0.257794,-0.284535,0.047340,-0.045960,0.035733,0.007700,0.314313,-0.320674,-0.031706,-0.386637,0.054868,-0.045079,-0.231212,1.060368,1.206080,-0.095538,-0.450355,-0.327002,-0.034527,-0.723080,-1.069652,-0.783097,0.161847,0.016610,-0.385545,0.110638,3
-0.011803,-0.071245,0.002156,0.257803,-0.284543,0.047355,-0.046002,0.035742,0.007700,0.314338,-0.320678,-0.031698,-0.384709,0.054799,-0.045072,-0.231176,1.058738,1.205901,-0.097156,-0.450367,-0.327038,-0.034527,-0.723967,-1.068561,-0.783637,0.160349,0.016299,-0.385604,0.110614,3
-0.011812,-0.071236,0.002169,0.257777,-0.284548,0.047362,-0.046002,0.035742,0.007687,0.314355,-0.320678,-0.031698,-0.382941,0.054731,-0.045075,-0.231128,1.056605,1.205721,-0.098978,-0.450379,-0.327002,-0.034527,-0.724303,-1.067567,-0.784032,0.158959,0.015927,-0.385616,0.110602,3
-0.011795,-0.071245,0.002196,0.257751,-0.284548,0.047362,-0.045977,0.035733,0.007687,0.314355,-0.320678,-0.031684,-0.381334,0.054557,-0.045114,-0.230984,1.053153,1.205589,-0.100763,-0.450403,-0.326954,-0.034527,-0.723620,-1.066452,-0.784140,0.157581,0.015496,-0.385580,0.110578,3
-0.011803,-0.071228,0.002236,0.257760,-0.284548,0.047362,-0.045977,0.035750,0.007700,0.314347,-0.320678,-0.031684,-0.379928,0.054420,-0.045140,-0.230648,1.050936,1.205517,-0.102417,-0.450379,-0.326894,-0.034527,-0.722361,-1.065721,-0.783984,0.156250,0.014908,-0.385556,0.110614,3
-0.011803,-0.071236,0.002196,0.257794,-0.284556,0.047376,-0.045960,0.035733,0.007700,0.314338,-0.320658,-0.031706,-0.378642,0.054299,-0.045176,-0.230145,1.048767,1.205541,-0.104407,-0.450355,-0.326834,-0.034563,-0.721187,-1.064715,-0.784020,0.154141,0.014309,-0.385521,0.110650,3
-0.011812,-0.071228,0.002250,0.257803,-0.284560,0.047384,-0.045960,0.035733,0.007674,0.314313,-0.320654,-0.031713,-0.377357,0.054238,-0.045214,-0.229798,1.046802,1.205637,-0.105521,-0.450379,-0.326738,-0.034610,-0.720336,-1.063540,-0.784200,0.152919,0.013386,-0.385509,0.110686,3
-0.011803,-0.071228,0.002303,0.257845,-0.284590,0.047405,-0.045960,0.035733,0.007687,0.314287,-0.320662,-0.031699,-0.375576,0.054162,-0.045281,-0.229510,1.044177,1.205769,-0.107391,-0.450415,-0.326630,-0.034634,-0.719413,-1.061706,-0.784643,0.151505,0.012392,-0.385580,0.110734,3
-0.011795,-0.071228,0.002330,0.257871,-0.284598,0.047420,-0.045951,0.035733,0.007700,0.314253,-0.320666,-0.031691,-0.373567,0.054079,-0.045313,-0.229450,1.042295,1.205841,-0.108829,-0.450415,-0.326558,-0.034610,-0.718874,-1.060364,-0.784847,0.150510,0.011637,-0.385628,0.110710,3
-0.011803,-0.071228,0.002384,0.257888,-0.284590,0.047434,-0.045951,0.035750,0.007700,0.314219,-0.320658,-0.031691,-0.371947,0.053973,-0.045349,-0.229126,1.040330,1.205889,-0.110315,-0.450415,-0.326534,-0.034622,-0.717915,-1.059010,-0.784895,0.149287,0.010774,-0.385664,0.110698,3
-0.011803,-0.071245,0.002370,0.257913,-0.284590,0.047434,-0.045934,0.035733,0.007700,0.314202,-0.320653,-0.031699,-0.370045,0.053829,-0.045399,-0.228635,1.038365,1.205925,-0.111837,-0.450415,-0.326522,-0.034634,-0.717184,-1.057788,-0.784775,0.147945,0.009743,-0.385688,0.110674,3
-0.011803,-0.071245,0.002370,0.257964,-0.284598,0.047420,-0.045934,0.035733,0.007687,0.314134,-0.320649,-0.031706,-0.368036,0.053670,-0.045499,-0.228084,1.035045,1.205937,-0.113239,-0.450427,-0.326534,-0.034682,-0.716381,-1.056158,-0.784619,0.146531,0.008569,-0.385688,0.110650,3
-0.011803,-0.071236,0.002344,0.257999,-0.284590,0.047434,-0.045951,0.035733,0.007687,0.314083,-0.320649,-0.031691,-0.365626,0.053556,-0.045589,-0.227497,1.032804,1.205925,-0.114713,-0.450415,-0.326546,-0.034694,-0.715614,-1.055271,-0.784499,0.145033,0.007023,-0.385736,0.110650,3
-0.011812,-0.071245,0.002330,0.258050,-0.284598,0.047449,-0.045951,0.035725,0.007687,0.314040,-0.320666,-0.031691,-0.363402,0.053428,-0.045699,-0.226981,1.030827,1.205901,-0.116942,-0.450427,-0.326534,-0.034682,-0.714931,-1.054432,-0.784511,0.143116,0.005393,-0.385748,0.110650,3
-0.011812,-0.071245,0.002344,0.258075,-0.284590,0.047434,-0.045943,0.035742,0.007700,0.314048,-0.320653,-0.031684,-0.361287,0.053299,-0.045809,-0.226502,1.028849,1.205889,-0.118716,-0.450439,-0.326522,-0.034682,-0.714380,-1.053689,-0.784511,0.141989,0.002768,-0.385844,0.110662,3
-0.011803,-0.071228,0.002330,0.258058,-0.284603,0.047456,-0.045951,0.035742,0.007714,0.314048,-0.320658,-0.031691,-0.359519,0.053163,-0.045904,-0.226070,1.026980,1.205865,-0.120573,-0.450475,-0.326462,-0.034694,-0.713948,-1.052874,-0.784475,0.140911,0.000863,-0.386036,0.110650,3
-0.011786,-0.071236,0.002330,0.258024,-0.284603,0.047470,-0.045985,0.035733,0.007700,0.314083,-0.320662,-0.031684,-0.357015,0.052936,-0.046045,-0.225507,1.024259,1.205841,-0.122850,-0.450487,-0.326390,-0.034694,-0.713529,-1.051292,-0.784296,0.138777,-0.002205,-0.386216,0.110554,3
-0.011795,-0.071236,0.002344,0.257990,-0.284590,0.047463,-0.045985,0.035750,0.007714,0.314091,-0.320653,-0.031699,-0.355863,0.052761,-0.046134,-0.224800,1.022306,1.205877,-0.124121,-0.450487,-0.326354,-0.034682,-0.713025,-1.050058,-0.784128,0.137076,-0.004290,-0.386503,0.110435,3
-0.011778,-0.071236,0.002317,0.257999,-0.284603,0.047470,-0.046011,0.035733,0.007687,0.314100,-0.320649,-0.031691,-0.354725,0.052610,-0.046239,-0.224201,1.020304,1.205877,-0.125391,-0.450499,-0.326390,-0.034694,-0.712582,-1.048704,-0.783900,0.135242,-0.006543,-0.386671,0.110327,3
-0.011778,-0.071236,0.002277,0.258007,-0.284590,0.047478,-0.045994,0.035750,0.007687,0.314091,-0.320658,-0.031677,-0.353385,0.052299,-0.046393,-0.223410,1.017177,1.205925,-0.126973,-0.450475,-0.326510,-0.034754,-0.712163,-1.046606,-0.783684,0.133528,-0.008856,-0.386671,0.110219,3
-0.011778,-0.071245,0.002210,0.258050,-0.284590,0.047478,-0.045985,0.035716,0.007700,0.314083,-0.320653,-0.031670,-0.351885,0.052155,-0.046503,-0.222499,1.015127,1.205973,-0.128794,-0.450499,-0.326594,-0.034826,-0.711911,-1.045276,-0.783397,0.131946,-0.011061,-0.386551,0.110171,3
-0.011786,-0.071236,0.002143,0.258067,-0.284582,0.047492,-0.045985,0.035742,0.007700,0.314066,-0.320653,-0.031684,-0.350359,0.051973,-0.046607,-0.221540,1.013186,1.205985,-0.131479,-0.450499,-0.326546,-0.034886,-0.711803,-1.043922,-0.783109,0.130748,-0.013243,-0.386335,0.110207,3
-0.011786,-0.071228,0.002076,0.258169,-0.284582,0.047506,-0.045951,0.035733,0.007687,0.314057,-0.320649,-0.031691,-0.348779,0.051822,-0.046711,-0.220642,1.011340,1.205973,-0.133013,-0.450499,-0.326474,-0.034910,-0.711767,-1.042448,-0.782762,0.129010,-0.015508,-0.386096,0.110255,3
-0.011786,-0.071228,0.002049,0.258195,-0.284578,0.047528,-0.045943,0.035742,0.007674,0.314083,-0.320653,-0.031684,-0.347051,0.051671,-0.046836,-0.219731,1.009662,1.205949,-0.134475,-0.450487,-0.326402,-0.034898,-0.711719,-1.040854,-0.782342,0.127596,-0.018827,-0.385832,0.110303,3
-0.011795,-0.071228,0.002022,0.258177,-0.284557,0.047535,-0.045926,0.035742,0.007647,0.314134,-0.320653,-0.031684,-0.345056,0.051496,-0.046964,-0.218700,1.007781,1.205949,-0.136177,-0.450499,-0.326330,-0.034898,-0.711623,-1.039068,-0.781899,0.125798,-0.021224,-0.385521,0.110351,3
-0.011795,-0.071228,0.002009,0.258169,-0.284549,0.047564,-0.045943,0.035733,0.007647,0.314193,-0.320653,-0.031684,-0.341922,0.051315,-0.047088,-0.217490,1.005959,1.205997,-0.138046,-0.450499,-0.326366,-0.034886,-0.711563,-1.037379,-0.781587,0.124193,-0.023345,-0.385413,0.110423,3
-0.011795,-0.071228,0.002062,0.258101,-0.284541,0.047564,-0.045977,0.035733,0.007660,0.314287,-0.320670,-0.031670,-0.338480,0.051042,-0.047278,-0.214793,1.002891,1.206416,-0.141030,-0.450523,-0.326390,-0.034898,-0.711563,-1.035293,-0.781180,0.122083,-0.026581,-0.385353,0.110507,3
-0.011786,-0.071228,0.002089,0.258067,-0.284512,0.047571,-0.045994,0.035750,0.007660,0.314364,-0.320670,-0.031684,-0.335922,0.050731,-0.047482,-0.213403,0.999943,1.206907,-0.142804,-0.450511,-0.326378,-0.034886,-0.711563,-1.033352,-0.780988,0.120765,-0.028714,-0.385413,0.110554,3
-0.011769,-0.071228,0.002103,0.258016,-0.284508,0.047579,-0.046019,0.035750,0.007647,0.314406,-0.320662,-0.031684,-0.333311,0.050519,-0.047615,-0.212085,0.997822,1.207638,-0.144278,-0.450535,-0.326378,-0.034886,-0.711527,-1.031794,-0.780844,0.119315,-0.030596,-0.385461,0.110602,3
-0.011786,-0.071228,0.002116,0.257973,-0.284496,0.047600,-0.046028,0.035750,0.007647,0.314449,-0.320674,-0.031691,-0.331168,0.050299,-0.047782,-0.210970,0.995713,1.208010,-0.145776,-0.450535,-0.326366,-0.034898,-0.711396,-1.030128,-0.780844,0.117757,-0.032453,-0.385521,0.110614,3
-0.011778,-0.071228,0.002143,0.257939,-0.284487,0.047615,-0.046028,0.035750,0.007633,0.314475,-0.320666,-0.031677,-0.329427,0.050087,-0.047925,-0.209988,0.993711,1.208142,-0.148209,-0.450535,-0.326378,-0.034898,-0.711228,-1.028366,-0.780880,0.115324,-0.034371,-0.385580,0.110626,3
-0.011778,-0.071228,0.002183,0.257905,-0.284475,0.047651,-0.046028,0.035776,0.007674,0.314458,-0.320670,-0.031670,-0.327874,0.049898,-0.048053,-0.209125,0.991866,1.208118,-0.150066,-0.450535,-0.326390,-0.034886,-0.711072,-1.026832,-0.780964,0.113694,-0.037391,-0.385604,0.110614,3
-0.011769,-0.071236,0.002210,0.257896,-0.284475,0.047636,-0.045994,0.035733,0.007700,0.314458,-0.320670,-0.031655,-0.326588,0.049761,-0.048139,-0.208334,0.990116,1.208118,-0.151888,-0.450511,-0.326414,-0.034874,-0.711000,-1.025430,-0.781036,0.112304,-0.039704,-0.385616,0.110590,3
-0.011778,-0.071245,0.002263,0.257871,-0.284467,0.047636,-0.045985,0.035750,0.007714,0.314458,-0.320674,-0.031677,-0.324954,0.049632,-0.048200,-0.207615,0.988378,1.208166,-0.153614,-0.450535,-0.326426,-0.034850,-0.710976,-1.023980,-0.781096,0.111070,-0.042005,-0.385580,0.110519,3
-0.011778,-0.071228,0.002317,0.257879,-0.284471,0.047644,-0.045968,0.035750,0.007700,0.314458,-0.320666,-0.031662,-0.324017,0.049511,-0.048246,-0.206920,0.986593,1.208226,-0.155435,-0.450571,-0.326450,-0.034862,-0.710940,-1.022290,-0.781120,0.109644,-0.044390,-0.385556,0.110435,3
-0.011761,-0.071236,0.002411,0.257922,-0.284462,0.047629,-0.045943,0.035759,0.007700,0.314449,-0.320657,-0.031648,-0.322638,0.049284,-0.048418,-0.205553,0.982147,1.208274,-0.158240,-0.450595,-0.326438,-0.034874,-0.710760,-1.018443,-0.781096,0.107115,-0.047949,-0.385568,0.110303,3
-0.011795,-0.071228,0.002451,0.257973,-0.284471,0.047644,-0.045943,0.035759,0.007714,0.314423,-0.320645,-0.031626,-0.321647,0.048935,-0.048636,-0.204894,0.980014,1.208250,-0.160121,-0.450571,-0.326438,-0.034862,-0.710748,-1.016550,-0.781060,0.105521,-0.050214,-0.385545,0.110255,3
-0.011803,-0.071228,0.002504,0.258007,-0.284471,0.047644,-0.045926,0.035750,0.007714,0.314406,-0.320645,-0.031626,-0.320548,0.048624,-0.048821,-0.204259,0.977880,1.208238,-0.161811,-0.450571,-0.326450,-0.034862,-0.710784,-1.014932,-0.781012,0.104119,-0.052287,-0.385545,0.110255,3
-0.011786,-0.071228,0.002518,0.258092,-0.284467,0.047636,-0.045926,0.035776,0.007714,0.314381,-0.320645,-0.031626,-0.319049,0.048291,-0.049040,-0.203648,0.975531,1.208238,-0.163944,-0.450571,-0.326438,-0.034886,-0.710832,-1.013446,-0.780988,0.102273,-0.054097,-0.385568,0.110351,3
-0.011769,-0.071228,0.002504,0.258160,-0.284475,0.047636,-0.045909,0.035750,0.007741,0.314381,-0.320645,-0.031612,-0.317200,0.047980,-0.049226,-0.203121,0.973578,1.208226,-0.165430,-0.450559,-0.326474,-0.034862,-0.710928,-1.012008,-0.781000,0.100955,-0.056506,-0.385568,0.110459,3
-0.011795,-0.071245,0.002478,0.258212,-0.284471,0.047644,-0.045909,0.035750,0.007727,0.314364,-0.320628,-0.031597,-0.315205,0.047707,-0.049427,-0.202521,0.971780,1.208202,-0.167240,-0.450559,-0.326678,-0.034862,-0.711060,-1.010138,-0.781012,0.099469,-0.058135,-0.385580,0.110578,3
-0.011778,-0.071236,0.002424,0.258297,-0.284479,0.047658,-0.045909,0.035742,0.007714,0.314347,-0.320624,-0.031590,-0.313116,0.047480,-0.049609,-0.201754,0.970186,1.208154,-0.169325,-0.450559,-0.326810,-0.034874,-0.711180,-1.008005,-0.781048,0.098019,-0.059933,-0.385604,0.110686,3
-0.011769,-0.071245,0.002424,0.258356,-0.284475,0.047651,-0.045917,0.035742,0.007714,0.314338,-0.320620,-0.031612,-0.309634,0.047245,-0.049786,-0.200832,0.968760,1.208058,-0.171243,-0.450523,-0.326846,-0.034946,-0.711168,-1.006136,-0.781048,0.096509,-0.061743,-0.385604,0.110794,3
-0.011786,-0.071228,0.002424,0.258425,-0.284471,0.047644,-0.045892,0.035750,0.007714,0.314355,-0.320612,-0.031612,-0.307210,0.047108,-0.049971,-0.199238,0.967346,1.207902,-0.173064,-0.450523,-0.326858,-0.034910,-0.711120,-1.004386,-0.781072,0.095047,-0.063480,-0.385580,0.110830,3
-0.011769,-0.071228,0.002397,0.258476,-0.284471,0.047644,-0.045892,0.035750,0.007714,0.314381,-0.320624,-0.031604,-0.305188,0.046843,-0.050177,-0.198183,0.964722,1.207770,-0.174922,-0.450523,-0.326834,-0.034886,-0.711120,-1.001630,-0.781072,0.093621,-0.065314,-0.385580,0.110830,3
-0.011769,-0.071228,0.002411,0.258527,-0.284475,0.047636,-0.045875,0.035750,0.007714,0.314458,-0.320624,-0.031590,-0.302844,0.046464,-0.050376,-0.196421,0.961318,1.207519,-0.177870,-0.450535,-0.326786,-0.034886,-0.711144,-0.998753,-0.781048,0.091476,-0.067831,-0.385556,0.110818,3
-0.011786,-0.071236,0.002424,0.258527,-0.284467,0.047651,-0.045875,0.035725,0.007714,0.314560,-0.320633,-0.031590,-0.301706,0.046138,-0.050551,-0.195271,0.958993,1.207447,-0.180770,-0.450523,-0.326750,-0.034886,-0.711180,-0.997028,-0.781024,0.089103,-0.069377,-0.385556,0.110758,3
-0.011761,-0.071228,0.002437,0.258501,-0.284450,0.047651,-0.045866,0.035759,0.007714,0.314636,-0.320620,-0.031597,-0.300648,0.045736,-0.050755,-0.194276,0.956477,1.207387,-0.182364,-0.450523,-0.326738,-0.034898,-0.711228,-0.995685,-0.781012,0.087341,-0.071546,-0.385556,0.110734,3
-0.011786,-0.071228,0.002411,0.258493,-0.284446,0.047644,-0.045866,0.035742,0.007714,0.314679,-0.320624,-0.031604,-0.299577,0.045372,-0.050964,-0.193342,0.954008,1.207363,-0.183838,-0.450523,-0.326726,-0.034886,-0.711288,-0.994355,-0.781024,0.085687,-0.072876,-0.385545,0.110710,3
-0.011769,-0.071236,0.002397,0.258501,-0.284438,0.047658,-0.045866,0.035742,0.007714,0.314713,-0.320620,-0.031597,-0.298331,0.045015,-0.051188,-0.192515,0.951863,1.207303,-0.185492,-0.450523,-0.326762,-0.034898,-0.711360,-0.992737,-0.781048,0.084249,-0.074146,-0.385556,0.110686,3
-0.011769,-0.071236,0.002357,0.258518,-0.284434,0.047665,-0.045866,0.035750,0.007727,0.314722,-0.320620,-0.031597,-0.295894,0.044643,-0.051432,-0.191748,0.949873,1.207255,-0.187469,-0.450523,-0.326834,-0.034898,-0.711456,-0.990628,-0.781048,0.083063,-0.075381,-0.385556,0.110698,3
-0.011761,-0.071245,0.002317,0.258570,-0.284430,0.047687,-0.045858,0.035750,0.007687,0.314713,-0.320612,-0.031597,-0.294046,0.044302,-0.051647,-0.190897,0.948267,1.207255,-0.189578,-0.450523,-0.326834,-0.034886,-0.711408,-0.988387,-0.781048,0.082044,-0.076627,-0.385545,0.110722,3
-0.011769,-0.071236,0.002250,0.258587,-0.284425,0.047680,-0.045866,0.035742,0.007620,0.314679,-0.320616,-0.031590,-0.291863,0.044029,-0.051869,-0.190477,0.946805,1.207291,-0.191508,-0.450547,-0.326810,-0.034886,-0.711408,-0.986290,-0.781072,0.080786,-0.078065,-0.385545,0.110758,3
-0.011778,-0.071236,0.002210,0.258663,-0.284421,0.047701,-0.045875,0.035759,0.007580,0.314654,-0.320620,-0.031597,-0.289519,0.043688,-0.052134,-0.189854,0.944804,1.207351,-0.193365,-0.450535,-0.326786,-0.034850,-0.711479,-0.983461,-0.781048,0.079360,-0.079767,-0.385556,0.110758,3
-0.011769,-0.071228,0.002183,0.258714,-0.284401,0.047709,-0.045866,0.035759,0.007607,0.314679,-0.320624,-0.031590,-0.285823,0.043316,-0.052408,-0.188188,0.942970,1.207387,-0.197476,-0.450487,-0.326678,-0.034910,-0.711515,-0.980382,-0.781048,0.076292,-0.082679,-0.385604,0.110722,3
-0.011778,-0.071236,0.002236,0.258714,-0.284371,0.047716,-0.045858,0.035750,0.007593,0.314722,-0.320612,-0.031597,-0.282971,0.043028,-0.052590,-0.187110,0.941604,1.207303,-0.199465,-0.450487,-0.326630,-0.034946,-0.711432,-0.978152,-0.781024,0.074734,-0.085975,-0.385604,0.110686,3
-0.011778,-0.071245,0.002263,0.258672,-0.284350,0.047694,-0.045858,0.035750,0.007620,0.314773,-0.320624,-0.031590,-0.279824,0.042732,-0.052747,-0.186115,0.939782,1.207219,-0.201143,-0.450475,-0.326666,-0.034886,-0.711348,-0.976187,-0.781024,0.073319,-0.088204,-0.385580,0.110650,3
-0.011769,-0.071236,0.002317,0.258621,-0.284330,0.047687,-0.045858,0.035759,0.007593,0.314815,-0.320620,-0.031583,-0.277119,0.042428,-0.052918,-0.185372,0.937589,1.207111,-0.202569,-0.450499,-0.326666,-0.034886,-0.711288,-0.974377,-0.781036,0.072049,-0.090181,-0.385533,0.110638,3
-0.011786,-0.071245,0.002384,0.258561,-0.284317,0.047680,-0.045840,0.035742,0.007607,0.314867,-0.320616,-0.031590,-0.273637,0.042132,-0.053075,-0.184833,0.935312,1.207003,-0.203936,-0.450487,-0.326726,-0.034874,-0.711264,-0.972712,-0.781048,0.070611,-0.091991,-0.385485,0.110602,3
-0.011795,-0.071219,0.002424,0.258510,-0.284309,0.047694,-0.045832,0.035742,0.007633,0.314909,-0.320616,-0.031604,-0.271614,0.041821,-0.053252,-0.184461,0.933155,1.206871,-0.205769,-0.450487,-0.326858,-0.034874,-0.711252,-0.971142,-0.781048,0.068861,-0.093621,-0.385449,0.110614,3
-0.011795,-0.071228,0.002478,0.258476,-0.284301,0.047709,-0.045866,0.035725,0.007647,0.314986,-0.320612,-0.031597,-0.269847,0.041472,-0.053443,-0.183754,0.931178,1.206811,-0.207902,-0.450487,-0.327014,-0.034886,-0.711168,-0.969512,-0.781048,0.067028,-0.094987,-0.385425,0.110650,3
-0.011795,-0.071228,0.002504,0.258442,-0.284296,0.047716,-0.045875,0.035750,0.007674,0.315029,-0.320620,-0.031583,-0.268079,0.040986,-0.053721,-0.183131,0.928853,1.206740,-0.209880,-0.450475,-0.327049,-0.034886,-0.711012,-0.967199,-0.781048,0.065410,-0.096173,-0.385377,0.110698,3
-0.011769,-0.071236,0.002598,0.258433,-0.284284,0.047709,-0.045883,0.035750,0.007687,0.315088,-0.320612,-0.031597,-0.265468,0.040485,-0.053968,-0.182196,0.926875,1.206728,-0.212396,-0.450487,-0.327002,-0.034886,-0.710724,-0.964970,-0.781024,0.063576,-0.097887,-0.385149,0.110746,3
-0.011769,-0.071245,0.002598,0.258442,-0.284280,0.047716,-0.045875,0.035742,0.007714,0.315105,-0.320608,-0.031590,-0.264557,0.040295,-0.054048,-0.181897,0.926192,1.206728,-0.214098,-0.450487,-0.326990,-0.034898,-0.710641,-0.964167,-0.781024,0.062378,-0.098522,-0.385005,0.110782,3
-0.011778,-0.071245,0.002652,0.258484,-0.284276,0.047723,-0.045883,0.035733,0.007727,0.315105,-0.320587,-0.031583,-0.261785,0.039802,-0.054301,-0.181094,0.923568,1.206823,-0.216962,-0.450499,-0.326918,-0.034862,-0.710557,-0.961434,-0.781036,0.060341,-0.101015,-0.384682,0.110782,3
-0.011795,-0.071228,0.002705,0.258527,-0.284272,0.047730,-0.045875,0.035750,0.007700,0.315088,-0.320571,-0.031554,-0.259910,0.039468,-0.054473,-0.180506,0.921519,1.206847,-0.219024,-0.450499,-0.326918,-0.034850,-0.710497,-0.959337,-0.781024,0.059106,-0.102405,-0.384550,0.110758,3
-0.011778,-0.071245,0.002759,0.258552,-0.284272,0.047730,-0.045875,0.035759,0.007687,0.315063,-0.320575,-0.031532,-0.257232,0.039149,-0.054655,-0.179919,0.919409,1.206859,-0.220893,-0.450523,-0.326882,-0.034850,-0.710365,-0.957408,-0.781048,0.057800,-0.103951,-0.384574,0.110734,3
-0.011778,-0.071236,0.002799,0.258646,-0.284259,0.047738,-0.045909,0.035742,0.007714,0.315029,-0.320579,-0.031525,-0.255464,0.038776,-0.054841,-0.179284,0.917072,1.206836,-0.222391,-0.450523,-0.326870,-0.034838,-0.710221,-0.955718,-0.781048,0.056422,-0.105677,-0.384658,0.110698,3
-0.011778,-0.071245,0.002839,0.258697,-0.284259,0.047738,-0.045909,0.035742,0.007727,0.315003,-0.320571,-0.031510,-0.253696,0.038412,-0.055042,-0.178253,0.914879,1.206800,-0.223686,-0.450523,-0.326882,-0.034838,-0.710041,-0.954100,-0.781024,0.055079,-0.107391,-0.384778,0.110674,3
-0.011786,-0.071219,0.002879,0.258766,-0.284259,0.047738,-0.045917,0.035750,0.007741,0.315003,-0.320575,-0.031489,-0.251955,0.037865,-0.055389,-0.177522,0.911919,1.206776,-0.225232,-0.450499,-0.326918,-0.034850,-0.709862,-0.951200,-0.781048,0.053821,-0.108973,-0.384754,0.110662,3
-0.011795,-0.071236,0.002919,0.258800,-0.284259,0.047738,-0.045951,0.035750,0.007714,0.315003,-0.320562,-0.031481,-0.250616,0.037508,-0.055635,-0.176911,0.910181,1.206787,-0.227041,-0.450523,-0.326990,-0.034838,-0.709514,-0.949151,-0.781048,0.052599,-0.110519,-0.384634,0.110698,3
-0.011786,-0.071228,0.002919,0.258834,-0.284251,0.047738,-0.045968,0.035750,0.007700,0.315011,-0.320538,-0.031496,-0.249504,0.037159,-0.055857,-0.176408,0.908707,1.206800,-0.229953,-0.450499,-0.327014,-0.034850,-0.709167,-0.947281,-0.781048,0.050633,-0.111921,-0.384466,0.110710,3
-0.011786,-0.071219,0.002933,0.258876,-0.284251,0.047738,-0.045960,0.035759,0.007727,0.315029,-0.320529,-0.031482,-0.248688,0.036787,-0.056074,-0.176012,0.907521,1.206811,-0.231679,-0.450523,-0.327002,-0.034850,-0.708867,-0.945483,-0.781048,0.049111,-0.113886,-0.384382,0.110722,3
-0.011786,-0.071228,0.002919,0.258919,-0.284247,0.047745,-0.045960,0.035750,0.007714,0.315063,-0.320533,-0.031445,-0.247362,0.036255,-0.056412,-0.175485,0.905939,1.206836,-0.234196,-0.450523,-0.326894,-0.034838,-0.708567,-0.942727,-0.781024,0.046559,-0.115911,-0.384358,0.110734,3
-0.011786,-0.071236,0.002893,0.258944,-0.284247,0.047730,-0.045951,0.035733,0.007727,0.315071,-0.320533,-0.031416,-0.246143,0.035944,-0.056590,-0.174838,0.904549,1.206836,-0.235909,-0.450523,-0.326822,-0.034826,-0.708459,-0.940834,-0.781024,0.045097,-0.117385,-0.384358,0.110734,3
-0.011786,-0.071228,0.002812,0.258970,-0.284238,0.047730,-0.045934,0.035742,0.007700,0.315071,-0.320533,-0.031387,-0.243786,0.035655,-0.056743,-0.173963,0.902787,1.206823,-0.237623,-0.450547,-0.326822,-0.034826,-0.708388,-0.938928,-0.781024,0.043946,-0.118907,-0.384262,0.110722,3
-0.011778,-0.071228,0.002732,0.259004,-0.284238,0.047730,-0.045926,0.035733,0.007660,0.315054,-0.320533,-0.031387,-0.241898,0.035443,-0.056858,-0.172369,0.900666,1.206823,-0.239361,-0.450535,-0.326822,-0.034826,-0.708388,-0.936819,-0.781024,0.043107,-0.120537,-0.384202,0.110710,3
-0.011778,-0.071236,0.002638,0.258987,-0.284230,0.047730,-0.045883,0.035750,0.007593,0.315046,-0.320533,-0.031416,-0.239956,0.035253,-0.056999,-0.171231,0.897286,1.206800,-0.240691,-0.450535,-0.326822,-0.034838,-0.708364,-0.933787,-0.781024,0.042364,-0.122407,-0.384238,0.110710,3
-0.011786,-0.071236,0.002571,0.258996,-0.284238,0.047730,-0.045858,0.035750,0.007566,0.315029,-0.320525,-0.031402,-0.238992,0.035222,-0.057028,-0.170691,0.896220,1.206776,-0.241362,-0.450547,-0.326834,-0.034826,-0.708364,-0.932696,-0.781024,0.041885,-0.123569,-0.384286,0.110698,3
-0.011778,-0.071245,0.002344,0.258970,-0.284242,0.047738,-0.045866,0.035733,0.007433,0.314994,-0.320517,-0.031416,-0.234224,0.035185,-0.057211,-0.168462,0.893260,1.206764,-0.244179,-0.450535,-0.327097,-0.034814,-0.708376,-0.929497,-0.781048,0.039464,-0.128519,-0.384634,0.110686,3
-0.011769,-0.071245,0.002250,0.258970,-0.284230,0.047730,-0.045875,0.035742,0.007379,0.315011,-0.320517,-0.031416,-0.232912,0.035010,-0.057342,-0.167863,0.891534,1.206787,-0.245976,-0.450547,-0.327193,-0.034826,-0.708388,-0.927483,-0.781048,0.038338,-0.129789,-0.384766,0.110686,3
-0.011786,-0.071245,0.002223,0.258953,-0.284226,0.047723,-0.045892,0.035750,0.007312,0.315029,-0.320517,-0.031416,-0.229109,0.034638,-0.057560,-0.166353,0.889449,1.206836,-0.248529,-0.450547,-0.327433,-0.034826,-0.708423,-0.924931,-0.781024,0.036804,-0.134511,-0.385029,0.110650,3
-0.011795,-0.071245,0.002223,0.258953,-0.284209,0.047723,-0.045875,0.035750,0.007299,0.315063,-0.320517,-0.031416,-0.224810,0.034296,-0.057708,-0.165418,0.888382,1.206883,-0.250063,-0.450559,-0.327421,-0.034826,-0.708447,-0.922917,-0.781048,0.035725,-0.136572,-0.385245,0.110650,3
-0.011769,-0.071236,0.002263,0.258953,-0.284201,0.047709,-0.045883,0.035742,0.007312,0.315063,-0.320525,-0.031431,-0.222051,0.033938,-0.057836,-0.164723,0.887447,1.206991,-0.251417,-0.450559,-0.327373,-0.034826,-0.708388,-0.920880,-0.781048,0.034551,-0.138657,-0.385341,0.110674,3
-0.011769,-0.071245,0.002344,0.258962,-0.284192,0.047694,-0.045909,0.035750,0.007352,0.315080,-0.320517,-0.031431,-0.219587,0.033589,-0.057969,-0.164004,0.886560,1.207123,-0.252771,-0.450595,-0.327313,-0.034778,-0.708244,-0.918998,-0.781048,0.033304,-0.140707,-0.385389,0.110686,3
-0.011778,-0.071253,0.002384,0.258953,-0.284184,0.047680,-0.045951,0.035759,0.007339,0.315054,-0.320513,-0.031424,-0.217458,0.033163,-0.058190,-0.163740,0.884643,1.207279,-0.254293,-0.450679,-0.327277,-0.034718,-0.708112,-0.916542,-0.781024,0.032022,-0.142744,-0.385401,0.110710,3
-0.011778,-0.071245,0.002518,0.258962,-0.284167,0.047680,-0.045977,0.035733,0.007379,0.315054,-0.320517,-0.031416,-0.215569,0.032890,-0.058275,-0.163609,0.882797,1.207459,-0.255935,-0.450739,-0.327301,-0.034634,-0.707932,-0.914948,-0.781048,0.030728,-0.145141,-0.385353,0.110746,3
-0.011795,-0.071245,0.002625,0.258953,-0.284146,0.047643,-0.046002,0.035767,0.007433,0.315037,-0.320521,-0.031409,-0.213828,0.032608,-0.058305,-0.163405,0.880736,1.207471,-0.258440,-0.450763,-0.327313,-0.034598,-0.707657,-0.913138,-0.781048,0.028570,-0.147754,-0.385305,0.110734,3
-0.011786,-0.071245,0.002705,0.258936,-0.284133,0.047636,-0.046019,0.035742,0.007473,0.315037,-0.320525,-0.031431,-0.212114,0.032335,-0.058241,-0.162973,0.878603,1.207363,-0.259986,-0.450799,-0.327265,-0.034610,-0.707225,-0.911209,-0.781072,0.027048,-0.150498,-0.385245,0.110710,3
-0.011778,-0.071228,0.002866,0.258902,-0.284133,0.047636,-0.046036,0.035742,0.007540,0.315046,-0.320529,-0.031424,-0.210387,0.032061,-0.058176,-0.162398,0.876434,1.207255,-0.261268,-0.450787,-0.327181,-0.034622,-0.706638,-0.909483,-0.781072,0.025682,-0.154405,-0.385185,0.110674,3
-0.011803,-0.071236,0.002960,0.258825,-0.284133,0.047665,-0.046036,0.035750,0.007566,0.315029,-0.320529,-0.031424,-0.208592,0.031848,-0.058113,-0.161859,0.874504,1.207171,-0.262287,-0.450787,-0.327073,-0.034622,-0.706015,-0.908069,-0.781228,0.024532,-0.157101,-0.385125,0.110650,3
-0.011786,-0.071228,0.003080,0.258766,-0.284121,0.047643,-0.046071,0.035750,0.007633,0.315011,-0.320508,-0.031416,-0.206878,0.031635,-0.058110,-0.161368,0.872707,1.207039,-0.263293,-0.450811,-0.327073,-0.034622,-0.705368,-0.906774,-0.781599,0.023441,-0.159786,-0.385101,0.110626,3
-0.011786,-0.071236,0.003174,0.258663,-0.284113,0.047658,-0.046054,0.035750,0.007660,0.315003,-0.320517,-0.031416,-0.203771,0.031285,-0.058174,-0.160325,0.870454,1.206907,-0.265211,-0.450811,-0.327121,-0.034610,-0.704181,-0.904785,-0.782342,0.021691,-0.163716,-0.385113,0.110411,3
-0.011795,-0.071228,0.003227,0.258672,-0.284117,0.047665,-0.046054,0.035742,0.007687,0.315011,-0.320513,-0.031424,-0.202352,0.030989,-0.058233,-0.159762,0.869231,1.206871,-0.266745,-0.450823,-0.327145,-0.034622,-0.703774,-0.903179,-0.782822,0.020421,-0.166557,-0.385173,0.110159,3
-0.011769,-0.071228,0.003201,0.258697,-0.284121,0.047672,-0.046062,0.035759,0.007674,0.315020,-0.320500,-0.031402,-0.200691,0.030601,-0.058352,-0.159174,0.867589,1.206800,-0.268255,-0.450835,-0.327121,-0.034622,-0.703510,-0.900555,-0.783217,0.019199,-0.169505,-0.385209,0.109847,3
-0.011778,-0.071219,0.003160,0.258723,-0.284125,0.047665,-0.046054,0.035742,0.007687,0.315029,-0.320496,-0.031409,-0.198789,0.030350,-0.058422,-0.158635,0.866223,1.206787,-0.269585,-0.450823,-0.327085,-0.034610,-0.703462,-0.898733,-0.783756,0.017964,-0.172441,-0.385245,0.109560,3
-0.011778,-0.071236,0.003120,0.258859,-0.284117,0.047665,-0.046045,0.035742,0.007687,0.315046,-0.320500,-0.031402,-0.196647,0.030160,-0.058494,-0.158120,0.864593,1.206800,-0.271503,-0.450895,-0.327049,-0.034610,-0.703558,-0.897391,-0.783996,0.016251,-0.175161,-0.385245,0.109332,3
-0.011778,-0.071228,0.003094,0.258953,-0.284113,0.047658,-0.046045,0.035742,0.007674,0.315063,-0.320504,-0.031395,-0.194799,0.030000,-0.058546,-0.157641,0.862832,1.206847,-0.272749,-0.451026,-0.327049,-0.034586,-0.703654,-0.896312,-0.784128,0.015148,-0.178960,-0.385233,0.109212,3
-0.011786,-0.071228,0.003053,0.259030,-0.284121,0.047672,-0.046028,0.035742,0.007687,0.315054,-0.320500,-0.031373,-0.193084,0.029902,-0.058600,-0.157281,0.861058,1.207027,-0.274055,-0.451122,-0.327049,-0.034574,-0.703654,-0.895222,-0.784176,0.014046,-0.181441,-0.385209,0.109176,3
-0.011795,-0.071236,0.003053,0.259098,-0.284125,0.047680,-0.046002,0.035733,0.007660,0.315054,-0.320496,-0.031380,-0.191477,0.029841,-0.058638,-0.157065,0.859344,1.207243,-0.275421,-0.451230,-0.327038,-0.034551,-0.703654,-0.893903,-0.784140,0.012907,-0.183874,-0.385185,0.109224,3
-0.011803,-0.071236,0.003027,0.259149,-0.284130,0.047701,-0.045960,0.035733,0.007566,0.315054,-0.320488,-0.031395,-0.188344,0.029719,-0.058716,-0.156550,0.856852,1.207674,-0.277471,-0.451386,-0.327038,-0.034527,-0.703654,-0.891159,-0.784140,0.011049,-0.187385,-0.385173,0.109356,3
-0.011812,-0.071236,0.003000,0.259166,-0.284134,0.047694,-0.045934,0.035733,0.007526,0.315029,-0.320484,-0.031402,-0.187540,0.029674,-0.058745,-0.155795,0.856085,1.207806,-0.278118,-0.451422,-0.327049,-0.034539,-0.703594,-0.890212,-0.784164,0.010330,-0.188620,-0.385161,0.109380,3
-0.011812,-0.071245,0.002933,0.259175,-0.284155,0.047730,-0.045883,0.035733,0.007459,0.315011,-0.320488,-0.031366,-0.184969,0.029446,-0.058891,-0.154405,0.853077,1.208106,-0.279676,-0.451410,-0.326978,-0.034610,-0.703558,-0.887192,-0.784272,0.007910,-0.192323,-0.385149,0.109320,3
-0.011795,-0.071245,0.002826,0.259140,-0.284143,0.047752,-0.045849,0.035742,0.007379,0.315029,-0.320488,-0.031395,-0.182907,0.029324,-0.058979,-0.153734,0.851471,1.208310,-0.280683,-0.451422,-0.327062,-0.034598,-0.703546,-0.885970,-0.784415,0.006304,-0.194780,-0.385149,0.109260,3
-0.011803,-0.071236,0.002719,0.259123,-0.284151,0.047737,-0.045823,0.035733,0.007352,0.315046,-0.320480,-0.031380,-0.180630,0.029218,-0.059057,-0.153218,0.849985,1.208453,-0.282193,-0.451434,-0.327193,-0.034598,-0.703546,-0.884759,-0.784499,0.004206,-0.197248,-0.385149,0.109212,3
-0.011803,-0.071245,0.002598,0.259081,-0.284147,0.047759,-0.045806,0.035742,0.007325,0.315054,-0.320475,-0.031388,-0.178286,0.029104,-0.059130,-0.152715,0.848403,1.208609,-0.283295,-0.451446,-0.327313,-0.034598,-0.703558,-0.883501,-0.784583,0.002996,-0.199573,-0.385113,0.109200,3
-0.011795,-0.071245,0.002491,0.259064,-0.284147,0.047759,-0.045789,0.035742,0.007339,0.315063,-0.320475,-0.031417,-0.175983,0.029028,-0.059208,-0.152164,0.846725,1.208777,-0.284482,-0.451434,-0.327385,-0.034586,-0.703582,-0.882195,-0.784643,0.001882,-0.203133,-0.384981,0.109200,3
-0.011786,-0.071236,0.002424,0.259064,-0.284147,0.047759,-0.045789,0.035750,0.007339,0.315063,-0.320484,-0.031402,-0.173130,0.028959,-0.059252,-0.151624,0.845035,1.208909,-0.285644,-0.451446,-0.327385,-0.034586,-0.703546,-0.880625,-0.784703,0.000911,-0.205458,-0.384538,0.109164,3
-0.011795,-0.071253,0.002464,0.259013,-0.284143,0.047752,-0.045789,0.035733,0.007352,0.315080,-0.320488,-0.031395,-0.168457,0.028929,-0.059261,-0.151133,0.843489,1.208957,-0.286627,-0.451434,-0.327301,-0.034586,-0.703474,-0.879187,-0.784859,0.000024,-0.207435,-0.384190,0.109080,3
-0.011795,-0.071245,0.002544,0.259013,-0.284143,0.047752,-0.045806,0.035725,0.007325,0.315080,-0.320492,-0.031387,-0.165885,0.028898,-0.059261,-0.150522,0.842039,1.208945,-0.287466,-0.451422,-0.327253,-0.034598,-0.703390,-0.877845,-0.785051,-0.000815,-0.209508,-0.383927,0.109032,3
-0.011803,-0.071228,0.002665,0.259030,-0.284143,0.047752,-0.045858,0.035725,0.007366,0.315029,-0.320484,-0.031373,-0.162698,0.028853,-0.059250,-0.150031,0.838851,1.208909,-0.288712,-0.451446,-0.327265,-0.034586,-0.703342,-0.875735,-0.785422,-0.002409,-0.212540,-0.383651,0.108985,3
-0.011803,-0.071236,0.002812,0.259055,-0.284139,0.047759,-0.045875,0.035725,0.007392,0.315020,-0.320484,-0.031373,-0.160810,0.028838,-0.059270,-0.149731,0.837293,1.208909,-0.289539,-0.451446,-0.327277,-0.034586,-0.703354,-0.874573,-0.785602,-0.003583,-0.214350,-0.383603,0.108973,3
-0.011786,-0.071236,0.002906,0.259064,-0.284139,0.047774,-0.045883,0.035725,0.007419,0.315020,-0.320492,-0.031387,-0.159096,0.028815,-0.059255,-0.149443,0.835819,1.208813,-0.290869,-0.451434,-0.327313,-0.034586,-0.703330,-0.873243,-0.785614,-0.005261,-0.216183,-0.383639,0.108985,3
-0.011803,-0.071245,0.003013,0.259081,-0.284147,0.047788,-0.045909,0.035742,0.007473,0.315011,-0.320484,-0.031373,-0.157636,0.028792,-0.059259,-0.149132,0.834357,1.208717,-0.291828,-0.451434,-0.327301,-0.034598,-0.703282,-0.871864,-0.785626,-0.006172,-0.217873,-0.383711,0.108973,3
-0.011795,-0.071245,0.003080,0.259089,-0.284147,0.047788,-0.045900,0.035733,0.007513,0.315003,-0.320484,-0.031373,-0.156069,0.028754,-0.059234,-0.148808,0.832859,1.208597,-0.292918,-0.451446,-0.327277,-0.034586,-0.703318,-0.870510,-0.785722,-0.007119,-0.219994,-0.383747,0.108985,3
-0.011803,-0.071245,0.003134,0.259089,-0.284135,0.047795,-0.045909,0.035725,0.007566,0.315046,-0.320479,-0.031366,-0.154395,0.028701,-0.059228,-0.148437,0.831385,1.208549,-0.294081,-0.451482,-0.327229,-0.034574,-0.703366,-0.869456,-0.785830,-0.008173,-0.221313,-0.383771,0.108997,3
-0.011803,-0.071228,0.003160,0.259089,-0.284135,0.047795,-0.045909,0.035733,0.007593,0.315054,-0.320471,-0.031366,-0.151409,0.028663,-0.059193,-0.148041,0.829959,1.208585,-0.295327,-0.451530,-0.327229,-0.034515,-0.703450,-0.868545,-0.785914,-0.009408,-0.222571,-0.383795,0.109032,3
-0.011803,-0.071236,0.003174,0.259089,-0.284135,0.047810,-0.045900,0.035750,0.007607,0.315063,-0.320467,-0.031373,-0.149146,0.028640,-0.059168,-0.147394,0.828497,1.208633,-0.296478,-0.451590,-0.327181,-0.034431,-0.703582,-0.867622,-0.785902,-0.010822,-0.223710,-0.383831,0.109116,3
-0.011820,-0.071236,0.003147,0.259089,-0.284118,0.047810,-0.045917,0.035742,0.007580,0.315054,-0.320459,-0.031359,-0.146802,0.028624,-0.059187,-0.146939,0.827011,1.208693,-0.297616,-0.451638,-0.327181,-0.034383,-0.703750,-0.866627,-0.785818,-0.012284,-0.224812,-0.383819,0.109176,3
-0.011786,-0.071245,0.003120,0.259072,-0.284114,0.047831,-0.045900,0.035733,0.007580,0.315054,-0.320471,-0.031366,-0.144204,0.028655,-0.059178,-0.146567,0.824698,1.208681,-0.298635,-0.451649,-0.327181,-0.034371,-0.703774,-0.864674,-0.785710,-0.013626,-0.225759,-0.383783,0.109224,3
-0.011820,-0.071236,0.003094,0.259089,-0.284110,0.047839,-0.045892,0.035733,0.007580,0.315054,-0.320463,-0.031351,-0.140843,0.028685,-0.059198,-0.146160,0.822373,1.208549,-0.300133,-0.451661,-0.327181,-0.034371,-0.703726,-0.862613,-0.785722,-0.015651,-0.226945,-0.383675,0.109224,3
-0.011820,-0.071236,0.003053,0.259072,-0.284098,0.047875,-0.045892,0.035750,0.007593,0.315054,-0.320467,-0.031359,-0.139061,0.028670,-0.059198,-0.145992,0.820911,1.208417,-0.300648,-0.451638,-0.327193,-0.034359,-0.703714,-0.861234,-0.785782,-0.016490,-0.227892,-0.383651,0.109212,3
-0.011820,-0.071245,0.003053,0.259072,-0.284077,0.047911,-0.045883,0.035733,0.007580,0.315054,-0.320484,-0.031344,-0.137495,0.028685,-0.059198,-0.145824,0.819329,1.208286,-0.301032,-0.451638,-0.327169,-0.034371,-0.703726,-0.860024,-0.785794,-0.017209,-0.228491,-0.383591,0.109224,3
-0.011820,-0.071245,0.003027,0.259064,-0.284057,0.047933,-0.045892,0.035725,0.007553,0.315063,-0.320475,-0.031330,-0.135941,0.028685,-0.059198,-0.145692,0.817783,1.208094,-0.301367,-0.451638,-0.327169,-0.034359,-0.703690,-0.858885,-0.785794,-0.017845,-0.229162,-0.383567,0.109260,3
-0.011829,-0.071245,0.003053,0.259072,-0.284040,0.047961,-0.045900,0.035725,0.007566,0.315046,-0.320467,-0.031315,-0.133584,0.028685,-0.059198,-0.145477,0.816357,1.207926,-0.301679,-0.451626,-0.327169,-0.034371,-0.703702,-0.857915,-0.785794,-0.018456,-0.229857,-0.383603,0.109248,3
-0.011829,-0.071236,0.003053,0.259072,-0.284020,0.047998,-0.045875,0.035716,0.007553,0.315029,-0.320455,-0.031337,-0.131723,0.028685,-0.059198,-0.145069,0.814979,1.207818,-0.302038,-0.451661,-0.327157,-0.034371,-0.703750,-0.857088,-0.785782,-0.019247,-0.230636,-0.383663,0.109248,3
-0.011820,-0.071236,0.003027,0.259072,-0.283991,0.048048,-0.045866,0.035742,0.007499,0.315046,-0.320446,-0.031308,-0.129540,0.028693,-0.059203,-0.144745,0.812881,1.207794,-0.302482,-0.451649,-0.327169,-0.034359,-0.703774,-0.855961,-0.785770,-0.020181,-0.231583,-0.383783,0.109224,3
-0.011829,-0.071245,0.002933,0.259081,-0.283962,0.048099,-0.045875,0.035716,0.007406,0.315046,-0.320450,-0.031315,-0.127036,0.028731,-0.059219,-0.144422,0.811539,1.207842,-0.303069,-0.451673,-0.327181,-0.034335,-0.703834,-0.855290,-0.785794,-0.021200,-0.232614,-0.383927,0.109152,3
-0.011820,-0.071236,0.002852,0.259106,-0.283930,0.048171,-0.045849,0.035733,0.007339,0.315080,-0.320446,-0.031337,-0.124129,0.028746,-0.059239,-0.144146,0.810125,1.207842,-0.304244,-0.451661,-0.327193,-0.034359,-0.703882,-0.854679,-0.785794,-0.022686,-0.233896,-0.384070,0.109056,3
-0.011812,-0.071245,0.002772,0.259106,-0.283872,0.048229,-0.045849,0.035725,0.007325,0.315088,-0.320451,-0.031344,-0.121090,0.028784,-0.059254,-0.144002,0.808723,1.207818,-0.305118,-0.451661,-0.327193,-0.034347,-0.703905,-0.854092,-0.785806,-0.023597,-0.235418,-0.384130,0.108937,3
-0.011812,-0.071245,0.002638,0.259115,-0.283790,0.048388,-0.045832,0.035725,0.007339,0.315131,-0.320446,-0.031322,-0.116108,0.028784,-0.059254,-0.143919,0.806722,1.207758,-0.306401,-0.451673,-0.327145,-0.034359,-0.703905,-0.853109,-0.785878,-0.024903,-0.238762,-0.384011,0.108733,3
-0.011812,-0.071236,0.002598,0.259106,-0.283732,0.048474,-0.045858,0.035742,0.007366,0.315156,-0.320446,-0.031308,-0.112733,0.028761,-0.059239,-0.143907,0.805499,1.207686,-0.307204,-0.451661,-0.327109,-0.034359,-0.703893,-0.852282,-0.785961,-0.025802,-0.240535,-0.383939,0.108553,3
-0.011812,-0.071245,0.002598,0.259089,-0.283679,0.048539,-0.045875,0.035725,0.007379,0.315199,-0.320446,-0.031322,-0.108890,0.028754,-0.059234,-0.143919,0.804277,1.207554,-0.307851,-0.451638,-0.327085,-0.034371,-0.703917,-0.851275,-0.786081,-0.026749,-0.242381,-0.383939,0.108170,3
-0.011837,-0.071245,0.002638,0.259081,-0.283629,0.048626,-0.045909,0.035725,0.007339,0.315276,-0.320450,-0.031315,-0.106586,0.028739,-0.059244,-0.143919,0.803042,1.207411,-0.308354,-0.451638,-0.327049,-0.034359,-0.703905,-0.850341,-0.786249,-0.027755,-0.244250,-0.383975,0.107894,3
-0.011829,-0.071236,0.002719,0.259072,-0.283584,0.048706,-0.045926,0.035725,0.007339,0.315344,-0.320450,-0.031315,-0.104604,0.028761,-0.059239,-0.143966,0.801101,1.207231,-0.308690,-0.451649,-0.327026,-0.034371,-0.703905,-0.849118,-0.786441,-0.028894,-0.246000,-0.384023,0.107666,3
-0.011846,-0.071245,0.002772,0.259055,-0.283531,0.048785,-0.045943,0.035716,0.007352,0.315421,-0.320463,-0.031322,-0.102649,0.028754,-0.059234,-0.144062,0.799831,1.207075,-0.308941,-0.451626,-0.326990,-0.034347,-0.703905,-0.848411,-0.786621,-0.030248,-0.247606,-0.383939,0.107475,3
-0.011837,-0.071245,0.002826,0.259072,-0.283469,0.048879,-0.045943,0.035708,0.007433,0.315463,-0.320455,-0.031293,-0.100653,0.028746,-0.059229,-0.144146,0.798656,1.206847,-0.309241,-0.451649,-0.327026,-0.034359,-0.703917,-0.847764,-0.786956,-0.031662,-0.249116,-0.383771,0.107343,3
-0.011820,-0.071245,0.002839,0.259064,-0.283424,0.048958,-0.045951,0.035708,0.007433,0.315548,-0.320450,-0.031286,-0.098484,0.028761,-0.059219,-0.144254,0.797518,1.206752,-0.310020,-0.451661,-0.327062,-0.034371,-0.703917,-0.847165,-0.787160,-0.033760,-0.250470,-0.383567,0.107307,3
-0.011820,-0.071236,0.002893,0.259089,-0.283342,0.049089,-0.045994,0.035699,0.007459,0.315600,-0.320430,-0.031279,-0.095243,0.028777,-0.059199,-0.144410,0.795684,1.206656,-0.311134,-0.451649,-0.327169,-0.034371,-0.703893,-0.846266,-0.787507,-0.035509,-0.252999,-0.383280,0.107391,3
-0.011829,-0.071245,0.002919,0.259089,-0.283321,0.049096,-0.045994,0.035708,0.007446,0.315600,-0.320413,-0.031265,-0.094199,0.028784,-0.059205,-0.144434,0.795025,1.206644,-0.311518,-0.451673,-0.327169,-0.034359,-0.703905,-0.845954,-0.787627,-0.036001,-0.253766,-0.383136,0.107439,3
-0.011829,-0.071236,0.002960,0.259072,-0.283292,0.049117,-0.046054,0.035682,0.007473,0.315617,-0.320401,-0.031257,-0.089846,0.028822,-0.059180,-0.144566,0.793155,1.206680,-0.312704,-0.451685,-0.327085,-0.034359,-0.703846,-0.845104,-0.788035,-0.037415,-0.256211,-0.382992,0.107594,3
-0.011820,-0.071253,0.003000,0.259072,-0.283279,0.049125,-0.046096,0.035657,0.007499,0.315608,-0.320401,-0.031243,-0.087610,0.028815,-0.059175,-0.144662,0.791921,1.206752,-0.313579,-0.451757,-0.327014,-0.034371,-0.703702,-0.844540,-0.788322,-0.038314,-0.257960,-0.382908,0.107642,3
-0.011820,-0.071245,0.003053,0.259072,-0.283271,0.049139,-0.046130,0.035639,0.007526,0.315608,-0.320397,-0.031221,-0.085775,0.028822,-0.059180,-0.144722,0.790159,1.206811,-0.314538,-0.451805,-0.326966,-0.034359,-0.703594,-0.843689,-0.788658,-0.039200,-0.259734,-0.382908,0.107630,3
-0.011820,-0.071245,0.003067,0.259072,-0.283267,0.049132,-0.046130,0.035622,0.007553,0.315608,-0.320397,-0.031192,-0.084275,0.028830,-0.059185,-0.144769,0.788889,1.206836,-0.315593,-0.451877,-0.326906,-0.034359,-0.703498,-0.843114,-0.789209,-0.040147,-0.261580,-0.382908,0.107666,3
-0.011812,-0.071245,0.003134,0.259072,-0.283267,0.049146,-0.046139,0.035614,0.007553,0.315600,-0.320388,-0.031178,-0.083083,0.028830,-0.059175,-0.144817,0.787547,1.206811,-0.316563,-0.451937,-0.326858,-0.034359,-0.703438,-0.842563,-0.789641,-0.041154,-0.263461,-0.382932,0.107654,3
-0.011837,-0.071245,0.003120,0.259081,-0.283271,0.049125,-0.046130,0.035597,0.007566,0.315565,-0.320372,-0.031178,-0.081972,0.028815,-0.059175,-0.144865,0.786277,1.206740,-0.317594,-0.451961,-0.326810,-0.034359,-0.703378,-0.841964,-0.790036,-0.042544,-0.265139,-0.382968,0.107666,3
-0.011820,-0.071236,0.003080,0.259072,-0.283279,0.049125,-0.046105,0.035605,0.007553,0.315557,-0.320363,-0.031163,-0.080753,0.028784,-0.059145,-0.144829,0.785162,1.206740,-0.317941,-0.452069,-0.326786,-0.034359,-0.703342,-0.841400,-0.790420,-0.043251,-0.267632,-0.382992,0.107678,3
-0.011837,-0.071245,0.003053,0.259081,-0.283275,0.049117,-0.046088,0.035588,0.007553,0.315514,-0.320347,-0.031134,-0.079119,0.028746,-0.059119,-0.144698,0.784107,1.206728,-0.318025,-0.452129,-0.326798,-0.034359,-0.703426,-0.840849,-0.790779,-0.043814,-0.269214,-0.383016,0.107690,3
-0.011854,-0.071253,0.002933,0.259106,-0.283279,0.049125,-0.046036,0.035571,0.007459,0.315438,-0.320355,-0.031120,-0.075262,0.028739,-0.059114,-0.144230,0.782513,1.206740,-0.317774,-0.452201,-0.326798,-0.034359,-0.703606,-0.839902,-0.791234,-0.044342,-0.271347,-0.383040,0.107726,3
-0.011846,-0.071262,0.002839,0.259149,-0.283275,0.049146,-0.046019,0.035588,0.007459,0.315412,-0.320355,-0.031134,-0.072718,0.028792,-0.059130,-0.143931,0.781411,1.206764,-0.317474,-0.452225,-0.326798,-0.034371,-0.703678,-0.839112,-0.791486,-0.044869,-0.272653,-0.383064,0.107726,3
-0.011854,-0.071253,0.002719,0.259166,-0.283280,0.049154,-0.045985,0.035588,0.007446,0.315378,-0.320351,-0.031127,-0.069986,0.028807,-0.059160,-0.143655,0.780332,1.206811,-0.317606,-0.452213,-0.326870,-0.034359,-0.703678,-0.838333,-0.791618,-0.045756,-0.274091,-0.383160,0.107714,3
-0.011854,-0.071270,0.002611,0.259192,-0.283271,0.049139,-0.045968,0.035580,0.007473,0.315352,-0.320351,-0.031127,-0.067348,0.028837,-0.059170,-0.143607,0.778930,1.206787,-0.318301,-0.452189,-0.327121,-0.034383,-0.703654,-0.837314,-0.791690,-0.046631,-0.275721,-0.383387,0.107702,3
-0.011863,-0.071287,0.002478,0.259200,-0.283275,0.049146,-0.045960,0.035563,0.007499,0.315335,-0.320343,-0.031142,-0.064348,0.028799,-0.059155,-0.143607,0.778127,1.206787,-0.319068,-0.452153,-0.327361,-0.034407,-0.703654,-0.836691,-0.791618,-0.047589,-0.277615,-0.383591,0.107690,3
-0.011854,-0.071305,0.002424,0.259192,-0.283263,0.049139,-0.045943,0.035537,0.007499,0.315310,-0.320339,-0.031149,-0.061134,0.028739,-0.059134,-0.143607,0.777552,1.206787,-0.320003,-0.452165,-0.327457,-0.034419,-0.703618,-0.836187,-0.791558,-0.048896,-0.279580,-0.383711,0.107666,3
-0.011863,-0.071322,0.002424,0.259175,-0.283254,0.049110,-0.045968,0.035512,0.007499,0.315335,-0.320343,-0.031156,-0.058040,0.028693,-0.059094,-0.143631,0.776893,1.206811,-0.320386,-0.452225,-0.327457,-0.034395,-0.703582,-0.835804,-0.791714,-0.049794,-0.281701,-0.383627,0.107642,3
-0.011871,-0.071381,0.002504,0.259175,-0.283254,0.049110,-0.045994,0.035503,0.007513,0.315378,-0.320351,-0.031171,-0.055469,0.028647,-0.059063,-0.143655,0.775994,1.206811,-0.320638,-0.452261,-0.327409,-0.034407,-0.703558,-0.835456,-0.792001,-0.050753,-0.284865,-0.383387,0.107654,3
-0.011854,-0.071415,0.002544,0.259166,-0.283258,0.049103,-0.046002,0.035478,0.007513,0.315412,-0.320339,-0.031134,-0.053166,0.028586,-0.059022,-0.143667,0.774939,1.206811,-0.320842,-0.452345,-0.327349,-0.034395,-0.703474,-0.835121,-0.792421,-0.051712,-0.286591,-0.383088,0.107630,3
-0.011854,-0.071475,0.002611,0.259149,-0.283254,0.049110,-0.046028,0.035452,0.007513,0.315446,-0.320355,-0.031134,-0.048706,0.028495,-0.058951,-0.143703,0.773286,1.206811,-0.321345,-0.452416,-0.327349,-0.034395,-0.703318,-0.834498,-0.793116,-0.053078,-0.288952,-0.382896,0.107475,3
-0.011863,-0.071518,0.002652,0.259140,-0.283259,0.049117,-0.046088,0.035435,0.007513,0.315480,-0.320343,-0.031127,-0.046430,0.028396,-0.058885,-0.143775,0.772471,1.206787,-0.321824,-0.452440,-0.327361,-0.034395,-0.703186,-0.834030,-0.793416,-0.053869,-0.290138,-0.382836,0.107391,3
-0.011812,-0.071569,0.002652,0.259132,-0.283259,0.049117,-0.046139,0.035392,0.007540,0.315489,-0.320335,-0.031142,-0.044019,0.028320,-0.058834,-0.143895,0.771404,1.206787,-0.322400,-0.452428,-0.327361,-0.034383,-0.703091,-0.833347,-0.793691,-0.054756,-0.291217,-0.382788,0.107355,3
-0.011854,-0.071611,0.002732,0.259132,-0.283263,0.049096,-0.046173,0.035392,0.007580,0.315506,-0.320335,-0.031142,-0.041622,0.028259,-0.058774,-0.143966,0.770805,1.206764,-0.322951,-0.452428,-0.327337,-0.034395,-0.703055,-0.833035,-0.794087,-0.055571,-0.292056,-0.382776,0.107415,3
-0.011820,-0.071620,0.002745,0.259123,-0.283258,0.049088,-0.046207,0.035384,0.007593,0.315523,-0.320339,-0.031134,-0.039265,0.028183,-0.058733,-0.144002,0.770146,1.206764,-0.323766,-0.452393,-0.327277,-0.034395,-0.703007,-0.832784,-0.794410,-0.056326,-0.292751,-0.382836,0.107498,3
-0.011846,-0.071628,0.002799,0.259115,-0.283258,0.049088,-0.046267,0.035375,0.007593,0.315523,-0.320334,-0.031113,-0.036935,0.028107,-0.058672,-0.143990,0.769331,1.206787,-0.324341,-0.452416,-0.327217,-0.034383,-0.702959,-0.832532,-0.794734,-0.057380,-0.293338,-0.382884,0.107606,3
-0.011846,-0.071637,0.002866,0.259115,-0.283254,0.049125,-0.046284,0.035375,0.007607,0.315514,-0.320334,-0.031113,-0.034471,0.028038,-0.058626,-0.143990,0.768468,1.206787,-0.324916,-0.452416,-0.327145,-0.034395,-0.702899,-0.832221,-0.795117,-0.058040,-0.294045,-0.382896,0.107726,3
-0.011846,-0.071645,0.002933,0.259115,-0.283242,0.049103,-0.046309,0.035375,0.007687,0.315514,-0.320326,-0.031098,-0.032194,0.027947,-0.058575,-0.143990,0.767473,1.206787,-0.325336,-0.452416,-0.327073,-0.034395,-0.702839,-0.831849,-0.795501,-0.058759,-0.294488,-0.382884,0.107822,3
-0.011846,-0.071637,0.003013,0.259123,-0.283246,0.049096,-0.046335,0.035375,0.007700,0.315497,-0.320330,-0.031105,-0.029476,0.027878,-0.058529,-0.144026,0.766479,1.206787,-0.325635,-0.452404,-0.327026,-0.034395,-0.702755,-0.831478,-0.795920,-0.059478,-0.294932,-0.382896,0.107930,3
-0.011854,-0.071637,0.003067,0.259132,-0.283250,0.049103,-0.046326,0.035367,0.007687,0.315463,-0.320326,-0.031098,-0.027949,0.027810,-0.058484,-0.144002,0.765532,1.206787,-0.325839,-0.452393,-0.326978,-0.034395,-0.702647,-0.831130,-0.796316,-0.060257,-0.295447,-0.382896,0.107966,3
-0.011854,-0.071637,0.003120,0.259123,-0.283254,0.049081,-0.046335,0.035358,0.007714,0.315438,-0.320322,-0.031105,-0.026128,0.027658,-0.058382,-0.144026,0.763578,1.206787,-0.326139,-0.452393,-0.326978,-0.034395,-0.702587,-0.830603,-0.797035,-0.061455,-0.296370,-0.382920,0.107978,3
-0.011846,-0.071637,0.003120,0.259132,-0.283254,0.049081,-0.046335,0.035358,0.007687,0.315429,-0.320322,-0.031105,-0.025056,0.027559,-0.058326,-0.144026,0.762596,1.206787,-0.326558,-0.452381,-0.327049,-0.034395,-0.702587,-0.830387,-0.797802,-0.062102,-0.297101,-0.382920,0.107942,3
-0.011863,-0.071645,0.003120,0.259149,-0.283254,0.049081,-0.046318,0.035358,0.007700,0.315395,-0.320322,-0.031105,-0.024079,0.027437,-0.058254,-0.144026,0.761553,1.206764,-0.327313,-0.452357,-0.327121,-0.034407,-0.702563,-0.830159,-0.798425,-0.062881,-0.297928,-0.382896,0.107942,3
-0.011837,-0.071654,0.003107,0.259158,-0.283250,0.049088,-0.046301,0.035367,0.007687,0.315378,-0.320318,-0.031084,-0.022860,0.027262,-0.058137,-0.143978,0.760439,1.206764,-0.327781,-0.452381,-0.327133,-0.034395,-0.702587,-0.829920,-0.799132,-0.063193,-0.298887,-0.382932,0.107906,3
-0.011846,-0.071662,0.003067,0.259166,-0.283246,0.049096,-0.046275,0.035367,0.007687,0.315352,-0.320318,-0.031084,-0.021213,0.027049,-0.057985,-0.143883,0.759408,1.206800,-0.328224,-0.452416,-0.327121,-0.034395,-0.702707,-0.829620,-0.799827,-0.063433,-0.300720,-0.382920,0.107870,3
-0.011846,-0.071645,0.003053,0.259200,-0.283242,0.049103,-0.046224,0.035358,0.007687,0.315335,-0.320318,-0.031084,-0.019244,0.026775,-0.057802,-0.143655,0.758473,1.206776,-0.328655,-0.452428,-0.326990,-0.034407,-0.702839,-0.829260,-0.800486,-0.063768,-0.302002,-0.382944,0.107822,3
-0.011846,-0.071662,0.003027,0.259234,-0.283250,0.049088,-0.046173,0.035367,0.007687,0.315301,-0.320318,-0.031084,-0.016860,0.026509,-0.057634,-0.143367,0.757598,1.206787,-0.329123,-0.452428,-0.326990,-0.034395,-0.703031,-0.828853,-0.801026,-0.064211,-0.303249,-0.383004,0.107786,3
-0.011837,-0.071662,0.003040,0.259294,-0.283250,0.049088,-0.046096,0.035358,0.007674,0.315301,-0.320330,-0.031076,-0.012736,0.026158,-0.057390,-0.143020,0.756879,1.206764,-0.329590,-0.452416,-0.326978,-0.034395,-0.703210,-0.828445,-0.801409,-0.064667,-0.304495,-0.383124,0.107786,3
-0.011837,-0.071705,0.003027,0.259345,-0.283246,0.049081,-0.046045,0.035375,0.007674,0.315293,-0.320318,-0.031084,-0.010017,0.025877,-0.057212,-0.142900,0.756316,1.206740,-0.330094,-0.452393,-0.326978,-0.034407,-0.703246,-0.828014,-0.801625,-0.065050,-0.305694,-0.383196,0.107774,3
-0.011837,-0.071731,0.003080,0.259379,-0.283237,0.049081,-0.045977,0.035375,0.007687,0.315293,-0.320318,-0.031084,-0.005250,0.025504,-0.056964,-0.142852,0.755813,1.206764,-0.330825,-0.452381,-0.326978,-0.034419,-0.703258,-0.827079,-0.801613,-0.065602,-0.307288,-0.383088,0.107810,3
-0.011837,-0.071748,0.003094,0.259379,-0.283233,0.049074,-0.045968,0.035367,0.007687,0.315344,-0.320318,-0.031084,-0.002424,0.025238,-0.056786,-0.142852,0.755908,1.206764,-0.331687,-0.452416,-0.326978,-0.034395,-0.703282,-0.826504,-0.801313,-0.066297,-0.308282,-0.382944,0.107834,3
-0.011854,-0.071756,0.003094,0.259354,-0.283225,0.049060,-0.045960,0.035358,0.007674,0.315335,-0.320318,-0.031084,0.000187,0.024979,-0.056623,-0.142852,0.756196,1.206800,-0.332347,-0.452416,-0.326978,-0.034407,-0.703258,-0.825833,-0.801026,-0.066860,-0.309229,-0.382788,0.107822,3
-0.011846,-0.071782,0.003094,0.259319,-0.283225,0.049045,-0.045977,0.035367,0.007660,0.315335,-0.320326,-0.031098,0.002571,0.024712,-0.056456,-0.142876,0.756544,1.206811,-0.333090,-0.452416,-0.326954,-0.034407,-0.703234,-0.825078,-0.800750,-0.067375,-0.310487,-0.382668,0.107810,3
-0.011854,-0.071799,0.003080,0.259294,-0.283216,0.049045,-0.045994,0.035358,0.007674,0.315344,-0.320330,-0.031091,0.004768,0.024416,-0.056278,-0.142924,0.756807,1.206811,-0.333916,-0.452416,-0.326906,-0.034395,-0.703186,-0.824263,-0.800546,-0.067903,-0.311302,-0.382345,0.107798,3
-0.011829,-0.071807,0.003094,0.259268,-0.283220,0.049038,-0.045994,0.035367,0.007674,0.315318,-0.320326,-0.031084,0.006937,0.024210,-0.056121,-0.143008,0.756544,1.206776,-0.334731,-0.452428,-0.326882,-0.034395,-0.703138,-0.823376,-0.800402,-0.068406,-0.312117,-0.382081,0.107786,3
-0.011854,-0.071824,0.003067,0.259243,-0.283208,0.049045,-0.046036,0.035358,0.007687,0.315310,-0.320318,-0.031084,0.010339,0.023974,-0.055994,-0.143152,0.755837,1.206764,-0.335594,-0.452428,-0.326882,-0.034359,-0.703091,-0.822477,-0.800486,-0.068921,-0.312980,-0.381805,0.107798,3
-0.011846,-0.071833,0.003040,0.259234,-0.283204,0.049023,-0.046045,0.035375,0.007687,0.315310,-0.320318,-0.031113,0.012588,0.023738,-0.055857,-0.143188,0.755082,1.206728,-0.336553,-0.452440,-0.326882,-0.034359,-0.703031,-0.821615,-0.800834,-0.069425,-0.313831,-0.381506,0.107798,3
-0.011837,-0.071867,0.003053,0.259217,-0.283187,0.048994,-0.046062,0.035375,0.007700,0.315301,-0.320322,-0.031105,0.014718,0.023639,-0.055811,-0.143211,0.754291,1.206764,-0.337368,-0.452452,-0.326882,-0.034359,-0.702947,-0.820560,-0.801361,-0.069820,-0.314706,-0.381170,0.107810,3
-0.011829,-0.071850,0.003053,0.259192,-0.283191,0.049002,-0.046054,0.035375,0.007687,0.315310,-0.320322,-0.031105,0.016700,0.023594,-0.055790,-0.143200,0.753967,1.206776,-0.338087,-0.452452,-0.326858,-0.034359,-0.702875,-0.820069,-0.802068,-0.070156,-0.315617,-0.380871,0.107810,3
-0.011829,-0.071850,0.003067,0.259175,-0.283195,0.049009,-0.046071,0.035384,0.007687,0.315335,-0.320334,-0.031084,0.019954,0.023609,-0.055800,-0.143200,0.753703,1.206800,-0.338974,-0.452440,-0.326858,-0.034359,-0.702839,-0.819517,-0.802452,-0.070755,-0.317115,-0.380475,0.107786,3
-0.011837,-0.071850,0.003027,0.259175,-0.283182,0.048987,-0.046088,0.035367,0.007687,0.315335,-0.320334,-0.031084,0.022123,0.023616,-0.055795,-0.143211,0.753572,1.206787,-0.339178,-0.452476,-0.326846,-0.034359,-0.702887,-0.819373,-0.802560,-0.071138,-0.319056,-0.380319,0.107750,3
-0.011812,-0.071850,0.003067,0.259209,-0.283183,0.049002,-0.046088,0.035375,0.007700,0.315335,-0.320326,-0.031069,0.023918,0.023571,-0.055775,-0.143200,0.753344,1.206752,-0.339249,-0.452488,-0.326834,-0.034335,-0.702935,-0.819362,-0.802667,-0.071510,-0.320698,-0.380235,0.107726,3
-0.011820,-0.071858,0.003067,0.259192,-0.283191,0.048987,-0.046113,0.035375,0.007700,0.315335,-0.320326,-0.031069,0.025445,0.023457,-0.055699,-0.143176,0.752996,1.206740,-0.339190,-0.452488,-0.326858,-0.034359,-0.703007,-0.819445,-0.802835,-0.071857,-0.322460,-0.380188,0.107654,3
-0.011829,-0.071850,0.003040,0.259217,-0.283178,0.048980,-0.046105,0.035375,0.007700,0.315310,-0.320318,-0.031113,0.027092,0.023205,-0.055552,-0.143104,0.752565,1.206692,-0.339321,-0.452488,-0.326918,-0.034359,-0.703031,-0.819613,-0.803075,-0.072145,-0.324257,-0.380128,0.107427,3
-0.011837,-0.071850,0.003067,0.259226,-0.283191,0.049002,-0.046147,0.035409,0.007687,0.315276,-0.320310,-0.031098,0.027855,0.022680,-0.055242,-0.143008,0.752205,1.206644,-0.339897,-0.452512,-0.327062,-0.034395,-0.703115,-0.819829,-0.803398,-0.072385,-0.325935,-0.380092,0.107211,3
-0.011829,-0.071824,0.003053,0.259251,-0.283191,0.048987,-0.046156,0.035418,0.007674,0.315276,-0.320306,-0.031091,0.028645,0.022239,-0.054998,-0.142948,0.751786,1.206584,-0.340759,-0.452488,-0.327241,-0.034419,-0.703198,-0.820152,-0.803686,-0.072648,-0.327553,-0.380056,0.107031,3
-0.011820,-0.071824,0.003067,0.259302,-0.283195,0.049009,-0.046130,0.035418,0.007687,0.315284,-0.320314,-0.031076,0.029663,0.021790,-0.054730,-0.142792,0.751630,1.206560,-0.341718,-0.452500,-0.327289,-0.034407,-0.703330,-0.820344,-0.803866,-0.072936,-0.328979,-0.380068,0.106875,3
-0.011829,-0.071824,0.003053,0.259337,-0.283187,0.048994,-0.046071,0.035426,0.007687,0.315276,-0.320318,-0.031069,0.031002,0.021326,-0.054402,-0.142588,0.751534,1.206596,-0.342677,-0.452548,-0.327217,-0.034407,-0.703498,-0.820488,-0.803866,-0.073152,-0.330105,-0.380104,0.106863,3
-0.011846,-0.071807,0.003067,0.259422,-0.283187,0.048994,-0.046011,0.035426,0.007660,0.315284,-0.320314,-0.031047,0.032783,0.020793,-0.054058,-0.142193,0.751450,1.206680,-0.344247,-0.452608,-0.327097,-0.034383,-0.703702,-0.820608,-0.803722,-0.073427,-0.331148,-0.380128,0.106935,3
-0.011837,-0.071816,0.003053,0.259515,-0.283195,0.049009,-0.045917,0.035418,0.007620,0.315301,-0.320314,-0.031047,0.034872,0.020245,-0.053684,-0.141678,0.751354,1.206740,-0.345409,-0.452764,-0.326966,-0.034347,-0.703846,-0.820668,-0.803530,-0.073559,-0.332622,-0.380164,0.107055,3
-0.011829,-0.071833,0.003080,0.259669,-0.283195,0.049009,-0.045815,0.035426,0.007553,0.315318,-0.320322,-0.031076,0.038328,0.019240,-0.053068,-0.140875,0.751103,1.206800,-0.347111,-0.452836,-0.326738,-0.034287,-0.703965,-0.820500,-0.803279,-0.073763,-0.334096,-0.380212,0.107283,3
-0.011829,-0.071824,0.003080,0.259737,-0.283191,0.048987,-0.045789,0.035461,0.007553,0.315335,-0.320314,-0.031076,0.041783,0.018548,-0.052630,-0.140371,0.750911,1.206823,-0.348058,-0.452908,-0.326666,-0.034227,-0.703965,-0.820104,-0.803135,-0.073907,-0.334935,-0.380188,0.107475,3
-0.011837,-0.071824,0.003067,0.259763,-0.283187,0.048994,-0.045755,0.035469,0.007566,0.315335,-0.320310,-0.031098,0.044113,0.017832,-0.052186,-0.139676,0.750755,1.206787,-0.348897,-0.452968,-0.326618,-0.034155,-0.703929,-0.819505,-0.803003,-0.074074,-0.335714,-0.380224,0.107594,3
-0.011854,-0.071841,0.003067,0.259737,-0.283174,0.048973,-0.045747,0.035478,0.007566,0.315318,-0.320306,-0.031091,0.046805,0.016957,-0.051616,-0.139197,0.750659,1.206716,-0.349712,-0.453016,-0.326630,-0.034047,-0.703917,-0.818918,-0.802907,-0.074266,-0.336409,-0.380271,0.107630,3
-0.011829,-0.071833,0.003067,0.259694,-0.283157,0.048944,-0.045730,0.035486,0.007580,0.315327,-0.320310,-0.031098,0.049604,0.016577,-0.051395,-0.138765,0.750575,1.206680,-0.350479,-0.453064,-0.326618,-0.033987,-0.703929,-0.818295,-0.802847,-0.074434,-0.337020,-0.380319,0.107654,3
-0.011829,-0.071841,0.003067,0.259643,-0.283140,0.048929,-0.045764,0.035503,0.007553,0.315318,-0.320326,-0.031098,0.052081,0.016348,-0.051274,-0.138346,0.750492,1.206692,-0.351246,-0.453076,-0.326630,-0.033915,-0.703917,-0.818019,-0.802763,-0.074590,-0.337739,-0.380355,0.107642,3
-0.011846,-0.071858,0.003053,0.259558,-0.283132,0.048900,-0.045781,0.035469,0.007566,0.315318,-0.320343,-0.031098,0.054170,0.016280,-0.051258,-0.138010,0.750408,1.206728,-0.352420,-0.453124,-0.326630,-0.033831,-0.703917,-0.817828,-0.802715,-0.074830,-0.338494,-0.380403,0.107618,3
-0.011829,-0.071876,0.003053,0.259515,-0.283132,0.048915,-0.045832,0.035486,0.007593,0.315318,-0.320343,-0.031098,0.056152,0.016310,-0.051328,-0.137759,0.750288,1.206752,-0.353163,-0.453160,-0.326630,-0.033784,-0.703941,-0.817696,-0.802667,-0.075021,-0.340004,-0.380475,0.107558,3
-0.011820,-0.071884,0.003080,0.259490,-0.283127,0.048893,-0.045866,0.035478,0.007593,0.315310,-0.320339,-0.031105,0.057947,0.016447,-0.051478,-0.137627,0.750156,1.206787,-0.353930,-0.453171,-0.326618,-0.033724,-0.703953,-0.817564,-0.802620,-0.075225,-0.341251,-0.380583,0.107510,3
-0.011829,-0.071884,0.003067,0.259405,-0.283119,0.048893,-0.045934,0.035478,0.007593,0.315301,-0.320322,-0.031105,0.060330,0.016729,-0.051763,-0.137603,0.749976,1.206752,-0.354985,-0.453171,-0.326642,-0.033688,-0.703929,-0.817348,-0.802608,-0.075549,-0.343360,-0.380775,0.107367,3
-0.011829,-0.071867,0.003067,0.259371,-0.283123,0.048900,-0.045985,0.035486,0.007607,0.315310,-0.320330,-0.031120,0.062554,0.016935,-0.051988,-0.137687,0.749868,1.206716,-0.355536,-0.453195,-0.326630,-0.033700,-0.703917,-0.817156,-0.802631,-0.075776,-0.344930,-0.380847,0.107271,3
-0.011829,-0.071884,0.003094,0.259345,-0.283115,0.048886,-0.046036,0.035503,0.007620,0.315310,-0.320326,-0.031098,0.064094,0.017270,-0.052270,-0.137867,0.749773,1.206692,-0.355896,-0.453171,-0.326630,-0.033700,-0.703929,-0.816989,-0.802667,-0.076100,-0.346536,-0.380919,0.107139,3
-0.011829,-0.071876,0.003067,0.259311,-0.283115,0.048886,-0.046071,0.035469,0.007620,0.315318,-0.320326,-0.031098,0.065527,0.017338,-0.052415,-0.137950,0.749629,1.206716,-0.356075,-0.453195,-0.326630,-0.033700,-0.703941,-0.816701,-0.802655,-0.076399,-0.348070,-0.380955,0.106995,3
-0.011829,-0.071867,0.003067,0.259345,-0.283119,0.048879,-0.046122,0.035478,0.007687,0.315318,-0.320334,-0.031084,0.066946,0.017292,-0.052434,-0.138010,0.749533,1.206716,-0.356219,-0.453171,-0.326654,-0.033700,-0.703929,-0.816449,-0.802715,-0.076795,-0.349628,-0.380955,0.106863,3
-0.011837,-0.071858,0.003067,0.259362,-0.283111,0.048879,-0.046164,0.035486,0.007687,0.315327,-0.320326,-0.031069,0.068419,0.017003,-0.052342,-0.138022,0.749401,1.206740,-0.357406,-0.453195,-0.326798,-0.033724,-0.703905,-0.816174,-0.802775,-0.077442,-0.351078,-0.380955,0.106779,3
-0.011820,-0.071850,0.003040,0.259379,-0.283110,0.048864,-0.046198,0.035486,0.007674,0.315318,-0.320326,-0.031069,0.069866,0.016615,-0.052204,-0.137998,0.749305,1.206728,-0.358676,-0.453160,-0.327145,-0.033784,-0.703917,-0.815802,-0.802847,-0.077897,-0.353415,-0.380943,0.106767,3
-0.011829,-0.071858,0.003053,0.259396,-0.283110,0.048864,-0.046275,0.035495,0.007660,0.315318,-0.320326,-0.031098,0.071325,0.016235,-0.052082,-0.137986,0.749197,1.206716,-0.359754,-0.453148,-0.327433,-0.033855,-0.703929,-0.815347,-0.802895,-0.078293,-0.355141,-0.380895,0.106827,3
-0.011820,-0.071833,0.003067,0.259413,-0.283107,0.048886,-0.046326,0.035503,0.007660,0.315310,-0.320318,-0.031084,0.072946,0.015900,-0.051999,-0.137926,0.749113,1.206692,-0.360569,-0.453160,-0.327481,-0.033843,-0.703917,-0.814736,-0.802955,-0.078748,-0.356878,-0.380883,0.106827,3
-0.011812,-0.071816,0.003067,0.259422,-0.283111,0.048879,-0.046360,0.035512,0.007674,0.315318,-0.320318,-0.031084,0.075370,0.015649,-0.051963,-0.137902,0.749030,1.206632,-0.361229,-0.453195,-0.327457,-0.033855,-0.703929,-0.814017,-0.803039,-0.079204,-0.358652,-0.380907,0.106851,3
-0.011820,-0.071799,0.003080,0.259456,-0.283115,0.048857,-0.046369,0.035512,0.007674,0.315327,-0.320314,-0.031076,0.077994,0.015360,-0.051901,-0.137891,0.748862,1.206500,-0.362235,-0.453243,-0.327313,-0.033843,-0.703929,-0.812854,-0.803135,-0.079851,-0.361588,-0.380871,0.106851,3
-0.011829,-0.071782,0.003053,0.259473,-0.283115,0.048872,-0.046343,0.035520,0.007674,0.315310,-0.320318,-0.031069,0.079601,0.015177,-0.051889,-0.137819,0.748598,1.206440,-0.363182,-0.453255,-0.327313,-0.033843,-0.703941,-0.811632,-0.803147,-0.080270,-0.363745,-0.380907,0.106851,3
-0.011820,-0.071773,0.003040,0.259498,-0.283119,0.048879,-0.046318,0.035512,0.007660,0.315301,-0.320322,-0.031076,0.081222,0.014995,-0.051858,-0.137579,0.748454,1.206416,-0.364308,-0.453267,-0.327313,-0.033855,-0.703941,-0.810973,-0.803063,-0.080678,-0.365950,-0.380907,0.106851,3
-0.011812,-0.071773,0.003067,0.259550,-0.283119,0.048879,-0.046309,0.035537,0.007553,0.315310,-0.320322,-0.031076,0.082749,0.014789,-0.051832,-0.137147,0.748311,1.206440,-0.365387,-0.453291,-0.327265,-0.033843,-0.703929,-0.810457,-0.803003,-0.081037,-0.368263,-0.380907,0.106851,3
-0.011812,-0.071773,0.003053,0.259626,-0.283115,0.048872,-0.046275,0.035529,0.007540,0.315301,-0.320318,-0.031055,0.084275,0.014569,-0.051825,-0.136668,0.748191,1.206524,-0.366801,-0.453267,-0.327193,-0.033855,-0.703929,-0.810062,-0.802907,-0.081577,-0.370301,-0.380895,0.106863,3
-0.011829,-0.071773,0.003053,0.259643,-0.283115,0.048900,-0.046258,0.035546,0.007499,0.315301,-0.320305,-0.031062,0.085802,0.014333,-0.051818,-0.136261,0.748071,1.206620,-0.367652,-0.453267,-0.327133,-0.033843,-0.703929,-0.809762,-0.802799,-0.081924,-0.373285,-0.380907,0.106887,3
-0.011837,-0.071782,0.003053,0.259686,-0.283119,0.048879,-0.046215,0.035554,0.007473,0.315310,-0.320318,-0.031069,0.087302,0.014090,-0.051846,-0.135949,0.747975,1.206692,-0.368551,-0.453303,-0.327062,-0.033843,-0.703953,-0.809534,-0.802631,-0.082200,-0.375118,-0.380919,0.106911,3
-0.011829,-0.071790,0.003053,0.259720,-0.283111,0.048879,-0.046156,0.035571,0.007433,0.315301,-0.320318,-0.031084,0.089458,0.013869,-0.051879,-0.135661,0.747867,1.206728,-0.369558,-0.453303,-0.327049,-0.033855,-0.703929,-0.809295,-0.802476,-0.082475,-0.376784,-0.380907,0.107019,3
-0.011820,-0.071807,0.003053,0.259694,-0.283115,0.048872,-0.046113,0.035588,0.007419,0.315310,-0.320326,-0.031069,0.090998,0.013664,-0.051912,-0.135338,0.747735,1.206728,-0.370516,-0.453327,-0.327073,-0.033867,-0.703929,-0.809067,-0.802284,-0.082799,-0.378486,-0.380919,0.107079,3
-0.011820,-0.071807,0.002986,0.259643,-0.283110,0.048864,-0.046045,0.035614,0.007379,0.315293,-0.320322,-0.031076,0.093676,0.013367,-0.051965,-0.134679,0.747364,1.206656,-0.372206,-0.453327,-0.327062,-0.033867,-0.703917,-0.808624,-0.802020,-0.083422,-0.380931,-0.380991,0.107103,3
-0.011812,-0.071799,0.002960,0.259584,-0.283115,0.048872,-0.046045,0.035605,0.007379,0.315293,-0.320326,-0.031098,0.095685,0.013139,-0.052043,-0.134475,0.747124,1.206620,-0.373416,-0.453339,-0.327049,-0.033879,-0.703929,-0.808348,-0.801841,-0.083878,-0.382465,-0.381050,0.107079,3
-0.011820,-0.071824,0.002866,0.259515,-0.283098,0.048843,-0.046054,0.035605,0.007379,0.315301,-0.320326,-0.031098,0.097747,0.012933,-0.052076,-0.134391,0.746872,1.206572,-0.374627,-0.453339,-0.327026,-0.033855,-0.703953,-0.808084,-0.801637,-0.084297,-0.383987,-0.381074,0.107031,3
-0.011820,-0.071816,0.002852,0.259396,-0.283102,0.048850,-0.046079,0.035605,0.007406,0.315310,-0.320334,-0.031084,0.099917,0.012698,-0.052089,-0.134391,0.746561,1.206560,-0.376317,-0.453351,-0.326966,-0.033867,-0.703929,-0.807773,-0.801541,-0.084860,-0.385736,-0.381050,0.106971,3
-0.011820,-0.071841,0.002866,0.259319,-0.283094,0.048835,-0.046088,0.035580,0.007406,0.315310,-0.320347,-0.031091,0.102461,0.012469,-0.052098,-0.134391,0.746285,1.206596,-0.377227,-0.453327,-0.326882,-0.033879,-0.703929,-0.807437,-0.801517,-0.085256,-0.388373,-0.381062,0.106887,3
-0.011812,-0.071850,0.002879,0.259268,-0.283089,0.048828,-0.046088,0.035580,0.007392,0.315310,-0.320339,-0.031105,0.104979,0.012211,-0.052096,-0.134415,0.745986,1.206596,-0.377959,-0.453327,-0.326750,-0.033879,-0.703941,-0.807078,-0.801517,-0.085675,-0.390039,-0.381062,0.106803,3
-0.011812,-0.071858,0.002960,0.259217,-0.283089,0.048828,-0.046088,0.035571,0.007419,0.315301,-0.320314,-0.031120,0.107095,0.011967,-0.052075,-0.134415,0.745674,1.206512,-0.378678,-0.453339,-0.326666,-0.033879,-0.703941,-0.806730,-0.801541,-0.086191,-0.391704,-0.381050,0.106720,3
-0.011803,-0.071867,0.003013,0.259192,-0.283085,0.048821,-0.046062,0.035588,0.007459,0.315310,-0.320326,-0.031127,0.109921,0.011762,-0.052059,-0.134499,0.745350,1.206368,-0.379528,-0.453327,-0.326666,-0.033915,-0.703941,-0.806466,-0.801529,-0.086670,-0.393334,-0.381062,0.106588,3
-0.011795,-0.071858,0.003053,0.259175,-0.283102,0.048835,-0.046054,0.035580,0.007473,0.315327,-0.320314,-0.031149,0.111528,0.011511,-0.051973,-0.134655,0.744991,1.206140,-0.380667,-0.453327,-0.326750,-0.033987,-0.703929,-0.806299,-0.801529,-0.087197,-0.395024,-0.381038,0.106540,3
-0.011803,-0.071850,0.003107,0.259175,-0.283093,0.048821,-0.046054,0.035571,0.007526,0.315327,-0.320318,-0.031142,0.112974,0.011275,-0.051956,-0.134703,0.744344,1.205925,-0.381961,-0.453327,-0.326738,-0.034071,-0.703941,-0.806107,-0.801517,-0.087713,-0.396570,-0.381014,0.106552,3
-0.011803,-0.071850,0.003120,0.259217,-0.283094,0.048835,-0.046045,0.035571,0.007580,0.315310,-0.320334,-0.031113,0.114876,0.011047,-0.051875,-0.134787,0.743613,1.205385,-0.383951,-0.453303,-0.326630,-0.034167,-0.703941,-0.805951,-0.801517,-0.088551,-0.399123,-0.380991,0.106564,3
-0.011812,-0.071850,0.003107,0.259251,-0.283106,0.048828,-0.046054,0.035588,0.007620,0.315276,-0.320343,-0.031098,0.115974,0.010849,-0.051845,-0.134835,0.743133,1.205134,-0.385868,-0.453303,-0.326486,-0.034131,-0.703917,-0.805771,-0.801505,-0.089450,-0.400764,-0.380991,0.106564,3
-0.011803,-0.071833,0.003107,0.259277,-0.283098,0.048828,-0.046045,0.035571,0.007647,0.315293,-0.320343,-0.031098,0.117259,0.010704,-0.051839,-0.134906,0.742678,1.204882,-0.387019,-0.453303,-0.326330,-0.034131,-0.703929,-0.805568,-0.801517,-0.089990,-0.403006,-0.381002,0.106588,3
-0.011803,-0.071841,0.003080,0.259285,-0.283110,0.048850,-0.046036,0.035571,0.007647,0.315293,-0.320334,-0.031113,0.118826,0.010507,-0.051848,-0.134942,0.742222,1.204642,-0.388001,-0.453327,-0.326079,-0.034107,-0.703917,-0.805352,-0.801529,-0.090469,-0.404444,-0.381002,0.106576,3
-0.011803,-0.071833,0.003040,0.259285,-0.283111,0.048879,-0.046036,0.035580,0.007647,0.315276,-0.320318,-0.031113,0.120755,0.010316,-0.051862,-0.134942,0.741851,1.204427,-0.388924,-0.453339,-0.325887,-0.034131,-0.703953,-0.805136,-0.801529,-0.090936,-0.405906,-0.381026,0.106576,3
-0.011803,-0.071841,0.003013,0.259285,-0.283119,0.048893,-0.046019,0.035571,0.007647,0.315301,-0.320326,-0.031098,0.124103,0.010119,-0.051890,-0.134858,0.741515,1.204259,-0.389967,-0.453339,-0.325671,-0.034131,-0.703941,-0.804909,-0.801517,-0.091368,-0.407452,-0.381062,0.106612,3
-0.011803,-0.071816,0.003027,0.259285,-0.283119,0.048879,-0.046002,0.035571,0.007647,0.315318,-0.320318,-0.031113,0.126165,0.009967,-0.051939,-0.134679,0.741216,1.204175,-0.391141,-0.453339,-0.325480,-0.034131,-0.703929,-0.804669,-0.801505,-0.091739,-0.408842,-0.381146,0.106588,3
-0.011812,-0.071824,0.003027,0.259285,-0.283144,0.048893,-0.045968,0.035571,0.007647,0.315293,-0.320330,-0.031120,0.128375,0.009860,-0.051998,-0.134571,0.740736,1.204151,-0.392423,-0.453303,-0.325360,-0.034143,-0.703941,-0.804357,-0.801505,-0.092159,-0.410232,-0.381254,0.106600,3
-0.011795,-0.071816,0.003067,0.259302,-0.283157,0.048915,-0.045960,0.035580,0.007647,0.315310,-0.320318,-0.031113,0.131790,0.009784,-0.052037,-0.134559,0.740149,1.204043,-0.395156,-0.453219,-0.325192,-0.034155,-0.703929,-0.804070,-0.801517,-0.092962,-0.412401,-0.381386,0.106588,3
-0.011803,-0.071816,0.003067,0.259337,-0.283153,0.048908,-0.045934,0.035588,0.007620,0.315310,-0.320318,-0.031113,0.133731,0.009754,-0.052067,-0.134559,0.739646,1.203899,-0.396258,-0.453171,-0.325036,-0.034155,-0.703941,-0.803998,-0.801505,-0.093369,-0.413767,-0.381518,0.106552,3
-0.011803,-0.071807,0.003107,0.259345,-0.283161,0.048937,-0.045917,0.035571,0.007620,0.315301,-0.320322,-0.031120,0.135245,0.009670,-0.052062,-0.134535,0.739083,1.203684,-0.397313,-0.453100,-0.324940,-0.034167,-0.703941,-0.803974,-0.801529,-0.093777,-0.415505,-0.381614,0.106552,3
-0.011786,-0.071807,0.003080,0.259379,-0.283157,0.048929,-0.045917,0.035588,0.007647,0.315301,-0.320330,-0.031120,0.136383,0.009617,-0.052027,-0.134499,0.738459,1.203432,-0.398320,-0.453064,-0.324880,-0.034215,-0.703941,-0.803998,-0.801493,-0.094220,-0.416703,-0.381722,0.106564,3
-0.011812,-0.071799,0.003094,0.259388,-0.283157,0.048958,-0.045909,0.035588,0.007660,0.315310,-0.320330,-0.031120,0.137736,0.009480,-0.052006,-0.134475,0.737944,1.203132,-0.399398,-0.453040,-0.324940,-0.034335,-0.703977,-0.804070,-0.801517,-0.094687,-0.417806,-0.381722,0.106600,3
-0.011820,-0.071790,0.003067,0.259379,-0.283174,0.048973,-0.045900,0.035580,0.007674,0.315293,-0.320343,-0.031127,0.138673,0.009267,-0.051936,-0.134427,0.737453,1.202893,-0.400513,-0.453052,-0.325012,-0.034419,-0.704049,-0.804130,-0.801505,-0.095167,-0.419004,-0.381698,0.106612,3
-0.011812,-0.071807,0.003067,0.259371,-0.283178,0.048966,-0.045883,0.035563,0.007647,0.315293,-0.320339,-0.031105,0.139865,0.009031,-0.051910,-0.134367,0.736698,1.202653,-0.401771,-0.453100,-0.325036,-0.034479,-0.704181,-0.804189,-0.801505,-0.095622,-0.420191,-0.381674,0.106624,3
-0.011820,-0.071807,0.003027,0.259371,-0.283182,0.048958,-0.045883,0.035554,0.007620,0.315276,-0.320334,-0.031113,0.141338,0.008734,-0.051923,-0.134211,0.736158,1.202521,-0.403077,-0.453136,-0.325012,-0.034455,-0.704385,-0.804189,-0.801493,-0.096102,-0.421353,-0.381590,0.106624,3
-0.011795,-0.071816,0.003027,0.259405,-0.283191,0.048973,-0.045875,0.035554,0.007593,0.315293,-0.320334,-0.031113,0.143106,0.008544,-0.051927,-0.133936,0.735655,1.202461,-0.404240,-0.453160,-0.324940,-0.034443,-0.704672,-0.804154,-0.801505,-0.096545,-0.422420,-0.381470,0.106612,3
-0.011795,-0.071833,0.003027,0.259456,-0.283187,0.048994,-0.045858,0.035554,0.007580,0.315284,-0.320330,-0.031120,0.145061,0.008361,-0.051936,-0.133648,0.735188,1.202521,-0.405762,-0.453160,-0.324856,-0.034467,-0.705044,-0.804118,-0.801505,-0.097288,-0.423427,-0.381374,0.106600,3
-0.011803,-0.071833,0.003027,0.259515,-0.283187,0.048994,-0.045823,0.035580,0.007540,0.315310,-0.320334,-0.031113,0.147204,0.008247,-0.051951,-0.133396,0.734648,1.202545,-0.406757,-0.453112,-0.324808,-0.034443,-0.705368,-0.804094,-0.801493,-0.097839,-0.424865,-0.381266,0.106624,3
-0.011812,-0.071841,0.003067,0.259490,-0.283191,0.048973,-0.045772,0.035554,0.007540,0.315301,-0.320335,-0.031127,0.150766,0.008087,-0.051985,-0.133241,0.733953,1.202449,-0.408518,-0.453100,-0.324820,-0.034479,-0.705787,-0.804094,-0.801517,-0.098834,-0.426447,-0.381026,0.106612,3
-0.011761,-0.071858,0.003080,0.259456,-0.283191,0.048973,-0.045755,0.035563,0.007566,0.315327,-0.320330,-0.031120,0.154542,0.008019,-0.052029,-0.133217,0.733546,1.202305,-0.409705,-0.453100,-0.324820,-0.034503,-0.706027,-0.804130,-0.801529,-0.099565,-0.427633,-0.380883,0.106624,3
-0.011812,-0.071867,0.003120,0.259405,-0.283182,0.048958,-0.045764,0.035554,0.007566,0.315310,-0.320339,-0.031134,0.157596,0.007958,-0.052069,-0.133181,0.733091,1.202102,-0.410951,-0.453100,-0.324784,-0.034551,-0.706278,-0.804165,-0.801529,-0.100248,-0.428975,-0.380751,0.106576,3
-0.011795,-0.071893,0.003120,0.259345,-0.283165,0.048958,-0.045772,0.035537,0.007553,0.315327,-0.320339,-0.031134,0.160529,0.007912,-0.052128,-0.133097,0.732539,1.201898,-0.412365,-0.453100,-0.324713,-0.034574,-0.706458,-0.804177,-0.801577,-0.100931,-0.430473,-0.380595,0.106576,3
-0.011786,-0.071884,0.003107,0.259268,-0.283157,0.048944,-0.045798,0.035529,0.007553,0.315327,-0.320343,-0.031156,0.162912,0.007836,-0.052177,-0.133013,0.731628,1.201622,-0.413755,-0.453100,-0.324605,-0.034574,-0.706614,-0.804142,-0.801745,-0.101638,-0.432259,-0.380475,0.106456,3
-0.011786,-0.071901,0.003067,0.259217,-0.283165,0.048958,-0.045806,0.035503,0.007566,0.315310,-0.320351,-0.031142,0.165109,0.007730,-0.052217,-0.133013,0.730969,1.201143,-0.415134,-0.453112,-0.324461,-0.034574,-0.706710,-0.804118,-0.802116,-0.102405,-0.434093,-0.380403,0.106372,3
-0.011778,-0.071901,0.003053,0.259166,-0.283170,0.048966,-0.045815,0.035503,0.007566,0.315293,-0.320351,-0.031142,0.166876,0.007646,-0.052231,-0.133037,0.730406,1.200783,-0.416668,-0.453136,-0.324293,-0.034574,-0.706770,-0.804106,-0.802476,-0.103592,-0.435902,-0.380343,0.106204,3
-0.011769,-0.071901,0.003040,0.259158,-0.283157,0.048944,-0.045832,0.035495,0.007593,0.315293,-0.320359,-0.031127,0.168470,0.007555,-0.052211,-0.133085,0.729867,1.200352,-0.417459,-0.453160,-0.324101,-0.034563,-0.706830,-0.804094,-0.802847,-0.104431,-0.438778,-0.380283,0.106036,3
-0.011812,-0.071901,0.003080,0.259166,-0.283161,0.048937,-0.045849,0.035495,0.007620,0.315310,-0.320347,-0.031134,0.169970,0.007441,-0.052195,-0.133109,0.729351,1.199885,-0.418130,-0.453171,-0.323922,-0.034574,-0.706818,-0.804118,-0.803207,-0.105198,-0.440576,-0.380188,0.105857,3
-0.011795,-0.071893,0.003067,0.259192,-0.283174,0.048944,-0.045875,0.035495,0.007633,0.315310,-0.320339,-0.031134,0.172233,0.007220,-0.052150,-0.133109,0.728501,1.199142,-0.419604,-0.453195,-0.323862,-0.034551,-0.706866,-0.804130,-0.803674,-0.106528,-0.443141,-0.379948,0.105581,3
-0.011795,-0.071893,0.003067,0.259226,-0.283170,0.048951,-0.045900,0.035503,0.007660,0.315318,-0.320343,-0.031127,0.174577,0.007076,-0.052115,-0.133109,0.727925,1.198662,-0.420850,-0.453195,-0.323958,-0.034574,-0.706866,-0.804142,-0.803890,-0.107534,-0.444663,-0.379792,0.105509,3
-0.011803,-0.071893,0.003067,0.259268,-0.283165,0.048958,-0.045943,0.035486,0.007674,0.315310,-0.320347,-0.031120,0.176184,0.006817,-0.052104,-0.133109,0.727062,1.198219,-0.422120,-0.453231,-0.323934,-0.034563,-0.706842,-0.804130,-0.804106,-0.108601,-0.445897,-0.379600,0.105473,3
-0.011795,-0.071884,0.003067,0.259277,-0.283165,0.048958,-0.045968,0.035503,0.007714,0.315301,-0.320347,-0.031120,0.177858,0.006672,-0.052128,-0.133109,0.726475,1.197811,-0.423283,-0.453267,-0.323862,-0.034574,-0.706806,-0.804118,-0.804333,-0.109608,-0.446976,-0.379397,0.105473,3
-0.011795,-0.071876,0.003053,0.259294,-0.283165,0.048958,-0.045985,0.035478,0.007700,0.315301,-0.320330,-0.031134,0.179411,0.006596,-0.052138,-0.133109,0.725804,1.197404,-0.424481,-0.453327,-0.323742,-0.034563,-0.706686,-0.804094,-0.804645,-0.110507,-0.447910,-0.379133,0.105473,3
-0.011812,-0.071867,0.003027,0.259302,-0.283170,0.048980,-0.045968,0.035503,0.007687,0.315301,-0.320335,-0.031142,0.181058,0.006520,-0.052167,-0.133073,0.725085,1.197104,-0.426003,-0.453339,-0.323586,-0.034574,-0.706554,-0.804010,-0.804897,-0.111717,-0.448881,-0.378845,0.105473,3
-0.011812,-0.071841,0.003040,0.259319,-0.283170,0.048980,-0.045960,0.035495,0.007687,0.315293,-0.320326,-0.031127,0.182585,0.006459,-0.052207,-0.133037,0.724354,1.196805,-0.426758,-0.453363,-0.323382,-0.034563,-0.706470,-0.803890,-0.805040,-0.112508,-0.449852,-0.378594,0.105461,3
-0.011803,-0.071841,0.003053,0.259277,-0.283178,0.048980,-0.045960,0.035495,0.007687,0.315301,-0.320326,-0.031113,0.184165,0.006414,-0.052237,-0.132965,0.723515,1.196505,-0.427429,-0.453339,-0.322999,-0.034574,-0.706410,-0.803698,-0.805160,-0.113371,-0.451398,-0.378390,0.105389,3
-0.011786,-0.071850,0.003067,0.259277,-0.283204,0.049023,-0.045943,0.035486,0.007687,0.315310,-0.320330,-0.031120,0.185732,0.006368,-0.052246,-0.132869,0.722580,1.196133,-0.428244,-0.453279,-0.322747,-0.034574,-0.706374,-0.803458,-0.805196,-0.114210,-0.452524,-0.378234,0.105269,3
-0.011795,-0.071833,0.003080,0.259277,-0.283208,0.049031,-0.045926,0.035495,0.007700,0.315301,-0.320330,-0.031120,0.187714,0.006368,-0.052256,-0.132749,0.721658,1.195810,-0.429371,-0.453267,-0.322627,-0.034598,-0.706326,-0.803219,-0.805208,-0.114989,-0.453591,-0.378150,0.105042,3
-0.011778,-0.071841,0.003120,0.259268,-0.283208,0.049031,-0.045892,0.035512,0.007714,0.315301,-0.320322,-0.031105,0.189147,0.006330,-0.052241,-0.132450,0.720315,1.195331,-0.431348,-0.453267,-0.322531,-0.034598,-0.706242,-0.802907,-0.805220,-0.116175,-0.455137,-0.378054,0.104706,3
-0.011795,-0.071833,0.003080,0.259260,-0.283212,0.049038,-0.045875,0.035486,0.007714,0.315301,-0.320314,-0.031091,0.190018,0.006269,-0.052241,-0.132234,0.719177,1.195019,-0.432726,-0.453303,-0.322364,-0.034586,-0.706230,-0.802596,-0.805196,-0.117014,-0.456096,-0.378018,0.104455,3
-0.011803,-0.071824,0.003027,0.259277,-0.283204,0.049052,-0.045849,0.035495,0.007687,0.315301,-0.320326,-0.031098,0.191089,0.006186,-0.052236,-0.131946,0.718578,1.194648,-0.434045,-0.453339,-0.322160,-0.034586,-0.706242,-0.802320,-0.805148,-0.117901,-0.457138,-0.377959,0.104179,3
-0.011795,-0.071833,0.003013,0.259285,-0.283229,0.049067,-0.045815,0.035503,0.007687,0.315284,-0.320326,-0.031098,0.192294,0.006071,-0.052230,-0.131515,0.718014,1.194516,-0.435243,-0.453399,-0.321920,-0.034574,-0.706254,-0.801948,-0.805004,-0.118812,-0.458121,-0.377839,0.103891,3
-0.011795,-0.071816,0.003013,0.259268,-0.283237,0.049081,-0.045806,0.035495,0.007700,0.315293,-0.320314,-0.031076,0.193660,0.006003,-0.052245,-0.130988,0.717463,1.194468,-0.436382,-0.453435,-0.321681,-0.034563,-0.706266,-0.801577,-0.804765,-0.120142,-0.459056,-0.377671,0.103580,3
-0.011795,-0.071816,0.003000,0.259277,-0.283258,0.049103,-0.045781,0.035503,0.007687,0.315293,-0.320310,-0.031084,0.195267,0.005942,-0.052284,-0.130352,0.716696,1.194504,-0.436849,-0.453471,-0.321453,-0.034574,-0.706302,-0.801157,-0.804441,-0.121005,-0.460470,-0.377503,0.103304,3
-0.011786,-0.071807,0.003040,0.259277,-0.283280,0.049139,-0.045747,0.035495,0.007660,0.315301,-0.320310,-0.031098,0.196794,0.005919,-0.052339,-0.129729,0.715797,1.194552,-0.437604,-0.453471,-0.321297,-0.034574,-0.706338,-0.800762,-0.804022,-0.121712,-0.461357,-0.377156,0.103016,3
-0.011803,-0.071833,0.003067,0.259268,-0.283280,0.049168,-0.045755,0.035495,0.007620,0.315318,-0.320310,-0.031098,0.199057,0.005896,-0.052413,-0.129094,0.714934,1.194540,-0.438814,-0.453483,-0.321453,-0.034574,-0.706374,-0.800354,-0.803578,-0.122227,-0.462172,-0.376868,0.102645,3
-0.011812,-0.071824,0.003080,0.259285,-0.283267,0.049161,-0.045747,0.035503,0.007620,0.315335,-0.320318,-0.031113,0.200678,0.005896,-0.052453,-0.128375,0.714191,1.194468,-0.439965,-0.453459,-0.321633,-0.034574,-0.706374,-0.800019,-0.803183,-0.122778,-0.463011,-0.376520,0.102393,3
-0.011786,-0.071833,0.003094,0.259354,-0.283271,0.049154,-0.045730,0.035512,0.007593,0.315327,-0.320326,-0.031098,0.203436,0.005874,-0.052498,-0.126841,0.713209,1.194360,-0.441535,-0.453435,-0.321609,-0.034563,-0.706326,-0.799540,-0.802679,-0.123965,-0.464221,-0.376029,0.101974,3
-0.011812,-0.071850,0.003094,0.259405,-0.283280,0.049168,-0.045721,0.035512,0.007633,0.315327,-0.320334,-0.031084,0.205418,0.005866,-0.052493,-0.126062,0.712250,1.194300,-0.442374,-0.453435,-0.321537,-0.034563,-0.706302,-0.799096,-0.802404,-0.124900,-0.465012,-0.375789,0.101638,3
-0.011786,-0.071858,0.003080,0.259422,-0.283284,0.049146,-0.045721,0.035503,0.007620,0.315310,-0.320334,-0.031098,0.207467,0.005843,-0.052468,-0.125379,0.711507,1.194228,-0.443165,-0.453435,-0.321489,-0.034563,-0.706230,-0.798785,-0.802056,-0.125942,-0.465719,-0.375562,0.101315,3
-0.011803,-0.071876,0.003053,0.259388,-0.283275,0.049146,-0.045738,0.035503,0.007620,0.315318,-0.320334,-0.031113,0.209610,0.005805,-0.052453,-0.124828,0.710692,1.194204,-0.444471,-0.453435,-0.321465,-0.034551,-0.706123,-0.798521,-0.801841,-0.127464,-0.466426,-0.375190,0.101027,3
-0.011803,-0.071893,0.003053,0.259371,-0.283275,0.049146,-0.045755,0.035486,0.007607,0.315310,-0.320339,-0.031134,0.212087,0.005805,-0.052443,-0.124468,0.709853,1.194096,-0.445550,-0.453471,-0.321513,-0.034551,-0.705967,-0.798233,-0.801625,-0.128531,-0.467505,-0.374711,0.100847,3
-0.011795,-0.071910,0.003094,0.259319,-0.283271,0.049139,-0.045789,0.035478,0.007607,0.315335,-0.320330,-0.031120,0.214498,0.005798,-0.052428,-0.124264,0.709014,1.193988,-0.446556,-0.453471,-0.321549,-0.034551,-0.705775,-0.798006,-0.801445,-0.129430,-0.468260,-0.373728,0.100715,3
-0.011778,-0.071910,0.003053,0.259277,-0.283275,0.049146,-0.045832,0.035469,0.007620,0.315310,-0.320339,-0.031134,0.216761,0.005813,-0.052418,-0.124049,0.708235,1.193869,-0.447455,-0.453495,-0.321537,-0.034563,-0.705595,-0.797814,-0.801253,-0.130281,-0.469182,-0.372961,0.100656,3
-0.011795,-0.071918,0.003080,0.259251,-0.283271,0.049139,-0.045883,0.035469,0.007647,0.315318,-0.320335,-0.031142,0.219480,0.005805,-0.052413,-0.123617,0.707528,1.193725,-0.448306,-0.453471,-0.321477,-0.034574,-0.705404,-0.797646,-0.801133,-0.131107,-0.470285,-0.372206,0.100524,3
-0.011786,-0.071927,0.003094,0.259217,-0.283271,0.049125,-0.045943,0.035435,0.007687,0.315310,-0.320335,-0.031142,0.220953,0.005767,-0.052378,-0.122587,0.706713,1.193533,-0.449193,-0.453459,-0.321381,-0.034563,-0.705116,-0.797538,-0.801074,-0.132198,-0.471651,-0.371511,0.100344,3
-0.011778,-0.071910,0.003107,0.259217,-0.283271,0.049139,-0.046019,0.035443,0.007741,0.315301,-0.320343,-0.031156,0.222747,0.005752,-0.052358,-0.121700,0.704952,1.193102,-0.450823,-0.453447,-0.321381,-0.034551,-0.704888,-0.797394,-0.801098,-0.133960,-0.474048,-0.370480,0.099972,3
-0.011786,-0.071910,0.003094,0.259209,-0.283275,0.049146,-0.046045,0.035443,0.007741,0.315310,-0.320339,-0.031149,0.223337,0.005744,-0.052343,-0.121448,0.704448,1.192778,-0.451446,-0.453459,-0.321369,-0.034539,-0.704840,-0.797334,-0.801121,-0.134451,-0.475055,-0.370097,0.099829,3
-0.011803,-0.071910,0.003080,0.259243,-0.283279,0.049125,-0.046113,0.035443,0.007741,0.315276,-0.320330,-0.031134,0.224877,0.005661,-0.052299,-0.120813,0.702794,1.192215,-0.453795,-0.453447,-0.321369,-0.034539,-0.704720,-0.797119,-0.801217,-0.136309,-0.478219,-0.368922,0.099469,3
-0.011803,-0.071918,0.003067,0.259260,-0.283271,0.049139,-0.046164,0.035452,0.007714,0.315293,-0.320339,-0.031134,0.225854,0.005661,-0.052299,-0.120453,0.701728,1.191795,-0.454921,-0.453483,-0.321381,-0.034515,-0.704696,-0.796987,-0.801241,-0.137291,-0.481406,-0.368084,0.099265,3
-0.011803,-0.071910,0.003067,0.259285,-0.283280,0.049139,-0.046207,0.035435,0.007714,0.315267,-0.320343,-0.031127,0.226845,0.005653,-0.052294,-0.120082,0.700661,1.191280,-0.455856,-0.453483,-0.321369,-0.034491,-0.704708,-0.796903,-0.801253,-0.138622,-0.483384,-0.367197,0.099086,3
-0.011795,-0.071910,0.003080,0.259277,-0.283280,0.049154,-0.046250,0.035435,0.007741,0.315276,-0.320326,-0.031098,0.227769,0.005661,-0.052299,-0.119579,0.699703,1.190693,-0.456647,-0.453483,-0.321369,-0.034467,-0.704720,-0.796879,-0.801229,-0.140024,-0.485145,-0.365723,0.098942,3
-0.011786,-0.071910,0.003067,0.259277,-0.283275,0.049146,-0.046258,0.035426,0.007741,0.315276,-0.320322,-0.031105,0.229296,0.005661,-0.052299,-0.119027,0.698804,1.189962,-0.457258,-0.453471,-0.321405,-0.034407,-0.704720,-0.796879,-0.801229,-0.141450,-0.486751,-0.364632,0.098786,3
-0.011803,-0.071910,0.003067,0.259277,-0.283271,0.049139,-0.046258,0.035426,0.007741,0.315293,-0.320310,-0.031098,0.230528,0.005645,-0.052289,-0.118320,0.698073,1.189243,-0.457809,-0.453447,-0.321477,-0.034407,-0.704720,-0.796879,-0.801229,-0.142708,-0.488106,-0.363661,0.098774,3
-0.011803,-0.071901,0.003053,0.259311,-0.283275,0.049146,-0.046241,0.035426,0.007727,0.315310,-0.320310,-0.031098,0.232041,0.005615,-0.052279,-0.117937,0.697258,1.188595,-0.458576,-0.453447,-0.321645,-0.034359,-0.704720,-0.796891,-0.801193,-0.143871,-0.489328,-0.362846,0.098822,3
-0.011803,-0.071901,0.003053,0.259294,-0.283271,0.049154,-0.046190,0.035426,0.007741,0.315301,-0.320310,-0.031098,0.234626,0.005584,-0.052278,-0.117553,0.695148,1.187649,-0.460158,-0.453459,-0.322028,-0.034287,-0.704720,-0.796879,-0.801193,-0.145644,-0.491066,-0.361972,0.098918,3
-0.011803,-0.071901,0.003053,0.259285,-0.283275,0.049146,-0.046190,0.035426,0.007741,0.315327,-0.320314,-0.031076,0.236421,0.005592,-0.052293,-0.117170,0.694070,1.187313,-0.461716,-0.453459,-0.322232,-0.034227,-0.704720,-0.796855,-0.801205,-0.147058,-0.492288,-0.361528,0.098942,3
-0.011803,-0.071901,0.003067,0.259268,-0.283280,0.049154,-0.046147,0.035426,0.007741,0.315301,-0.320322,-0.031091,0.238309,0.005615,-0.052318,-0.116726,0.693123,1.187002,-0.462735,-0.453459,-0.322280,-0.034239,-0.704720,-0.796819,-0.801217,-0.149515,-0.493498,-0.360689,0.098942,3
-0.011803,-0.071901,0.003067,0.259268,-0.283275,0.049146,-0.046105,0.035426,0.007741,0.315310,-0.320318,-0.031084,0.239380,0.005615,-0.052308,-0.116535,0.692692,1.186846,-0.463178,-0.453471,-0.322280,-0.034239,-0.704720,-0.796795,-0.801229,-0.150258,-0.494853,-0.360066,0.098918,3
-0.011820,-0.071893,0.003053,0.259251,-0.283275,0.049146,-0.046019,0.035426,0.007741,0.315310,-0.320306,-0.031091,0.242152,0.005592,-0.052323,-0.116163,0.691373,1.186247,-0.464305,-0.453471,-0.322184,-0.034239,-0.704696,-0.796795,-0.801229,-0.152116,-0.497082,-0.358065,0.098822,3
-0.011820,-0.071893,0.003053,0.259277,-0.283284,0.049146,-0.045968,0.035452,0.007741,0.315318,-0.320297,-0.031091,0.244215,0.005584,-0.052308,-0.116115,0.690475,1.185719,-0.464916,-0.453471,-0.322124,-0.034239,-0.704577,-0.796831,-0.801205,-0.152919,-0.498688,-0.357406,0.098690,3
-0.011812,-0.071893,0.003080,0.259277,-0.283280,0.049139,-0.045934,0.035435,0.007727,0.315310,-0.320306,-0.031091,0.245259,0.005607,-0.052293,-0.115995,0.689456,1.185120,-0.465455,-0.453471,-0.322064,-0.034239,-0.704085,-0.796855,-0.801217,-0.153554,-0.500222,-0.356818,0.098606,3
-0.011820,-0.071901,0.003067,0.259277,-0.283284,0.049146,-0.045934,0.035469,0.007714,0.315293,-0.320310,-0.031098,0.246250,0.005554,-0.052288,-0.115780,0.688413,1.184497,-0.465995,-0.453483,-0.322088,-0.034227,-0.703606,-0.796843,-0.801217,-0.154429,-0.501600,-0.356183,0.098546,3
-0.011820,-0.071893,0.003053,0.259285,-0.283275,0.049146,-0.045909,0.035435,0.007714,0.315310,-0.320310,-0.031084,0.247255,0.005516,-0.052273,-0.115492,0.686855,1.183958,-0.466762,-0.453471,-0.322136,-0.034251,-0.703198,-0.796795,-0.801229,-0.155603,-0.502858,-0.355716,0.098462,3
-0.011820,-0.071901,0.003027,0.259277,-0.283280,0.049154,-0.045917,0.035426,0.007714,0.315284,-0.320318,-0.031084,0.248366,0.005486,-0.052253,-0.115228,0.685885,1.183239,-0.467780,-0.453459,-0.322208,-0.034227,-0.702983,-0.796711,-0.801241,-0.156766,-0.504092,-0.355440,0.098367,3
-0.011812,-0.071901,0.003053,0.259277,-0.283284,0.049161,-0.045909,0.035426,0.007700,0.315276,-0.320322,-0.031062,0.249692,0.005448,-0.052268,-0.115037,0.685034,1.182699,-0.469278,-0.453471,-0.322232,-0.034239,-0.702995,-0.796591,-0.801253,-0.158336,-0.505099,-0.355320,0.098271,3
-0.011820,-0.071927,0.003040,0.259277,-0.283301,0.049190,-0.045883,0.035426,0.007620,0.315293,-0.320310,-0.031084,0.251915,0.005417,-0.052288,-0.114737,0.683775,1.181944,-0.470788,-0.453471,-0.322160,-0.034227,-0.703007,-0.796364,-0.801229,-0.159702,-0.507005,-0.355021,0.098199,3
-0.011795,-0.071927,0.003040,0.259277,-0.283293,0.049190,-0.045858,0.035426,0.007540,0.315293,-0.320293,-0.031098,0.253509,0.005410,-0.052303,-0.114497,0.682901,1.181381,-0.471759,-0.453471,-0.322088,-0.034239,-0.703007,-0.796172,-0.801253,-0.160553,-0.507891,-0.354469,0.098199,3
-0.011812,-0.071935,0.003000,0.259268,-0.283292,0.049175,-0.045849,0.035401,0.007486,0.315310,-0.320306,-0.031134,0.256080,0.005394,-0.052313,-0.114294,0.681882,1.180794,-0.472766,-0.453471,-0.322076,-0.034239,-0.703055,-0.795992,-0.801265,-0.161344,-0.508886,-0.354134,0.098175,3
-0.011829,-0.071969,0.002986,0.259268,-0.283301,0.049175,-0.045840,0.035409,0.007446,0.315318,-0.320310,-0.031127,0.257981,0.005394,-0.052303,-0.114174,0.680851,1.180147,-0.473629,-0.453483,-0.322100,-0.034227,-0.703198,-0.795812,-0.801325,-0.162039,-0.509941,-0.353846,0.098115,3
-0.011820,-0.071961,0.002919,0.259268,-0.283292,0.049175,-0.045875,0.035409,0.007459,0.315310,-0.320318,-0.031113,0.259870,0.005402,-0.052298,-0.114234,0.679821,1.179464,-0.474288,-0.453471,-0.322088,-0.034227,-0.703210,-0.795693,-0.801409,-0.162674,-0.511019,-0.353559,0.098055,3
-0.011829,-0.072003,0.002866,0.259251,-0.283292,0.049175,-0.045892,0.035409,0.007446,0.315335,-0.320322,-0.031120,0.261838,0.005379,-0.052293,-0.114318,0.678394,1.178708,-0.474635,-0.453447,-0.322100,-0.034227,-0.703162,-0.795573,-0.801505,-0.163417,-0.512110,-0.353259,0.097923,3
-0.011846,-0.072012,0.002812,0.259268,-0.283292,0.049175,-0.045934,0.035401,0.007473,0.315318,-0.320326,-0.031127,0.263941,0.005349,-0.052273,-0.114365,0.677460,1.177438,-0.474791,-0.453471,-0.322100,-0.034227,-0.703091,-0.795501,-0.801625,-0.164292,-0.513260,-0.352947,0.097791,3
-0.011846,-0.072046,0.002826,0.259268,-0.283292,0.049175,-0.045968,0.035401,0.007459,0.315310,-0.320330,-0.031120,0.266619,0.005326,-0.052258,-0.114473,0.676573,1.176563,-0.475103,-0.453459,-0.322112,-0.034227,-0.703067,-0.795417,-0.801745,-0.165802,-0.514651,-0.352672,0.097600,3
-0.011829,-0.072054,0.002839,0.259268,-0.283293,0.049190,-0.046002,0.035384,0.007499,0.315310,-0.320339,-0.031134,0.269365,0.005311,-0.052238,-0.114617,0.675722,1.175724,-0.475810,-0.453447,-0.322268,-0.034239,-0.703091,-0.795345,-0.801888,-0.166928,-0.516352,-0.352432,0.097360,3
-0.011829,-0.072054,0.002919,0.259260,-0.283292,0.049175,-0.046054,0.035367,0.007499,0.315310,-0.320330,-0.031120,0.271681,0.005288,-0.052233,-0.114857,0.674847,1.175029,-0.476697,-0.453399,-0.322579,-0.034239,-0.703091,-0.795285,-0.802068,-0.168115,-0.519384,-0.352121,0.097036,3
-0.011820,-0.072054,0.003040,0.259251,-0.283292,0.049175,-0.046105,0.035367,0.007540,0.315301,-0.320339,-0.031105,0.274520,0.005273,-0.052223,-0.115156,0.673481,1.174238,-0.477751,-0.453375,-0.323071,-0.034251,-0.703126,-0.795189,-0.802368,-0.169900,-0.522500,-0.351114,0.096485,3
-0.011803,-0.072054,0.003094,0.259277,-0.283292,0.049175,-0.046122,0.035350,0.007566,0.315310,-0.320330,-0.031120,0.275980,0.005288,-0.052203,-0.115240,0.673062,1.174047,-0.477991,-0.453375,-0.323119,-0.034251,-0.703150,-0.795117,-0.802452,-0.170332,-0.523543,-0.350790,0.096066,3
-0.011812,-0.072029,0.003187,0.259251,-0.283292,0.049175,-0.046190,0.035350,0.007647,0.315318,-0.320318,-0.031113,0.278016,0.005234,-0.052188,-0.115408,0.671731,1.173591,-0.478458,-0.453411,-0.323179,-0.034251,-0.703234,-0.794974,-0.802679,-0.171338,-0.526299,-0.349664,0.095358,3
-0.011829,-0.072037,0.003174,0.259268,-0.283292,0.049175,-0.046241,0.035350,0.007687,0.315301,-0.320334,-0.031113,0.279114,0.005234,-0.052188,-0.115552,0.670473,1.173375,-0.478638,-0.453471,-0.323131,-0.034239,-0.703282,-0.794818,-0.802751,-0.171830,-0.527905,-0.348777,0.094855,3
-0.011820,-0.072029,0.003227,0.259251,-0.283292,0.049175,-0.046275,0.035375,0.007714,0.315301,-0.320326,-0.031098,0.280105,0.005250,-0.052178,-0.115720,0.669622,1.173100,-0.478902,-0.453507,-0.323143,-0.034239,-0.703366,-0.794758,-0.802727,-0.172585,-0.529439,-0.347710,0.094292,3
-0.011837,-0.072012,0.003201,0.259234,-0.283288,0.049182,-0.046292,0.035358,0.007754,0.315310,-0.320326,-0.031098,0.280949,0.005227,-0.052183,-0.115852,0.668807,1.172704,-0.479345,-0.453519,-0.323131,-0.034263,-0.703486,-0.794722,-0.802667,-0.173568,-0.530961,-0.346548,0.093645,3
-0.011812,-0.072020,0.003147,0.259260,-0.283297,0.049168,-0.046309,0.035367,0.007714,0.315310,-0.320318,-0.031113,0.281765,0.005250,-0.052188,-0.115935,0.668076,1.172093,-0.480208,-0.453507,-0.323167,-0.034275,-0.703630,-0.794686,-0.802643,-0.174886,-0.532411,-0.345254,0.092950,3
-0.011837,-0.072003,0.003107,0.259260,-0.283292,0.049175,-0.046326,0.035367,0.007714,0.315301,-0.320318,-0.031113,0.282596,0.005227,-0.052203,-0.115971,0.667369,1.171326,-0.480867,-0.453399,-0.323131,-0.034323,-0.703798,-0.794650,-0.802596,-0.175629,-0.534401,-0.343911,0.092303,3
-0.011812,-0.072012,0.003067,0.259268,-0.283280,0.049168,-0.046301,0.035358,0.007714,0.315293,-0.320318,-0.031113,0.283654,0.005204,-0.052198,-0.115971,0.666614,1.170451,-0.481442,-0.453363,-0.322999,-0.034359,-0.703941,-0.794578,-0.802464,-0.176384,-0.535923,-0.342090,0.091715,3
-0.011820,-0.071995,0.003013,0.259260,-0.283288,0.049182,-0.046250,0.035375,0.007741,0.315267,-0.320322,-0.031076,0.286587,0.005189,-0.052188,-0.115828,0.665452,1.169037,-0.482089,-0.453387,-0.322903,-0.034251,-0.704061,-0.794422,-0.802152,-0.177618,-0.538607,-0.340867,0.090625,3
-0.011820,-0.071995,0.003027,0.259277,-0.283297,0.049182,-0.046190,0.035375,0.007727,0.315276,-0.320326,-0.031069,0.288354,0.005196,-0.052203,-0.115576,0.664721,1.168031,-0.482389,-0.453447,-0.322831,-0.034227,-0.704061,-0.794267,-0.801888,-0.178517,-0.540537,-0.340352,0.090073,3
-0.011829,-0.071978,0.003040,0.259268,-0.283292,0.049175,-0.046130,0.035367,0.007714,0.315267,-0.320326,-0.031055,0.290082,0.005212,-0.052233,-0.115444,0.663786,1.167072,-0.482629,-0.453483,-0.322807,-0.034215,-0.704049,-0.793931,-0.801625,-0.179368,-0.542562,-0.340016,0.089510,3
-0.011829,-0.071978,0.003107,0.259285,-0.283288,0.049182,-0.046096,0.035367,0.007714,0.315259,-0.320322,-0.031062,0.291850,0.005235,-0.052268,-0.115432,0.663199,1.166209,-0.482916,-0.453459,-0.322843,-0.034251,-0.704025,-0.793679,-0.801277,-0.180219,-0.544587,-0.339621,0.088935,3
-0.011829,-0.071978,0.003107,0.259285,-0.283292,0.049175,-0.046071,0.035375,0.007714,0.315190,-0.320314,-0.031076,0.293604,0.005219,-0.052277,-0.115456,0.662623,1.166005,-0.483324,-0.453447,-0.322915,-0.034215,-0.704025,-0.793464,-0.801169,-0.181010,-0.546469,-0.338578,0.088456,3
-0.011812,-0.071986,0.003134,0.259243,-0.283288,0.049182,-0.046054,0.035375,0.007714,0.315105,-0.320314,-0.031091,0.295224,0.005196,-0.052282,-0.115492,0.662060,1.166065,-0.483935,-0.453423,-0.322963,-0.034239,-0.704037,-0.793320,-0.801229,-0.182160,-0.548326,-0.337356,0.088060,3
-0.011812,-0.071969,0.003134,0.259260,-0.283292,0.049175,-0.046054,0.035384,0.007714,0.315054,-0.320318,-0.031084,0.296684,0.005158,-0.052297,-0.115504,0.661473,1.166329,-0.484247,-0.453363,-0.322975,-0.034239,-0.704037,-0.793248,-0.801361,-0.182879,-0.551179,-0.335810,0.087641,3
-0.011837,-0.071978,0.003160,0.259243,-0.283288,0.049182,-0.046054,0.035384,0.007741,0.315071,-0.320318,-0.031084,0.297273,0.005151,-0.052302,-0.115540,0.661197,1.166497,-0.484378,-0.453351,-0.322975,-0.034251,-0.704037,-0.793212,-0.801421,-0.183275,-0.552161,-0.335810,0.087449,3
-0.011812,-0.071986,0.003094,0.259209,-0.283288,0.049168,-0.046062,0.035418,0.007741,0.315080,-0.320318,-0.031084,0.298947,0.005067,-0.052307,-0.115756,0.660071,1.166688,-0.484834,-0.453327,-0.322879,-0.034251,-0.704025,-0.793164,-0.801517,-0.185000,-0.554930,-0.334396,0.086730,3
-0.011812,-0.071978,0.003080,0.259226,-0.283284,0.049161,-0.046062,0.035401,0.007714,0.315088,-0.320318,-0.031084,0.299443,0.005044,-0.052292,-0.115840,0.659567,1.166497,-0.484966,-0.453303,-0.322771,-0.034347,-0.704037,-0.793188,-0.801505,-0.185528,-0.557039,-0.333389,0.086418,3
-0.011812,-0.071978,0.003040,0.259217,-0.283288,0.049154,-0.046062,0.035409,0.007714,0.315114,-0.320318,-0.031084,0.299965,0.005006,-0.052297,-0.115816,0.659352,1.165873,-0.485217,-0.453207,-0.322663,-0.034551,-0.704085,-0.793176,-0.801457,-0.186702,-0.559328,-0.332287,0.086131,3
-0.011829,-0.071978,0.003027,0.259200,-0.283284,0.049161,-0.046054,0.035401,0.007714,0.315148,-0.320326,-0.031098,0.300943,0.004900,-0.052306,-0.115600,0.658513,1.164831,-0.485673,-0.453171,-0.322603,-0.034682,-0.704421,-0.792852,-0.801373,-0.188668,-0.562995,-0.330693,0.085735,3
-0.011829,-0.071986,0.002986,0.259200,-0.283280,0.049168,-0.046071,0.035392,0.007700,0.315122,-0.320322,-0.031076,0.301894,0.004816,-0.052331,-0.115408,0.658201,1.164639,-0.485996,-0.453207,-0.322603,-0.034646,-0.705104,-0.792493,-0.801265,-0.189962,-0.565536,-0.329602,0.085460,3
-0.011829,-0.071986,0.003000,0.259226,-0.283288,0.049182,-0.046071,0.035384,0.007620,0.315020,-0.320334,-0.031084,0.303005,0.004740,-0.052380,-0.115264,0.657961,1.164663,-0.486296,-0.453267,-0.322603,-0.034598,-0.706051,-0.792085,-0.801241,-0.191532,-0.567765,-0.328212,0.085172,3
-0.011854,-0.071986,0.002986,0.259251,-0.283301,0.049204,-0.046079,0.035384,0.007540,0.314935,-0.320330,-0.031120,0.304184,0.004649,-0.052460,-0.115144,0.657746,1.164855,-0.486464,-0.453363,-0.322615,-0.034539,-0.706949,-0.791714,-0.801241,-0.192407,-0.571012,-0.326558,0.084884,3
-0.011837,-0.072003,0.002879,0.259260,-0.283305,0.049211,-0.046062,0.035384,0.007473,0.314841,-0.320326,-0.031127,0.305389,0.004588,-0.052519,-0.115013,0.657506,1.165022,-0.486631,-0.453423,-0.322603,-0.034455,-0.707800,-0.791414,-0.801253,-0.193090,-0.573110,-0.324641,0.084728,3
-0.011829,-0.071995,0.002786,0.259277,-0.283301,0.049219,-0.046054,0.035375,0.007392,0.314756,-0.320339,-0.031134,0.306540,0.004481,-0.052588,-0.114929,0.657290,1.165058,-0.486823,-0.453423,-0.322603,-0.034431,-0.708567,-0.791175,-0.801289,-0.193593,-0.575063,-0.321681,0.084633,3
-0.011829,-0.072012,0.002585,0.259285,-0.283301,0.049190,-0.046054,0.035392,0.007312,0.314739,-0.320355,-0.031134,0.308924,0.004344,-0.052638,-0.114905,0.656955,1.164939,-0.487135,-0.453339,-0.322615,-0.034467,-0.709646,-0.790863,-0.801325,-0.194132,-0.578179,-0.318708,0.084609,3
-0.011837,-0.072012,0.002518,0.259277,-0.283297,0.049182,-0.046054,0.035384,0.007312,0.314756,-0.320355,-0.031134,0.309580,0.004306,-0.052633,-0.114929,0.656859,1.164903,-0.487231,-0.453327,-0.322603,-0.034455,-0.710449,-0.790803,-0.801337,-0.194324,-0.579114,-0.317714,0.084621,3
-0.011829,-0.072020,0.002357,0.259260,-0.283292,0.049175,-0.046071,0.035392,0.007325,0.314875,-0.320355,-0.031163,0.311723,0.004223,-0.052618,-0.115001,0.656499,1.164771,-0.487530,-0.453255,-0.322555,-0.034467,-0.711623,-0.790444,-0.801277,-0.195559,-0.582421,-0.314442,0.084609,3
-0.011837,-0.072020,0.002344,0.259251,-0.283292,0.049175,-0.046113,0.035392,0.007312,0.314977,-0.320359,-0.031156,0.313411,0.004162,-0.052598,-0.115061,0.656356,1.164759,-0.487758,-0.453243,-0.322460,-0.034455,-0.712510,-0.790252,-0.801265,-0.196793,-0.584686,-0.312465,0.084525,3
-0.011829,-0.072029,0.002397,0.259209,-0.283292,0.049175,-0.046122,0.035384,0.007299,0.315063,-0.320376,-0.031156,0.315178,0.004116,-0.052578,-0.115180,0.656236,1.164735,-0.488141,-0.453279,-0.322412,-0.034443,-0.713385,-0.790048,-0.801277,-0.198674,-0.586856,-0.310811,0.084441,3
-0.011837,-0.072029,0.002464,0.259183,-0.283292,0.049175,-0.046147,0.035384,0.007325,0.315088,-0.320363,-0.031134,0.317093,0.004063,-0.052553,-0.115312,0.656164,1.164675,-0.488453,-0.453303,-0.322316,-0.034455,-0.714128,-0.789820,-0.801277,-0.199885,-0.589276,-0.309049,0.084417,3
-0.011820,-0.072029,0.002558,0.259166,-0.283284,0.049190,-0.046147,0.035392,0.007339,0.315105,-0.320372,-0.031134,0.319115,0.003987,-0.052513,-0.115480,0.656068,1.164591,-0.488849,-0.453339,-0.322172,-0.034431,-0.714835,-0.789629,-0.801289,-0.200880,-0.592752,-0.306784,0.084465,3
-0.011837,-0.072020,0.002652,0.259140,-0.283280,0.049168,-0.046164,0.035401,0.007352,0.315097,-0.320372,-0.031134,0.321459,0.003926,-0.052463,-0.115624,0.655996,1.164495,-0.489280,-0.453387,-0.321968,-0.034431,-0.715518,-0.789461,-0.801277,-0.201635,-0.595209,-0.302925,0.084525,3
-0.011854,-0.072012,0.002732,0.259123,-0.283288,0.049182,-0.046164,0.035409,0.007433,0.315105,-0.320368,-0.031141,0.325008,0.003827,-0.052408,-0.115732,0.655936,1.164435,-0.489867,-0.453399,-0.321872,-0.034419,-0.716321,-0.789329,-0.801265,-0.202198,-0.597749,-0.300337,0.084573,3
-0.011846,-0.072012,0.002786,0.259089,-0.283292,0.049175,-0.046207,0.035384,0.007486,0.315071,-0.320359,-0.031127,0.326910,0.003728,-0.052353,-0.115935,0.655936,1.164351,-0.490478,-0.453423,-0.321741,-0.034395,-0.717532,-0.789161,-0.801277,-0.202689,-0.599918,-0.297880,0.084573,3
-0.011846,-0.072012,0.002866,0.259064,-0.283284,0.049161,-0.046224,0.035409,0.007540,0.315063,-0.320355,-0.031149,0.328409,0.003622,-0.052294,-0.116127,0.655960,1.164268,-0.491066,-0.453435,-0.321633,-0.034347,-0.718215,-0.789053,-0.801265,-0.203576,-0.602231,-0.295555,0.084549,3
-0.011854,-0.071978,0.002986,0.258970,-0.283284,0.049161,-0.046258,0.035426,0.007674,0.315063,-0.320351,-0.031142,0.330298,0.003469,-0.052333,-0.116415,0.655984,1.164028,-0.491785,-0.453411,-0.321405,-0.034227,-0.719317,-0.788850,-0.801229,-0.205577,-0.605659,-0.292139,0.084465,3
-0.011837,-0.071952,0.003067,0.258902,-0.283280,0.049154,-0.046267,0.035452,0.007727,0.315029,-0.320355,-0.031134,0.331222,0.003370,-0.052397,-0.116607,0.656056,1.163896,-0.492108,-0.453423,-0.321249,-0.034131,-0.720144,-0.788694,-0.801181,-0.207123,-0.607972,-0.289850,0.084417,3
-0.011837,-0.071927,0.003094,0.258842,-0.283288,0.049168,-0.046250,0.035486,0.007741,0.314901,-0.320359,-0.031127,0.331998,0.003279,-0.052457,-0.116762,0.656128,1.163776,-0.492336,-0.453387,-0.321093,-0.034047,-0.721067,-0.788574,-0.801074,-0.209556,-0.610321,-0.287514,0.084453,3
-0.011837,-0.071901,0.003107,0.258808,-0.283292,0.049175,-0.046232,0.035520,0.007741,0.314798,-0.320359,-0.031098,0.332628,0.003165,-0.052511,-0.116882,0.656224,1.163644,-0.492360,-0.453435,-0.320914,-0.033975,-0.722098,-0.788430,-0.800954,-0.210922,-0.613520,-0.284841,0.084525,3
-0.011837,-0.071876,0.003080,0.258800,-0.283292,0.049175,-0.046232,0.035546,0.007741,0.314739,-0.320347,-0.031091,0.333123,0.003066,-0.052546,-0.116978,0.656332,1.163572,-0.492300,-0.453447,-0.320674,-0.033855,-0.723116,-0.788310,-0.800822,-0.212097,-0.615702,-0.280898,0.084633,3
-0.011837,-0.071841,0.003067,0.258834,-0.283293,0.049190,-0.046232,0.035571,0.007741,0.314671,-0.320343,-0.031098,0.333498,0.002990,-0.052556,-0.117050,0.656415,1.163548,-0.492204,-0.453483,-0.320590,-0.033748,-0.724243,-0.788190,-0.800618,-0.213151,-0.617859,-0.278274,0.084681,3
-0.011837,-0.071816,0.003040,0.258859,-0.283284,0.049190,-0.046224,0.035605,0.007714,0.314636,-0.320339,-0.031105,0.334007,0.002922,-0.052531,-0.117110,0.656511,1.163548,-0.492204,-0.453519,-0.320482,-0.033676,-0.725932,-0.788035,-0.800390,-0.214110,-0.619836,-0.275649,0.084836,3
-0.011829,-0.071799,0.003040,0.258876,-0.283292,0.049175,-0.046232,0.035622,0.007727,0.314628,-0.320339,-0.031105,0.334436,0.002861,-0.052501,-0.117134,0.656607,1.163548,-0.492180,-0.453507,-0.320398,-0.033616,-0.726855,-0.787831,-0.800079,-0.215033,-0.621706,-0.273013,0.084920,3
-0.011837,-0.071790,0.003027,0.258910,-0.283288,0.049197,-0.046224,0.035639,0.007741,0.314611,-0.320339,-0.031105,0.335012,0.002769,-0.052481,-0.117134,0.656739,1.163560,-0.492192,-0.453507,-0.320314,-0.033568,-0.727466,-0.787328,-0.799779,-0.215824,-0.623551,-0.270700,0.085004,3
-0.011837,-0.071790,0.003027,0.258944,-0.283297,0.049182,-0.046232,0.035657,0.007727,0.314602,-0.320343,-0.031098,0.335896,0.002663,-0.052480,-0.117122,0.656823,1.163596,-0.492216,-0.453483,-0.320242,-0.033544,-0.728030,-0.786872,-0.799360,-0.216651,-0.625433,-0.268578,0.085028,3
-0.011846,-0.071807,0.003027,0.259013,-0.283293,0.049190,-0.046241,0.035657,0.007714,0.314500,-0.320347,-0.031091,0.337744,0.002457,-0.052485,-0.117122,0.656847,1.163752,-0.492300,-0.453471,-0.320171,-0.033472,-0.729492,-0.785914,-0.799060,-0.218101,-0.628836,-0.265594,0.084956,3
-0.011837,-0.071807,0.003027,0.259055,-0.283293,0.049219,-0.046250,0.035674,0.007714,0.314440,-0.320343,-0.031098,0.339177,0.002366,-0.052535,-0.117134,0.656859,1.163824,-0.492288,-0.453495,-0.320147,-0.033400,-0.730774,-0.785123,-0.798820,-0.218724,-0.632204,-0.263078,0.084824,3
-0.011846,-0.071824,0.003067,0.259081,-0.283293,0.049219,-0.046267,0.035674,0.007700,0.314398,-0.320326,-0.031098,0.340650,0.002252,-0.052589,-0.117134,0.656835,1.163860,-0.492288,-0.453495,-0.320111,-0.033340,-0.732116,-0.784176,-0.798569,-0.219215,-0.634601,-0.260549,0.084645,3
-0.011837,-0.071833,0.003053,0.259081,-0.283301,0.049204,-0.046258,0.035674,0.007714,0.314406,-0.320339,-0.031134,0.342123,0.002153,-0.052643,-0.117122,0.656823,1.163872,-0.492252,-0.453507,-0.320111,-0.033280,-0.733387,-0.783193,-0.798305,-0.219551,-0.636998,-0.256894,0.084501,3
-0.011837,-0.071824,0.003027,0.259055,-0.283289,0.049211,-0.046232,0.035682,0.007714,0.314423,-0.320347,-0.031120,0.344225,0.002070,-0.052638,-0.117122,0.656823,1.163860,-0.492252,-0.453495,-0.320111,-0.033232,-0.734465,-0.782270,-0.798125,-0.219779,-0.639191,-0.254437,0.084489,3
-0.011846,-0.071807,0.003013,0.259030,-0.283301,0.049204,-0.046232,0.035691,0.007700,0.314458,-0.320347,-0.031120,0.345511,0.001940,-0.052594,-0.117122,0.656811,1.163872,-0.492252,-0.453483,-0.320099,-0.033232,-0.735831,-0.781371,-0.798054,-0.219839,-0.641168,-0.252184,0.084549,3
-0.011846,-0.071799,0.003027,0.258970,-0.283318,0.049204,-0.046232,0.035699,0.007714,0.314483,-0.320355,-0.031134,0.346944,0.001841,-0.052529,-0.117110,0.656967,1.163848,-0.492252,-0.453459,-0.320111,-0.033220,-0.736694,-0.780485,-0.798018,-0.219827,-0.642882,-0.250087,0.084621,3
-0.011846,-0.071799,0.003053,0.258927,-0.283309,0.049219,-0.046241,0.035708,0.007714,0.314500,-0.320368,-0.031141,0.348444,0.001742,-0.052474,-0.117110,0.657242,1.163788,-0.492252,-0.453471,-0.320051,-0.033220,-0.737533,-0.780113,-0.797994,-0.219887,-0.644272,-0.248241,0.084693,3
-0.011846,-0.071799,0.003000,0.258876,-0.283309,0.049219,-0.046284,0.035708,0.007714,0.314560,-0.320380,-0.031149,0.349877,0.001605,-0.052474,-0.117110,0.657710,1.163632,-0.492252,-0.453459,-0.319979,-0.033220,-0.738456,-0.779993,-0.797994,-0.220857,-0.645662,-0.246587,0.084705,3
-0.011846,-0.071799,0.002986,0.258791,-0.283301,0.049204,-0.046275,0.035708,0.007700,0.314543,-0.320380,-0.031149,0.351604,0.001377,-0.052504,-0.117122,0.658716,1.163405,-0.492276,-0.453471,-0.319727,-0.033232,-0.739954,-0.780257,-0.798018,-0.222020,-0.648478,-0.244742,0.084633,3
-0.011854,-0.071799,0.002986,0.258783,-0.283309,0.049219,-0.046267,0.035708,0.007687,0.314560,-0.320384,-0.031141,0.352421,0.001210,-0.052534,-0.117110,0.659459,1.163237,-0.492276,-0.453483,-0.319583,-0.033244,-0.740997,-0.780652,-0.798065,-0.222631,-0.649940,-0.243759,0.084597,3
-0.011846,-0.071799,0.003000,0.258766,-0.283301,0.049233,-0.046258,0.035699,0.007700,0.314534,-0.320388,-0.031134,0.352756,0.001103,-0.052544,-0.117122,0.659819,1.163153,-0.492288,-0.453471,-0.319416,-0.033256,-0.741560,-0.780832,-0.798078,-0.222895,-0.650648,-0.242884,0.084609,3
-0.011863,-0.071807,0.003027,0.258706,-0.283305,0.049211,-0.046232,0.035708,0.007714,0.314492,-0.320409,-0.031127,0.353318,0.000852,-0.052549,-0.117122,0.660742,1.162949,-0.492288,-0.453483,-0.319152,-0.033256,-0.743238,-0.781383,-0.798101,-0.223578,-0.652685,-0.241650,0.084728,3
-0.011854,-0.071816,0.002986,0.258706,-0.283297,0.049211,-0.046250,0.035699,0.007700,0.314475,-0.320409,-0.031112,0.353318,0.000632,-0.052534,-0.117110,0.661341,1.162841,-0.492288,-0.453495,-0.318948,-0.033244,-0.744796,-0.781683,-0.798149,-0.224009,-0.653991,-0.240595,0.084776,3
-0.011846,-0.071816,0.002986,0.258723,-0.283309,0.049204,-0.046250,0.035708,0.007687,0.314466,-0.320421,-0.031134,0.353426,0.000434,-0.052524,-0.117110,0.662168,1.162709,-0.492276,-0.453483,-0.318685,-0.033244,-0.745934,-0.781971,-0.798185,-0.224453,-0.655285,-0.239373,0.084860,3
-0.011846,-0.071799,0.002946,0.258731,-0.283305,0.049211,-0.046258,0.035691,0.007687,0.314440,-0.320429,-0.031134,0.353827,0.000076,-0.052589,-0.117122,0.662803,1.162626,-0.492288,-0.453495,-0.318385,-0.033244,-0.747228,-0.782019,-0.798233,-0.224980,-0.656424,-0.238067,0.084908,3
-0.011863,-0.071816,0.002812,0.258774,-0.283301,0.049233,-0.046241,0.035708,0.007620,0.314364,-0.320438,-0.031177,0.354443,-0.000198,-0.052619,-0.117110,0.663546,1.162674,-0.492300,-0.453483,-0.318073,-0.033232,-0.748679,-0.782007,-0.798173,-0.225663,-0.657443,-0.236664,0.084956,3
-0.011854,-0.071807,0.002692,0.258825,-0.283301,0.049233,-0.046232,0.035699,0.007553,0.314202,-0.320442,-0.031170,0.355341,-0.000525,-0.052653,-0.117122,0.664481,1.162853,-0.492312,-0.453507,-0.317702,-0.033196,-0.750093,-0.781899,-0.798018,-0.226993,-0.658413,-0.235083,0.084992,3
-0.011871,-0.071807,0.002544,0.258919,-0.283331,0.049240,-0.046207,0.035708,0.007473,0.314074,-0.320446,-0.031163,0.356238,-0.000799,-0.052693,-0.117110,0.665428,1.163105,-0.492372,-0.453495,-0.317342,-0.033100,-0.751639,-0.781779,-0.797874,-0.227964,-0.659624,-0.233573,0.085064,3
-0.011871,-0.071807,0.002290,0.259013,-0.283347,0.049269,-0.046207,0.035699,0.007379,0.313912,-0.320458,-0.031170,0.357443,-0.001255,-0.052733,-0.117122,0.666950,1.163620,-0.492540,-0.453483,-0.316659,-0.032921,-0.754251,-0.781647,-0.797634,-0.229342,-0.660750,-0.230948,0.085148,3
-0.011854,-0.071816,0.002143,0.259021,-0.283343,0.049276,-0.046173,0.035708,0.007352,0.313861,-0.320483,-0.031184,0.358381,-0.001522,-0.052768,-0.117134,0.667992,1.164028,-0.492671,-0.453483,-0.316324,-0.032693,-0.756085,-0.781611,-0.797454,-0.230121,-0.661373,-0.229917,0.085232,3
-0.011871,-0.071816,0.002036,0.259004,-0.283335,0.049291,-0.046139,0.035708,0.007352,0.313835,-0.320508,-0.031170,0.358983,-0.001773,-0.052792,-0.117122,0.669095,1.164447,-0.492791,-0.453507,-0.315988,-0.032513,-0.757727,-0.781587,-0.797287,-0.230768,-0.661985,-0.229090,0.085280,3
-0.011846,-0.071807,0.001982,0.258970,-0.283339,0.049269,-0.046113,0.035699,0.007339,0.313861,-0.320537,-0.031162,0.359546,-0.002054,-0.052827,-0.117122,0.670305,1.164855,-0.492923,-0.453507,-0.315641,-0.032381,-0.760159,-0.781623,-0.797131,-0.231260,-0.662572,-0.228491,0.085280,3
-0.011846,-0.071824,0.001942,0.258902,-0.283331,0.049284,-0.046105,0.035691,0.007325,0.313904,-0.320582,-0.031140,0.360162,-0.002374,-0.052947,-0.117134,0.672043,1.165202,-0.492995,-0.453531,-0.315257,-0.032250,-0.761765,-0.781695,-0.796999,-0.231523,-0.663099,-0.228000,0.085280,3
-0.011854,-0.071799,0.001955,0.258817,-0.283339,0.049284,-0.046105,0.035699,0.007299,0.313955,-0.320615,-0.031097,0.360778,-0.002564,-0.053012,-0.117122,0.673097,1.165634,-0.493019,-0.453507,-0.314814,-0.032130,-0.763227,-0.781743,-0.796843,-0.231607,-0.663615,-0.227652,0.085256,3
-0.011846,-0.071816,0.001955,0.258689,-0.283339,0.049269,-0.046147,0.035691,0.007272,0.314031,-0.320660,-0.031060,0.361487,-0.002724,-0.053067,-0.117110,0.674128,1.165861,-0.493055,-0.453507,-0.314382,-0.032046,-0.764342,-0.781791,-0.796759,-0.231487,-0.664166,-0.227485,0.085244,3
-0.011846,-0.071799,0.001928,0.258612,-0.283339,0.049269,-0.046164,0.035708,0.007272,0.314057,-0.320722,-0.031009,0.362345,-0.002838,-0.053102,-0.117110,0.675195,1.166137,-0.493103,-0.453483,-0.313891,-0.031986,-0.765289,-0.781791,-0.796675,-0.231308,-0.665089,-0.227485,0.085280,3
-0.011837,-0.071807,0.001928,0.258501,-0.283335,0.049262,-0.046198,0.035708,0.007299,0.314100,-0.320759,-0.030987,0.363255,-0.002891,-0.053127,-0.117122,0.676345,1.166377,-0.493103,-0.453483,-0.313172,-0.031914,-0.766319,-0.781767,-0.796651,-0.231068,-0.665903,-0.227772,0.085304,3
-0.011837,-0.071799,0.001942,0.258425,-0.283335,0.049262,-0.046224,0.035691,0.007299,0.314159,-0.320780,-0.030980,0.364353,-0.002952,-0.053146,-0.117110,0.677532,1.166676,-0.493139,-0.453495,-0.312609,-0.031866,-0.767554,-0.781803,-0.796699,-0.230816,-0.666970,-0.227952,0.085364,3
-0.011846,-0.071799,0.001969,0.258339,-0.283331,0.049255,-0.046241,0.035699,0.007312,0.314210,-0.320792,-0.030973,0.366215,-0.002967,-0.053147,-0.117122,0.678886,1.166880,-0.493175,-0.453507,-0.311973,-0.031830,-0.769040,-0.781911,-0.796675,-0.230541,-0.668336,-0.227377,0.085400,3
-0.011854,-0.071799,0.001982,0.258203,-0.283335,0.049262,-0.046250,0.035699,0.007325,0.314236,-0.320804,-0.030965,0.368250,-0.003021,-0.053072,-0.117122,0.680660,1.166976,-0.493187,-0.453507,-0.310859,-0.031842,-0.772000,-0.782270,-0.796687,-0.230169,-0.670949,-0.226454,0.085412,3
-0.011854,-0.071782,0.002036,0.258109,-0.283331,0.049255,-0.046292,0.035691,0.007352,0.314227,-0.320800,-0.030958,0.369764,-0.003059,-0.052988,-0.117122,0.682565,1.167012,-0.493211,-0.453507,-0.310008,-0.031830,-0.773438,-0.782822,-0.796783,-0.229989,-0.672890,-0.226202,0.085400,3
-0.011854,-0.071799,0.002143,0.258041,-0.283335,0.049262,-0.046301,0.035699,0.007406,0.314219,-0.320813,-0.030951,0.371317,-0.003135,-0.052928,-0.117134,0.683859,1.167048,-0.493223,-0.453495,-0.309025,-0.031830,-0.774684,-0.783133,-0.796951,-0.229857,-0.675095,-0.226250,0.085352,3
-0.011871,-0.071807,0.002236,0.257939,-0.283335,0.049262,-0.046301,0.035708,0.007446,0.314168,-0.320829,-0.030922,0.373031,-0.003226,-0.052829,-0.117134,0.685190,1.167108,-0.493319,-0.453483,-0.307947,-0.031818,-0.775727,-0.783397,-0.797047,-0.229786,-0.678247,-0.226142,0.085328,3
-0.011871,-0.071807,0.002317,0.257888,-0.283331,0.049255,-0.046301,0.035708,0.007526,0.314142,-0.320829,-0.030922,0.375067,-0.003378,-0.052760,-0.117158,0.686604,1.167204,-0.493498,-0.453483,-0.306784,-0.031794,-0.776865,-0.783625,-0.797251,-0.229857,-0.679278,-0.225807,0.085328,3
-0.011854,-0.071816,0.002397,0.257854,-0.283327,0.049262,-0.046275,0.035708,0.007566,0.314125,-0.320825,-0.030900,0.377169,-0.003507,-0.052676,-0.117254,0.688006,1.167264,-0.493690,-0.453483,-0.305526,-0.031746,-0.777992,-0.783888,-0.797526,-0.229929,-0.682034,-0.225627,0.085340,3
-0.011854,-0.071807,0.002491,0.257820,-0.283335,0.049262,-0.046301,0.035699,0.007620,0.314083,-0.320825,-0.030900,0.379285,-0.003667,-0.052612,-0.117553,0.689504,1.167276,-0.493918,-0.453531,-0.303548,-0.031686,-0.779382,-0.784248,-0.797850,-0.230025,-0.683616,-0.225435,0.085364,3
-0.011837,-0.071799,0.002571,0.257811,-0.283331,0.049255,-0.046292,0.035708,0.007687,0.314023,-0.320833,-0.030914,0.381495,-0.003819,-0.052542,-0.118057,0.691038,1.167252,-0.494110,-0.453543,-0.302218,-0.031602,-0.780748,-0.784595,-0.798101,-0.230073,-0.685006,-0.225232,0.085471,3
-0.011846,-0.071799,0.002678,0.257785,-0.283327,0.049276,-0.046292,0.035708,0.007767,0.313963,-0.320829,-0.030907,0.382848,-0.004108,-0.052414,-0.119135,0.693351,1.167168,-0.494289,-0.453543,-0.299929,-0.031507,-0.783529,-0.785159,-0.798437,-0.230145,-0.686936,-0.225196,0.085723,3
-0.011854,-0.071790,0.002745,0.257794,-0.283339,0.049255,-0.046301,0.035708,0.007807,0.313929,-0.320817,-0.030900,0.383464,-0.004276,-0.052404,-0.119519,0.695748,1.167144,-0.494325,-0.453543,-0.298347,-0.031459,-0.784547,-0.785722,-0.798569,-0.230121,-0.688170,-0.225172,0.085999,3
-0.011829,-0.071799,0.002839,0.257777,-0.283331,0.049255,-0.046301,0.035708,0.007794,0.313929,-0.320812,-0.030907,0.383839,-0.004405,-0.052399,-0.119866,0.697330,1.167120,-0.494373,-0.453567,-0.296741,-0.031399,-0.785458,-0.786117,-0.798785,-0.230061,-0.689476,-0.225148,0.086262,3
-0.011837,-0.071807,0.002919,0.257785,-0.283335,0.049262,-0.046309,0.035716,0.007794,0.313887,-0.320821,-0.030907,0.384053,-0.004519,-0.052415,-0.120190,0.698983,1.167096,-0.494445,-0.453579,-0.295112,-0.031327,-0.786465,-0.786501,-0.799192,-0.229977,-0.690807,-0.225172,0.086490,3
-0.011829,-0.071807,0.002933,0.257820,-0.283331,0.049284,-0.046292,0.035725,0.007767,0.313861,-0.320821,-0.030907,0.384213,-0.004595,-0.052465,-0.120561,0.700649,1.167036,-0.494613,-0.453615,-0.293530,-0.031255,-0.787603,-0.786824,-0.799468,-0.229905,-0.692281,-0.225160,0.086646,3
-0.011846,-0.071816,0.002960,0.257879,-0.283335,0.049276,-0.046292,0.035716,0.007767,0.313827,-0.320821,-0.030907,0.384187,-0.004710,-0.052549,-0.121005,0.702423,1.167000,-0.494697,-0.453711,-0.291852,-0.031171,-0.789113,-0.787112,-0.799743,-0.229905,-0.694678,-0.225136,0.086730,3
-0.011854,-0.071816,0.002960,0.257896,-0.283343,0.049276,-0.046292,0.035716,0.007781,0.313818,-0.320817,-0.030915,0.384080,-0.004809,-0.052634,-0.121508,0.704125,1.166952,-0.494745,-0.453783,-0.289024,-0.031087,-0.790887,-0.787412,-0.799923,-0.229893,-0.696259,-0.225160,0.086754,3
-0.011854,-0.071816,0.002946,0.257930,-0.283347,0.049269,-0.046284,0.035699,0.007794,0.313784,-0.320808,-0.030886,0.383946,-0.004915,-0.052724,-0.121939,0.705814,1.166976,-0.494709,-0.453843,-0.286998,-0.030967,-0.792936,-0.787711,-0.800007,-0.229881,-0.697734,-0.225208,0.086754,3
-0.011846,-0.071816,0.002973,0.257981,-0.283360,0.049291,-0.046250,0.035716,0.007794,0.313759,-0.320804,-0.030878,0.383999,-0.005082,-0.052833,-0.122551,0.708739,1.167096,-0.494721,-0.453962,-0.283918,-0.030799,-0.797095,-0.788155,-0.799947,-0.229810,-0.699771,-0.225220,0.086910,3
-0.011854,-0.071816,0.002919,0.258024,-0.283364,0.049298,-0.046224,0.035725,0.007807,0.313725,-0.320804,-0.030878,0.384361,-0.005219,-0.052923,-0.122718,0.711687,1.167240,-0.494817,-0.454058,-0.281941,-0.030704,-0.799300,-0.788502,-0.799827,-0.229690,-0.701029,-0.225232,0.087077,3
-0.011854,-0.071807,0.002919,0.258075,-0.283369,0.049320,-0.046207,0.035708,0.007741,0.313691,-0.320804,-0.030878,0.384883,-0.005296,-0.052973,-0.122754,0.713724,1.167479,-0.494984,-0.454214,-0.279916,-0.030536,-0.801817,-0.788574,-0.799564,-0.229570,-0.702156,-0.225220,0.087281,3
-0.011854,-0.071790,0.002799,0.258177,-0.283377,0.049363,-0.046224,0.035708,0.007767,0.313648,-0.320808,-0.030886,0.385579,-0.005356,-0.053003,-0.122730,0.715809,1.167599,-0.495140,-0.454394,-0.277746,-0.030404,-0.804106,-0.788550,-0.799396,-0.229414,-0.703258,-0.225220,0.087485,3
-0.011854,-0.071807,0.002732,0.258339,-0.283398,0.049385,-0.046224,0.035708,0.007794,0.313580,-0.320812,-0.030878,0.386329,-0.005402,-0.053043,-0.122730,0.717895,1.167647,-0.495236,-0.454586,-0.275314,-0.030224,-0.806071,-0.788442,-0.799252,-0.229162,-0.704325,-0.225232,0.087689,3
-0.011837,-0.071807,0.002719,0.258399,-0.283407,0.049385,-0.046215,0.035699,0.007794,0.313571,-0.320821,-0.030907,0.386972,-0.005448,-0.053053,-0.122754,0.719884,1.167671,-0.495212,-0.454837,-0.273061,-0.030056,-0.807341,-0.788298,-0.799120,-0.228995,-0.705943,-0.225232,0.087916,3
-0.011846,-0.071799,0.002665,0.258459,-0.283403,0.049392,-0.046207,0.035716,0.007794,0.313571,-0.320825,-0.030900,0.387588,-0.005493,-0.053083,-0.122826,0.721945,1.167599,-0.495164,-0.454945,-0.269813,-0.029913,-0.808264,-0.788202,-0.799024,-0.228863,-0.707033,-0.225232,0.088180,3
-0.011837,-0.071799,0.002652,0.258493,-0.283407,0.049399,-0.046198,0.035708,0.007821,0.313571,-0.320833,-0.030900,0.388512,-0.005524,-0.053123,-0.122922,0.724018,1.167563,-0.495116,-0.455029,-0.267524,-0.029697,-0.808947,-0.788155,-0.798880,-0.228731,-0.708148,-0.225244,0.088611,3
-0.011846,-0.071807,0.002625,0.258467,-0.283407,0.049385,-0.046156,0.035699,0.007794,0.313614,-0.320845,-0.030922,0.389061,-0.005569,-0.053143,-0.123090,0.726020,1.167527,-0.495032,-0.455041,-0.265079,-0.029541,-0.809439,-0.788167,-0.798749,-0.228575,-0.709226,-0.225267,0.088947,3
-0.011846,-0.071799,0.002638,0.258408,-0.283411,0.049378,-0.046147,0.035708,0.007794,0.313648,-0.320854,-0.030936,0.389637,-0.005615,-0.053182,-0.123461,0.728333,1.167527,-0.494972,-0.455029,-0.262562,-0.029421,-0.810433,-0.788190,-0.798569,-0.228455,-0.710557,-0.225291,0.089354,3
-0.011837,-0.071790,0.002652,0.258356,-0.283407,0.049385,-0.046147,0.035716,0.007794,0.313682,-0.320858,-0.030929,0.390173,-0.005699,-0.053227,-0.123785,0.732096,1.167551,-0.494877,-0.455017,-0.260178,-0.029337,-0.811859,-0.788215,-0.798437,-0.228395,-0.711947,-0.225291,0.089762,3
-0.011854,-0.071799,0.002665,0.258305,-0.283399,0.049399,-0.046173,0.035708,0.007807,0.313725,-0.320870,-0.030936,0.390909,-0.005790,-0.053287,-0.124516,0.735979,1.167623,-0.494817,-0.455005,-0.256355,-0.029242,-0.814843,-0.788322,-0.798437,-0.228443,-0.714547,-0.225160,0.090361,3
-0.011829,-0.071807,0.002665,0.258237,-0.283394,0.049392,-0.046190,0.035699,0.007807,0.313759,-0.320874,-0.030943,0.391405,-0.005904,-0.053362,-0.125175,0.738603,1.167659,-0.494805,-0.455029,-0.253574,-0.029158,-0.816617,-0.788514,-0.798401,-0.228491,-0.716393,-0.225172,0.090697,3
-0.011837,-0.071816,0.002652,0.258169,-0.283399,0.049399,-0.046173,0.035708,0.007794,0.313767,-0.320870,-0.030936,0.391941,-0.006018,-0.053427,-0.125798,0.741096,1.167767,-0.494769,-0.455017,-0.251022,-0.029014,-0.818379,-0.788742,-0.798365,-0.228455,-0.718922,-0.225244,0.091044,3
-0.011846,-0.071799,0.002678,0.258143,-0.283407,0.049385,-0.046173,0.035725,0.007794,0.313767,-0.320874,-0.030943,0.392490,-0.006163,-0.053522,-0.126386,0.743301,1.167887,-0.494733,-0.455017,-0.247103,-0.028882,-0.820296,-0.789017,-0.798341,-0.228467,-0.720492,-0.225256,0.091380,3
-0.011854,-0.071799,0.002678,0.258084,-0.283407,0.049370,-0.046139,0.035708,0.007794,0.313776,-0.320874,-0.030958,0.392999,-0.006292,-0.053607,-0.126841,0.745243,1.168007,-0.494661,-0.455017,-0.244334,-0.028750,-0.822226,-0.789281,-0.798341,-0.228503,-0.721786,-0.225303,0.091679,3
-0.011846,-0.071816,0.002678,0.258016,-0.283403,0.049378,-0.046147,0.035708,0.007794,0.313767,-0.320874,-0.030943,0.393789,-0.006475,-0.053707,-0.127332,0.747040,1.168102,-0.494625,-0.454981,-0.241446,-0.028498,-0.823927,-0.789581,-0.798365,-0.228527,-0.722805,-0.225327,0.092075,3
-0.011854,-0.071807,0.002692,0.258007,-0.283411,0.049378,-0.046113,0.035708,0.007794,0.313784,-0.320883,-0.030943,0.394391,-0.006642,-0.053817,-0.128207,0.749197,1.168150,-0.494589,-0.454993,-0.238726,-0.028319,-0.825893,-0.789820,-0.798353,-0.228527,-0.723667,-0.225363,0.092303,3
-0.011854,-0.071807,0.002665,0.257999,-0.283403,0.049378,-0.046113,0.035733,0.007794,0.313776,-0.320883,-0.030943,0.394981,-0.006802,-0.053922,-0.128962,0.753104,1.168162,-0.494565,-0.455017,-0.236005,-0.028103,-0.826792,-0.790216,-0.798365,-0.228515,-0.724410,-0.225387,0.092518,3
-0.011854,-0.071816,0.002678,0.257999,-0.283407,0.049370,-0.046105,0.035716,0.007794,0.313767,-0.320874,-0.030929,0.395597,-0.007107,-0.054122,-0.129777,0.756148,1.168174,-0.494553,-0.455041,-0.233237,-0.027827,-0.827427,-0.790491,-0.798341,-0.228479,-0.725118,-0.225387,0.092782,3
-0.011846,-0.071824,0.002705,0.258024,-0.283407,0.049385,-0.046113,0.035708,0.007794,0.313767,-0.320870,-0.030936,0.396199,-0.007305,-0.054252,-0.130568,0.759144,1.168162,-0.494577,-0.455065,-0.230469,-0.027504,-0.828074,-0.790803,-0.798377,-0.228443,-0.725729,-0.225399,0.093105,3
-0.011854,-0.071816,0.002719,0.258033,-0.283403,0.049392,-0.046130,0.035716,0.007794,0.313750,-0.320874,-0.030929,0.396855,-0.007563,-0.054421,-0.131371,0.762116,1.168126,-0.494565,-0.455065,-0.227640,-0.027132,-0.829081,-0.791175,-0.798449,-0.228395,-0.726268,-0.225363,0.093477,3
-0.011829,-0.071816,0.002719,0.258033,-0.283398,0.049370,-0.046147,0.035699,0.007767,0.313767,-0.320879,-0.030936,0.397860,-0.007989,-0.054721,-0.132701,0.765772,1.167971,-0.494577,-0.454993,-0.222307,-0.026509,-0.831418,-0.791882,-0.798461,-0.228288,-0.727167,-0.225172,0.093932,3
-0.011846,-0.071816,0.002745,0.258050,-0.283394,0.049378,-0.046139,0.035716,0.007781,0.313759,-0.320870,-0.030922,0.398864,-0.008340,-0.054932,-0.133792,0.767917,1.167875,-0.494553,-0.454945,-0.219563,-0.025874,-0.833263,-0.792481,-0.798377,-0.228204,-0.727526,-0.225196,0.094136,3
-0.011837,-0.071816,0.002745,0.258033,-0.283407,0.049370,-0.046130,0.035708,0.007781,0.313733,-0.320874,-0.030929,0.399534,-0.008690,-0.055162,-0.134942,0.770098,1.167767,-0.494481,-0.454933,-0.216783,-0.025419,-0.835420,-0.793128,-0.798317,-0.228108,-0.727814,-0.225220,0.094208,3
-0.011829,-0.071824,0.002772,0.258058,-0.283402,0.049363,-0.046139,0.035708,0.007794,0.313725,-0.320874,-0.030929,0.400217,-0.009078,-0.055408,-0.136788,0.772459,1.167719,-0.494337,-0.454873,-0.214086,-0.024987,-0.838764,-0.793703,-0.798329,-0.227988,-0.728030,-0.225220,0.094280,3
-0.011837,-0.071824,0.002759,0.258050,-0.283407,0.049370,-0.046096,0.035708,0.007794,0.313708,-0.320874,-0.030929,0.400927,-0.009649,-0.055784,-0.137902,0.777121,1.167719,-0.494182,-0.454873,-0.211330,-0.024628,-0.841388,-0.794590,-0.798341,-0.227892,-0.728173,-0.225232,0.094412,3
-0.011846,-0.071816,0.002759,0.258084,-0.283402,0.049363,-0.046071,0.035725,0.007821,0.313708,-0.320866,-0.030943,0.401623,-0.010022,-0.056039,-0.138981,0.780356,1.167767,-0.493990,-0.454909,-0.208442,-0.024244,-0.843929,-0.795225,-0.798365,-0.227748,-0.728269,-0.225256,0.094508,3
-0.011846,-0.071816,0.002799,0.258092,-0.283407,0.049370,-0.046054,0.035708,0.007794,0.313725,-0.320866,-0.030943,0.402212,-0.010387,-0.056269,-0.140012,0.783460,1.167803,-0.493762,-0.454945,-0.205565,-0.023813,-0.846038,-0.795968,-0.798365,-0.227580,-0.728317,-0.225256,0.094627,3
-0.011854,-0.071816,0.002799,0.258135,-0.283407,0.049370,-0.046088,0.035725,0.007794,0.313733,-0.320862,-0.030922,0.402801,-0.010745,-0.056485,-0.141114,0.786193,1.167815,-0.493271,-0.455005,-0.202725,-0.023273,-0.847800,-0.796831,-0.798341,-0.227281,-0.728353,-0.225244,0.094687,3
-0.011846,-0.071807,0.002826,0.258135,-0.283402,0.049363,-0.046113,0.035708,0.007767,0.313742,-0.320858,-0.030929,0.403525,-0.011186,-0.056747,-0.143056,0.789848,1.167803,-0.492671,-0.455053,-0.198411,-0.022351,-0.849598,-0.798293,-0.798209,-0.226969,-0.728365,-0.225256,0.094699,3
-0.011846,-0.071807,0.002852,0.258126,-0.283403,0.049378,-0.046113,0.035716,0.007781,0.313733,-0.320858,-0.030929,0.403725,-0.011270,-0.056802,-0.143787,0.791010,1.167791,-0.492444,-0.455065,-0.195283,-0.022003,-0.850029,-0.798785,-0.798173,-0.226873,-0.728365,-0.225256,0.094735,3
-0.011863,-0.071816,0.002826,0.258126,-0.283403,0.049378,-0.046105,0.035699,0.007794,0.313716,-0.320862,-0.030922,0.404154,-0.011430,-0.056858,-0.146267,0.794749,1.167767,-0.491869,-0.454981,-0.190861,-0.020805,-0.850844,-0.800510,-0.797982,-0.226574,-0.728401,-0.225244,0.094795,3
-0.011863,-0.071824,0.002812,0.258143,-0.283403,0.049378,-0.046096,0.035708,0.007794,0.313725,-0.320862,-0.030922,0.404569,-0.011414,-0.056818,-0.147933,0.797817,1.167743,-0.491545,-0.454945,-0.187937,-0.020337,-0.850988,-0.801805,-0.797814,-0.226370,-0.728389,-0.225220,0.094879,3
-0.011846,-0.071807,0.002812,0.258169,-0.283407,0.049385,-0.046079,0.035733,0.007794,0.313725,-0.320854,-0.030936,0.404917,-0.011376,-0.056743,-0.149935,0.801005,1.167743,-0.491233,-0.454933,-0.185108,-0.019930,-0.850736,-0.803087,-0.797682,-0.226166,-0.728413,-0.225232,0.094939,3
-0.011854,-0.071816,0.002812,0.258220,-0.283407,0.049385,-0.046096,0.035716,0.007794,0.313733,-0.320854,-0.030936,0.405359,-0.011293,-0.056668,-0.151109,0.805463,1.167755,-0.490922,-0.454969,-0.182328,-0.019570,-0.850377,-0.804920,-0.797526,-0.225951,-0.728425,-0.225232,0.095023,3
-0.011846,-0.071807,0.002772,0.258229,-0.283394,0.049378,-0.046105,0.035708,0.007781,0.313708,-0.320858,-0.030929,0.405855,-0.011270,-0.056633,-0.152164,0.808136,1.167779,-0.490550,-0.455005,-0.179644,-0.019307,-0.850137,-0.805747,-0.797418,-0.225711,-0.728461,-0.225220,0.095095,3
-0.011846,-0.071807,0.002759,0.258263,-0.283390,0.049385,-0.046139,0.035708,0.007767,0.313682,-0.320854,-0.030936,0.406364,-0.011262,-0.056618,-0.153266,0.810628,1.167755,-0.489915,-0.455041,-0.176552,-0.019031,-0.850700,-0.806311,-0.797514,-0.225507,-0.728497,-0.225184,0.095143,3
-0.011846,-0.071816,0.002732,0.258339,-0.283398,0.049385,-0.046147,0.035708,0.007794,0.313648,-0.320854,-0.030936,0.406926,-0.011315,-0.056623,-0.154608,0.813133,1.167743,-0.489484,-0.455041,-0.173304,-0.018815,-0.851983,-0.806598,-0.797634,-0.225483,-0.728509,-0.224968,0.095107,3
-0.011837,-0.071824,0.002625,0.258416,-0.283403,0.049378,-0.046181,0.035716,0.007794,0.313605,-0.320854,-0.030936,0.407623,-0.011414,-0.056648,-0.157329,0.817651,1.167743,-0.488908,-0.455017,-0.166808,-0.018612,-0.853924,-0.806850,-0.797334,-0.225196,-0.728533,-0.224512,0.094939,3
-0.011863,-0.071816,0.002571,0.258442,-0.283398,0.049370,-0.046181,0.035725,0.007794,0.313554,-0.320837,-0.030936,0.407984,-0.011490,-0.056649,-0.159246,0.821055,1.167743,-0.488585,-0.455005,-0.163884,-0.018480,-0.855242,-0.807773,-0.796987,-0.225112,-0.728617,-0.224560,0.094903,3
-0.011871,-0.071816,0.002518,0.258425,-0.283390,0.049356,-0.046173,0.035708,0.007794,0.313495,-0.320845,-0.030922,0.408372,-0.011566,-0.056639,-0.161428,0.824183,1.167755,-0.488309,-0.455017,-0.160972,-0.018372,-0.857232,-0.809139,-0.796771,-0.225088,-0.728713,-0.224489,0.095179,3
-0.011871,-0.071824,0.002478,0.258382,-0.283390,0.049356,-0.046164,0.035716,0.007794,0.313460,-0.320837,-0.030922,0.408480,-0.011673,-0.056600,-0.162614,0.827346,1.167731,-0.487998,-0.455017,-0.157736,-0.018312,-0.858718,-0.810649,-0.796424,-0.224920,-0.728857,-0.224381,0.095442,3
-0.011837,-0.071824,0.002451,0.258391,-0.283394,0.049378,-0.046164,0.035716,0.007807,0.313460,-0.320837,-0.030936,0.408573,-0.011688,-0.056541,-0.163657,0.831601,1.167707,-0.487590,-0.455017,-0.154381,-0.018240,-0.860036,-0.812830,-0.796028,-0.224656,-0.729024,-0.224429,0.095742,3
-0.011863,-0.071807,0.002411,0.258331,-0.283390,0.049356,-0.046147,0.035699,0.007781,0.313477,-0.320837,-0.030922,0.408654,-0.011749,-0.056481,-0.164843,0.834333,1.167707,-0.486859,-0.455005,-0.150941,-0.018168,-0.861390,-0.814040,-0.795525,-0.224417,-0.729204,-0.224429,0.096066,3
-0.011854,-0.071816,0.002384,0.258305,-0.283390,0.049342,-0.046139,0.035699,0.007767,0.313495,-0.320845,-0.030922,0.408761,-0.011787,-0.056407,-0.166269,0.837090,1.167719,-0.486296,-0.454981,-0.147538,-0.018108,-0.862648,-0.814951,-0.795213,-0.224273,-0.729396,-0.224333,0.096353,3
-0.011880,-0.071816,0.002357,0.258280,-0.283390,0.049342,-0.046130,0.035708,0.007767,0.313495,-0.320850,-0.030914,0.408841,-0.011848,-0.056338,-0.167719,0.840026,1.167767,-0.485745,-0.454981,-0.144362,-0.017988,-0.863703,-0.815491,-0.794938,-0.223997,-0.729767,-0.224333,0.096593,3
-0.011871,-0.071816,0.002277,0.258263,-0.283390,0.049342,-0.046130,0.035708,0.007741,0.313520,-0.320841,-0.030914,0.409002,-0.011992,-0.056274,-0.169804,0.844903,1.167827,-0.484846,-0.454981,-0.138310,-0.017916,-0.865105,-0.815862,-0.794338,-0.223602,-0.730223,-0.224249,0.096940,3
-0.011871,-0.071816,0.002223,0.258271,-0.283381,0.049327,-0.046139,0.035716,0.007714,0.313537,-0.320837,-0.030922,0.409082,-0.012068,-0.056254,-0.170979,0.848271,1.167815,-0.484211,-0.454981,-0.135242,-0.017821,-0.866076,-0.816377,-0.793907,-0.223410,-0.730582,-0.224261,0.097264,3
-0.011854,-0.071816,0.002169,0.258288,-0.283377,0.049334,-0.046156,0.035708,0.007687,0.313580,-0.320845,-0.030922,0.409082,-0.012084,-0.056264,-0.172010,0.851698,1.167815,-0.483528,-0.455005,-0.132138,-0.017701,-0.867466,-0.817324,-0.793416,-0.223206,-0.731086,-0.224237,0.097516,3
-0.011863,-0.071807,0.002129,0.258297,-0.283386,0.049349,-0.046232,0.035699,0.007660,0.313622,-0.320841,-0.030929,0.409055,-0.012076,-0.056279,-0.173592,0.855186,1.167779,-0.482761,-0.454981,-0.129310,-0.017593,-0.870175,-0.818595,-0.792733,-0.223002,-0.731745,-0.224117,0.097755,3
-0.011863,-0.071807,0.002143,0.258263,-0.283369,0.049320,-0.046275,0.035708,0.007660,0.313648,-0.320833,-0.030929,0.408975,-0.012068,-0.056274,-0.174802,0.860003,1.167755,-0.481982,-0.454981,-0.126649,-0.017437,-0.871960,-0.820752,-0.791786,-0.222643,-0.732536,-0.224033,0.097983,3
-0.011863,-0.071824,0.002129,0.258246,-0.283369,0.049305,-0.046301,0.035708,0.007687,0.313665,-0.320841,-0.030929,0.408948,-0.012084,-0.056245,-0.176060,0.863251,1.167743,-0.481203,-0.454981,-0.123917,-0.017281,-0.873662,-0.822178,-0.790671,-0.222307,-0.733518,-0.224045,0.098211,3
-0.011854,-0.071816,0.002129,0.258212,-0.283343,0.049262,-0.046318,0.035708,0.007687,0.313665,-0.320850,-0.030929,0.408855,-0.012114,-0.056205,-0.177343,0.866691,1.167779,-0.480555,-0.454981,-0.121244,-0.017078,-0.875292,-0.823424,-0.789437,-0.222008,-0.734633,-0.223961,0.098426,3
-0.011854,-0.071816,0.002116,0.258143,-0.283352,0.049291,-0.046309,0.035708,0.007660,0.313648,-0.320845,-0.030922,0.408788,-0.012160,-0.056166,-0.178457,0.870178,1.167803,-0.479753,-0.454957,-0.118692,-0.016826,-0.877066,-0.824335,-0.788814,-0.221516,-0.735843,-0.223745,0.098618,3
-0.011871,-0.071807,0.002156,0.258135,-0.283352,0.049291,-0.046292,0.035708,0.007633,0.313656,-0.320841,-0.030943,0.408680,-0.012198,-0.056151,-0.179404,0.873761,1.167779,-0.479249,-0.454945,-0.116439,-0.016586,-0.879187,-0.824946,-0.788262,-0.221121,-0.737725,-0.223602,0.098762,3
-0.011880,-0.071807,0.002116,0.258118,-0.283348,0.049284,-0.046284,0.035699,0.007633,0.313673,-0.320845,-0.030922,0.408587,-0.012243,-0.056141,-0.180183,0.877369,1.167791,-0.478710,-0.454933,-0.113107,-0.016334,-0.881356,-0.825246,-0.787603,-0.220654,-0.738923,-0.223254,0.098858,3
-0.011854,-0.071816,0.002143,0.258101,-0.283343,0.049291,-0.046292,0.035708,0.007647,0.313708,-0.320837,-0.030922,0.408386,-0.012228,-0.056151,-0.181513,0.882270,1.167803,-0.477547,-0.454945,-0.109680,-0.015591,-0.884160,-0.825617,-0.786045,-0.219887,-0.740661,-0.222919,0.098990,3
-0.011871,-0.071824,0.002129,0.258118,-0.283348,0.049284,-0.046318,0.035699,0.007674,0.313708,-0.320837,-0.030922,0.408252,-0.012205,-0.056166,-0.182915,0.885266,1.167815,-0.476577,-0.454969,-0.107582,-0.015052,-0.886114,-0.826456,-0.784763,-0.219323,-0.741704,-0.222727,0.099098,3
-0.011846,-0.071816,0.002169,0.258101,-0.283343,0.049276,-0.046301,0.035699,0.007674,0.313725,-0.320837,-0.030907,0.408064,-0.012205,-0.056166,-0.183814,0.890252,1.167923,-0.475426,-0.454981,-0.105581,-0.014441,-0.887216,-0.828122,-0.783313,-0.218760,-0.742722,-0.222343,0.099277,3
-0.011880,-0.071807,0.002223,0.258118,-0.283356,0.049284,-0.046301,0.035708,0.007674,0.313725,-0.320829,-0.030922,0.407810,-0.012205,-0.056166,-0.184665,0.893871,1.168606,-0.474132,-0.454945,-0.103616,-0.013890,-0.888534,-0.829153,-0.780916,-0.218125,-0.743633,-0.221768,0.099517,3
-0.011854,-0.071807,0.002250,0.258118,-0.283343,0.049276,-0.046301,0.035699,0.007700,0.313742,-0.320829,-0.030922,0.407529,-0.012205,-0.056166,-0.185468,0.897478,1.169145,-0.472166,-0.454933,-0.101758,-0.013267,-0.890332,-0.829967,-0.779334,-0.217250,-0.744424,-0.220989,0.099757,3
-0.011846,-0.071816,0.002290,0.258135,-0.283347,0.049269,-0.046301,0.035725,0.007700,0.313725,-0.320837,-0.030907,0.407395,-0.012183,-0.056171,-0.186295,0.901133,1.169553,-0.470980,-0.454909,-0.100212,-0.012631,-0.892285,-0.830758,-0.778004,-0.216819,-0.745479,-0.219863,0.099972,3
-0.011854,-0.071807,0.002344,0.258143,-0.283347,0.049269,-0.046284,0.035708,0.007700,0.313733,-0.320825,-0.030900,0.407315,-0.012198,-0.056161,-0.187301,0.904501,1.169732,-0.469949,-0.454885,-0.098115,-0.012032,-0.894131,-0.831657,-0.776985,-0.216387,-0.746174,-0.217789,0.100116,3
-0.011846,-0.071816,0.002397,0.258152,-0.283339,0.049269,-0.046284,0.035716,0.007700,0.313733,-0.320812,-0.030893,0.407301,-0.012183,-0.056171,-0.188368,0.907844,1.169744,-0.468931,-0.454885,-0.096904,-0.011601,-0.895689,-0.832844,-0.776062,-0.215944,-0.746773,-0.216124,0.100236,3
-0.011871,-0.071833,0.002411,0.258186,-0.283347,0.049255,-0.046258,0.035716,0.007714,0.313716,-0.320816,-0.030886,0.407288,-0.012175,-0.056176,-0.189459,0.911332,1.169684,-0.467720,-0.454885,-0.095814,-0.011073,-0.897283,-0.834078,-0.774840,-0.215536,-0.747324,-0.214230,0.100344,3
-0.011880,-0.071824,0.002478,0.258195,-0.283339,0.049269,-0.046232,0.035716,0.007741,0.313708,-0.320804,-0.030878,0.407207,-0.012183,-0.056181,-0.191112,0.914999,1.169636,-0.466222,-0.454885,-0.094723,-0.010750,-0.900171,-0.835229,-0.772947,-0.215201,-0.747792,-0.212205,0.100356,3
-0.011871,-0.071816,0.002558,0.258254,-0.283348,0.049284,-0.046232,0.035716,0.007754,0.313742,-0.320792,-0.030857,0.407127,-0.012198,-0.056191,-0.192407,0.920404,1.169684,-0.464473,-0.454909,-0.093537,-0.010462,-0.902220,-0.836823,-0.770777,-0.214817,-0.748211,-0.210347,0.100368,3
-0.011863,-0.071816,0.002638,0.258229,-0.283339,0.049269,-0.046232,0.035708,0.007781,0.313793,-0.320788,-0.030864,0.406980,-0.012190,-0.056206,-0.194360,0.925377,1.169600,-0.461740,-0.454921,-0.091847,-0.010187,-0.904713,-0.838824,-0.766847,-0.214158,-0.748726,-0.206968,0.100308,3
-0.011863,-0.071816,0.002652,0.258220,-0.283344,0.049305,-0.046207,0.035708,0.007767,0.313844,-0.320800,-0.030871,0.406926,-0.012183,-0.056201,-0.195702,0.928781,1.169529,-0.459164,-0.454933,-0.090996,-0.010235,-0.906223,-0.840514,-0.764941,-0.213415,-0.748978,-0.204607,0.100260,3
-0.011854,-0.071807,0.002705,0.258220,-0.283339,0.049284,-0.046190,0.035708,0.007767,0.313870,-0.320792,-0.030857,0.406899,-0.012160,-0.056205,-0.196973,0.932592,1.169481,-0.457594,-0.454933,-0.090229,-0.010354,-0.907757,-0.842215,-0.762796,-0.212864,-0.749206,-0.202282,0.100188,3
-0.011846,-0.071807,0.002745,0.258254,-0.283339,0.049269,-0.046156,0.035716,0.007767,0.313904,-0.320779,-0.030849,0.406832,-0.012145,-0.056205,-0.198231,0.936547,1.169433,-0.455988,-0.454933,-0.089438,-0.010510,-0.909411,-0.843917,-0.760483,-0.212289,-0.749278,-0.199717,0.100164,3
-0.011854,-0.071807,0.002799,0.258254,-0.283348,0.049284,-0.046130,0.035708,0.007781,0.313955,-0.320767,-0.030842,0.406779,-0.012129,-0.056215,-0.199370,0.940346,1.169421,-0.454118,-0.454945,-0.088336,-0.010678,-0.911209,-0.845439,-0.758290,-0.211689,-0.749302,-0.195415,0.100116,3
-0.011846,-0.071816,0.002839,0.258263,-0.283348,0.049284,-0.046122,0.035708,0.007767,0.313997,-0.320767,-0.030842,0.406618,-0.012122,-0.056210,-0.200640,0.943641,1.169361,-0.452117,-0.454945,-0.087653,-0.010834,-0.912958,-0.846698,-0.756312,-0.211030,-0.749278,-0.192323,0.100092,3
-0.011854,-0.071807,0.002879,0.258280,-0.283343,0.049276,-0.046113,0.035699,0.007781,0.314057,-0.320771,-0.030835,0.406498,-0.012137,-0.056220,-0.202378,0.946841,1.169277,-0.450283,-0.454945,-0.087029,-0.010942,-0.915247,-0.847656,-0.754203,-0.210407,-0.749254,-0.189267,0.100080,3
-0.011846,-0.071816,0.002933,0.258297,-0.283339,0.049269,-0.046105,0.035708,0.007767,0.314151,-0.320767,-0.030828,0.406350,-0.012114,-0.056225,-0.203696,0.951755,1.169193,-0.448438,-0.454933,-0.086454,-0.011049,-0.916709,-0.848903,-0.751926,-0.209760,-0.749206,-0.186295,0.100056,3
-0.011854,-0.071816,0.002960,0.258305,-0.283343,0.049262,-0.046130,0.035699,0.007767,0.314219,-0.320767,-0.030842,0.406230,-0.012114,-0.056225,-0.204978,0.955829,1.169025,-0.446460,-0.454945,-0.085843,-0.011193,-0.918399,-0.850137,-0.749541,-0.209125,-0.749206,-0.183227,0.100008,3
-0.011854,-0.071824,0.003053,0.258322,-0.283348,0.049284,-0.046130,0.035691,0.007781,0.314279,-0.320763,-0.030821,0.406096,-0.012114,-0.056235,-0.206105,0.960024,1.168690,-0.444435,-0.454945,-0.085184,-0.011373,-0.920329,-0.851887,-0.745958,-0.208549,-0.749218,-0.180482,0.099936,3
-0.011863,-0.071816,0.003080,0.258348,-0.283339,0.049269,-0.046147,0.035699,0.007767,0.314364,-0.320750,-0.030813,0.405855,-0.012084,-0.056255,-0.207651,0.965788,1.168426,-0.439929,-0.454945,-0.084201,-0.011685,-0.923624,-0.854499,-0.741704,-0.206920,-0.749278,-0.175964,0.099853,3
-0.011854,-0.071799,0.003080,0.258356,-0.283343,0.049276,-0.046147,0.035691,0.007767,0.314364,-0.320750,-0.030813,0.405667,-0.012091,-0.056250,-0.208633,0.969240,1.168366,-0.437796,-0.454945,-0.083422,-0.011900,-0.925530,-0.856021,-0.738815,-0.205949,-0.749290,-0.172825,0.099853,3
-0.011880,-0.071807,0.003094,0.258356,-0.283339,0.049298,-0.046139,0.035699,0.007767,0.314381,-0.320742,-0.030799,0.405466,-0.012084,-0.056245,-0.209784,0.972835,1.168318,-0.435279,-0.454969,-0.082991,-0.012068,-0.927387,-0.857447,-0.736263,-0.205194,-0.749278,-0.167899,0.099889,3
-0.011863,-0.071807,0.003094,0.258348,-0.283348,0.049284,-0.046130,0.035682,0.007781,0.314364,-0.320734,-0.030784,0.405132,-0.012091,-0.056250,-0.210982,0.976502,1.168282,-0.432631,-0.454957,-0.082547,-0.012272,-0.929389,-0.858945,-0.733602,-0.204607,-0.749266,-0.164687,0.099936,3
-0.011854,-0.071816,0.003067,0.258356,-0.283335,0.049291,-0.046105,0.035699,0.007807,0.314389,-0.320738,-0.030792,0.404891,-0.012076,-0.056240,-0.212744,0.980085,1.168270,-0.430246,-0.454945,-0.082104,-0.012368,-0.932397,-0.860491,-0.731026,-0.203948,-0.749266,-0.161451,0.099936,3
-0.011880,-0.071816,0.003067,0.258356,-0.283343,0.049276,-0.046105,0.035699,0.007794,0.314432,-0.320742,-0.030799,0.404703,-0.012076,-0.056240,-0.213918,0.983429,1.168210,-0.428172,-0.454957,-0.081625,-0.012488,-0.934098,-0.862277,-0.728533,-0.203205,-0.749290,-0.158156,0.099936,3
-0.011871,-0.071816,0.003040,0.258356,-0.283352,0.049291,-0.046105,0.035699,0.007781,0.314475,-0.320730,-0.030792,0.404475,-0.012061,-0.056249,-0.214961,0.988594,1.168162,-0.426303,-0.454945,-0.081157,-0.012559,-0.935764,-0.864854,-0.725956,-0.202342,-0.749314,-0.154740,0.099960,3
-0.011888,-0.071824,0.003053,0.258373,-0.283343,0.049276,-0.046105,0.035691,0.007794,0.314492,-0.320713,-0.030777,0.404328,-0.012076,-0.056259,-0.215944,0.992561,1.168090,-0.424385,-0.454945,-0.080726,-0.012631,-0.937850,-0.866555,-0.721486,-0.201347,-0.749326,-0.151349,0.099972,3
-0.011871,-0.071816,0.003053,0.258382,-0.283331,0.049284,-0.046105,0.035674,0.007767,0.314517,-0.320713,-0.030777,0.404154,-0.012084,-0.056255,-0.217046,0.996468,1.168078,-0.421677,-0.454981,-0.080330,-0.012643,-0.939899,-0.868437,-0.718658,-0.199789,-0.749326,-0.147825,0.099996,3
-0.011871,-0.071824,0.003053,0.258391,-0.283348,0.049284,-0.046096,0.035682,0.007781,0.314500,-0.320709,-0.030756,0.404033,-0.012076,-0.056259,-0.218137,1.000387,1.168078,-0.420155,-0.455005,-0.080043,-0.012667,-0.942044,-0.870486,-0.715758,-0.198794,-0.749314,-0.144494,0.099972,3
-0.011854,-0.071807,0.003053,0.258399,-0.283348,0.049284,-0.046122,0.035682,0.007794,0.314500,-0.320701,-0.030741,0.403846,-0.012091,-0.056250,-0.219479,1.005492,1.168114,-0.417650,-0.455005,-0.079539,-0.012607,-0.945376,-0.873662,-0.710928,-0.197272,-0.749326,-0.138490,0.099924,3
-0.011854,-0.071816,0.003053,0.258382,-0.283343,0.049276,-0.046122,0.035682,0.007794,0.314500,-0.320697,-0.030748,0.403632,-0.012076,-0.056259,-0.220258,1.008500,1.168126,-0.415313,-0.454993,-0.079264,-0.012547,-0.947545,-0.875508,-0.707752,-0.196050,-0.749326,-0.135961,0.099877,3
-0.011846,-0.071816,0.003067,0.258373,-0.283331,0.049284,-0.046088,0.035682,0.007821,0.314517,-0.320684,-0.030741,0.403458,-0.012076,-0.056259,-0.221445,1.011592,1.168114,-0.412677,-0.455005,-0.078916,-0.012512,-0.950972,-0.877377,-0.704672,-0.194804,-0.749326,-0.133696,0.099900,3
-0.011871,-0.071816,0.003094,0.258373,-0.283339,0.049298,-0.046071,0.035665,0.007794,0.314551,-0.320688,-0.030734,0.403284,-0.012084,-0.056245,-0.222367,1.016877,1.168078,-0.410316,-0.455005,-0.078593,-0.012535,-0.953261,-0.880865,-0.700190,-0.193473,-0.749326,-0.131419,0.099889,3
-0.011854,-0.071816,0.003094,0.258373,-0.283339,0.049269,-0.046062,0.035665,0.007781,0.314577,-0.320684,-0.030741,0.403163,-0.012068,-0.056254,-0.223290,1.020760,1.168078,-0.408099,-0.455005,-0.078377,-0.012547,-0.955382,-0.883058,-0.697446,-0.192083,-0.749314,-0.128735,0.099841,3
-0.011854,-0.071816,0.003080,0.258382,-0.283339,0.049298,-0.046062,0.035665,0.007767,0.314636,-0.320676,-0.030756,0.403002,-0.012091,-0.056250,-0.224309,1.024643,1.168102,-0.405007,-0.454981,-0.078293,-0.012583,-0.957540,-0.885095,-0.694714,-0.189626,-0.749326,-0.126014,0.099793,3
-0.011854,-0.071816,0.003067,0.258391,-0.283331,0.049284,-0.046071,0.035665,0.007821,0.314671,-0.320672,-0.030719,0.402868,-0.012076,-0.056250,-0.225315,1.028334,1.168102,-0.402658,-0.455005,-0.078293,-0.012595,-0.959577,-0.887000,-0.691610,-0.187877,-0.749326,-0.123402,0.099745,3
-0.011871,-0.071816,0.003067,0.258399,-0.283339,0.049284,-0.046071,0.035657,0.007794,0.314696,-0.320659,-0.030698,0.402761,-0.012076,-0.056250,-0.226238,1.031929,1.168114,-0.400249,-0.454981,-0.078257,-0.012607,-0.961494,-0.889038,-0.688638,-0.186211,-0.749314,-0.121041,0.099685,3
-0.011871,-0.071824,0.003053,0.258416,-0.283347,0.049269,-0.046079,0.035674,0.007821,0.314713,-0.320659,-0.030698,0.402694,-0.012084,-0.056245,-0.227101,1.035416,1.168090,-0.397828,-0.455005,-0.078293,-0.012595,-0.963376,-0.891423,-0.685689,-0.184545,-0.749290,-0.117637,0.099697,3
-0.011854,-0.071807,0.003067,0.258408,-0.283352,0.049276,-0.046105,0.035657,0.007821,0.314747,-0.320659,-0.030727,0.402587,-0.012084,-0.056245,-0.228395,1.040402,1.168078,-0.393598,-0.455005,-0.078377,-0.012571,-0.967031,-0.894958,-0.680956,-0.182004,-0.749266,-0.114881,0.099697,3
-0.011846,-0.071824,0.003067,0.258416,-0.283331,0.049255,-0.046147,0.035648,0.007821,0.314773,-0.320651,-0.030727,0.402614,-0.012076,-0.056240,-0.229989,1.043506,1.168043,-0.390854,-0.455029,-0.078521,-0.012559,-0.971010,-0.897175,-0.678235,-0.180075,-0.749230,-0.113455,0.099673,3
-0.011863,-0.071824,0.003040,0.258408,-0.283326,0.049248,-0.046164,0.035648,0.007821,0.314798,-0.320651,-0.030727,0.402627,-0.012061,-0.056249,-0.231236,1.048300,1.168043,-0.388517,-0.455005,-0.078640,-0.012559,-0.973383,-0.901381,-0.675191,-0.178038,-0.749182,-0.112088,0.099661,3
-0.011854,-0.071816,0.003053,0.258399,-0.283322,0.049240,-0.046164,0.035657,0.007821,0.314815,-0.320643,-0.030712,0.402654,-0.012091,-0.056250,-0.232506,1.051967,1.167947,-0.386335,-0.455005,-0.078700,-0.012571,-0.975863,-0.903970,-0.670422,-0.176120,-0.749158,-0.110758,0.099661,3
-0.011854,-0.071816,0.003053,0.258365,-0.283310,0.049248,-0.046156,0.035657,0.007821,0.314841,-0.320643,-0.030698,0.402694,-0.012068,-0.056254,-0.233812,1.055754,1.167659,-0.383052,-0.455029,-0.078676,-0.012583,-0.978644,-0.906295,-0.667222,-0.172860,-0.749146,-0.109236,0.099637,3
-0.011871,-0.071807,0.003053,0.258382,-0.283318,0.049233,-0.046147,0.035648,0.007807,0.314807,-0.320639,-0.030691,0.402748,-0.012084,-0.056255,-0.235083,1.059277,1.167228,-0.380775,-0.455005,-0.078629,-0.012595,-0.981352,-0.908860,-0.664058,-0.170392,-0.749110,-0.107702,0.099565,3
-0.011863,-0.071799,0.003067,0.258399,-0.283318,0.049248,-0.046139,0.035648,0.007821,0.314815,-0.320626,-0.030683,0.402775,-0.012061,-0.056249,-0.236137,1.062920,1.166700,-0.378438,-0.455005,-0.078521,-0.012595,-0.983797,-0.911748,-0.661014,-0.167767,-0.749074,-0.106120,0.099433,3
-0.011871,-0.071799,0.003094,0.258382,-0.283331,0.049240,-0.046156,0.035657,0.007794,0.314781,-0.320618,-0.030669,0.402828,-0.012076,-0.056240,-0.236868,1.066576,1.166269,-0.375705,-0.455005,-0.078257,-0.012607,-0.986374,-0.914600,-0.658377,-0.165442,-0.749050,-0.103915,0.099313,3
-0.011871,-0.071799,0.003094,0.258373,-0.283322,0.049226,-0.046130,0.035657,0.007834,0.314773,-0.320606,-0.030662,0.402868,-0.012076,-0.056250,-0.237180,1.069991,1.165921,-0.372961,-0.455005,-0.078125,-0.012583,-0.989561,-0.917321,-0.655513,-0.163465,-0.749038,-0.102585,0.099074,3
-0.011871,-0.071824,0.003067,0.258382,-0.283318,0.049233,-0.046130,0.035665,0.007794,0.314790,-0.320601,-0.030640,0.402882,-0.012061,-0.056249,-0.237779,1.073430,1.165753,-0.370600,-0.455029,-0.078077,-0.012559,-0.994139,-0.920185,-0.652229,-0.161320,-0.749050,-0.101434,0.098954,3
-0.011846,-0.071807,0.003067,0.258391,-0.283314,0.049255,-0.046130,0.035665,0.007821,0.314781,-0.320593,-0.030640,0.402882,-0.012076,-0.056240,-0.238714,1.079878,1.165658,-0.366993,-0.455065,-0.078209,-0.012535,-0.999173,-0.925793,-0.646645,-0.157485,-0.749062,-0.099984,0.098990,3
-0.011854,-0.071816,0.003094,0.258408,-0.283310,0.049248,-0.046156,0.035657,0.007807,0.314798,-0.320593,-0.030640,0.402868,-0.012076,-0.056259,-0.239157,1.083318,1.165658,-0.364404,-0.455065,-0.078269,-0.012500,-1.002241,-0.927998,-0.641108,-0.154800,-0.749062,-0.099193,0.099062,3
-0.011854,-0.071816,0.003080,0.258416,-0.283318,0.049233,-0.046164,0.035648,0.007807,0.314798,-0.320593,-0.030640,0.402788,-0.012076,-0.056240,-0.239325,1.087188,1.165694,-0.361828,-0.455041,-0.078245,-0.012368,-1.004877,-0.930275,-0.637932,-0.151984,-0.749086,-0.098534,0.099134,3
-0.011854,-0.071807,0.003094,0.258425,-0.283318,0.049233,-0.046173,0.035657,0.007794,0.314841,-0.320589,-0.030633,0.402748,-0.012061,-0.056249,-0.239253,1.091287,1.165753,-0.358149,-0.455065,-0.078245,-0.012140,-1.007514,-0.932517,-0.634936,-0.147598,-0.749062,-0.098091,0.099110,3
-0.011854,-0.071816,0.003107,0.258450,-0.283310,0.049248,-0.046215,0.035648,0.007794,0.314858,-0.320589,-0.030633,0.402694,-0.012084,-0.056255,-0.239217,1.095398,1.165837,-0.355308,-0.455065,-0.078245,-0.011924,-1.010953,-0.934566,-0.631724,-0.144973,-0.749074,-0.097827,0.099002,3
-0.011854,-0.071816,0.003094,0.258467,-0.283318,0.049233,-0.046241,0.035657,0.007821,0.314850,-0.320585,-0.030611,0.402668,-0.012061,-0.056249,-0.239301,1.098945,1.165909,-0.352624,-0.455077,-0.078305,-0.011792,-1.014213,-0.936855,-0.628453,-0.142732,-0.749062,-0.097719,0.098822,3
-0.011863,-0.071799,0.003120,0.258484,-0.283318,0.049233,-0.046292,0.035639,0.007821,0.314815,-0.320585,-0.030611,0.402560,-0.012091,-0.056250,-0.239337,1.102432,1.166041,-0.350047,-0.455089,-0.078353,-0.011637,-1.018108,-0.939611,-0.624402,-0.140096,-0.749050,-0.097252,0.098642,3
-0.011854,-0.071807,0.003107,0.258493,-0.283310,0.049248,-0.046343,0.035657,0.007834,0.314824,-0.320581,-0.030618,0.402306,-0.012068,-0.056254,-0.239217,1.105836,1.166233,-0.347602,-0.455077,-0.078341,-0.011529,-1.023824,-0.942284,-0.620351,-0.137124,-0.749062,-0.096593,0.098618,3
-0.011863,-0.071799,0.003160,0.258476,-0.283310,0.049248,-0.046369,0.035665,0.007807,0.314815,-0.320585,-0.030611,0.401797,-0.012068,-0.056244,-0.238977,1.112799,1.166712,-0.343552,-0.455101,-0.078329,-0.011517,-1.029109,-0.946850,-0.614994,-0.132090,-0.749074,-0.096030,0.098738,3
-0.011854,-0.071799,0.003214,0.258459,-0.283310,0.049248,-0.046360,0.035657,0.007848,0.314815,-0.320581,-0.030618,0.401395,-0.012084,-0.056245,-0.238882,1.116334,1.167060,-0.340939,-0.455125,-0.078281,-0.011505,-1.033028,-0.949175,-0.611639,-0.128363,-0.749050,-0.095634,0.098858,3
-0.011854,-0.071807,0.003241,0.258425,-0.283314,0.049226,-0.046352,0.035674,0.007888,0.314824,-0.320577,-0.030611,0.400953,-0.012076,-0.056259,-0.238822,1.119594,1.167527,-0.338171,-0.455149,-0.078221,-0.011529,-1.037307,-0.951847,-0.606270,-0.124972,-0.749026,-0.095382,0.098990,3
-0.011863,-0.071807,0.003308,0.258416,-0.283309,0.049219,-0.046352,0.035674,0.007915,0.314850,-0.320577,-0.030611,0.400511,-0.012061,-0.056249,-0.238738,1.123069,1.167695,-0.333725,-0.455125,-0.078137,-0.011553,-1.041597,-0.954424,-0.602004,-0.120358,-0.749050,-0.095358,0.099074,3
-0.011854,-0.071807,0.003415,0.258416,-0.283322,0.049240,-0.046352,0.035674,0.007928,0.314841,-0.320581,-0.030604,0.400150,-0.012061,-0.056249,-0.238678,1.126784,1.167767,-0.331064,-0.455149,-0.078113,-0.011649,-1.045312,-0.957012,-0.598552,-0.117397,-0.749074,-0.095299,0.099110,3
-0.011854,-0.071807,0.003482,0.258416,-0.283314,0.049240,-0.046369,0.035682,0.007941,0.314841,-0.320572,-0.030589,0.399788,-0.012061,-0.056249,-0.238678,1.130919,1.167743,-0.328500,-0.455137,-0.078137,-0.011769,-1.048752,-0.959649,-0.594873,-0.114749,-0.749074,-0.095215,0.099098,3
-0.011854,-0.071807,0.003522,0.258442,-0.283322,0.049240,-0.046360,0.035682,0.007941,0.314824,-0.320564,-0.030604,0.399320,-0.012061,-0.056249,-0.238738,1.135041,1.167671,-0.325743,-0.455137,-0.078137,-0.011828,-1.052287,-0.962213,-0.591457,-0.111753,-0.749050,-0.095215,0.099050,3
-0.011863,-0.071807,0.003616,0.258425,-0.283326,0.049233,-0.046352,0.035682,0.007941,0.314815,-0.320556,-0.030589,0.399038,-0.012068,-0.056244,-0.238810,1.138697,1.167623,-0.322699,-0.455137,-0.078125,-0.011780,-1.056206,-0.964454,-0.587886,-0.108242,-0.749026,-0.095023,0.099014,3
-0.011854,-0.071824,0.003629,0.258433,-0.283322,0.049240,-0.046352,0.035699,0.007968,0.314841,-0.320552,-0.030568,0.398730,-0.012053,-0.056244,-0.238894,1.142052,1.167623,-0.319859,-0.455161,-0.078161,-0.011757,-1.062905,-0.966528,-0.583740,-0.104466,-0.748978,-0.094687,0.099002,3
-0.011871,-0.071816,0.003777,0.258442,-0.283322,0.049226,-0.046360,0.035699,0.007995,0.314815,-0.320552,-0.030568,0.398329,-0.012068,-0.056254,-0.238894,1.148320,1.167647,-0.315125,-0.455185,-0.078281,-0.011733,-1.068945,-0.969907,-0.577987,-0.099145,-0.748906,-0.094364,0.099050,3
-0.011854,-0.071807,0.003817,0.258442,-0.283318,0.049233,-0.046377,0.035691,0.008142,0.314807,-0.320552,-0.030568,0.398061,-0.012061,-0.056249,-0.238918,1.151939,1.167647,-0.312129,-0.455197,-0.078353,-0.011733,-1.073199,-0.971861,-0.571947,-0.095586,-0.748870,-0.094172,0.099074,3
-0.011854,-0.071807,0.003857,0.258459,-0.283318,0.049233,-0.046377,0.035708,0.008236,0.314824,-0.320543,-0.030553,0.397793,-0.012061,-0.056249,-0.238894,1.155726,1.167671,-0.308090,-0.455233,-0.078389,-0.011745,-1.077705,-0.974114,-0.568136,-0.090349,-0.748858,-0.093980,0.099110,3
-0.011854,-0.071816,0.003937,0.258467,-0.283318,0.049233,-0.046377,0.035699,0.008290,0.314841,-0.320531,-0.030531,0.397471,-0.012053,-0.056244,-0.238894,1.159309,1.167647,-0.305023,-0.455257,-0.078365,-0.011733,-1.082307,-0.976535,-0.563750,-0.086394,-0.748882,-0.093741,0.099169,3
-0.011863,-0.071807,0.004004,0.258467,-0.283310,0.049248,-0.046369,0.035708,0.008330,0.314858,-0.320535,-0.030539,0.397177,-0.012046,-0.056239,-0.238894,1.162953,1.167647,-0.302038,-0.455281,-0.078293,-0.011745,-1.086658,-0.979099,-0.559567,-0.082739,-0.748906,-0.093465,0.099241,3
-0.011854,-0.071816,0.004058,0.258442,-0.283310,0.049248,-0.046369,0.035716,0.008383,0.314875,-0.320527,-0.030539,0.396829,-0.012068,-0.056254,-0.238918,1.166344,1.167647,-0.299318,-0.455293,-0.078209,-0.011721,-1.091032,-0.981352,-0.555253,-0.079000,-0.748882,-0.092854,0.099313,3
-0.011863,-0.071807,0.004138,0.258433,-0.283314,0.049240,-0.046386,0.035716,0.008424,0.314858,-0.320523,-0.030532,0.396333,-0.012068,-0.056254,-0.239013,1.170251,1.167647,-0.296106,-0.455293,-0.078209,-0.011697,-1.095047,-0.983210,-0.551346,-0.075489,-0.748870,-0.092171,0.099373,3
-0.011863,-0.071824,0.004192,0.258416,-0.283322,0.049240,-0.046360,0.035708,0.008450,0.314858,-0.320510,-0.030510,0.396012,-0.012061,-0.056249,-0.239133,1.174062,1.167647,-0.293194,-0.455293,-0.078233,-0.011625,-1.102393,-0.984708,-0.547344,-0.071786,-0.748870,-0.091296,0.099361,3
-0.011863,-0.071816,0.004245,0.258416,-0.283322,0.049255,-0.046335,0.035716,0.008504,0.314858,-0.320510,-0.030495,0.395637,-0.012053,-0.056244,-0.239169,1.179191,1.167647,-0.290378,-0.455317,-0.078269,-0.011565,-1.107378,-0.987368,-0.543137,-0.067879,-0.748858,-0.090265,0.099313,3
-0.011854,-0.071816,0.004272,0.258425,-0.283331,0.049240,-0.046335,0.035716,0.008584,0.314841,-0.320502,-0.030495,0.395262,-0.012038,-0.056234,-0.239073,1.182595,1.167671,-0.287394,-0.455329,-0.078281,-0.011517,-1.112400,-0.989717,-0.539003,-0.064415,-0.748858,-0.089055,0.099265,3
-0.011863,-0.071816,0.004326,0.258442,-0.283322,0.049226,-0.046335,0.035708,0.008772,0.314850,-0.320506,-0.030488,0.394659,-0.012015,-0.056239,-0.238929,1.187544,1.167623,-0.280910,-0.455329,-0.078245,-0.011493,-1.120178,-0.992965,-0.530410,-0.057153,-0.748858,-0.087029,0.099229,3
-0.011846,-0.071816,0.004339,0.258484,-0.283331,0.049255,-0.046326,0.035699,0.008865,0.314858,-0.320502,-0.030495,0.394271,-0.012023,-0.056224,-0.238989,1.191283,1.167647,-0.277507,-0.455329,-0.078281,-0.011505,-1.125115,-0.994906,-0.525664,-0.053629,-0.748834,-0.085471,0.099241,3
-0.011854,-0.071824,0.004379,0.258484,-0.283322,0.049240,-0.046309,0.035725,0.008973,0.314858,-0.320498,-0.030474,0.393923,-0.012015,-0.056219,-0.239133,1.195250,1.167647,-0.274091,-0.455353,-0.078329,-0.011481,-1.130124,-0.997088,-0.520894,-0.049938,-0.748810,-0.083734,0.099253,3
-0.011854,-0.071807,0.004419,0.258493,-0.283326,0.049248,-0.046318,0.035699,0.009093,0.314875,-0.320502,-0.030466,0.393561,-0.012015,-0.056219,-0.239301,1.198893,1.167659,-0.270867,-0.455353,-0.078509,-0.011433,-1.134619,-0.999424,-0.515969,-0.046139,-0.748810,-0.080798,0.099289,3
-0.011854,-0.071816,0.004460,0.258518,-0.283326,0.049248,-0.046301,0.035708,0.009160,0.314875,-0.320486,-0.030466,0.393079,-0.012008,-0.056214,-0.239409,1.202417,1.167671,-0.268051,-0.455353,-0.078605,-0.011373,-1.139208,-1.001582,-0.511295,-0.042532,-0.748786,-0.078724,0.099277,3
-0.011846,-0.071816,0.004460,0.258518,-0.283331,0.049240,-0.046301,0.035716,0.009240,0.314867,-0.320486,-0.030466,0.392664,-0.011985,-0.056199,-0.239433,1.205736,1.167647,-0.264971,-0.455377,-0.078712,-0.011325,-1.143834,-1.003319,-0.506669,-0.038733,-0.748774,-0.076579,0.099193,3
-0.011854,-0.071833,0.004460,0.258518,-0.283343,0.049248,-0.046309,0.035716,0.009281,0.314858,-0.320502,-0.030466,0.392302,-0.011962,-0.056184,-0.239421,1.210914,1.167647,-0.262011,-0.455413,-0.078748,-0.011265,-1.151576,-1.005225,-0.501995,-0.035234,-0.748762,-0.074374,0.099122,3
-0.011846,-0.071816,0.004486,0.258552,-0.283335,0.049248,-0.046301,0.035725,0.009321,0.314858,-0.320498,-0.030474,0.391874,-0.011962,-0.056184,-0.239433,1.214784,1.167659,-0.258680,-0.455425,-0.078724,-0.011193,-1.157221,-1.006351,-0.497333,-0.031435,-0.748750,-0.072109,0.099002,3
-0.011837,-0.071824,0.004460,0.258578,-0.283335,0.049248,-0.046309,0.035708,0.009361,0.314867,-0.320494,-0.030481,0.391459,-0.011954,-0.056179,-0.239409,1.218643,1.167635,-0.255132,-0.455484,-0.078712,-0.011121,-1.162014,-1.007861,-0.490418,-0.027851,-0.748774,-0.069988,0.098930,3
-0.011854,-0.071816,0.004486,0.258604,-0.283335,0.049262,-0.046292,0.035716,0.009361,0.314875,-0.320494,-0.030481,0.391043,-0.011924,-0.056179,-0.239373,1.222322,1.167659,-0.250518,-0.455532,-0.078712,-0.011014,-1.167144,-1.009911,-0.485793,-0.022399,-0.748798,-0.067759,0.098906,3
-0.011846,-0.071833,0.004513,0.258629,-0.283327,0.049276,-0.046309,0.035725,0.009388,0.314875,-0.320486,-0.030466,0.390374,-0.011924,-0.056179,-0.239229,1.227739,1.167671,-0.245605,-0.455544,-0.078700,-0.010894,-1.174873,-1.012547,-0.478890,-0.016526,-0.748822,-0.064487,0.098978,3
-0.011829,-0.071816,0.004500,0.258646,-0.283327,0.049276,-0.046318,0.035716,0.009428,0.314892,-0.320494,-0.030466,0.389892,-0.011954,-0.056179,-0.239193,1.231059,1.167647,-0.242369,-0.455544,-0.078700,-0.010834,-1.180111,-1.013829,-0.474120,-0.012571,-0.748798,-0.061215,0.099074,3
-0.011854,-0.071833,0.004500,0.258638,-0.283339,0.049255,-0.046335,0.035725,0.009468,0.314875,-0.320502,-0.030466,0.389436,-0.011947,-0.056194,-0.239241,1.234546,1.167635,-0.238642,-0.455568,-0.078712,-0.010714,-1.185516,-1.015220,-0.469111,-0.008641,-0.748810,-0.059022,0.099169,3
-0.011846,-0.071824,0.004486,0.258638,-0.283343,0.049248,-0.046318,0.035708,0.009508,0.314858,-0.320502,-0.030466,0.388713,-0.011954,-0.056199,-0.239253,1.237938,1.167623,-0.234735,-0.455568,-0.078736,-0.010630,-1.191232,-1.016802,-0.464005,-0.005285,-0.748834,-0.056949,0.099193,3
-0.011854,-0.071816,0.004473,0.258655,-0.283347,0.049240,-0.046309,0.035716,0.009522,0.314867,-0.320498,-0.030474,0.388151,-0.011947,-0.056194,-0.239193,1.241689,1.167599,-0.231320,-0.455580,-0.078796,-0.010594,-1.200532,-1.018575,-0.459403,-0.001246,-0.748858,-0.055044,0.099169,3
-0.011863,-0.071807,0.004446,0.258655,-0.283339,0.049255,-0.046284,0.035708,0.009495,0.314875,-0.320486,-0.030466,0.387642,-0.011939,-0.056189,-0.239157,1.247357,1.167599,-0.228048,-0.455592,-0.078856,-0.010606,-1.205841,-1.020816,-0.454478,0.003008,-0.748906,-0.053366,0.099181,3
-0.011863,-0.071816,0.004419,0.258655,-0.283335,0.049248,-0.046284,0.035708,0.009468,0.314875,-0.320498,-0.030474,0.387093,-0.011909,-0.056179,-0.239169,1.251264,1.167575,-0.224812,-0.455604,-0.078904,-0.010618,-1.211150,-1.022039,-0.446772,0.007203,-0.748954,-0.051772,0.099229,3
-0.011837,-0.071816,0.004419,0.258672,-0.283335,0.049262,-0.046275,0.035708,0.009468,0.314875,-0.320498,-0.030474,0.386490,-0.011909,-0.056169,-0.239181,1.254979,1.167551,-0.220066,-0.455604,-0.078904,-0.010594,-1.217250,-1.023129,-0.441834,0.013291,-0.748990,-0.050250,0.099277,3
-0.011837,-0.071816,0.004419,0.258672,-0.283331,0.049269,-0.046275,0.035716,0.009495,0.314858,-0.320502,-0.030466,0.385941,-0.011924,-0.056179,-0.239157,1.258707,1.167527,-0.216219,-0.455628,-0.078868,-0.010594,-1.222607,-1.024328,-0.437029,0.017233,-0.749002,-0.048944,0.099337,3
-0.011854,-0.071816,0.004419,0.258689,-0.283335,0.049262,-0.046292,0.035699,0.009468,0.314850,-0.320502,-0.030466,0.385004,-0.011924,-0.056189,-0.239097,1.264267,1.167575,-0.210970,-0.455676,-0.078724,-0.010582,-1.231511,-1.026161,-0.429898,0.024052,-0.748966,-0.046810,0.099409,3
-0.011846,-0.071824,0.004419,0.258689,-0.283322,0.049255,-0.046301,0.035699,0.009468,0.314850,-0.320498,-0.030459,0.384361,-0.011939,-0.056209,-0.239025,1.267982,1.167623,-0.207339,-0.455700,-0.078676,-0.010546,-1.238150,-1.027372,-0.424829,0.029182,-0.748954,-0.045708,0.099469,3
-0.011854,-0.071824,0.004419,0.258689,-0.283335,0.049262,-0.046301,0.035708,0.009455,0.314867,-0.320502,-0.030466,0.383343,-0.011939,-0.056199,-0.238929,1.271554,1.167659,-0.203576,-0.455712,-0.078688,-0.010558,-1.243831,-1.028546,-0.420383,0.033700,-0.748942,-0.044677,0.099493,3
-0.011854,-0.071833,0.004379,0.258689,-0.283322,0.049269,-0.046275,0.035725,0.009428,0.314875,-0.320494,-0.030481,0.382513,-0.011924,-0.056199,-0.238786,1.275197,1.167695,-0.199801,-0.455724,-0.078712,-0.010582,-1.252340,-1.029709,-0.415865,0.038062,-0.748954,-0.043611,0.099457,3
-0.011854,-0.071816,0.004326,0.258680,-0.283322,0.049269,-0.046258,0.035699,0.009388,0.314901,-0.320498,-0.030474,0.381736,-0.011909,-0.056169,-0.238738,1.280434,1.167683,-0.195595,-0.455736,-0.078784,-0.010582,-1.258487,-1.031302,-0.411574,0.042328,-0.748930,-0.042484,0.099445,3
-0.011846,-0.071833,0.004285,0.258672,-0.283331,0.049255,-0.046250,0.035716,0.009348,0.314918,-0.320502,-0.030466,0.380919,-0.011924,-0.056179,-0.238738,1.284197,1.167647,-0.191999,-0.455760,-0.078868,-0.010594,-1.264348,-1.032189,-0.404360,0.047290,-0.748954,-0.041322,0.099385,3
-0.011863,-0.071824,0.004245,0.258706,-0.283335,0.049248,-0.046267,0.035699,0.009294,0.314926,-0.320510,-0.030481,0.379982,-0.011916,-0.056184,-0.238798,1.288128,1.167635,-0.188512,-0.455772,-0.078928,-0.010606,-1.270100,-1.033016,-0.400081,0.052083,-0.748978,-0.039991,0.099337,3
-0.011854,-0.071824,0.004232,0.258723,-0.283331,0.049240,-0.046275,0.035699,0.009294,0.314926,-0.320502,-0.030466,0.378964,-0.011939,-0.056189,-0.238834,1.292023,1.167623,-0.183467,-0.455820,-0.078988,-0.010594,-1.276416,-1.033819,-0.395959,0.058783,-0.748966,-0.038721,0.099289,3
-0.011854,-0.071824,0.004232,0.258757,-0.283322,0.049226,-0.046301,0.035708,0.009281,0.314926,-0.320502,-0.030466,0.378053,-0.011947,-0.056204,-0.238858,1.295606,1.167623,-0.179967,-0.455892,-0.079024,-0.010582,-1.282468,-1.034658,-0.391501,0.063433,-0.748966,-0.037774,0.099265,3
-0.011854,-0.071816,0.004205,0.258774,-0.283318,0.049233,-0.046292,0.035716,0.009267,0.314918,-0.320506,-0.030459,0.377143,-0.011939,-0.056199,-0.238834,1.299285,1.167635,-0.176108,-0.455964,-0.079000,-0.010570,-1.288184,-1.035665,-0.386671,0.068490,-0.748954,-0.037451,0.099265,3
-0.011854,-0.071816,0.004218,0.258791,-0.283309,0.049219,-0.046301,0.035708,0.009254,0.314909,-0.320510,-0.030495,0.376111,-0.011947,-0.056194,-0.238834,1.302940,1.167647,-0.172525,-0.456048,-0.078916,-0.010534,-1.294141,-1.036839,-0.382117,0.073355,-0.748954,-0.037523,0.099301,3
-0.011854,-0.071816,0.004218,0.258791,-0.283309,0.049219,-0.046309,0.035699,0.009267,0.314901,-0.320502,-0.030481,0.375495,-0.011947,-0.056194,-0.238846,1.308705,1.167647,-0.166820,-0.456132,-0.078856,-0.010534,-1.306952,-1.038841,-0.375502,0.080594,-0.748942,-0.037762,0.099277,3
-0.011854,-0.071807,0.004192,0.258783,-0.283309,0.049219,-0.046301,0.035716,0.009227,0.314918,-0.320506,-0.030488,0.375361,-0.011939,-0.056199,-0.238846,1.314337,1.167647,-0.163177,-0.456192,-0.078856,-0.010510,-1.313375,-1.040554,-0.370960,0.085220,-0.748978,-0.037930,0.099229,3
-0.011854,-0.071816,0.004178,0.258783,-0.283309,0.049219,-0.046301,0.035708,0.009240,0.314918,-0.320502,-0.030481,0.375442,-0.011939,-0.056199,-0.238858,1.317849,1.167647,-0.159091,-0.456263,-0.078868,-0.010522,-1.320038,-1.041465,-0.365866,0.090481,-0.748990,-0.038182,0.099169,3
-0.011871,-0.071816,0.004178,0.258766,-0.283305,0.049226,-0.046292,0.035725,0.009227,0.314926,-0.320506,-0.030474,0.375589,-0.011931,-0.056204,-0.238846,1.321360,1.167635,-0.155064,-0.456311,-0.078928,-0.010534,-1.326450,-1.042160,-0.358592,0.095406,-0.749014,-0.038493,0.099134,3
-0.011863,-0.071816,0.004178,0.258740,-0.283297,0.049226,-0.046301,0.035725,0.009227,0.314926,-0.320510,-0.030481,0.375643,-0.011931,-0.056194,-0.238870,1.325447,1.167611,-0.149683,-0.456383,-0.079012,-0.010570,-1.332754,-1.042640,-0.353642,0.102561,-0.749050,-0.038889,0.099134,3
-0.011863,-0.071824,0.004205,0.258706,-0.283289,0.049240,-0.046301,0.035725,0.009214,0.314935,-0.320502,-0.030481,0.375415,-0.011924,-0.056179,-0.238953,1.329414,1.167623,-0.146196,-0.456467,-0.079120,-0.010570,-1.338602,-1.043023,-0.348873,0.107774,-0.749062,-0.039212,0.099145,3
-0.011854,-0.071816,0.004272,0.258689,-0.283280,0.049226,-0.046326,0.035716,0.009214,0.314926,-0.320506,-0.030488,0.375040,-0.011901,-0.056174,-0.239145,1.333332,1.167623,-0.143188,-0.456527,-0.079336,-0.010546,-1.344846,-1.043766,-0.343983,0.112772,-0.749074,-0.039500,0.099169,3
-0.011854,-0.071799,0.004312,0.258663,-0.283289,0.049211,-0.046360,0.035708,0.009240,0.314909,-0.320506,-0.030488,0.374156,-0.011931,-0.056174,-0.239349,1.336724,1.167659,-0.139640,-0.456623,-0.079443,-0.010450,-1.350886,-1.045048,-0.339285,0.118081,-0.749110,-0.039728,0.099181,3
-0.011854,-0.071807,0.004393,0.258612,-0.283288,0.049182,-0.046463,0.035699,0.009281,0.314926,-0.320502,-0.030481,0.373580,-0.011939,-0.056199,-0.239409,1.340091,1.167659,-0.135889,-0.456719,-0.079443,-0.010390,-1.360018,-1.046343,-0.334839,0.123114,-0.749110,-0.039919,0.099169,3
-0.011854,-0.071799,0.004446,0.258561,-0.283288,0.049182,-0.046514,0.035725,0.009348,0.314901,-0.320510,-0.030481,0.373152,-0.011962,-0.056204,-0.239325,1.345149,1.167659,-0.132438,-0.456839,-0.079372,-0.010354,-1.366405,-1.047553,-0.330129,0.128363,-0.749110,-0.040015,0.099157,3
-0.011854,-0.071816,0.004500,0.258493,-0.283288,0.049182,-0.046582,0.035725,0.009401,0.314901,-0.320502,-0.030466,0.372750,-0.011954,-0.056199,-0.239301,1.351009,1.167647,-0.126577,-0.457054,-0.079276,-0.010306,-1.375609,-1.049303,-0.322975,0.136057,-0.749098,-0.040051,0.099205,3
-0.011846,-0.071824,0.004486,0.258493,-0.283288,0.049197,-0.046582,0.035725,0.009495,0.314926,-0.320498,-0.030474,0.372589,-0.011939,-0.056199,-0.239337,1.354580,1.167635,-0.123174,-0.457222,-0.079252,-0.010294,-1.381673,-1.049890,-0.315341,0.141162,-0.749110,-0.040003,0.099241,3
-0.011854,-0.071816,0.004500,0.258535,-0.283288,0.049182,-0.046582,0.035716,0.009522,0.314901,-0.320494,-0.030466,0.372402,-0.011931,-0.056194,-0.239349,1.358140,1.167635,-0.117290,-0.457438,-0.079300,-0.010282,-1.388013,-1.050573,-0.310379,0.148928,-0.749098,-0.039967,0.099277,3
-0.011837,-0.071807,0.004526,0.258587,-0.283284,0.049204,-0.046599,0.035716,0.009615,0.314901,-0.320498,-0.030474,0.372174,-0.011909,-0.056179,-0.239337,1.361495,1.167635,-0.113886,-0.457833,-0.079384,-0.010294,-1.394628,-1.051604,-0.305358,0.153686,-0.749110,-0.039884,0.099373,3
-0.011837,-0.071807,0.004526,0.258612,-0.283288,0.049182,-0.046599,0.035708,0.009696,0.314901,-0.320494,-0.030466,0.371799,-0.011916,-0.056184,-0.239325,1.365103,1.167635,-0.110662,-0.458157,-0.079491,-0.010306,-1.400524,-1.052754,-0.300349,0.158779,-0.749134,-0.039824,0.099409,3
-0.011837,-0.071807,0.004553,0.258629,-0.283284,0.049204,-0.046607,0.035708,0.009816,0.314909,-0.320490,-0.030474,0.371438,-0.011924,-0.056179,-0.239325,1.368710,1.167635,-0.107403,-0.458540,-0.079599,-0.010342,-1.406756,-1.053749,-0.295435,0.163740,-0.749110,-0.039632,0.099469,3
-0.011837,-0.071807,0.004593,0.258621,-0.283280,0.049197,-0.046616,0.035716,0.009950,0.314926,-0.320494,-0.030481,0.370862,-0.011909,-0.056179,-0.239301,1.372425,1.167635,-0.104119,-0.459080,-0.079635,-0.010342,-1.413455,-1.054804,-0.290462,0.168762,-0.749098,-0.039380,0.099553,3
-0.011863,-0.071816,0.004593,0.258621,-0.283288,0.049182,-0.046616,0.035716,0.010017,0.314918,-0.320494,-0.030452,0.370714,-0.011893,-0.056169,-0.239301,1.373971,1.167635,-0.102549,-0.459415,-0.079623,-0.010342,-1.419184,-1.055259,-0.288029,0.171099,-0.749110,-0.039236,0.099589,3
-0.011837,-0.071807,0.004620,0.258646,-0.283293,0.049190,-0.046607,0.035725,0.010218,0.314943,-0.320490,-0.030430,0.370192,-0.011901,-0.056164,-0.239301,1.379855,1.167635,-0.095406,-0.460937,-0.079539,-0.010318,-1.428460,-1.056793,-0.278813,0.181010,-0.749110,-0.038457,0.099685,3
-0.011854,-0.071816,0.004647,0.258663,-0.283293,0.049190,-0.046599,0.035708,0.010298,0.314926,-0.320485,-0.030437,0.370018,-0.011893,-0.056159,-0.239265,1.384733,1.167611,-0.092123,-0.461884,-0.079503,-0.010330,-1.438107,-1.057931,-0.271395,0.186403,-0.749110,-0.038098,0.099721,3
-0.011837,-0.071816,0.004647,0.258706,-0.283293,0.049190,-0.046599,0.035725,0.010339,0.314918,-0.320481,-0.030416,0.369777,-0.011893,-0.056159,-0.239289,1.388460,1.167563,-0.086886,-0.462867,-0.079503,-0.010354,-1.443919,-1.058782,-0.266457,0.193102,-0.749110,-0.037846,0.099733,3
-0.011854,-0.071807,0.004674,0.258714,-0.283293,0.049190,-0.046607,0.035708,0.010365,0.314901,-0.320477,-0.030437,0.369482,-0.011878,-0.056159,-0.239277,1.392151,1.167491,-0.083590,-0.464329,-0.079527,-0.010378,-1.450019,-1.059657,-0.262035,0.197680,-0.749110,-0.037690,0.099757,3
-0.011863,-0.071807,0.004674,0.258757,-0.283297,0.049197,-0.046599,0.035733,0.010392,0.314926,-0.320469,-0.030437,0.369161,-0.011878,-0.056159,-0.239229,1.395279,1.167335,-0.080007,-0.465276,-0.079647,-0.010402,-1.456323,-1.060364,-0.257325,0.202641,-0.749110,-0.037583,0.099781,3
-0.011854,-0.071816,0.004701,0.258766,-0.283289,0.049211,-0.046607,0.035716,0.010446,0.314901,-0.320469,-0.030437,0.368773,-0.011893,-0.056169,-0.239145,1.398455,1.167180,-0.076627,-0.466234,-0.079731,-0.010438,-1.462327,-1.060928,-0.252436,0.207902,-0.749110,-0.037583,0.099781,3
-0.011854,-0.071816,0.004687,0.258748,-0.283297,0.049197,-0.046599,0.035716,0.010526,0.314926,-0.320469,-0.030437,0.368183,-0.011893,-0.056169,-0.239025,1.401271,1.167084,-0.073631,-0.467289,-0.079803,-0.010546,-1.468559,-1.061359,-0.247522,0.212564,-0.749098,-0.037642,0.099769,3
-0.011846,-0.071816,0.004741,0.258766,-0.283289,0.049211,-0.046590,0.035716,0.010606,0.314909,-0.320469,-0.030437,0.367755,-0.011901,-0.056164,-0.238726,1.404039,1.167072,-0.070659,-0.468451,-0.079875,-0.010618,-1.478170,-1.061874,-0.243028,0.217298,-0.749110,-0.037738,0.099769,3
-0.011854,-0.071816,0.004727,0.258766,-0.283297,0.049197,-0.046599,0.035716,0.010647,0.314901,-0.320469,-0.030437,0.367326,-0.011901,-0.056164,-0.238402,1.407167,1.167144,-0.067615,-0.469818,-0.079947,-0.010774,-1.484066,-1.062390,-0.238174,0.222463,-0.749110,-0.037798,0.099757,3
-0.011854,-0.071816,0.004701,0.258740,-0.283293,0.049190,-0.046582,0.035716,0.010647,0.314918,-0.320469,-0.030437,0.366884,-0.011893,-0.056169,-0.238079,1.412296,1.167228,-0.064691,-0.471388,-0.079947,-0.010918,-1.489795,-1.063061,-0.233357,0.227628,-0.749110,-0.037870,0.099817,3
-0.011846,-0.071816,0.004634,0.258740,-0.283301,0.049204,-0.046582,0.035725,0.010620,0.314935,-0.320469,-0.030423,0.366268,-0.011893,-0.056169,-0.237623,1.417126,1.167347,-0.059765,-0.473892,-0.079935,-0.011193,-1.498963,-1.063600,-0.224045,0.234471,-0.749146,-0.037894,0.100068,3
-0.011829,-0.071816,0.004647,0.258714,-0.283289,0.049211,-0.046573,0.035725,0.010633,0.314943,-0.320473,-0.030430,0.366054,-0.011909,-0.056169,-0.237491,1.418576,1.167359,-0.056745,-0.474743,-0.079947,-0.011229,-1.502187,-1.063792,-0.221864,0.239217,-0.749098,-0.037870,0.100200,3
-0.011837,-0.071816,0.004674,0.258740,-0.283297,0.049197,-0.046582,0.035725,0.010633,0.314926,-0.320465,-0.030430,0.365371,-0.011939,-0.056169,-0.237144,1.423070,1.167359,-0.052407,-0.477487,-0.079971,-0.011325,-1.511594,-1.064343,-0.215333,0.247091,-0.749134,-0.037822,0.100679,3
-0.011846,-0.071807,0.004674,0.258706,-0.283301,0.049204,-0.046582,0.035725,0.010633,0.314918,-0.320473,-0.030430,0.364929,-0.011931,-0.056184,-0.236904,1.425946,1.167383,-0.049423,-0.478614,-0.080031,-0.011373,-1.517371,-1.064715,-0.210455,0.251513,-0.749122,-0.037750,0.100955,3
-0.011846,-0.071807,0.004647,0.258672,-0.283297,0.049226,-0.046582,0.035716,0.010647,0.314918,-0.320461,-0.030423,0.364447,-0.011924,-0.056189,-0.236652,1.428967,1.167419,-0.046355,-0.479657,-0.080055,-0.011421,-1.523255,-1.065074,-0.205937,0.256127,-0.749146,-0.037702,0.101183,3
-0.011854,-0.071816,0.004634,0.258689,-0.283280,0.049226,-0.046565,0.035708,0.010647,0.314926,-0.320461,-0.030423,0.363751,-0.011931,-0.056194,-0.236449,1.431951,1.167467,-0.042987,-0.480699,-0.080103,-0.011505,-1.528780,-1.065374,-0.201455,0.261004,-0.749134,-0.037678,0.101434,3
-0.011837,-0.071816,0.004593,0.258697,-0.283293,0.049233,-0.046531,0.035725,0.010606,0.314935,-0.320465,-0.030430,0.363362,-0.011931,-0.056194,-0.236341,1.434815,1.167467,-0.039608,-0.481754,-0.080234,-0.011577,-1.537217,-1.065685,-0.197320,0.266074,-0.749158,-0.037630,0.101554,3
-0.011829,-0.071816,0.004567,0.258680,-0.283276,0.049233,-0.046531,0.035716,0.010606,0.314935,-0.320469,-0.030437,0.362987,-0.011947,-0.056194,-0.236353,1.439141,1.167443,-0.036444,-0.482713,-0.080354,-0.011613,-1.543388,-1.066153,-0.192958,0.270628,-0.749146,-0.037607,0.101626,3
-0.011863,-0.071816,0.004486,0.258689,-0.283285,0.049233,-0.046522,0.035716,0.010580,0.314943,-0.320465,-0.030430,0.362586,-0.011939,-0.056209,-0.236341,1.442065,1.167371,-0.033688,-0.483563,-0.080498,-0.011625,-1.549357,-1.066464,-0.186319,0.275026,-0.749146,-0.037547,0.101626,3
-0.011863,-0.071816,0.004460,0.258672,-0.283285,0.049233,-0.046522,0.035716,0.010580,0.314952,-0.320465,-0.030416,0.362170,-0.011977,-0.056214,-0.236305,1.445001,1.167347,-0.029433,-0.484295,-0.080654,-0.011685,-1.555025,-1.066788,-0.181968,0.281462,-0.749146,-0.037511,0.101614,3
-0.011854,-0.071807,0.004419,0.258655,-0.283297,0.049226,-0.046514,0.035716,0.010566,0.314943,-0.320465,-0.030416,0.361702,-0.011939,-0.056209,-0.236281,1.447854,1.167359,-0.026833,-0.484894,-0.080762,-0.011757,-1.560825,-1.067051,-0.177930,0.286219,-0.749182,-0.037451,0.101542,3
-0.011863,-0.071799,0.004419,0.258663,-0.283297,0.049226,-0.046522,0.035725,0.010566,0.314926,-0.320477,-0.030423,0.361059,-0.011947,-0.056194,-0.236209,1.451880,1.167371,-0.022902,-0.485936,-0.080965,-0.011912,-1.569131,-1.067387,-0.171350,0.292870,-0.749206,-0.037415,0.101470,3
-0.011854,-0.071799,0.004366,0.258646,-0.283297,0.049226,-0.046531,0.035708,0.010553,0.314909,-0.320477,-0.030452,0.360349,-0.011962,-0.056204,-0.236197,1.454493,1.167371,-0.020014,-0.486476,-0.081049,-0.012092,-1.574020,-1.067519,-0.166988,0.297389,-0.749206,-0.037439,0.101458,3
-0.011871,-0.071799,0.004366,0.258672,-0.283293,0.049219,-0.046539,0.035733,0.010499,0.314918,-0.320469,-0.030437,0.359813,-0.011970,-0.056209,-0.236137,1.457129,1.167347,-0.017581,-0.487147,-0.081109,-0.012188,-1.579533,-1.067615,-0.162722,0.301978,-0.749218,-0.037463,0.101458,3
-0.011871,-0.071799,0.004326,0.258672,-0.283297,0.049226,-0.046531,0.035725,0.010459,0.314901,-0.320485,-0.030437,0.359197,-0.011962,-0.056204,-0.236029,1.459742,1.167359,-0.015292,-0.487986,-0.081145,-0.012284,-1.588725,-1.067663,-0.158539,0.307024,-0.749230,-0.037475,0.101434,3
-0.011854,-0.071816,0.004312,0.258672,-0.283293,0.049219,-0.046522,0.035725,0.010419,0.314918,-0.320494,-0.030452,0.358501,-0.011962,-0.056204,-0.235921,1.463541,1.167395,-0.013291,-0.488932,-0.081157,-0.012380,-1.594022,-1.067770,-0.154417,0.311494,-0.749242,-0.037535,0.101434,3
-0.011854,-0.071816,0.004285,0.258672,-0.283297,0.049226,-0.046539,0.035716,0.010379,0.314918,-0.320477,-0.030452,0.357711,-0.011977,-0.056214,-0.235826,1.465974,1.167443,-0.011193,-0.490059,-0.081145,-0.012464,-1.599247,-1.067866,-0.150066,0.315880,-0.749290,-0.037618,0.101422,3
-0.011863,-0.071816,0.004178,0.258680,-0.283297,0.049226,-0.046539,0.035708,0.010312,0.314943,-0.320494,-0.030452,0.356854,-0.011962,-0.056204,-0.235742,1.468371,1.167491,-0.007862,-0.491257,-0.081145,-0.012512,-1.604364,-1.067950,-0.143703,0.320171,-0.749290,-0.037714,0.101387,3
-0.011871,-0.071816,0.004165,0.258672,-0.283301,0.049204,-0.046505,0.035716,0.010258,0.314952,-0.320498,-0.030474,0.355823,-0.011962,-0.056204,-0.235670,1.470720,1.167515,-0.005645,-0.492707,-0.081109,-0.012559,-1.609865,-1.067998,-0.139688,0.326918,-0.749302,-0.037834,0.101387,3
-0.011854,-0.071816,0.004111,0.258680,-0.283293,0.049219,-0.046488,0.035708,0.010205,0.314935,-0.320502,-0.030466,0.354617,-0.011962,-0.056214,-0.235634,1.472949,1.167527,-0.002972,-0.494829,-0.081061,-0.012571,-1.614635,-1.068046,-0.135673,0.331663,-0.749326,-0.037870,0.101387,3
-0.011871,-0.071816,0.004018,0.258706,-0.283293,0.049219,-0.046463,0.035708,0.010138,0.314926,-0.320494,-0.030466,0.352528,-0.011962,-0.056214,-0.235682,1.476628,1.167539,0.001067,-0.496626,-0.081073,-0.012535,-1.621478,-1.068058,-0.129657,0.338267,-0.749326,-0.037846,0.101387,3
-0.011854,-0.071816,0.003951,0.258706,-0.283293,0.049219,-0.046454,0.035716,0.010084,0.314918,-0.320498,-0.030474,0.349984,-0.011970,-0.056209,-0.235694,1.479049,1.167539,0.003463,-0.497765,-0.081109,-0.012524,-1.627026,-1.068046,-0.125451,0.342965,-0.749338,-0.037834,0.101399,3
-0.011880,-0.071824,0.003924,0.258706,-0.283297,0.049226,-0.046454,0.035716,0.010031,0.314918,-0.320502,-0.030466,0.348350,-0.011962,-0.056204,-0.235682,1.481469,1.167551,0.005537,-0.498891,-0.081157,-0.012512,-1.634445,-1.068034,-0.121436,0.347243,-0.749326,-0.037774,0.101387,3
-0.011871,-0.071816,0.003897,0.258723,-0.283289,0.049211,-0.046454,0.035716,0.009977,0.314918,-0.320502,-0.030466,0.346944,-0.011970,-0.056219,-0.235670,1.485029,1.167527,0.007526,-0.499970,-0.081181,-0.012512,-1.638891,-1.067962,-0.117457,0.351869,-0.749338,-0.037738,0.101387,3
-0.011880,-0.071816,0.003857,0.258697,-0.283297,0.049226,-0.046463,0.035725,0.009923,0.314909,-0.320510,-0.030481,0.346047,-0.011977,-0.056204,-0.235622,1.487318,1.167539,0.009456,-0.501001,-0.081181,-0.012512,-1.643421,-1.067914,-0.113359,0.356183,-0.749350,-0.037714,0.101351,3
-0.011854,-0.071816,0.003830,0.258680,-0.283293,0.049219,-0.046437,0.035742,0.009830,0.314926,-0.320510,-0.030481,0.345511,-0.011970,-0.056209,-0.235598,1.489331,1.167551,0.011205,-0.502007,-0.081169,-0.012535,-1.648514,-1.067842,-0.107870,0.360773,-0.749362,-0.037714,0.101291,3
-0.011871,-0.071824,0.003817,0.258697,-0.283293,0.049219,-0.046454,0.035725,0.009749,0.314918,-0.320506,-0.030488,0.345323,-0.011977,-0.056214,-0.235562,1.491021,1.167527,0.013422,-0.502786,-0.081169,-0.012547,-1.653380,-1.067818,-0.104179,0.366717,-0.749326,-0.037726,0.101219,3
-0.011854,-0.071807,0.003790,0.258689,-0.283301,0.049219,-0.046454,0.035725,0.009696,0.314901,-0.320506,-0.030488,0.345256,-0.011977,-0.056214,-0.235562,1.492531,1.167551,0.014992,-0.503625,-0.081157,-0.012583,-1.658006,-1.067783,-0.100667,0.370876,-0.749326,-0.037762,0.101135,3
-0.011871,-0.071807,0.003750,0.258689,-0.283293,0.049219,-0.046411,0.035725,0.009575,0.314858,-0.320502,-0.030495,0.345417,-0.011977,-0.056214,-0.235574,1.494976,1.167527,0.017856,-0.504033,-0.081013,-0.012607,-1.664861,-1.067818,-0.095131,0.377227,-0.749326,-0.037870,0.100979,3
-0.011863,-0.071807,0.003750,0.258672,-0.283293,0.049219,-0.046394,0.035716,0.009575,0.314824,-0.320506,-0.030488,0.345605,-0.011970,-0.056209,-0.235598,1.495767,1.167539,0.018779,-0.504092,-0.080989,-0.012619,-1.667341,-1.067842,-0.093285,0.379241,-0.749338,-0.037906,0.100871,3
-0.011854,-0.071816,0.003750,0.258638,-0.283284,0.049219,-0.046326,0.035733,0.009548,0.314781,-0.320498,-0.030503,0.346033,-0.011970,-0.056209,-0.235694,1.498355,1.167515,0.021440,-0.504033,-0.081001,-0.012643,-1.676317,-1.067854,-0.088216,0.385293,-0.749326,-0.038014,0.100799,3
-0.011846,-0.071816,0.003750,0.258604,-0.283280,0.049226,-0.046309,0.035725,0.009575,0.314798,-0.320502,-0.030510,0.346314,-0.011977,-0.056214,-0.235694,1.500201,1.167527,0.022854,-0.503877,-0.081037,-0.012667,-1.680272,-1.067878,-0.084609,0.388804,-0.749314,-0.038194,0.100787,3
-0.011863,-0.071816,0.003763,0.258552,-0.283276,0.049204,-0.046309,0.035708,0.009602,0.314815,-0.320510,-0.030524,0.346609,-0.011992,-0.056204,-0.235706,1.502969,1.167527,0.024196,-0.503637,-0.081121,-0.012691,-1.683820,-1.067890,-0.081241,0.392555,-0.749290,-0.038409,0.100823,3
-0.011871,-0.071824,0.003790,0.258518,-0.283272,0.049211,-0.046335,0.035725,0.009589,0.314841,-0.320506,-0.030517,0.346823,-0.011970,-0.056209,-0.235694,1.504683,1.167551,0.025466,-0.503433,-0.081133,-0.012727,-1.688026,-1.067878,-0.076028,0.396522,-0.749266,-0.038577,0.100919,3
-0.011854,-0.071824,0.003803,0.258484,-0.283280,0.049197,-0.046335,0.035725,0.009589,0.314875,-0.320515,-0.030517,0.346863,-0.011970,-0.056209,-0.235718,1.506289,1.167527,0.027384,-0.503230,-0.081145,-0.012751,-1.692077,-1.067866,-0.072792,0.402286,-0.749242,-0.038577,0.100955,3
-0.011863,-0.071816,0.003803,0.258467,-0.283276,0.049204,-0.046360,0.035716,0.009575,0.314901,-0.320515,-0.030517,0.346649,-0.011970,-0.056209,-0.235742,1.507727,1.167551,0.028702,-0.502966,-0.081157,-0.012739,-1.696127,-1.067854,-0.069856,0.405474,-0.749206,-0.038481,0.101003,3
-0.011854,-0.071807,0.003777,0.258433,-0.283272,0.049182,-0.046386,0.035716,0.009562,0.314901,-0.320519,-0.030524,0.346247,-0.011977,-0.056214,-0.235802,1.508841,1.167527,0.029937,-0.502846,-0.081157,-0.012727,-1.700334,-1.067842,-0.066992,0.408422,-0.749206,-0.038338,0.101027,3
-0.011854,-0.071807,0.003803,0.258365,-0.283280,0.049197,-0.046428,0.035716,0.009575,0.314926,-0.320510,-0.030524,0.345283,-0.011977,-0.056214,-0.235790,1.510076,1.167539,0.031519,-0.502786,-0.081169,-0.012691,-1.706026,-1.067830,-0.062114,0.413204,-0.749218,-0.038338,0.101039,3
-0.011846,-0.071807,0.003790,0.258331,-0.283272,0.049182,-0.046437,0.035725,0.009575,0.314909,-0.320510,-0.030510,0.345096,-0.011970,-0.056209,-0.235778,1.510507,1.167575,0.031950,-0.502786,-0.081157,-0.012703,-1.708160,-1.067842,-0.060365,0.414726,-0.749230,-0.038338,0.101063,3
-0.011863,-0.071816,0.003817,0.258288,-0.283280,0.049168,-0.046471,0.035725,0.009589,0.314943,-0.320519,-0.030510,0.344627,-0.011977,-0.056214,-0.235730,1.512053,1.167539,0.033352,-0.502822,-0.081169,-0.012727,-1.715278,-1.067830,-0.055020,0.419843,-0.749242,-0.038290,0.101087,3
-0.011863,-0.071816,0.003830,0.258280,-0.283272,0.049182,-0.046480,0.035716,0.009575,0.314952,-0.320510,-0.030510,0.344399,-0.011985,-0.056219,-0.235802,1.514066,1.167563,0.034395,-0.502918,-0.081157,-0.012739,-1.718778,-1.067830,-0.051532,0.423247,-0.749218,-0.038230,0.101123,3
-0.011871,-0.071807,0.003857,0.258305,-0.283272,0.049182,-0.046488,0.035725,0.009589,0.314969,-0.320506,-0.030517,0.344212,-0.011977,-0.056214,-0.235838,1.515301,1.167599,0.035461,-0.502930,-0.081169,-0.012799,-1.721822,-1.067830,-0.047362,0.426087,-0.749206,-0.038134,0.101123,3
-0.011871,-0.071816,0.003857,0.258331,-0.283284,0.049204,-0.046497,0.035725,0.009575,0.314926,-0.320502,-0.030495,0.344078,-0.011970,-0.056219,-0.235862,1.516499,1.167611,0.037007,-0.502954,-0.081181,-0.012775,-1.724782,-1.067818,-0.044617,0.430126,-0.749206,-0.038026,0.101111,3
-0.011854,-0.071816,0.003857,0.258365,-0.283280,0.049226,-0.046505,0.035725,0.009562,0.314909,-0.320510,-0.030481,0.343917,-0.011985,-0.056219,-0.235838,1.517614,1.167611,0.038086,-0.502918,-0.081193,-0.012763,-1.727862,-1.067830,-0.042101,0.432619,-0.749218,-0.037918,0.101099,3
-0.011871,-0.071816,0.003884,0.258373,-0.283289,0.049211,-0.046505,0.035725,0.009589,0.314901,-0.320502,-0.030495,0.343730,-0.011985,-0.056219,-0.235814,1.518644,1.167611,0.039021,-0.502918,-0.081217,-0.012775,-1.731181,-1.067818,-0.039572,0.434967,-0.749218,-0.037822,0.101099,3
-0.011846,-0.071816,0.003910,0.258382,-0.283305,0.049211,-0.046505,0.035708,0.009642,0.314901,-0.320494,-0.030510,0.343529,-0.011977,-0.056214,-0.235802,1.519843,1.167635,0.039764,-0.502930,-0.081241,-0.012787,-1.734297,-1.067830,-0.036887,0.437532,-0.749206,-0.037738,0.101099,3
-0.011837,-0.071816,0.003951,0.258382,-0.283301,0.049233,-0.046514,0.035708,0.009723,0.314884,-0.320494,-0.030510,0.343221,-0.011985,-0.056219,-0.235838,1.520945,1.167767,0.040291,-0.502918,-0.081265,-0.012787,-1.737653,-1.067830,-0.033999,0.440205,-0.749218,-0.037738,0.101099,3
-0.011846,-0.071816,0.003991,0.258382,-0.283293,0.049248,-0.046505,0.035716,0.009789,0.314833,-0.320490,-0.030474,0.343007,-0.011985,-0.056219,-0.235862,1.522072,1.167983,0.040639,-0.502918,-0.081301,-0.012787,-1.740721,-1.067830,-0.031315,0.442685,-0.749230,-0.037786,0.101111,3
-0.011854,-0.071807,0.004031,0.258399,-0.283318,0.049262,-0.046471,0.035708,0.009856,0.314807,-0.320486,-0.030466,0.342792,-0.011970,-0.056209,-0.235945,1.523103,1.168222,0.040758,-0.502942,-0.081313,-0.012763,-1.745311,-1.067830,-0.029038,0.444591,-0.749230,-0.037858,0.101111,3
-0.011854,-0.071799,0.004098,0.258408,-0.283322,0.049269,-0.046471,0.035708,0.009950,0.314807,-0.320481,-0.030474,0.342551,-0.011962,-0.056214,-0.236029,1.524828,1.168534,0.040615,-0.502930,-0.081325,-0.012739,-1.749134,-1.067794,-0.024304,0.447227,-0.749218,-0.037942,0.101099,3
-0.011871,-0.071807,0.004178,0.258442,-0.283327,0.049276,-0.046463,0.035708,0.010031,0.314798,-0.320490,-0.030488,0.342377,-0.011992,-0.056204,-0.236101,1.525487,1.168546,0.040171,-0.502918,-0.081313,-0.012703,-1.751531,-1.067806,-0.022075,0.449852,-0.749206,-0.037918,0.101123,3
-0.011863,-0.071816,0.004178,0.258442,-0.283322,0.049269,-0.046480,0.035725,0.010084,0.314815,-0.320494,-0.030481,0.342230,-0.011985,-0.056219,-0.236185,1.525919,1.168570,0.039788,-0.502918,-0.081325,-0.012691,-1.753736,-1.067806,-0.019930,0.451614,-0.749218,-0.037906,0.101111,3
-0.011871,-0.071807,0.004192,0.258433,-0.283331,0.049284,-0.046454,0.035708,0.010111,0.314773,-0.320486,-0.030466,0.342042,-0.011970,-0.056229,-0.236269,1.526194,1.168630,0.039320,-0.502918,-0.081349,-0.012655,-1.755929,-1.067806,-0.017401,0.453219,-0.749194,-0.037870,0.101123,3
-0.011846,-0.071816,0.004218,0.258442,-0.283335,0.049291,-0.046446,0.035725,0.010111,0.314798,-0.320494,-0.030481,0.341868,-0.011977,-0.056214,-0.236329,1.526302,1.168690,0.038841,-0.502918,-0.081397,-0.012643,-1.757726,-1.067818,-0.014980,0.454909,-0.749206,-0.037786,0.101111,3
-0.011871,-0.071824,0.004245,0.258442,-0.283348,0.049313,-0.046437,0.035708,0.010151,0.314798,-0.320494,-0.030481,0.341681,-0.011970,-0.056209,-0.236437,1.526230,1.168726,0.038373,-0.502918,-0.081457,-0.012631,-1.759260,-1.067783,-0.012571,0.456743,-0.749182,-0.037750,0.101087,3
-0.011846,-0.071833,0.004245,0.258467,-0.283360,0.049334,-0.046428,0.035725,0.010178,0.314807,-0.320490,-0.030474,0.341413,-0.011962,-0.056224,-0.236473,1.526051,1.168774,0.037990,-0.502918,-0.081493,-0.012643,-1.760519,-1.067723,-0.010714,0.458780,-0.749194,-0.037738,0.101087,3
-0.011837,-0.071816,0.004232,0.258467,-0.283369,0.049320,-0.046420,0.035716,0.010205,0.314815,-0.320490,-0.030474,0.341132,-0.011962,-0.056214,-0.236557,1.525487,1.168786,0.037511,-0.502918,-0.081565,-0.012655,-1.762951,-1.067615,-0.008329,0.461848,-0.749206,-0.037774,0.101087,3
-0.011863,-0.071816,0.004218,0.258450,-0.283377,0.049334,-0.046386,0.035716,0.010231,0.314841,-0.320494,-0.030481,0.340931,-0.011970,-0.056199,-0.236581,1.525116,1.168786,0.037379,-0.502918,-0.081589,-0.012655,-1.763946,-1.067531,-0.006771,0.463598,-0.749194,-0.037786,0.101087,3
-0.011837,-0.071833,0.004245,0.258467,-0.283360,0.049334,-0.046394,0.035716,0.010231,0.314824,-0.320494,-0.030481,0.340743,-0.011954,-0.056209,-0.236569,1.524756,1.168786,0.037391,-0.502894,-0.081613,-0.012655,-1.764737,-1.067435,-0.004398,0.465024,-0.749218,-0.037798,0.101099,3
-0.011863,-0.071816,0.004272,0.258467,-0.283365,0.049342,-0.046377,0.035716,0.010245,0.314824,-0.320490,-0.030474,0.340583,-0.011962,-0.056224,-0.236557,1.524457,1.168786,0.037595,-0.502894,-0.081613,-0.012655,-1.765240,-1.067351,-0.002948,0.467193,-0.749206,-0.037822,0.101099,3
-0.011846,-0.071824,0.004259,0.258450,-0.283361,0.049363,-0.046377,0.035708,0.010245,0.314841,-0.320498,-0.030474,0.340395,-0.011977,-0.056224,-0.236533,1.524217,1.168774,0.037822,-0.502906,-0.081625,-0.012655,-1.765780,-1.067267,-0.001690,0.468595,-0.749206,-0.037822,0.101099,3
-0.011846,-0.071807,0.004245,0.258459,-0.283365,0.049385,-0.046403,0.035716,0.010245,0.314850,-0.320494,-0.030495,0.340221,-0.011977,-0.056224,-0.236545,1.524049,1.168774,0.038038,-0.502906,-0.081637,-0.012655,-1.766283,-1.067207,-0.000360,0.469794,-0.749206,-0.037798,0.101087,3
-0.011871,-0.071807,0.004272,0.258467,-0.283361,0.049363,-0.046394,0.035708,0.010245,0.314841,-0.320502,-0.030495,0.339967,-0.011962,-0.056214,-0.236533,1.523977,1.168726,0.038194,-0.502894,-0.081613,-0.012667,-1.767266,-1.067159,0.001007,0.470764,-0.749206,-0.037762,0.101015,3
-0.011871,-0.071816,0.004218,0.258459,-0.283369,0.049349,-0.046386,0.035716,0.010245,0.314858,-0.320510,-0.030481,0.339779,-0.011954,-0.056219,-0.236509,1.523977,1.168690,0.038254,-0.502894,-0.081601,-0.012655,-1.767949,-1.067099,0.002553,0.471567,-0.749194,-0.037738,0.100919,3
-0.011863,-0.071824,0.004165,0.258450,-0.283369,0.049349,-0.046377,0.035716,0.010231,0.314867,-0.320506,-0.030488,0.339605,-0.011962,-0.056214,-0.236473,1.524049,1.168618,0.037942,-0.502870,-0.081637,-0.012631,-1.768488,-1.067051,0.004254,0.471999,-0.749170,-0.037702,0.100811,3
-0.011829,-0.071816,0.004111,0.258425,-0.283369,0.049349,-0.046377,0.035716,0.010205,0.314858,-0.320506,-0.030488,0.339444,-0.011947,-0.056224,-0.236437,1.524181,1.168546,0.037175,-0.502894,-0.081756,-0.012667,-1.768908,-1.067016,0.005860,0.472178,-0.749134,-0.037726,0.100667,3
-0.011846,-0.071816,0.004125,0.258391,-0.283369,0.049349,-0.046369,0.035716,0.010205,0.314858,-0.320502,-0.030466,0.339310,-0.011962,-0.056234,-0.236377,1.524313,1.168438,0.036252,-0.502894,-0.082008,-0.012691,-1.769171,-1.067016,0.007790,0.472095,-0.749134,-0.037774,0.100536,3
-0.011854,-0.071816,0.004111,0.258365,-0.283369,0.049349,-0.046360,0.035725,0.010218,0.314858,-0.320519,-0.030495,0.339083,-0.011954,-0.056229,-0.236317,1.524397,1.168342,0.034467,-0.502906,-0.082344,-0.012823,-1.769243,-1.067016,0.009168,0.471555,-0.749122,-0.037798,0.100416,3
-0.011846,-0.071816,0.004111,0.258356,-0.283369,0.049349,-0.046326,0.035708,0.010191,0.314858,-0.320519,-0.030495,0.338949,-0.011954,-0.056229,-0.236269,1.524385,1.168258,0.033676,-0.502906,-0.082463,-0.012907,-1.769207,-1.067016,0.009827,0.471172,-0.749098,-0.037906,0.100368,3
-0.011846,-0.071816,0.004071,0.258365,-0.283361,0.049363,-0.046326,0.035716,0.010178,0.314867,-0.320523,-0.030488,0.338842,-0.011954,-0.056229,-0.236185,1.524349,1.168162,0.032849,-0.502882,-0.082559,-0.012967,-1.769099,-1.067039,0.010426,0.470728,-0.749098,-0.037930,0.100344,3
-0.011863,-0.071816,0.004085,0.258322,-0.283377,0.049363,-0.046326,0.035708,0.010138,0.314875,-0.320519,-0.030495,0.338775,-0.011947,-0.056224,-0.236065,1.524301,1.168102,0.031986,-0.502906,-0.082775,-0.013027,-1.768956,-1.067051,0.010882,0.470285,-0.749086,-0.037942,0.100344,3
-0.011863,-0.071824,0.004071,0.258356,-0.283382,0.049370,-0.046309,0.035716,0.010164,0.314884,-0.320527,-0.030495,0.338668,-0.011962,-0.056234,-0.235933,1.524229,1.168054,0.030919,-0.502870,-0.082955,-0.013075,-1.768800,-1.067039,0.011253,0.469782,-0.749098,-0.037906,0.100356,3
-0.011837,-0.071816,0.004085,0.258382,-0.283373,0.049385,-0.046292,0.035725,0.010138,0.314918,-0.320531,-0.030502,0.338601,-0.011962,-0.056234,-0.235778,1.524217,1.168031,0.029721,-0.502858,-0.083099,-0.013123,-1.768488,-1.067039,0.011517,0.469278,-0.749098,-0.037882,0.100344,3
-0.011837,-0.071816,0.004085,0.258391,-0.283382,0.049399,-0.046267,0.035725,0.010151,0.314909,-0.320527,-0.030495,0.338574,-0.011962,-0.056224,-0.235718,1.524013,1.168043,0.028403,-0.502846,-0.083171,-0.013123,-1.768213,-1.067051,0.011649,0.468799,-0.749098,-0.037870,0.100368,3
-0.011846,-0.071816,0.004085,0.258408,-0.283382,0.049370,-0.046241,0.035725,0.010138,0.314918,-0.320531,-0.030502,0.338547,-0.011954,-0.056229,-0.235670,1.523582,1.168043,0.027192,-0.502858,-0.083183,-0.013051,-1.767841,-1.067051,0.011661,0.468284,-0.749098,-0.037858,0.100356,3
-0.011846,-0.071816,0.004138,0.258391,-0.283390,0.049385,-0.046250,0.035716,0.010138,0.314935,-0.320539,-0.030502,0.338534,-0.011954,-0.056229,-0.235634,1.522695,1.168031,0.026174,-0.502858,-0.083171,-0.013015,-1.767386,-1.067027,0.011541,0.467660,-0.749098,-0.037870,0.100344,3
-0.011846,-0.071816,0.004138,0.258450,-0.283386,0.049378,-0.046258,0.035725,0.010124,0.314926,-0.320548,-0.030517,0.338534,-0.011962,-0.056234,-0.235526,1.521125,1.168043,0.023837,-0.502846,-0.083171,-0.012907,-1.766547,-1.067051,0.011253,0.466114,-0.749110,-0.037882,0.100332,3
-0.011854,-0.071824,0.004138,0.258425,-0.283390,0.049385,-0.046258,0.035725,0.010138,0.314943,-0.320564,-0.030517,0.338520,-0.011962,-0.056234,-0.235454,1.520118,1.168043,0.022494,-0.502822,-0.083171,-0.012859,-1.765876,-1.067063,0.011085,0.465288,-0.749098,-0.037882,0.100272,3
-0.011863,-0.071799,0.004138,0.258467,-0.283390,0.049385,-0.046275,0.035725,0.010138,0.314960,-0.320552,-0.030510,0.338534,-0.011962,-0.056234,-0.235430,1.519244,1.168019,0.021056,-0.502810,-0.083147,-0.012859,-1.765109,-1.067039,0.010882,0.464377,-0.749098,-0.037894,0.100200,3
-0.011854,-0.071816,0.004111,0.258467,-0.283390,0.049385,-0.046258,0.035725,0.010138,0.314969,-0.320539,-0.030531,0.338547,-0.011954,-0.056229,-0.235490,1.518369,1.168019,0.019462,-0.502774,-0.083171,-0.012871,-1.764186,-1.067027,0.010702,0.463382,-0.749098,-0.037870,0.100080,3
-0.011837,-0.071816,0.004125,0.258467,-0.283390,0.049385,-0.046241,0.035725,0.010138,0.314952,-0.320539,-0.030531,0.338547,-0.011962,-0.056234,-0.235514,1.517482,1.168019,0.017868,-0.502786,-0.083171,-0.012871,-1.762879,-1.067003,0.010522,0.462279,-0.749098,-0.037882,0.099996,3
-0.011837,-0.071807,0.004111,0.258467,-0.283399,0.049399,-0.046241,0.035716,0.010164,0.314977,-0.320543,-0.030524,0.338561,-0.011962,-0.056234,-0.235490,1.516367,1.168031,0.016323,-0.502774,-0.083159,-0.012871,-1.762089,-1.066980,0.010354,0.461057,-0.749086,-0.037882,0.099948,3
-0.011837,-0.071824,0.004138,0.258493,-0.283394,0.049392,-0.046250,0.035716,0.010138,0.314960,-0.320552,-0.030510,0.338561,-0.011962,-0.056234,-0.235454,1.514570,1.167995,0.015064,-0.502786,-0.083111,-0.012871,-1.761477,-1.066992,0.010199,0.459799,-0.749098,-0.037882,0.099889,3
-0.011837,-0.071816,0.004138,0.258484,-0.283394,0.049392,-0.046258,0.035716,0.010124,0.314943,-0.320552,-0.030510,0.338561,-0.011977,-0.056244,-0.235478,1.513299,1.168019,0.013794,-0.502786,-0.083111,-0.012871,-1.760674,-1.066992,0.009911,0.458492,-0.749098,-0.037882,0.099817,3
-0.011829,-0.071816,0.004138,0.258476,-0.283407,0.049385,-0.046258,0.035725,0.010138,0.314960,-0.320556,-0.030531,0.338547,-0.011970,-0.056239,-0.235454,1.512029,1.168007,0.011733,-0.502774,-0.083135,-0.012871,-1.759584,-1.066992,0.009659,0.456815,-0.749098,-0.037894,0.099673,3
-0.011837,-0.071816,0.004111,0.258493,-0.283399,0.049399,-0.046250,0.035725,0.010138,0.314943,-0.320548,-0.030517,0.338534,-0.011977,-0.056244,-0.235466,1.510675,1.168007,0.010031,-0.502762,-0.083206,-0.012883,-1.758062,-1.067003,0.009264,0.455688,-0.749098,-0.037930,0.099493,3
-0.011846,-0.071816,0.004098,0.258493,-0.283407,0.049414,-0.046215,0.035725,0.010138,0.314960,-0.320535,-0.030510,0.338561,-0.011970,-0.056229,-0.235454,1.508386,1.168007,0.007370,-0.502726,-0.083506,-0.012871,-1.755222,-1.067027,0.008389,0.453867,-0.749098,-0.038194,0.099026,3
-0.011837,-0.071816,0.004111,0.258510,-0.283419,0.049407,-0.046181,0.035725,0.010151,0.314969,-0.320535,-0.030510,0.338561,-0.011970,-0.056229,-0.235454,1.506576,1.168019,0.005669,-0.502666,-0.083506,-0.012883,-1.753136,-1.067075,0.007670,0.452632,-0.749110,-0.038397,0.098426,3
-0.011846,-0.071816,0.004111,0.258544,-0.283415,0.049428,-0.046198,0.035708,0.010138,0.314943,-0.320543,-0.030524,0.338561,-0.011954,-0.056229,-0.235454,1.504803,1.168007,0.004135,-0.502666,-0.083470,-0.012871,-1.751135,-1.067123,0.006951,0.451302,-0.749122,-0.038589,0.098055,3
-0.011846,-0.071816,0.004125,0.258578,-0.283411,0.049421,-0.046232,0.035725,0.010138,0.314943,-0.320552,-0.030524,0.338561,-0.011962,-0.056234,-0.235478,1.503233,1.168007,0.002529,-0.502654,-0.083458,-0.012859,-1.748451,-1.067183,0.006160,0.449840,-0.749098,-0.038697,0.097719,3
-0.011854,-0.071807,0.004138,0.258587,-0.283411,0.049421,-0.046258,0.035725,0.010151,0.314943,-0.320543,-0.030524,0.338561,-0.011962,-0.056234,-0.235466,1.500908,1.168007,0.000767,-0.502654,-0.083470,-0.012883,-1.746785,-1.067171,0.005369,0.448294,-0.749122,-0.038721,0.097384,3
-0.011837,-0.071816,0.004125,0.258595,-0.283415,0.049428,-0.046284,0.035716,0.010151,0.314943,-0.320539,-0.030517,0.338561,-0.011962,-0.056234,-0.235442,1.499458,1.168007,-0.001139,-0.502654,-0.083470,-0.012859,-1.744891,-1.067135,0.004302,0.446772,-0.749122,-0.038649,0.097108,3
-0.011846,-0.071816,0.004111,0.258629,-0.283419,0.049407,-0.046284,0.035716,0.010138,0.314943,-0.320535,-0.030510,0.338587,-0.011962,-0.056234,-0.235442,1.497888,1.168007,-0.003739,-0.502642,-0.083494,-0.012871,-1.742830,-1.067111,0.003727,0.444483,-0.749110,-0.038565,0.096880,3
-0.011837,-0.071816,0.004138,0.258621,-0.283424,0.049414,-0.046275,0.035725,0.010138,0.314943,-0.320535,-0.030510,0.338574,-0.011947,-0.056224,-0.235382,1.496222,1.168019,-0.005381,-0.502582,-0.083482,-0.012835,-1.740912,-1.067099,0.003368,0.442745,-0.749098,-0.038529,0.096617,3
-0.011837,-0.071816,0.004125,0.258612,-0.283424,0.049414,-0.046309,0.035716,0.010138,0.314943,-0.320527,-0.030495,0.338587,-0.011962,-0.056234,-0.235394,1.493478,1.168019,-0.007766,-0.502523,-0.083626,-0.012871,-1.738108,-1.067063,0.002876,0.439677,-0.749098,-0.038385,0.096185,3
-0.011846,-0.071807,0.004125,0.258604,-0.283411,0.049421,-0.046284,0.035716,0.010138,0.314952,-0.320535,-0.030510,0.338587,-0.011962,-0.056234,-0.235382,1.491536,1.168031,-0.009683,-0.502475,-0.083794,-0.012883,-1.736215,-1.067099,0.002445,0.437748,-0.749098,-0.038218,0.095766,3
-0.011837,-0.071799,0.004138,0.258621,-0.283415,0.049399,-0.046284,0.035725,0.010111,0.314943,-0.320527,-0.030495,0.338574,-0.011962,-0.056234,-0.235418,1.489547,1.168019,-0.011685,-0.502463,-0.083973,-0.012871,-1.734022,-1.067147,0.001870,0.436022,-0.749086,-0.038038,0.094963,3
-0.011837,-0.071799,0.004085,0.258612,-0.283415,0.049414,-0.046267,0.035716,0.010124,0.314943,-0.320535,-0.030510,0.338601,-0.011962,-0.056234,-0.235442,1.487366,1.168019,-0.013506,-0.502475,-0.084069,-0.012883,-1.730834,-1.067195,0.001354,0.434380,-0.749098,-0.037834,0.094328,3
-0.011837,-0.071799,0.004071,0.258612,-0.283415,0.049428,-0.046258,0.035716,0.010084,0.314943,-0.320527,-0.030495,0.338601,-0.011954,-0.056229,-0.235418,1.483986,1.168019,-0.015136,-0.502487,-0.084069,-0.012871,-1.728353,-1.067327,0.000959,0.432655,-0.749086,-0.037690,0.093597,3
-0.011846,-0.071807,0.004071,0.258612,-0.283415,0.049428,-0.046250,0.035725,0.010057,0.314926,-0.320527,-0.030495,0.338627,-0.011939,-0.056219,-0.235370,1.481853,1.168031,-0.016922,-0.502475,-0.084093,-0.012883,-1.725932,-1.067375,0.000383,0.430905,-0.749098,-0.037583,0.092842,3
-0.011846,-0.071799,0.004071,0.258612,-0.283424,0.049414,-0.046267,0.035716,0.010057,0.314943,-0.320523,-0.030503,0.338654,-0.011893,-0.056218,-0.235346,1.479864,1.168007,-0.020181,-0.502475,-0.084105,-0.012871,-1.723535,-1.067411,0.000000,0.429095,-0.749110,-0.037571,0.092087,3
-0.011846,-0.071799,0.004071,0.258672,-0.283419,0.049407,-0.046301,0.035725,0.010071,0.314960,-0.320527,-0.030495,0.338694,-0.011878,-0.056208,-0.235370,1.477754,1.168019,-0.022626,-0.502415,-0.084117,-0.012883,-1.720971,-1.067423,-0.000419,0.426423,-0.749110,-0.037618,0.091392,3
-0.011854,-0.071824,0.004071,0.258689,-0.283407,0.049414,-0.046309,0.035725,0.010071,0.314969,-0.320519,-0.030510,0.338721,-0.011848,-0.056198,-0.235370,1.475381,1.168043,-0.024735,-0.502391,-0.084117,-0.012883,-1.718250,-1.067411,-0.000887,0.424721,-0.749122,-0.037690,0.090697,3
-0.011854,-0.071816,0.004111,0.258706,-0.283411,0.049421,-0.046352,0.035716,0.010057,0.314960,-0.320519,-0.030510,0.338761,-0.011817,-0.056188,-0.235358,1.472913,1.168043,-0.026521,-0.502343,-0.084069,-0.012883,-1.715350,-1.067399,-0.001378,0.422768,-0.749110,-0.037822,0.090073,3
-0.011846,-0.071807,0.004125,0.258731,-0.283407,0.049414,-0.046386,0.035725,0.010057,0.314952,-0.320523,-0.030503,0.338775,-0.011772,-0.056168,-0.235334,1.470528,1.168031,-0.028295,-0.502331,-0.084045,-0.012883,-1.712462,-1.067387,-0.001953,0.420526,-0.749098,-0.037882,0.089175,3
-0.011837,-0.071816,0.004138,0.258774,-0.283415,0.049399,-0.046471,0.035708,0.010071,0.314960,-0.320519,-0.030495,0.338842,-0.011711,-0.056148,-0.235166,1.466465,1.168019,-0.031578,-0.502295,-0.084093,-0.012883,-1.706937,-1.067387,-0.003032,0.417231,-0.749086,-0.037906,0.088384,3
-0.011837,-0.071807,0.004151,0.258791,-0.283407,0.049414,-0.046497,0.035699,0.010084,0.314969,-0.320510,-0.030481,0.338869,-0.011680,-0.056147,-0.235154,1.462498,1.168031,-0.033843,-0.502283,-0.084129,-0.012883,-1.704217,-1.067399,-0.003847,0.415301,-0.749098,-0.037882,0.087940,3
-0.011846,-0.071824,0.004151,0.258766,-0.283403,0.049407,-0.046505,0.035716,0.010071,0.314969,-0.320510,-0.030481,0.338895,-0.011612,-0.056132,-0.235214,1.459874,1.168007,-0.035833,-0.502283,-0.084129,-0.012895,-1.701856,-1.067399,-0.004746,0.413396,-0.749110,-0.037822,0.087581,3
-0.011837,-0.071816,0.004138,0.258800,-0.283399,0.049399,-0.046514,0.035716,0.010044,0.314935,-0.320519,-0.030495,0.338922,-0.011566,-0.056152,-0.235238,1.457429,1.168019,-0.037882,-0.502271,-0.084117,-0.012895,-1.699627,-1.067411,-0.006208,0.411406,-0.749110,-0.037786,0.087233,3
-0.011837,-0.071816,0.004098,0.258783,-0.283390,0.049414,-0.046505,0.035708,0.010044,0.314926,-0.320510,-0.030481,0.338922,-0.011505,-0.056131,-0.235250,1.454769,1.168019,-0.041274,-0.502271,-0.084093,-0.012883,-1.696607,-1.067411,-0.007262,0.408183,-0.749122,-0.037762,0.086886,3
-0.011837,-0.071807,0.004085,0.258766,-0.283386,0.049407,-0.046488,0.035708,0.010031,0.314926,-0.320519,-0.030495,0.338922,-0.011422,-0.056116,-0.235214,1.452156,1.168019,-0.043467,-0.502283,-0.084057,-0.012883,-1.693491,-1.067411,-0.008401,0.406337,-0.749110,-0.037774,0.086586,3
-0.011837,-0.071816,0.004071,0.258757,-0.283394,0.049392,-0.046480,0.035716,0.010031,0.314943,-0.320510,-0.030481,0.338909,-0.011330,-0.056096,-0.235142,1.449519,1.168031,-0.045420,-0.502259,-0.084093,-0.012895,-1.690411,-1.067411,-0.009659,0.404432,-0.749086,-0.037846,0.086334,3
-0.011837,-0.071816,0.004098,0.258748,-0.283394,0.049392,-0.046480,0.035708,0.010044,0.314960,-0.320519,-0.030495,0.338922,-0.011247,-0.056050,-0.235131,1.446427,1.167995,-0.047398,-0.502295,-0.084129,-0.012883,-1.687079,-1.067375,-0.011037,0.402263,-0.749098,-0.037906,0.086011,3
-0.011846,-0.071807,0.004125,0.258731,-0.283402,0.049363,-0.046480,0.035708,0.010044,0.314969,-0.320519,-0.030495,0.338949,-0.011094,-0.056019,-0.235131,1.441670,1.168007,-0.050957,-0.502247,-0.084393,-0.012895,-1.680464,-1.067399,-0.013674,0.398583,-0.749086,-0.038218,0.085651,3
-0.011846,-0.071807,0.004085,0.258740,-0.283398,0.049356,-0.046488,0.035725,0.010044,0.314952,-0.320506,-0.030488,0.338962,-0.011049,-0.056029,-0.235131,1.440184,1.168007,-0.052119,-0.502235,-0.084489,-0.012895,-1.678786,-1.067387,-0.014597,0.397445,-0.749086,-0.038362,0.085579,3
-0.011837,-0.071816,0.004125,0.258757,-0.283377,0.049363,-0.046505,0.035725,0.010031,0.314977,-0.320510,-0.030481,0.338989,-0.010942,-0.056019,-0.235178,1.434371,1.168007,-0.055451,-0.502259,-0.084716,-0.012883,-1.673309,-1.067399,-0.017209,0.394137,-0.749098,-0.038697,0.085507,3
-0.011846,-0.071807,0.004125,0.258731,-0.283369,0.049349,-0.046488,0.035708,0.010031,0.314969,-0.320519,-0.030495,0.338989,-0.010874,-0.056023,-0.235166,1.431363,1.168007,-0.057740,-0.502223,-0.084728,-0.012895,-1.669415,-1.067387,-0.019211,0.391740,-0.749098,-0.038937,0.085507,3
-0.011846,-0.071816,0.004125,0.258748,-0.283369,0.049349,-0.046514,0.035708,0.010004,0.314960,-0.320519,-0.030495,0.339002,-0.010798,-0.056023,-0.235178,1.428487,1.168007,-0.061503,-0.502259,-0.084728,-0.012895,-1.665520,-1.067387,-0.020397,0.387857,-0.749098,-0.039236,0.085567,3
-0.011837,-0.071807,0.004125,0.258748,-0.283360,0.049334,-0.046514,0.035725,0.010017,0.314960,-0.320510,-0.030481,0.339016,-0.010722,-0.056022,-0.235166,1.425371,1.168007,-0.064044,-0.502235,-0.084728,-0.012907,-1.661852,-1.067399,-0.021667,0.385449,-0.749086,-0.039368,0.085591,3
-0.011863,-0.071816,0.004098,0.258757,-0.283360,0.049334,-0.046522,0.035725,0.009964,0.314943,-0.320527,-0.030481,0.339016,-0.010661,-0.056032,-0.235154,1.422195,1.168043,-0.066165,-0.502235,-0.084728,-0.012919,-1.658976,-1.067399,-0.023154,0.382872,-0.749074,-0.039164,0.085543,3
-0.011854,-0.071807,0.004098,0.258757,-0.283365,0.049342,-0.046522,0.035716,0.009964,0.314926,-0.320510,-0.030481,0.339016,-0.010585,-0.056032,-0.235178,1.419020,1.168019,-0.068442,-0.502187,-0.084728,-0.012907,-1.656160,-1.067411,-0.025035,0.379696,-0.749086,-0.038889,0.085244,3
-0.011854,-0.071816,0.004071,0.258748,-0.283369,0.049349,-0.046522,0.035725,0.009950,0.314909,-0.320510,-0.030481,0.339029,-0.010501,-0.056026,-0.235190,1.415724,1.168031,-0.070899,-0.502163,-0.084740,-0.012895,-1.653152,-1.067399,-0.027024,0.376676,-0.749074,-0.038565,0.085052,3
-0.011854,-0.071816,0.004071,0.258748,-0.283360,0.049334,-0.046514,0.035725,0.009964,0.314943,-0.320510,-0.030481,0.339043,-0.010387,-0.056031,-0.235178,1.412500,1.168019,-0.073308,-0.502031,-0.084788,-0.012871,-1.647591,-1.067387,-0.028918,0.373956,-0.749086,-0.038469,0.084908,3
-0.011863,-0.071816,0.004098,0.258766,-0.283352,0.049334,-0.046522,0.035716,0.009950,0.314977,-0.320527,-0.030481,0.339083,-0.010303,-0.056015,-0.235166,1.407587,1.168031,-0.075728,-0.501911,-0.084860,-0.012871,-1.643493,-1.067315,-0.030680,0.371247,-0.749098,-0.038421,0.084920,3
-0.011846,-0.071816,0.004111,0.258766,-0.283335,0.049334,-0.046522,0.035725,0.009923,0.314977,-0.320510,-0.030481,0.339123,-0.010151,-0.055985,-0.235178,1.402745,1.168019,-0.079635,-0.501696,-0.084920,-0.012823,-1.637441,-1.066980,-0.034527,0.366981,-0.749098,-0.038409,0.085076,3
-0.011854,-0.071799,0.004111,0.258766,-0.283340,0.049327,-0.046531,0.035725,0.009950,0.314977,-0.320519,-0.030495,0.339123,-0.010082,-0.055980,-0.235214,1.399401,1.168019,-0.083650,-0.501528,-0.084944,-0.012835,-1.633486,-1.066728,-0.036792,0.363026,-0.749086,-0.038505,0.085232,3
-0.011854,-0.071799,0.004125,0.258774,-0.283344,0.049320,-0.046514,0.035725,0.009937,0.314969,-0.320514,-0.030474,0.339163,-0.010029,-0.055984,-0.235202,1.395878,1.168007,-0.085987,-0.501372,-0.084932,-0.012859,-1.629004,-1.066440,-0.038853,0.359587,-0.749074,-0.038601,0.085400,3
-0.011846,-0.071807,0.004111,0.258774,-0.283343,0.049276,-0.046522,0.035725,0.009923,0.314943,-0.320514,-0.030474,0.339190,-0.009976,-0.055979,-0.235214,1.392451,1.168019,-0.088312,-0.501216,-0.084968,-0.012871,-1.624282,-1.066213,-0.040854,0.356543,-0.749074,-0.038637,0.085507,3
-0.011837,-0.071807,0.004111,0.258774,-0.283360,0.049291,-0.046531,0.035725,0.009910,0.314935,-0.320510,-0.030481,0.339230,-0.009907,-0.055984,-0.235190,1.388652,1.168019,-0.091128,-0.501096,-0.085088,-0.012859,-1.620339,-1.065985,-0.042939,0.353499,-0.749074,-0.038553,0.085579,3
-0.011846,-0.071799,0.004071,0.258791,-0.283356,0.049284,-0.046539,0.035725,0.009910,0.314926,-0.320523,-0.030488,0.339284,-0.009862,-0.055964,-0.235226,1.385068,1.168019,-0.093693,-0.500989,-0.085304,-0.012859,-1.616768,-1.065841,-0.045121,0.350191,-0.749098,-0.038385,0.085507,3
-0.011837,-0.071816,0.004071,0.258774,-0.283348,0.049284,-0.046522,0.035725,0.009897,0.314935,-0.320510,-0.030481,0.339324,-0.009808,-0.055978,-0.235298,1.381785,1.168019,-0.096377,-0.500881,-0.085519,-0.012871,-1.611818,-1.065697,-0.047470,0.346991,-0.749086,-0.038218,0.085388,3
-0.011837,-0.071816,0.004085,0.258783,-0.283339,0.049269,-0.046531,0.035725,0.009883,0.314969,-0.320519,-0.030495,0.339377,-0.009717,-0.055958,-0.235310,1.374846,1.168031,-0.100751,-0.500761,-0.085807,-0.012883,-1.604784,-1.065230,-0.050705,0.342377,-0.749086,-0.038242,0.085244,3
-0.011837,-0.071816,0.004071,0.258766,-0.283339,0.049298,-0.046514,0.035725,0.009856,0.314977,-0.320506,-0.030488,0.339444,-0.009649,-0.055933,-0.235274,1.371322,1.168031,-0.103592,-0.500677,-0.085951,-0.012847,-1.600385,-1.064966,-0.054468,0.339046,-0.749074,-0.038362,0.085196,3
-0.011846,-0.071807,0.004071,0.258783,-0.283327,0.049305,-0.046539,0.035725,0.009870,0.314977,-0.320510,-0.030495,0.339471,-0.009611,-0.055908,-0.235238,1.367224,1.168019,-0.105941,-0.500581,-0.086095,-0.012847,-1.595556,-1.064679,-0.057261,0.335786,-0.749062,-0.038385,0.085160,3
-0.011846,-0.071807,0.004098,0.258800,-0.283323,0.049298,-0.046522,0.035716,0.009856,0.314969,-0.320519,-0.030495,0.339525,-0.009588,-0.055893,-0.235238,1.363640,1.168019,-0.109799,-0.500521,-0.086238,-0.012835,-1.591194,-1.064391,-0.059861,0.330609,-0.749074,-0.038457,0.085148,3
-0.011854,-0.071807,0.004085,0.258808,-0.283323,0.049298,-0.046531,0.035708,0.009856,0.314943,-0.320519,-0.030495,0.339578,-0.009573,-0.055893,-0.235226,1.360093,1.168007,-0.112544,-0.500377,-0.086418,-0.012823,-1.585633,-1.064091,-0.062450,0.327038,-0.749074,-0.038625,0.085148,3
-0.011846,-0.071799,0.004098,0.258817,-0.283327,0.049276,-0.046539,0.035725,0.009856,0.314943,-0.320510,-0.030481,0.339632,-0.009550,-0.055898,-0.235238,1.356666,1.168019,-0.115049,-0.500293,-0.086802,-0.012799,-1.581019,-1.063756,-0.064966,0.323430,-0.749086,-0.038697,0.085172,3
-0.011863,-0.071799,0.004098,0.258808,-0.283314,0.049284,-0.046548,0.035725,0.009856,0.314926,-0.320510,-0.030481,0.339739,-0.009550,-0.055898,-0.235238,1.352807,1.168031,-0.117817,-0.500198,-0.087077,-0.012799,-1.576477,-1.063420,-0.067603,0.319823,-0.749074,-0.038613,0.085136,3
-0.011837,-0.071807,0.004098,0.258817,-0.283310,0.049248,-0.046548,0.035725,0.009856,0.314935,-0.320510,-0.030481,0.339793,-0.009542,-0.055893,-0.235214,1.348600,1.168031,-0.120801,-0.500078,-0.087365,-0.012799,-1.571036,-1.063037,-0.070156,0.316168,-0.749074,-0.038589,0.085124,3
-0.011846,-0.071816,0.004085,0.258808,-0.283318,0.049262,-0.046548,0.035725,0.009856,0.314926,-0.320514,-0.030474,0.339860,-0.009542,-0.055893,-0.235202,1.344550,1.168043,-0.123450,-0.499958,-0.087593,-0.012799,-1.566566,-1.062593,-0.072828,0.312453,-0.749086,-0.038601,0.085124,3
-0.011837,-0.071799,0.004071,0.258791,-0.283318,0.049233,-0.046556,0.035716,0.009843,0.314960,-0.320510,-0.030481,0.339900,-0.009512,-0.055892,-0.235226,1.339085,1.168031,-0.125882,-0.499814,-0.087808,-0.012823,-1.561844,-1.061826,-0.075872,0.308606,-0.749074,-0.038613,0.085160,3
-0.011854,-0.071799,0.004071,0.258800,-0.283314,0.049255,-0.046531,0.035716,0.009830,0.314969,-0.320519,-0.030495,0.339953,-0.009496,-0.055863,-0.235214,1.335490,1.168019,-0.128279,-0.499646,-0.088048,-0.012847,-1.556607,-1.061239,-0.080234,0.305082,-0.749086,-0.038673,0.085220,3
-0.011846,-0.071799,0.004071,0.258817,-0.283310,0.049248,-0.046548,0.035708,0.009803,0.314977,-0.320523,-0.030488,0.340034,-0.009489,-0.055858,-0.235214,1.329665,1.168043,-0.133696,-0.499371,-0.088539,-0.012859,-1.548853,-1.060352,-0.084848,0.297676,-0.749086,-0.038673,0.085292,3
-0.011854,-0.071799,0.004018,0.258800,-0.283301,0.049233,-0.046556,0.035725,0.009776,0.314960,-0.320523,-0.030503,0.340074,-0.009496,-0.055863,-0.235226,1.325531,1.168031,-0.136392,-0.499095,-0.088851,-0.012871,-1.543568,-1.059681,-0.087976,0.294069,-0.749098,-0.038685,0.085292,3
-0.011846,-0.071790,0.004018,0.258817,-0.283309,0.049219,-0.046590,0.035716,0.009763,0.314943,-0.320519,-0.030481,0.340127,-0.009527,-0.055883,-0.235202,1.321564,1.168043,-0.139472,-0.498915,-0.089330,-0.012859,-1.538403,-1.059010,-0.091020,0.289850,-0.749086,-0.038781,0.085196,3
-0.011854,-0.071799,0.004004,0.258791,-0.283305,0.049240,-0.046582,0.035725,0.009776,0.314935,-0.320519,-0.030495,0.340127,-0.009534,-0.055888,-0.235190,1.317873,1.168043,-0.142552,-0.498736,-0.089570,-0.012871,-1.533717,-1.058459,-0.094544,0.286016,-0.749086,-0.038769,0.085052,3
-0.011854,-0.071799,0.003991,0.258800,-0.283301,0.049233,-0.046573,0.035716,0.009763,0.314918,-0.320523,-0.030488,0.340141,-0.009542,-0.055893,-0.235166,1.314289,1.168031,-0.145177,-0.498592,-0.089726,-0.012871,-1.529355,-1.057907,-0.097851,0.281881,-0.749086,-0.038685,0.084908,3
-0.011854,-0.071799,0.003991,0.258791,-0.283293,0.049219,-0.046556,0.035725,0.009736,0.314926,-0.320519,-0.030495,0.340181,-0.009550,-0.055878,-0.235190,1.310095,1.168031,-0.147825,-0.498424,-0.089810,-0.012871,-1.522200,-1.057308,-0.101231,0.278166,-0.749086,-0.038685,0.084908,3
-0.011846,-0.071799,0.003991,0.258791,-0.283276,0.049219,-0.046548,0.035725,0.009736,0.314943,-0.320523,-0.030488,0.340181,-0.009534,-0.055878,-0.235190,1.303875,1.168031,-0.150618,-0.498280,-0.089870,-0.012871,-1.516879,-1.056158,-0.104311,0.274666,-0.749074,-0.038757,0.084944,3
-0.011846,-0.071799,0.003977,0.258783,-0.283268,0.049219,-0.046548,0.035708,0.009736,0.314943,-0.320519,-0.030495,0.340194,-0.009580,-0.055868,-0.235190,1.299837,1.168031,-0.153218,-0.498148,-0.089846,-0.012883,-1.511415,-1.055331,-0.107475,0.270640,-0.749074,-0.038913,0.084968,3
-0.011837,-0.071799,0.003964,0.258783,-0.283272,0.049211,-0.046531,0.035716,0.009709,0.314960,-0.320527,-0.030510,0.340221,-0.009603,-0.055863,-0.235190,1.295810,1.168031,-0.157461,-0.497981,-0.089846,-0.012943,-1.505878,-1.054468,-0.112472,0.266517,-0.749074,-0.039093,0.084896,3
-0.011854,-0.071807,0.003951,0.258808,-0.283280,0.049197,-0.046556,0.035725,0.009709,0.314960,-0.320531,-0.030517,0.340261,-0.009626,-0.055868,-0.235226,1.289638,1.168126,-0.162087,-0.497681,-0.089846,-0.013219,-1.497872,-1.053377,-0.118296,0.258020,-0.749086,-0.038985,0.084705,3
-0.011863,-0.071790,0.003924,0.258825,-0.283288,0.049182,-0.046565,0.035708,0.009723,0.314977,-0.320523,-0.030503,0.340301,-0.009656,-0.055888,-0.235250,1.285587,1.168198,-0.164699,-0.497525,-0.089894,-0.013326,-1.492983,-1.052754,-0.121832,0.254365,-0.749086,-0.038745,0.084621,3
-0.011846,-0.071799,0.003897,0.258825,-0.283293,0.049190,-0.046573,0.035716,0.009696,0.314960,-0.320527,-0.030495,0.340328,-0.009717,-0.055908,-0.235226,1.281525,1.168330,-0.167563,-0.497285,-0.089918,-0.013422,-1.487314,-1.052047,-0.125595,0.250267,-0.749086,-0.038829,0.084609,3
-0.011846,-0.071807,0.003857,0.258825,-0.283280,0.049197,-0.046556,0.035716,0.009723,0.314960,-0.320527,-0.030539,0.340409,-0.009770,-0.055914,-0.235250,1.277714,1.168438,-0.170512,-0.497022,-0.089990,-0.013506,-1.482640,-1.051292,-0.129130,0.246132,-0.749086,-0.038949,0.084621,3
-0.011846,-0.071782,0.003830,0.258825,-0.283280,0.049197,-0.046548,0.035716,0.009696,0.314943,-0.320527,-0.030524,0.340449,-0.009770,-0.055904,-0.235286,1.274094,1.168522,-0.173304,-0.496698,-0.090073,-0.013518,-1.477415,-1.050417,-0.132534,0.241482,-0.749074,-0.039033,0.084633,3
-0.011846,-0.071799,0.003817,0.258808,-0.283276,0.049204,-0.046548,0.035716,0.009709,0.314943,-0.320531,-0.030517,0.340502,-0.009808,-0.055889,-0.235346,1.269876,1.168558,-0.176552,-0.496291,-0.090145,-0.013506,-1.468463,-1.049411,-0.136153,0.237156,-0.749074,-0.039045,0.084669,3
-0.011854,-0.071799,0.003803,0.258817,-0.283276,0.049219,-0.046522,0.035716,0.009709,0.314935,-0.320531,-0.030517,0.340529,-0.009854,-0.055899,-0.235382,1.263548,1.168582,-0.179835,-0.495859,-0.090217,-0.013458,-1.463286,-1.047877,-0.139736,0.233429,-0.749074,-0.038925,0.084669,3
-0.011837,-0.071799,0.003803,0.258817,-0.283272,0.049211,-0.046548,0.035716,0.009669,0.314943,-0.320531,-0.030517,0.340569,-0.009907,-0.055924,-0.235442,1.259510,1.168618,-0.182783,-0.495344,-0.090241,-0.013386,-1.458360,-1.046846,-0.145536,0.229402,-0.749086,-0.038793,0.084621,3
-0.011846,-0.071799,0.003803,0.258825,-0.283276,0.049219,-0.046531,0.035725,0.009669,0.314943,-0.320535,-0.030510,0.340636,-0.009976,-0.055949,-0.235454,1.255567,1.168690,-0.185540,-0.494709,-0.090253,-0.013279,-1.452991,-1.045923,-0.149539,0.225052,-0.749086,-0.038697,0.084537,3
-0.011854,-0.071807,0.003817,0.258834,-0.283272,0.049211,-0.046531,0.035725,0.009696,0.314960,-0.320531,-0.030517,0.340663,-0.010022,-0.055979,-0.235478,1.251828,1.168786,-0.189998,-0.493954,-0.090253,-0.013183,-1.447431,-1.045096,-0.153626,0.217897,-0.749098,-0.038745,0.084513,3
-0.011837,-0.071807,0.003817,0.258825,-0.283280,0.049197,-0.046531,0.035708,0.009669,0.314960,-0.320523,-0.030532,0.340757,-0.010105,-0.056014,-0.235550,1.245728,1.168857,-0.194192,-0.492324,-0.090277,-0.013051,-1.439665,-1.043874,-0.159151,0.211534,-0.749086,-0.038829,0.084597,3
-0.011854,-0.071799,0.003830,0.258825,-0.283280,0.049197,-0.046522,0.035725,0.009682,0.314952,-0.320539,-0.030531,0.340810,-0.010151,-0.056015,-0.235538,1.241725,1.168953,-0.197272,-0.491569,-0.090361,-0.012979,-1.434176,-1.043095,-0.162518,0.207291,-0.749086,-0.038877,0.084705,3
-0.011829,-0.071816,0.003830,0.258825,-0.283280,0.049197,-0.046505,0.035725,0.009682,0.314969,-0.320527,-0.030539,0.340904,-0.010212,-0.056025,-0.235490,1.237315,1.169037,-0.200304,-0.490946,-0.090433,-0.012943,-1.428316,-1.042184,-0.166509,0.202378,-0.749062,-0.038865,0.084788,3
-0.011837,-0.071799,0.003817,0.258825,-0.283280,0.049197,-0.046488,0.035708,0.009669,0.314943,-0.320531,-0.030546,0.340944,-0.010257,-0.056035,-0.235466,1.233096,1.169085,-0.203025,-0.490430,-0.090517,-0.012943,-1.422863,-1.041022,-0.170440,0.197728,-0.749074,-0.038757,0.084740,3
-0.011837,-0.071799,0.003803,0.258825,-0.283284,0.049204,-0.046488,0.035716,0.009669,0.314960,-0.320548,-0.030546,0.341011,-0.010341,-0.056040,-0.235490,1.229034,1.169121,-0.205517,-0.490023,-0.090625,-0.012979,-1.415349,-1.039871,-0.174586,0.193425,-0.749086,-0.038553,0.084669,3
-0.011837,-0.071816,0.003817,0.258817,-0.283280,0.049197,-0.046480,0.035725,0.009669,0.314926,-0.320535,-0.030539,0.341078,-0.010417,-0.056081,-0.235514,1.222982,1.169097,-0.208478,-0.489711,-0.090792,-0.013015,-1.409285,-1.038193,-0.178385,0.189039,-0.749086,-0.038469,0.084657,3
-0.011846,-0.071807,0.003817,0.258817,-0.283280,0.049197,-0.046454,0.035725,0.009682,0.314960,-0.320531,-0.030517,0.341132,-0.010448,-0.056101,-0.235514,1.219183,1.169109,-0.211186,-0.489436,-0.091056,-0.013063,-1.403616,-1.037271,-0.183706,0.184473,-0.749098,-0.038541,0.084681,3
-0.011837,-0.071807,0.003843,0.258817,-0.283280,0.049197,-0.046446,0.035716,0.009682,0.314960,-0.320527,-0.030524,0.341199,-0.010478,-0.056121,-0.235502,1.215300,1.169121,-0.213978,-0.489244,-0.091308,-0.013111,-1.398104,-1.036456,-0.187697,0.179883,-0.749086,-0.038601,0.084705,3
-0.011846,-0.071816,0.003817,0.258817,-0.283280,0.049197,-0.046437,0.035708,0.009669,0.314952,-0.320539,-0.030531,0.341279,-0.010524,-0.056131,-0.235550,1.209152,1.169073,-0.220234,-0.489016,-0.091679,-0.013183,-1.389727,-1.034994,-0.194085,0.170655,-0.749086,-0.038481,0.084645,3
-0.011829,-0.071816,0.003817,0.258817,-0.283284,0.049204,-0.046446,0.035708,0.009669,0.314935,-0.320535,-0.030524,0.341346,-0.010554,-0.056161,-0.235574,1.204909,1.169013,-0.222919,-0.488968,-0.092063,-0.013255,-1.384106,-1.033939,-0.198003,0.166185,-0.749062,-0.038481,0.084597,3
-0.011829,-0.071807,0.003830,0.258825,-0.283280,0.049197,-0.046446,0.035725,0.009682,0.314926,-0.320535,-0.030539,0.341426,-0.010562,-0.056166,-0.235550,1.200667,1.168941,-0.225363,-0.488968,-0.092303,-0.013302,-1.378725,-1.032848,-0.201575,0.161248,-0.749074,-0.038565,0.084549,3
-0.011837,-0.071816,0.003803,0.258825,-0.283284,0.049204,-0.046454,0.035716,0.009669,0.314918,-0.320543,-0.030539,0.341534,-0.010577,-0.056186,-0.235490,1.196556,1.168833,-0.227916,-0.488968,-0.092542,-0.013362,-1.373728,-1.031794,-0.205362,0.156538,-0.749086,-0.038565,0.084525,3
-0.011854,-0.071807,0.003803,0.258834,-0.283293,0.049190,-0.046463,0.035708,0.009682,0.314918,-0.320539,-0.030531,0.341627,-0.010592,-0.056186,-0.235358,1.192134,1.168845,-0.230409,-0.488992,-0.092770,-0.013422,-1.365087,-1.030763,-0.209293,0.151624,-0.749098,-0.038529,0.084525,3
-0.011829,-0.071807,0.003803,0.258825,-0.283284,0.049204,-0.046446,0.035716,0.009656,0.314943,-0.320535,-0.030539,0.341721,-0.010607,-0.056196,-0.235250,1.186334,1.168833,-0.232865,-0.488956,-0.093022,-0.013458,-1.359251,-1.029217,-0.213631,0.147046,-0.749098,-0.038601,0.084525,3
-0.011837,-0.071816,0.003803,0.258834,-0.283272,0.049211,-0.046454,0.035716,0.009669,0.314960,-0.320535,-0.030539,0.341815,-0.010600,-0.056201,-0.235190,1.182643,1.168786,-0.235574,-0.488956,-0.093309,-0.013590,-1.353810,-1.028115,-0.219515,0.142157,-0.749098,-0.038625,0.084525,3
-0.011829,-0.071816,0.003803,0.258825,-0.283272,0.049211,-0.046463,0.035699,0.009669,0.314986,-0.320535,-0.030539,0.341922,-0.010607,-0.056206,-0.235226,1.178604,1.168666,-0.238462,-0.488932,-0.093633,-0.013686,-1.348153,-1.027024,-0.223350,0.137627,-0.749110,-0.038661,0.084525,3
-0.011837,-0.071807,0.003817,0.258834,-0.283272,0.049211,-0.046471,0.035716,0.009669,0.314986,-0.320543,-0.030553,0.342029,-0.010638,-0.056206,-0.235286,1.174398,1.168486,-0.242369,-0.488908,-0.093968,-0.013794,-1.342904,-1.025898,-0.227149,0.130436,-0.749110,-0.038709,0.084525,3
-0.011837,-0.071816,0.003843,0.258825,-0.283280,0.049197,-0.046454,0.035699,0.009669,0.314960,-0.320539,-0.030531,0.342163,-0.010646,-0.056231,-0.235274,1.169724,1.168306,-0.244622,-0.488884,-0.094340,-0.013902,-1.337440,-1.024795,-0.231631,0.125463,-0.749086,-0.038745,0.084501,3
-0.011829,-0.071816,0.003817,0.258834,-0.283288,0.049182,-0.046480,0.035716,0.009669,0.314969,-0.320535,-0.030553,0.342283,-0.010661,-0.056221,-0.235214,1.165445,1.168210,-0.246887,-0.488861,-0.095011,-0.014046,-1.332190,-1.023609,-0.235981,0.120849,-0.749098,-0.038805,0.084489,3
-0.011837,-0.071816,0.003817,0.258825,-0.283280,0.049197,-0.046454,0.035725,0.009669,0.314943,-0.320539,-0.030560,0.342618,-0.010646,-0.056211,-0.235095,1.159561,1.168246,-0.250542,-0.488801,-0.096113,-0.014453,-1.323742,-1.021535,-0.241854,0.113455,-0.749086,-0.038997,0.084501,3
-0.011820,-0.071807,0.003803,0.258817,-0.283288,0.049182,-0.046446,0.035699,0.009669,0.314943,-0.320543,-0.030539,0.342766,-0.010646,-0.056221,-0.235011,1.155582,1.168270,-0.252879,-0.488753,-0.097024,-0.014705,-1.314921,-1.019953,-0.245772,0.108949,-0.749098,-0.039081,0.084501,3
-0.011837,-0.071807,0.003803,0.258808,-0.283288,0.049182,-0.046463,0.035716,0.009642,0.314943,-0.320535,-0.030539,0.342953,-0.010630,-0.056221,-0.234975,1.151172,1.168234,-0.255468,-0.488705,-0.098019,-0.014980,-1.309217,-1.018420,-0.249715,0.103987,-0.749086,-0.039140,0.084501,3
-0.011837,-0.071807,0.003803,0.258808,-0.283288,0.049182,-0.046463,0.035716,0.009669,0.314952,-0.320535,-0.030539,0.343141,-0.010638,-0.056216,-0.234987,1.144940,1.168174,-0.258152,-0.488657,-0.099086,-0.015232,-1.303836,-1.016166,-0.253958,0.099457,-0.749110,-0.039212,0.084465,3
-0.011829,-0.071816,0.003790,0.258825,-0.283272,0.049182,-0.046480,0.035708,0.009669,0.314952,-0.320543,-0.030553,0.343341,-0.010646,-0.056221,-0.234987,1.141129,1.168031,-0.260597,-0.488609,-0.100140,-0.015484,-1.298611,-1.014932,-0.259962,0.094615,-0.749098,-0.039356,0.084429,3
-0.011829,-0.071816,0.003790,0.258825,-0.283276,0.049204,-0.046471,0.035716,0.009669,0.314960,-0.320535,-0.030539,0.343556,-0.010638,-0.056226,-0.234987,1.137103,1.167971,-0.263737,-0.488573,-0.101255,-0.015711,-1.293254,-1.013865,-0.263953,0.087161,-0.749110,-0.039500,0.084381,3
-0.011837,-0.071816,0.003817,0.258825,-0.283276,0.049219,-0.046471,0.035708,0.009669,0.314960,-0.320531,-0.030546,0.343757,-0.010638,-0.056226,-0.234999,1.132800,1.167971,-0.265762,-0.488489,-0.102441,-0.015987,-1.288256,-1.012727,-0.267524,0.082176,-0.749098,-0.039632,0.084357,3
-0.011829,-0.071816,0.003790,0.258791,-0.283272,0.049211,-0.046446,0.035708,0.009669,0.314960,-0.320531,-0.030546,0.343931,-0.010653,-0.056216,-0.234999,1.128474,1.168019,-0.267776,-0.488417,-0.104323,-0.016239,-1.282755,-1.011145,-0.271754,0.077598,-0.749074,-0.039668,0.084321,3
-0.011837,-0.071816,0.003790,0.258783,-0.283280,0.049211,-0.046437,0.035716,0.009656,0.314943,-0.320535,-0.030539,0.344279,-0.010646,-0.056211,-0.234987,1.124675,1.168043,-0.269429,-0.488345,-0.105617,-0.016682,-1.277291,-1.009228,-0.275961,0.072696,-0.749098,-0.039704,0.084321,3
-0.011846,-0.071816,0.003790,0.258808,-0.283268,0.049190,-0.046428,0.035716,0.009669,0.314943,-0.320531,-0.030546,0.344614,-0.010646,-0.056221,-0.234987,1.118719,1.168078,-0.272018,-0.488165,-0.107702,-0.017233,-1.266289,-1.006519,-0.281809,0.065410,-0.749110,-0.039728,0.084321,3
-0.011837,-0.071816,0.003790,0.258800,-0.283272,0.049197,-0.046454,0.035725,0.009669,0.314960,-0.320531,-0.030546,0.344895,-0.010653,-0.056216,-0.235011,1.114488,1.168078,-0.273923,-0.488034,-0.109164,-0.017653,-1.261388,-1.004997,-0.285620,0.060724,-0.749110,-0.039716,0.084321,3
-0.011837,-0.071807,0.003817,0.258808,-0.283272,0.049182,-0.046463,0.035716,0.009669,0.314969,-0.320531,-0.030546,0.345042,-0.010653,-0.056216,-0.235011,1.109743,1.168090,-0.274942,-0.487974,-0.109919,-0.017916,-1.259015,-1.003427,-0.287502,0.058543,-0.749110,-0.039704,0.084333,3
-0.011846,-0.071816,0.003803,0.258800,-0.283280,0.049197,-0.046505,0.035699,0.009669,0.314969,-0.320527,-0.030539,0.345524,-0.010646,-0.056221,-0.234987,1.103559,1.168198,-0.278250,-0.487710,-0.112364,-0.018827,-1.251141,-1.000839,-0.295519,0.051640,-0.749098,-0.039716,0.084273,3
-0.011846,-0.071807,0.003817,0.258808,-0.283272,0.049182,-0.046514,0.035708,0.009642,0.314943,-0.320539,-0.030531,0.345846,-0.010661,-0.056221,-0.234987,1.099700,1.168366,-0.281102,-0.487494,-0.113910,-0.019582,-1.246276,-0.999077,-0.299486,0.043898,-0.749098,-0.039788,0.084225,3
-0.011837,-0.071799,0.003803,0.258808,-0.283272,0.049182,-0.046488,0.035716,0.009656,0.314943,-0.320531,-0.030546,0.346221,-0.010661,-0.056221,-0.234975,1.095973,1.168498,-0.282720,-0.487159,-0.115516,-0.020469,-1.241290,-0.997567,-0.303608,0.039033,-0.749122,-0.039788,0.084213,3
-0.011846,-0.071816,0.003803,0.258800,-0.283280,0.049168,-0.046480,0.035708,0.009669,0.314960,-0.320531,-0.030546,0.346555,-0.010676,-0.056211,-0.234987,1.091778,1.168618,-0.284434,-0.486919,-0.117278,-0.021452,-1.235837,-0.996345,-0.307359,0.034359,-0.749146,-0.039728,0.084225,3
-0.011820,-0.071807,0.003790,0.258800,-0.283272,0.049182,-0.046454,0.035708,0.009682,0.314943,-0.320531,-0.030546,0.346863,-0.010676,-0.056211,-0.234951,1.087716,1.168654,-0.286159,-0.486667,-0.120262,-0.022422,-1.230337,-0.995338,-0.311458,0.029841,-0.749170,-0.039548,0.084225,3
-0.011837,-0.071816,0.003817,0.258800,-0.283272,0.049182,-0.046480,0.035725,0.009669,0.314943,-0.320531,-0.030546,0.347265,-0.010676,-0.056211,-0.234951,1.083341,1.168630,-0.287885,-0.486272,-0.122395,-0.023837,-1.225375,-0.994020,-0.315569,0.024855,-0.749134,-0.039356,0.084189,3
-0.011837,-0.071807,0.003817,0.258808,-0.283272,0.049211,-0.046497,0.035725,0.009669,0.314943,-0.320539,-0.030546,0.347493,-0.010691,-0.056221,-0.234963,1.079255,1.168522,-0.289335,-0.485817,-0.124528,-0.024771,-1.218748,-0.992414,-0.319511,0.020301,-0.749110,-0.039105,0.084081,3
-0.011854,-0.071807,0.003817,0.258774,-0.283272,0.049182,-0.046488,0.035716,0.009656,0.314943,-0.320531,-0.030546,0.347680,-0.010699,-0.056216,-0.234975,1.075036,1.168330,-0.290689,-0.485253,-0.126781,-0.025730,-1.213199,-0.990760,-0.323682,0.015843,-0.749098,-0.038949,0.084033,3
-0.011837,-0.071816,0.003803,0.258800,-0.283284,0.049204,-0.046488,0.035716,0.009669,0.314943,-0.320527,-0.030539,0.347854,-0.010676,-0.056211,-0.234987,1.066408,1.167983,-0.292859,-0.484127,-0.130316,-0.027288,-1.205086,-0.987512,-0.331508,0.009144,-0.749110,-0.038997,0.083961,3
-0.011829,-0.071816,0.003790,0.258817,-0.283280,0.049197,-0.046471,0.035725,0.009669,0.314960,-0.320531,-0.030546,0.347881,-0.010691,-0.056221,-0.234963,1.062177,1.167959,-0.295399,-0.483156,-0.132450,-0.028439,-1.200028,-0.986218,-0.335379,0.001822,-0.749134,-0.039033,0.083938,3
-0.011837,-0.071824,0.003803,0.258808,-0.283280,0.049211,-0.046488,0.035725,0.009669,0.314960,-0.320531,-0.030546,0.347895,-0.010699,-0.056216,-0.234951,1.058234,1.167971,-0.297113,-0.481334,-0.134571,-0.029625,-1.194683,-0.984959,-0.339273,-0.002732,-0.749122,-0.039033,0.083902,3
-0.011846,-0.071816,0.003790,0.258825,-0.283276,0.049204,-0.046488,0.035716,0.009669,0.314960,-0.320535,-0.030539,0.347828,-0.010691,-0.056221,-0.234927,1.054220,1.167995,-0.298803,-0.479992,-0.137687,-0.030775,-1.189410,-0.983450,-0.343480,-0.007023,-0.749110,-0.038889,0.083902,3
-0.011829,-0.071816,0.003817,0.258800,-0.283280,0.049197,-0.046514,0.035708,0.009669,0.314943,-0.320531,-0.030546,0.347734,-0.010691,-0.056221,-0.234915,1.049917,1.168019,-0.300301,-0.478542,-0.139964,-0.032321,-1.184617,-0.981520,-0.347614,-0.011792,-0.749098,-0.038793,0.083866,3
-0.011837,-0.071816,0.003790,0.258800,-0.283288,0.049182,-0.046522,0.035708,0.009656,0.314943,-0.320531,-0.030546,0.347613,-0.010699,-0.056216,-0.234891,1.045579,1.168067,-0.301655,-0.477104,-0.142205,-0.033052,-1.178121,-0.979423,-0.351869,-0.016382,-0.749110,-0.038757,0.083878,3
-0.011837,-0.071807,0.003803,0.258800,-0.283288,0.049182,-0.046514,0.035716,0.009682,0.314969,-0.320531,-0.030546,0.347533,-0.010699,-0.056226,-0.234819,1.039120,1.168054,-0.303021,-0.475354,-0.144542,-0.033508,-1.173364,-0.976439,-0.355656,-0.020984,-0.749110,-0.038877,0.083902,3
-0.011820,-0.071807,0.003803,0.258783,-0.283280,0.049197,-0.046488,0.035725,0.009669,0.314960,-0.320531,-0.030546,0.347426,-0.010691,-0.056221,-0.234699,1.034793,1.168019,-0.304711,-0.473329,-0.147010,-0.033819,-1.168330,-0.974713,-0.359143,-0.025694,-0.749122,-0.039057,0.083938,3
-0.011846,-0.071816,0.003817,0.258774,-0.283272,0.049211,-0.046497,0.035699,0.009682,0.314960,-0.320539,-0.030560,0.347413,-0.010706,-0.056221,-0.234375,1.028454,1.167995,-0.308114,-0.470273,-0.150666,-0.034263,-1.160624,-0.972328,-0.366873,-0.032405,-0.749134,-0.039212,0.084021,3
-0.011846,-0.071807,0.003817,0.258774,-0.283272,0.049211,-0.046514,0.035725,0.009669,0.314952,-0.320523,-0.030532,0.347466,-0.010691,-0.056221,-0.234100,1.024403,1.168031,-0.309565,-0.468427,-0.152967,-0.034335,-1.155663,-0.970734,-0.370960,-0.039117,-0.749146,-0.039224,0.084009,3
-0.011846,-0.071824,0.003790,0.258791,-0.283276,0.049204,-0.046514,0.035725,0.009669,0.314943,-0.320523,-0.030532,0.347573,-0.010699,-0.056226,-0.233812,1.020424,1.168031,-0.311015,-0.466031,-0.156430,-0.034275,-1.150414,-0.969200,-0.374567,-0.043766,-0.749158,-0.039188,0.083973,3
-0.011846,-0.071807,0.003803,0.258783,-0.283284,0.049204,-0.046505,0.035708,0.009669,0.314943,-0.320527,-0.030539,0.347761,-0.010699,-0.056226,-0.233608,1.016074,1.168019,-0.312561,-0.464341,-0.158839,-0.034155,-1.145476,-0.967690,-0.378102,-0.047973,-0.749158,-0.039105,0.083961,3
-0.011846,-0.071816,0.003777,0.258774,-0.283280,0.049197,-0.046488,0.035708,0.009669,0.314943,-0.320523,-0.030546,0.348082,-0.010691,-0.056231,-0.233465,1.011903,1.168019,-0.314394,-0.462603,-0.161128,-0.033879,-1.141018,-0.966228,-0.381973,-0.052383,-0.749146,-0.039057,0.083890,3
-0.011854,-0.071816,0.003803,0.258783,-0.283280,0.049197,-0.046497,0.035716,0.009682,0.314926,-0.320531,-0.030546,0.348296,-0.010706,-0.056221,-0.233297,1.007913,1.168007,-0.316455,-0.460877,-0.163501,-0.033676,-1.136728,-0.964538,-0.385616,-0.056709,-0.749146,-0.039069,0.083866,3
-0.011837,-0.071833,0.003803,0.258774,-0.283293,0.049190,-0.046471,0.035716,0.009669,0.314875,-0.320531,-0.030546,0.348511,-0.010699,-0.056226,-0.233009,1.003706,1.167983,-0.318301,-0.459140,-0.165838,-0.033508,-1.130064,-0.962741,-0.389631,-0.061215,-0.749158,-0.039152,0.083842,3
-0.011837,-0.071816,0.003790,0.258791,-0.283284,0.049204,-0.046454,0.035725,0.009669,0.314850,-0.320523,-0.030532,0.348725,-0.010691,-0.056231,-0.232770,0.996995,1.167959,-0.319931,-0.457438,-0.168175,-0.033412,-1.124851,-0.959637,-0.393178,-0.065781,-0.749170,-0.039308,0.083842,3
-0.011854,-0.071816,0.003803,0.258791,-0.283297,0.049197,-0.046437,0.035716,0.009669,0.314815,-0.320531,-0.030531,0.348899,-0.010699,-0.056226,-0.232602,0.992609,1.167983,-0.321237,-0.455628,-0.170344,-0.033364,-1.119986,-0.957791,-0.397876,-0.070323,-0.749206,-0.039452,0.083854,3
-0.011871,-0.071816,0.003790,0.258791,-0.283293,0.049219,-0.046454,0.035716,0.009656,0.314781,-0.320535,-0.030539,0.349060,-0.010691,-0.056231,-0.232518,0.988438,1.167959,-0.323286,-0.453579,-0.172369,-0.033388,-1.114653,-0.956173,-0.401376,-0.076723,-0.749206,-0.039512,0.083854,3
-0.011846,-0.071807,0.003790,0.258817,-0.283289,0.049211,-0.046471,0.035716,0.009656,0.314798,-0.320535,-0.030539,0.349261,-0.010722,-0.056231,-0.232542,0.982266,1.167731,-0.325983,-0.449732,-0.175605,-0.033532,-1.107414,-0.953681,-0.406972,-0.083410,-0.749230,-0.039428,0.083770,3
-0.011854,-0.071816,0.003790,0.258817,-0.283297,0.049226,-0.046480,0.035725,0.009656,0.314833,-0.320535,-0.030539,0.349408,-0.010722,-0.056231,-0.232602,0.978048,1.167455,-0.327864,-0.448306,-0.178637,-0.033748,-1.102860,-0.951667,-0.410867,-0.087617,-0.749230,-0.039308,0.083674,3
-0.011846,-0.071816,0.003777,0.258808,-0.283280,0.049226,-0.046480,0.035716,0.009669,0.314798,-0.320539,-0.030560,0.349515,-0.010706,-0.056221,-0.232602,0.973566,1.167084,-0.329578,-0.447131,-0.180494,-0.034011,-1.098414,-0.949630,-0.414450,-0.092099,-0.749206,-0.039260,0.083578,3
-0.011863,-0.071816,0.003777,0.258808,-0.283280,0.049226,-0.046463,0.035708,0.009669,0.314798,-0.320539,-0.030546,0.349703,-0.010706,-0.056221,-0.232554,0.969324,1.166808,-0.331292,-0.445969,-0.182196,-0.034431,-1.093812,-0.947892,-0.417686,-0.095994,-0.749230,-0.039320,0.083482,3
-0.011854,-0.071816,0.003777,0.258817,-0.283289,0.049226,-0.046471,0.035716,0.009669,0.314764,-0.320548,-0.030560,0.349770,-0.010706,-0.056221,-0.232374,0.965369,1.166640,-0.333161,-0.444818,-0.184042,-0.034658,-1.087473,-0.946262,-0.421090,-0.100092,-0.749242,-0.039404,0.083458,3
-0.011846,-0.071816,0.003790,0.258817,-0.283285,0.049233,-0.046480,0.035708,0.009656,0.314764,-0.320543,-0.030553,0.349823,-0.010699,-0.056226,-0.232158,0.958945,1.166664,-0.335223,-0.443656,-0.185875,-0.034862,-1.082847,-0.943566,-0.424313,-0.104443,-0.749254,-0.039560,0.083398,3
-0.011846,-0.071816,0.003790,0.258800,-0.283297,0.049226,-0.046497,0.035725,0.009629,0.314781,-0.320543,-0.030553,0.349823,-0.010699,-0.056226,-0.231907,0.954176,1.166760,-0.337452,-0.442386,-0.187673,-0.034982,-1.077849,-0.941493,-0.428005,-0.108781,-0.749266,-0.039692,0.083350,3
-0.011854,-0.071807,0.003803,0.258800,-0.283314,0.049226,-0.046488,0.035699,0.009656,0.314764,-0.320539,-0.030560,0.349823,-0.010722,-0.056231,-0.231631,0.949538,1.166856,-0.339453,-0.441019,-0.189363,-0.035066,-1.072924,-0.939300,-0.433649,-0.113167,-0.749254,-0.039668,0.083290,3
-0.011846,-0.071816,0.003790,0.258817,-0.283309,0.049219,-0.046488,0.035708,0.009642,0.314773,-0.320556,-0.030560,0.349796,-0.010722,-0.056231,-0.231355,0.945607,1.166832,-0.341958,-0.439809,-0.190945,-0.035054,-1.068765,-0.937262,-0.437041,-0.118752,-0.749254,-0.039668,0.083254,3
-0.011829,-0.071807,0.003830,0.258817,-0.283301,0.049233,-0.046488,0.035708,0.009642,0.314756,-0.320556,-0.030560,0.349796,-0.010722,-0.056231,-0.231044,0.939435,1.166832,-0.344642,-0.437041,-0.193198,-0.035042,-1.062773,-0.934554,-0.441966,-0.124660,-0.749242,-0.039692,0.083242,3
-0.011846,-0.071807,0.003817,0.258817,-0.283301,0.049233,-0.046488,0.035708,0.009642,0.314764,-0.320556,-0.030575,0.349783,-0.010722,-0.056231,-0.230936,0.937278,1.166904,-0.345613,-0.436214,-0.194540,-0.035042,-1.060820,-0.933619,-0.443476,-0.126613,-0.749242,-0.039704,0.083254,3
-0.011846,-0.071816,0.003803,0.258808,-0.283301,0.049233,-0.046497,0.035708,0.009629,0.314747,-0.320560,-0.030568,0.349770,-0.010737,-0.056241,-0.230624,0.930603,1.167072,-0.348621,-0.433170,-0.196505,-0.034994,-1.054804,-0.930467,-0.448725,-0.133229,-0.749242,-0.039740,0.083147,3
-0.011871,-0.071816,0.003803,0.258808,-0.283301,0.049233,-0.046505,0.035716,0.009642,0.314747,-0.320556,-0.030560,0.349729,-0.010722,-0.056231,-0.230337,0.926672,1.167276,-0.350622,-0.431085,-0.197728,-0.034982,-1.048835,-0.928454,-0.452225,-0.137052,-0.749218,-0.039740,0.083171,3
-0.011846,-0.071816,0.003817,0.258791,-0.283301,0.049233,-0.046505,0.035716,0.009669,0.314756,-0.320548,-0.030575,0.349703,-0.010729,-0.056246,-0.230145,0.920428,1.167491,-0.352840,-0.429227,-0.198866,-0.034934,-1.044773,-0.925698,-0.455281,-0.140863,-0.749218,-0.039740,0.083183,3
-0.011871,-0.071816,0.003817,0.258774,-0.283301,0.049233,-0.046514,0.035716,0.009642,0.314739,-0.320552,-0.030582,0.349676,-0.010744,-0.056246,-0.229953,0.915862,1.167707,-0.355212,-0.427585,-0.199885,-0.034934,-1.040171,-0.923600,-0.459691,-0.144757,-0.749242,-0.039740,0.083183,3
-0.011880,-0.071824,0.003803,0.258757,-0.283301,0.049233,-0.046505,0.035725,0.009656,0.314756,-0.320560,-0.030568,0.349622,-0.010744,-0.056246,-0.229798,0.911116,1.167815,-0.358520,-0.426087,-0.200784,-0.034946,-1.035197,-0.921239,-0.462687,-0.151049,-0.749218,-0.039716,0.083183,3
-0.011854,-0.071816,0.003790,0.258740,-0.283301,0.049233,-0.046522,0.035725,0.009642,0.314756,-0.320564,-0.030575,0.349622,-0.010760,-0.056257,-0.229714,0.906934,1.167803,-0.360450,-0.424649,-0.201575,-0.034970,-1.030739,-0.918998,-0.465959,-0.155076,-0.749218,-0.039620,0.083183,3
-0.011863,-0.071816,0.003790,0.258740,-0.283309,0.049219,-0.046539,0.035716,0.009629,0.314781,-0.320564,-0.030575,0.349636,-0.010760,-0.056257,-0.229678,0.902823,1.167767,-0.362523,-0.422264,-0.202390,-0.034970,-1.027036,-0.917237,-0.469590,-0.158503,-0.749194,-0.039512,0.083159,3
-0.011871,-0.071816,0.003763,0.258757,-0.283305,0.049240,-0.046548,0.035716,0.009656,0.314764,-0.320564,-0.030575,0.349636,-0.010775,-0.056267,-0.229690,0.898940,1.167719,-0.364920,-0.420826,-0.203684,-0.034958,-1.023645,-0.915403,-0.473017,-0.162195,-0.749182,-0.039380,0.083123,3
-0.011863,-0.071816,0.003750,0.258748,-0.283301,0.049233,-0.046548,0.035725,0.009642,0.314764,-0.320564,-0.030575,0.349622,-0.010798,-0.056272,-0.229666,0.892301,1.167683,-0.368455,-0.418717,-0.205314,-0.034946,-1.016981,-0.912215,-0.477931,-0.167863,-0.749158,-0.039440,0.083075,3
-0.011846,-0.071816,0.003763,0.258731,-0.283301,0.049233,-0.046505,0.035716,0.009642,0.314773,-0.320564,-0.030575,0.349622,-0.010798,-0.056282,-0.229606,0.888214,1.167707,-0.370588,-0.417351,-0.206452,-0.034946,-1.010234,-0.909902,-0.481095,-0.172070,-0.749134,-0.039512,0.083099,3
-0.011846,-0.071816,0.003763,0.258723,-0.283309,0.049219,-0.046488,0.035725,0.009656,0.314747,-0.320568,-0.030568,0.349622,-0.010798,-0.056282,-0.229546,0.882054,1.167695,-0.372877,-0.415733,-0.207615,-0.034934,-1.005812,-0.907002,-0.484007,-0.175833,-0.749110,-0.039548,0.083123,3
-0.011846,-0.071807,0.003763,0.258731,-0.283314,0.049255,-0.046480,0.035708,0.009615,0.314747,-0.320568,-0.030568,0.349622,-0.010783,-0.056272,-0.229510,0.877752,1.167695,-0.375202,-0.413839,-0.208753,-0.034922,-1.001665,-0.905049,-0.487243,-0.179452,-0.749098,-0.039536,0.083099,3
-0.011854,-0.071816,0.003750,0.258740,-0.283305,0.049240,-0.046497,0.035716,0.009629,0.314756,-0.320564,-0.030575,0.349636,-0.010783,-0.056272,-0.229462,0.873198,1.167647,-0.377359,-0.411958,-0.209796,-0.034862,-0.997088,-0.902880,-0.492096,-0.182987,-0.749086,-0.039548,0.083099,3
-0.011871,-0.071807,0.003750,0.258748,-0.283314,0.049255,-0.046505,0.035716,0.009602,0.314764,-0.320577,-0.030582,0.349622,-0.010813,-0.056272,-0.229450,0.868800,1.167575,-0.380068,-0.410256,-0.210910,-0.034874,-0.992689,-0.900411,-0.495248,-0.189351,-0.749086,-0.039608,0.083003,3
-0.011863,-0.071816,0.003777,0.258757,-0.283305,0.049240,-0.046522,0.035716,0.009589,0.314773,-0.320577,-0.030582,0.349636,-0.010828,-0.056282,-0.229426,0.864462,1.167455,-0.381841,-0.408063,-0.211929,-0.034898,-0.988735,-0.898002,-0.498544,-0.193485,-0.749074,-0.039656,0.082895,3
-0.011863,-0.071816,0.003790,0.258748,-0.283305,0.049240,-0.046522,0.035708,0.009562,0.314747,-0.320577,-0.030582,0.349636,-0.010821,-0.056297,-0.229366,0.860459,1.167335,-0.383819,-0.406757,-0.213367,-0.034946,-0.985271,-0.896144,-0.501684,-0.197380,-0.749074,-0.039632,0.082799,3
-0.011863,-0.071824,0.003777,0.258723,-0.283301,0.049233,-0.046488,0.035708,0.009548,0.314730,-0.320577,-0.030582,0.349636,-0.010859,-0.056302,-0.229210,0.856552,1.167276,-0.386048,-0.405522,-0.214338,-0.035006,-0.982071,-0.894299,-0.504596,-0.201299,-0.749086,-0.039596,0.082751,3
-0.011854,-0.071824,0.003790,0.258731,-0.283306,0.049269,-0.046488,0.035708,0.009522,0.314722,-0.320585,-0.030567,0.349609,-0.010881,-0.056317,-0.228983,0.852525,1.167276,-0.388133,-0.404216,-0.215297,-0.035066,-0.977937,-0.892106,-0.507903,-0.204691,-0.749098,-0.039608,0.082703,3
-0.011829,-0.071824,0.003777,0.258714,-0.283310,0.049276,-0.046480,0.035716,0.009522,0.314722,-0.320585,-0.030567,0.349609,-0.010881,-0.056337,-0.228431,0.846377,1.167276,-0.391477,-0.402155,-0.216819,-0.035066,-0.969260,-0.888415,-0.512505,-0.210539,-0.749074,-0.039644,0.082703,3
-0.011846,-0.071841,0.003750,0.258697,-0.283318,0.049291,-0.046471,0.035708,0.009535,0.314722,-0.320585,-0.030567,0.349569,-0.010904,-0.056332,-0.228132,0.840301,1.167240,-0.393826,-0.400800,-0.217705,-0.035066,-0.964994,-0.885011,-0.515334,-0.213990,-0.749086,-0.039656,0.082667,3
-0.011846,-0.071850,0.003750,0.258689,-0.283314,0.049284,-0.046488,0.035708,0.009522,0.314722,-0.320597,-0.030575,0.349555,-0.010897,-0.056327,-0.227988,0.838108,1.167228,-0.395036,-0.400117,-0.218137,-0.035066,-0.963076,-0.883849,-0.518390,-0.215668,-0.749074,-0.039668,0.082643,3
-0.011846,-0.071850,0.003763,0.258680,-0.283323,0.049284,-0.046488,0.035708,0.009508,0.314756,-0.320597,-0.030575,0.349515,-0.010897,-0.056327,-0.227688,0.833950,1.167252,-0.398080,-0.398763,-0.218904,-0.035066,-0.959205,-0.881488,-0.521422,-0.220941,-0.749098,-0.039656,0.082547,3
-0.011854,-0.071841,0.003777,0.258655,-0.283327,0.049276,-0.046539,0.035699,0.009535,0.314747,-0.320610,-0.030567,0.349435,-0.010904,-0.056352,-0.227161,0.828161,1.167264,-0.399698,-0.396342,-0.219863,-0.035078,-0.953405,-0.877785,-0.524058,-0.223865,-0.749086,-0.039656,0.082392,3
-0.011854,-0.071850,0.003763,0.258638,-0.283327,0.049276,-0.046556,0.035708,0.009548,0.314713,-0.320605,-0.030560,0.349435,-0.010912,-0.056337,-0.226801,0.824314,1.167311,-0.402754,-0.393011,-0.221049,-0.035066,-0.949642,-0.875591,-0.528516,-0.229234,-0.749086,-0.039668,0.082248,3
-0.011846,-0.071850,0.003763,0.258612,-0.283335,0.049320,-0.046556,0.035708,0.009548,0.314688,-0.320605,-0.030560,0.349395,-0.010920,-0.056342,-0.226478,0.820491,1.167359,-0.405091,-0.390830,-0.221960,-0.035078,-0.946334,-0.873290,-0.531165,-0.232854,-0.749074,-0.039704,0.081996,3
-0.011854,-0.071850,0.003763,0.258587,-0.283344,0.049349,-0.046556,0.035691,0.009548,0.314679,-0.320610,-0.030567,0.349395,-0.010920,-0.056362,-0.226178,0.816465,1.167431,-0.407296,-0.388589,-0.222835,-0.035078,-0.943195,-0.870702,-0.533909,-0.236629,-0.749086,-0.039692,0.081493,3
-0.011854,-0.071867,0.003736,0.258570,-0.283365,0.049385,-0.046522,0.035691,0.009522,0.314654,-0.320614,-0.030560,0.349395,-0.010942,-0.056357,-0.225543,0.810521,1.167515,-0.410136,-0.385473,-0.223985,-0.035066,-0.936483,-0.867047,-0.538463,-0.242057,-0.749086,-0.039704,0.080965,3
-0.011829,-0.071867,0.003777,0.258561,-0.283386,0.049407,-0.046539,0.035699,0.009522,0.314636,-0.320618,-0.030567,0.349395,-0.010927,-0.056367,-0.225052,0.804421,1.167599,-0.412293,-0.383268,-0.224860,-0.035066,-0.932397,-0.863380,-0.541507,-0.245485,-0.749086,-0.039752,0.080582,3
-0.011854,-0.071867,0.003803,0.258570,-0.283386,0.049407,-0.046548,0.035691,0.009575,0.314636,-0.320618,-0.030553,0.349341,-0.010935,-0.056352,-0.224477,0.800358,1.167671,-0.414534,-0.381218,-0.225723,-0.035090,-0.927807,-0.860767,-0.546133,-0.248852,-0.749110,-0.039824,0.080222,3
-0.011837,-0.071884,0.003790,0.258578,-0.283403,0.049421,-0.046548,0.035699,0.009548,0.314602,-0.320626,-0.030553,0.349341,-0.010920,-0.056362,-0.223937,0.796559,1.167695,-0.417614,-0.379385,-0.226694,-0.035150,-0.923756,-0.858346,-0.548937,-0.253706,-0.749110,-0.039860,0.079875,3
-0.011829,-0.071867,0.003790,0.258595,-0.283411,0.049421,-0.046573,0.035691,0.009562,0.314602,-0.320626,-0.030538,0.349368,-0.010927,-0.056367,-0.223494,0.792904,1.167695,-0.419340,-0.376520,-0.227676,-0.035174,-0.919394,-0.856069,-0.551562,-0.257074,-0.749086,-0.039872,0.079515,3
-0.011820,-0.071867,0.003803,0.258612,-0.283420,0.049464,-0.046590,0.035699,0.009535,0.314594,-0.320622,-0.030546,0.349368,-0.010942,-0.056357,-0.223146,0.789536,1.167671,-0.421018,-0.374219,-0.229186,-0.035186,-0.915571,-0.853816,-0.554007,-0.260561,-0.749074,-0.040003,0.079168,3
-0.011829,-0.071867,0.003790,0.258587,-0.283428,0.049479,-0.046590,0.035682,0.009535,0.314560,-0.320622,-0.030546,0.349368,-0.010942,-0.056357,-0.222799,0.785881,1.167659,-0.423067,-0.371990,-0.230313,-0.035186,-0.911856,-0.851371,-0.556583,-0.263737,-0.749086,-0.040015,0.078784,3
-0.011820,-0.071867,0.003763,0.258587,-0.283445,0.049508,-0.046590,0.035682,0.009522,0.314543,-0.320626,-0.030553,0.349368,-0.010927,-0.056367,-0.222427,0.782070,1.167671,-0.424985,-0.369941,-0.231427,-0.035186,-0.908057,-0.848855,-0.559232,-0.267176,-0.749086,-0.040039,0.078017,3
-0.011846,-0.071867,0.003777,0.258587,-0.283467,0.049544,-0.046582,0.035682,0.009548,0.314492,-0.320626,-0.030553,0.349395,-0.010942,-0.056357,-0.221756,0.777792,1.167671,-0.426782,-0.367952,-0.232710,-0.035210,-0.903119,-0.846446,-0.561737,-0.270460,-0.749086,-0.040051,0.077418,3
-0.011829,-0.071867,0.003736,0.258604,-0.283479,0.049566,-0.046573,0.035691,0.009562,0.314458,-0.320626,-0.030538,0.349395,-0.010927,-0.056367,-0.221289,0.772039,1.167671,-0.428400,-0.365974,-0.234076,-0.035234,-0.899704,-0.842539,-0.564349,-0.273600,-0.749086,-0.040063,0.076807,3
-0.011863,-0.071867,0.003763,0.258578,-0.283521,0.049580,-0.046582,0.035691,0.009548,0.314423,-0.320622,-0.030546,0.349435,-0.010950,-0.056362,-0.220869,0.768432,1.167671,-0.429958,-0.363925,-0.235394,-0.035246,-0.896708,-0.840034,-0.567165,-0.276812,-0.749086,-0.040063,0.076028,3
-0.011863,-0.071884,0.003777,0.258587,-0.283530,0.049609,-0.046573,0.035682,0.009548,0.314415,-0.320626,-0.030538,0.349462,-0.010942,-0.056357,-0.220486,0.764825,1.167671,-0.431552,-0.361924,-0.236629,-0.035234,-0.894251,-0.837937,-0.570749,-0.280143,-0.749098,-0.040063,0.075177,3
-0.011829,-0.071884,0.003790,0.258587,-0.283555,0.049638,-0.046582,0.035674,0.009548,0.314355,-0.320622,-0.030531,0.349435,-0.010935,-0.056372,-0.219899,0.759084,1.167671,-0.434872,-0.359431,-0.238414,-0.035246,-0.889817,-0.834510,-0.574236,-0.286159,-0.749086,-0.040039,0.073679,3
-0.011837,-0.071867,0.003790,0.258587,-0.283559,0.049674,-0.046582,0.035682,0.009535,0.314321,-0.320622,-0.030531,0.349421,-0.010927,-0.056367,-0.219455,0.755453,1.167671,-0.436346,-0.356603,-0.239589,-0.035234,-0.886497,-0.831921,-0.576693,-0.289239,-0.749098,-0.040015,0.072600,3
-0.011863,-0.071867,0.003803,0.258587,-0.283598,0.049768,-0.046556,0.035682,0.009548,0.314287,-0.320626,-0.030524,0.349421,-0.010935,-0.056352,-0.218916,0.751966,1.167671,-0.437772,-0.354457,-0.241386,-0.035246,-0.883034,-0.829320,-0.579258,-0.291984,-0.749098,-0.040099,0.071462,3
-0.011846,-0.071876,0.003790,0.258587,-0.283636,0.049833,-0.046548,0.035674,0.009548,0.314296,-0.320622,-0.030517,0.349435,-0.010912,-0.056337,-0.218293,0.748658,1.167647,-0.439198,-0.352468,-0.242740,-0.035234,-0.879235,-0.826852,-0.581750,-0.294812,-0.749098,-0.040207,0.069808,3
-0.011854,-0.071867,0.003790,0.258595,-0.283666,0.049898,-0.046539,0.035691,0.009548,0.314279,-0.320630,-0.030517,0.349435,-0.010912,-0.056337,-0.217502,0.744955,1.167683,-0.440696,-0.350407,-0.244215,-0.035222,-0.875987,-0.824047,-0.584471,-0.297916,-0.749086,-0.040291,0.068706,3
-0.011846,-0.071876,0.003790,0.258629,-0.283691,0.049942,-0.046565,0.035682,0.009535,0.314296,-0.320634,-0.030524,0.349395,-0.010920,-0.056342,-0.216136,0.741240,1.167671,-0.442254,-0.348561,-0.245737,-0.035210,-0.871756,-0.821099,-0.586975,-0.300900,-0.749074,-0.040375,0.067663,3
-0.011837,-0.071884,0.003763,0.258612,-0.283720,0.049978,-0.046582,0.035682,0.009548,0.314313,-0.320642,-0.030509,0.349435,-0.010920,-0.056362,-0.215141,0.735607,1.167671,-0.443704,-0.346752,-0.247235,-0.035210,-0.868832,-0.817348,-0.589025,-0.303680,-0.749074,-0.040447,0.066668,3
-0.011820,-0.071876,0.003777,0.258604,-0.283745,0.049992,-0.046573,0.035665,0.009548,0.314330,-0.320638,-0.030502,0.349395,-0.010935,-0.056352,-0.214122,0.732300,1.167671,-0.445022,-0.344762,-0.248697,-0.035198,-0.865932,-0.815035,-0.591541,-0.306688,-0.749098,-0.040531,0.065686,3
-0.011820,-0.071867,0.003750,0.258604,-0.283750,0.050000,-0.046565,0.035657,0.009535,0.314355,-0.320659,-0.030495,0.349381,-0.010920,-0.056342,-0.213127,0.729303,1.167671,-0.446736,-0.342905,-0.250219,-0.035186,-0.862792,-0.812530,-0.593195,-0.310595,-0.749110,-0.040591,0.064751,3
-0.011829,-0.071858,0.003790,0.258587,-0.283783,0.050028,-0.046573,0.035665,0.009548,0.314372,-0.320655,-0.030487,0.349301,-0.010920,-0.056362,-0.211845,0.724905,1.167695,-0.448629,-0.339957,-0.252699,-0.035150,-0.858142,-0.808803,-0.596491,-0.314274,-0.749110,-0.040555,0.063337,3
-0.011829,-0.071867,0.003790,0.258604,-0.283813,0.050108,-0.046573,0.035665,0.009548,0.314381,-0.320659,-0.030480,0.349194,-0.010920,-0.056342,-0.211174,0.721634,1.167671,-0.449936,-0.338746,-0.255432,-0.035150,-0.855278,-0.806131,-0.598840,-0.317163,-0.749098,-0.040603,0.061970,3
-0.011837,-0.071867,0.003817,0.258578,-0.283843,0.050159,-0.046573,0.035674,0.009548,0.314415,-0.320675,-0.030480,0.349087,-0.010920,-0.056342,-0.210647,0.717907,1.167659,-0.451434,-0.337560,-0.257253,-0.035150,-0.852750,-0.803159,-0.601165,-0.320027,-0.749086,-0.040603,0.061072,3
-0.011846,-0.071876,0.003790,0.258587,-0.283868,0.050216,-0.046573,0.035691,0.009548,0.314398,-0.320675,-0.030451,0.349006,-0.010912,-0.056357,-0.210071,0.714575,1.167671,-0.452860,-0.336325,-0.258907,-0.035102,-0.848651,-0.800354,-0.603717,-0.322651,-0.749110,-0.040591,0.060269,3
-0.011854,-0.071867,0.003803,0.258587,-0.283894,0.050274,-0.046565,0.035682,0.009535,0.314406,-0.320679,-0.030444,0.348926,-0.010920,-0.056342,-0.209784,0.711495,1.167671,-0.454370,-0.335067,-0.260645,-0.035090,-0.845667,-0.797838,-0.606330,-0.325492,-0.749086,-0.040591,0.059610,3
-0.011863,-0.071884,0.003750,0.258578,-0.283894,0.050274,-0.046565,0.035665,0.009562,0.314406,-0.320679,-0.030458,0.348872,-0.010912,-0.056347,-0.209532,0.707312,1.167683,-0.455640,-0.333988,-0.262311,-0.034982,-0.842467,-0.794255,-0.608391,-0.328200,-0.749098,-0.040603,0.059022,3
-0.011854,-0.071867,0.003750,0.258587,-0.283923,0.050296,-0.046556,0.035665,0.009535,0.314406,-0.320679,-0.030458,0.348872,-0.010927,-0.056357,-0.209316,0.704568,1.167647,-0.456755,-0.333126,-0.264144,-0.034946,-0.839219,-0.791414,-0.611088,-0.330549,-0.749110,-0.040615,0.058435,3
-0.011829,-0.071867,0.003763,0.258587,-0.283927,0.050303,-0.046556,0.035691,0.009548,0.314398,-0.320679,-0.030444,0.348886,-0.010897,-0.056347,-0.209113,0.701608,1.167647,-0.457953,-0.332454,-0.265870,-0.034946,-0.836655,-0.788742,-0.612550,-0.334000,-0.749110,-0.040662,0.057812,3
-0.011846,-0.071867,0.003777,0.258587,-0.283940,0.050325,-0.046539,0.035674,0.009548,0.314389,-0.320700,-0.030407,0.348886,-0.010912,-0.056337,-0.208813,0.698336,1.167623,-0.458504,-0.331747,-0.267500,-0.034946,-0.834426,-0.785914,-0.614132,-0.336937,-0.749110,-0.040854,0.057141,3
-0.011846,-0.071867,0.003790,0.258570,-0.283974,0.050412,-0.046531,0.035682,0.009548,0.314406,-0.320716,-0.030407,0.348912,-0.010912,-0.056357,-0.207926,0.693818,1.167659,-0.459367,-0.331292,-0.270784,-0.034982,-0.831705,-0.781276,-0.616948,-0.341167,-0.749110,-0.041094,0.056014,3
-0.011837,-0.071858,0.003817,0.258578,-0.283974,0.050412,-0.046531,0.035674,0.009535,0.314398,-0.320716,-0.030407,0.348912,-0.010935,-0.056352,-0.207519,0.692368,1.167671,-0.459799,-0.331184,-0.271682,-0.035066,-0.830734,-0.779849,-0.617955,-0.342461,-0.749098,-0.041106,0.055199,3
-0.011829,-0.071867,0.003790,0.258578,-0.284000,0.050455,-0.046505,0.035674,0.009548,0.314381,-0.320725,-0.030393,0.348912,-0.010920,-0.056342,-0.205793,0.688258,1.167683,-0.461524,-0.330920,-0.274738,-0.035126,-0.826037,-0.775787,-0.621142,-0.347147,-0.749146,-0.041178,0.054013,3
-0.011829,-0.071858,0.003790,0.258578,-0.284017,0.050484,-0.046514,0.035682,0.009562,0.314381,-0.320729,-0.030400,0.348886,-0.010912,-0.056337,-0.204930,0.684327,1.167671,-0.462615,-0.330825,-0.276884,-0.035102,-0.823041,-0.771976,-0.623575,-0.349760,-0.749122,-0.041274,0.053294,3
-0.011829,-0.071841,0.003817,0.258570,-0.284033,0.050513,-0.046505,0.035665,0.009548,0.314389,-0.320720,-0.030386,0.348886,-0.010889,-0.056332,-0.204055,0.681427,1.167659,-0.463550,-0.330741,-0.278921,-0.035102,-0.819805,-0.769579,-0.627182,-0.352144,-0.749122,-0.041322,0.052551,3
-0.011880,-0.071824,0.003817,0.258587,-0.284054,0.050520,-0.046505,0.035674,0.009548,0.314423,-0.320725,-0.030378,0.348886,-0.010897,-0.056327,-0.203276,0.678526,1.167647,-0.464760,-0.330705,-0.280659,-0.035090,-0.817084,-0.767122,-0.629304,-0.354242,-0.749110,-0.041370,0.051820,3
-0.011863,-0.071824,0.003803,0.258570,-0.284050,0.050542,-0.046539,0.035682,0.009548,0.314449,-0.320737,-0.030371,0.348872,-0.010897,-0.056327,-0.202617,0.675818,1.167659,-0.465347,-0.330705,-0.282312,-0.035102,-0.814736,-0.764594,-0.631101,-0.357394,-0.749110,-0.041417,0.051077,3
-0.011846,-0.071816,0.003803,0.258570,-0.284063,0.050564,-0.046531,0.035691,0.009562,0.314449,-0.320745,-0.030356,0.348845,-0.010897,-0.056327,-0.201742,0.672031,1.167647,-0.465983,-0.330633,-0.285165,-0.035114,-0.810973,-0.760627,-0.633438,-0.360797,-0.749098,-0.041489,0.049818,3
-0.011846,-0.071816,0.003763,0.258570,-0.284067,0.050571,-0.046565,0.035691,0.009548,0.314458,-0.320741,-0.030378,0.348819,-0.010897,-0.056327,-0.201503,0.670737,1.167635,-0.466150,-0.330609,-0.287022,-0.035126,-0.809918,-0.759356,-0.634241,-0.361984,-0.749098,-0.041597,0.049351,3
-0.011829,-0.071816,0.003750,0.258561,-0.284093,0.050614,-0.046539,0.035716,0.009562,0.314440,-0.320745,-0.030356,0.348752,-0.010889,-0.056332,-0.200760,0.667033,1.167611,-0.466810,-0.330489,-0.289431,-0.035126,-0.807162,-0.755737,-0.636362,-0.366358,-0.749122,-0.041837,0.047577,3
-0.011846,-0.071816,0.003750,0.258552,-0.284109,0.050614,-0.046505,0.035716,0.009535,0.314406,-0.320745,-0.030356,0.348752,-0.010912,-0.056337,-0.199909,0.664529,1.167503,-0.467589,-0.330321,-0.291097,-0.035150,-0.803782,-0.753065,-0.637645,-0.369114,-0.749146,-0.041945,0.046643,3
-0.011854,-0.071816,0.003736,0.258552,-0.284118,0.050629,-0.046522,0.035699,0.009548,0.314398,-0.320741,-0.030349,0.348738,-0.010897,-0.056327,-0.199226,0.660550,1.167323,-0.468499,-0.330117,-0.292930,-0.035234,-0.801277,-0.749434,-0.638987,-0.371319,-0.749146,-0.041993,0.045744,3
-0.011846,-0.071841,0.003790,0.258552,-0.284118,0.050629,-0.046522,0.035708,0.009548,0.314398,-0.320745,-0.030356,0.348738,-0.010897,-0.056327,-0.198471,0.658045,1.167096,-0.469410,-0.329830,-0.294824,-0.035270,-0.798880,-0.746893,-0.640593,-0.373405,-0.749194,-0.042041,0.044869,3
-0.011846,-0.071833,0.003817,0.258544,-0.284118,0.050629,-0.046539,0.035725,0.009548,0.314372,-0.320745,-0.030356,0.348752,-0.010897,-0.056327,-0.197668,0.655517,1.166892,-0.470309,-0.329518,-0.296466,-0.035318,-0.796963,-0.744256,-0.643661,-0.375658,-0.749230,-0.042077,0.043982,3
-0.011854,-0.071833,0.003803,0.258561,-0.284122,0.050636,-0.046548,0.035725,0.009548,0.314381,-0.320741,-0.030335,0.348752,-0.010897,-0.056327,-0.196829,0.653180,1.166856,-0.471687,-0.329087,-0.298036,-0.035306,-0.795141,-0.741644,-0.645854,-0.379013,-0.749254,-0.042208,0.043155,3
-0.011837,-0.071824,0.003790,0.258527,-0.284127,0.050672,-0.046531,0.035725,0.009562,0.314381,-0.320741,-0.030335,0.348725,-0.010874,-0.056322,-0.195990,0.650975,1.166904,-0.472586,-0.328272,-0.299570,-0.035282,-0.793008,-0.739211,-0.647759,-0.381326,-0.749254,-0.042484,0.042364,3
-0.011820,-0.071816,0.003777,0.258535,-0.284139,0.050694,-0.046539,0.035708,0.009562,0.314372,-0.320737,-0.030342,0.348712,-0.010859,-0.056322,-0.195163,0.648674,1.166988,-0.473401,-0.327685,-0.302002,-0.035306,-0.790863,-0.736862,-0.649533,-0.383987,-0.749266,-0.042963,0.041741,3
-0.011837,-0.071833,0.003750,0.258527,-0.284160,0.050701,-0.046539,0.035725,0.009548,0.314381,-0.320741,-0.030335,0.348685,-0.010843,-0.056302,-0.194396,0.646457,1.167096,-0.473988,-0.326870,-0.303560,-0.035282,-0.789065,-0.734381,-0.651079,-0.386791,-0.749254,-0.043275,0.041250,3
-0.011846,-0.071824,0.003803,0.258527,-0.284189,0.050708,-0.046556,0.035708,0.009535,0.314381,-0.320749,-0.030349,0.348564,-0.010798,-0.056282,-0.192982,0.643065,1.167252,-0.474360,-0.325432,-0.305694,-0.035294,-0.785578,-0.730582,-0.653188,-0.390446,-0.749218,-0.043862,0.040854,3
-0.011854,-0.071824,0.003790,0.258527,-0.284198,0.050737,-0.046573,0.035708,0.009575,0.314398,-0.320741,-0.030335,0.348497,-0.010790,-0.056267,-0.192131,0.640728,1.167347,-0.474360,-0.324293,-0.307120,-0.035306,-0.783349,-0.728365,-0.654507,-0.392747,-0.749206,-0.044366,0.040818,3
-0.011854,-0.071824,0.003803,0.258527,-0.284202,0.050744,-0.046607,0.035716,0.009562,0.314398,-0.320741,-0.030335,0.348497,-0.010783,-0.056252,-0.191652,0.638643,1.167395,-0.474372,-0.323706,-0.307803,-0.035270,-0.782055,-0.725849,-0.655166,-0.393838,-0.749206,-0.044605,0.040842,3
-0.011871,-0.071824,0.003777,0.258518,-0.284202,0.050773,-0.046676,0.035716,0.009535,0.314381,-0.320757,-0.030335,0.348417,-0.010767,-0.056262,-0.190477,0.635407,1.167491,-0.475151,-0.321944,-0.310020,-0.035318,-0.778639,-0.722205,-0.657730,-0.397037,-0.749146,-0.045420,0.040950,3
-0.011846,-0.071824,0.003777,0.258518,-0.284203,0.050802,-0.046701,0.035716,0.009535,0.314381,-0.320757,-0.030335,0.348363,-0.010783,-0.056262,-0.189866,0.633430,1.167491,-0.476433,-0.320890,-0.311758,-0.035294,-0.776638,-0.720192,-0.659324,-0.399662,-0.749134,-0.045912,0.041022,3
-0.011854,-0.071816,0.003777,0.258493,-0.284198,0.050795,-0.046735,0.035716,0.009548,0.314389,-0.320741,-0.030335,0.348337,-0.010767,-0.056262,-0.189339,0.631596,1.167467,-0.477068,-0.319296,-0.313543,-0.035282,-0.774672,-0.718346,-0.661302,-0.401388,-0.749122,-0.046403,0.041082,3
-0.011846,-0.071799,0.003777,0.258493,-0.284211,0.050788,-0.046752,0.035716,0.009562,0.314364,-0.320745,-0.030342,0.348296,-0.010775,-0.056247,-0.188811,0.629619,1.167467,-0.477499,-0.318097,-0.315832,-0.035282,-0.772683,-0.716045,-0.663650,-0.403437,-0.749134,-0.046930,0.041094,3
-0.011846,-0.071824,0.003803,0.258467,-0.284215,0.050795,-0.046761,0.035725,0.009548,0.314338,-0.320749,-0.030320,0.348323,-0.010737,-0.056222,-0.188308,0.627713,1.167419,-0.477763,-0.316875,-0.317366,-0.035198,-0.770694,-0.713517,-0.665915,-0.405630,-0.749122,-0.047937,0.041178,3
-0.011837,-0.071807,0.003777,0.258476,-0.284232,0.050824,-0.046735,0.035716,0.009562,0.314330,-0.320741,-0.030335,0.348323,-0.010699,-0.056196,-0.187805,0.625724,1.167300,-0.477847,-0.315449,-0.319020,-0.035150,-0.768920,-0.711288,-0.668073,-0.407703,-0.749134,-0.048836,0.041262,3
-0.011846,-0.071807,0.003777,0.258442,-0.284240,0.050809,-0.046744,0.035725,0.009562,0.314321,-0.320745,-0.030313,0.348337,-0.010668,-0.056176,-0.187158,0.623734,1.167180,-0.477871,-0.314142,-0.320590,-0.035150,-0.766523,-0.709406,-0.669990,-0.409693,-0.749122,-0.049938,0.041370,3
-0.011846,-0.071816,0.003777,0.258459,-0.284240,0.050824,-0.046769,0.035733,0.009535,0.314321,-0.320749,-0.030320,0.348337,-0.010714,-0.056206,-0.186714,0.620115,1.167036,-0.478219,-0.312405,-0.322999,-0.035150,-0.764258,-0.705571,-0.672615,-0.412569,-0.749110,-0.051964,0.041501,3
-0.011846,-0.071816,0.003777,0.258459,-0.284236,0.050831,-0.046769,0.035708,0.009535,0.314321,-0.320745,-0.030313,0.348337,-0.010699,-0.056196,-0.186487,0.618461,1.166820,-0.478578,-0.311458,-0.324701,-0.035162,-0.762628,-0.703306,-0.675155,-0.414582,-0.749110,-0.053486,0.041597,3
-0.011837,-0.071816,0.003790,0.258408,-0.284232,0.050824,-0.046752,0.035708,0.009535,0.314279,-0.320749,-0.030320,0.348363,-0.010691,-0.056191,-0.186283,0.616927,1.166640,-0.479033,-0.310571,-0.326295,-0.035162,-0.760962,-0.701293,-0.676545,-0.417327,-0.749098,-0.055044,0.041705,3
-0.011846,-0.071816,0.003777,0.258416,-0.284232,0.050824,-0.046744,0.035708,0.009548,0.314270,-0.320745,-0.030313,0.348363,-0.010668,-0.056176,-0.185971,0.615369,1.166449,-0.479213,-0.309684,-0.327685,-0.035150,-0.759500,-0.699639,-0.677780,-0.418849,-0.749110,-0.056649,0.041789,3
-0.011837,-0.071816,0.003790,0.258399,-0.284245,0.050846,-0.046744,0.035708,0.009562,0.314253,-0.320745,-0.030342,0.348363,-0.010653,-0.056166,-0.185684,0.613788,1.166221,-0.479369,-0.308402,-0.329015,-0.035162,-0.758374,-0.697997,-0.679014,-0.420155,-0.749110,-0.058399,0.041885,3
-0.011837,-0.071816,0.003803,0.258382,-0.284236,0.050831,-0.046727,0.035716,0.009548,0.314262,-0.320749,-0.030320,0.348390,-0.010638,-0.056176,-0.185384,0.612182,1.165969,-0.479573,-0.307419,-0.330765,-0.035162,-0.757235,-0.696116,-0.680512,-0.421581,-0.749098,-0.061048,0.041945,3
-0.011812,-0.071816,0.003817,0.258373,-0.284237,0.050860,-0.046744,0.035716,0.009562,0.314262,-0.320753,-0.030327,0.348337,-0.010638,-0.056156,-0.185180,0.610588,1.165742,-0.479884,-0.306365,-0.331867,-0.035114,-0.755941,-0.694066,-0.682478,-0.423199,-0.749110,-0.062606,0.041969,3
-0.011829,-0.071816,0.003817,0.258365,-0.284241,0.050853,-0.046735,0.035716,0.009562,0.314270,-0.320753,-0.030327,0.348337,-0.010607,-0.056156,-0.184965,0.609066,1.165562,-0.480280,-0.305298,-0.332910,-0.035006,-0.753580,-0.692197,-0.684599,-0.424961,-0.749098,-0.064092,0.041933,3
-0.011837,-0.071816,0.003790,0.258373,-0.284253,0.050874,-0.046744,0.035716,0.009562,0.314287,-0.320753,-0.030327,0.348337,-0.010577,-0.056116,-0.184785,0.606190,1.165430,-0.480855,-0.303728,-0.334324,-0.034850,-0.751423,-0.688745,-0.687319,-0.427429,-0.749122,-0.066417,0.041909,3
-0.011837,-0.071816,0.003817,0.258382,-0.284257,0.050867,-0.046761,0.035725,0.009548,0.314296,-0.320749,-0.030320,0.348337,-0.010577,-0.056116,-0.184653,0.604692,1.165418,-0.481203,-0.302781,-0.335127,-0.034778,-0.750236,-0.686972,-0.689009,-0.428844,-0.749098,-0.067975,0.041957,3
-0.011846,-0.071824,0.003790,0.258373,-0.284266,0.050867,-0.046744,0.035716,0.009562,0.314313,-0.320762,-0.030327,0.348337,-0.010577,-0.056116,-0.184605,0.603277,1.165286,-0.481466,-0.301978,-0.335858,-0.034718,-0.749122,-0.685186,-0.691394,-0.430126,-0.749098,-0.069485,0.041993,3
-0.011829,-0.071816,0.003763,0.258373,-0.284266,0.050867,-0.046769,0.035716,0.009548,0.314304,-0.320774,-0.030335,0.348363,-0.010569,-0.056111,-0.184593,0.602067,1.165154,-0.481850,-0.301331,-0.336493,-0.034694,-0.747935,-0.683376,-0.692988,-0.432115,-0.749110,-0.070911,0.042017,3
-0.011829,-0.071816,0.003803,0.258373,-0.284287,0.050860,-0.046735,0.035725,0.009548,0.314313,-0.320774,-0.030335,0.348350,-0.010554,-0.056101,-0.184593,0.600952,1.164999,-0.482125,-0.300385,-0.337116,-0.034706,-0.746689,-0.681627,-0.694510,-0.433517,-0.749110,-0.072409,0.042065,3
-0.011846,-0.071816,0.003790,0.258382,-0.284278,0.050860,-0.046744,0.035708,0.009535,0.314313,-0.320774,-0.030335,0.348350,-0.010547,-0.056096,-0.184593,0.600066,1.164843,-0.482401,-0.299785,-0.338063,-0.034718,-0.745611,-0.680081,-0.695840,-0.434908,-0.749110,-0.074818,0.042113,3
-0.011837,-0.071816,0.003790,0.258382,-0.284270,0.050860,-0.046744,0.035708,0.009562,0.314313,-0.320774,-0.030335,0.348337,-0.010516,-0.056096,-0.184605,0.599263,1.164687,-0.482713,-0.299210,-0.338650,-0.034730,-0.744688,-0.678583,-0.696883,-0.436190,-0.749098,-0.076483,0.042137,3
-0.011837,-0.071799,0.003790,0.258373,-0.284266,0.050853,-0.046744,0.035725,0.009548,0.314304,-0.320770,-0.030342,0.348350,-0.010516,-0.056076,-0.184677,0.598544,1.164507,-0.483000,-0.298623,-0.339225,-0.034706,-0.743214,-0.676941,-0.697722,-0.437197,-0.749098,-0.078125,0.042149,3
-0.011854,-0.071807,0.003790,0.258373,-0.284270,0.050860,-0.046735,0.035708,0.009562,0.314296,-0.320774,-0.030335,0.348337,-0.010493,-0.056081,-0.184725,0.597753,1.164327,-0.483204,-0.298096,-0.339837,-0.034706,-0.742123,-0.675095,-0.698465,-0.438035,-0.749098,-0.079635,0.042137,3
-0.011846,-0.071816,0.003803,0.258382,-0.284274,0.050867,-0.046744,0.035716,0.009548,0.314287,-0.320766,-0.030349,0.348323,-0.010486,-0.056076,-0.184797,0.596375,1.164124,-0.483348,-0.297556,-0.340448,-0.034694,-0.741009,-0.672567,-0.699220,-0.438934,-0.749122,-0.081109,0.042149,3
-0.011854,-0.071799,0.003790,0.258373,-0.284270,0.050860,-0.046727,0.035725,0.009548,0.314279,-0.320778,-0.030356,0.348363,-0.010509,-0.056071,-0.184893,0.595356,1.163836,-0.483480,-0.297077,-0.341059,-0.034694,-0.739978,-0.671129,-0.700598,-0.439965,-0.749110,-0.082380,0.042125,3
-0.011854,-0.071816,0.003803,0.258365,-0.284270,0.050860,-0.046744,0.035725,0.009548,0.314287,-0.320778,-0.030342,0.348337,-0.010501,-0.056086,-0.184929,0.594421,1.163716,-0.483671,-0.296717,-0.341670,-0.034706,-0.738971,-0.669798,-0.701772,-0.441739,-0.749098,-0.083326,0.042101,3
-0.011854,-0.071807,0.003763,0.258373,-0.284257,0.050867,-0.046744,0.035716,0.009535,0.314270,-0.320782,-0.030349,0.348310,-0.010524,-0.056101,-0.184929,0.592935,1.163668,-0.483803,-0.296238,-0.342809,-0.034718,-0.737341,-0.667509,-0.703630,-0.443524,-0.749086,-0.084633,0.042029,3
-0.011846,-0.071799,0.003803,0.258356,-0.284270,0.050860,-0.046744,0.035716,0.009548,0.314253,-0.320782,-0.030364,0.348310,-0.010516,-0.056096,-0.184929,0.591940,1.163680,-0.483851,-0.296142,-0.343372,-0.034706,-0.735999,-0.665796,-0.704768,-0.444675,-0.749098,-0.085172,0.042041,3
-0.011837,-0.071824,0.003803,0.258348,-0.284270,0.050860,-0.046744,0.035716,0.009535,0.314244,-0.320782,-0.030349,0.348296,-0.010501,-0.056086,-0.184965,0.590946,1.163656,-0.483923,-0.296118,-0.343815,-0.034766,-0.734453,-0.664130,-0.705667,-0.445633,-0.749098,-0.085831,0.042077,3
-0.011829,-0.071833,0.003763,0.258331,-0.284266,0.050853,-0.046744,0.035725,0.009548,0.314270,-0.320786,-0.030356,0.348310,-0.010516,-0.056096,-0.185072,0.590035,1.163620,-0.484019,-0.296142,-0.344175,-0.034802,-0.732056,-0.662704,-0.706338,-0.446544,-0.749110,-0.086466,0.042113,3
-0.011846,-0.071816,0.003763,0.258322,-0.284274,0.050838,-0.046744,0.035725,0.009575,0.314270,-0.320790,-0.030363,0.348310,-0.010516,-0.056096,-0.185144,0.588860,1.163596,-0.484115,-0.296166,-0.344487,-0.034838,-0.730594,-0.660702,-0.706854,-0.447479,-0.749110,-0.087125,0.042137,3
-0.011846,-0.071816,0.003790,0.258322,-0.284278,0.050831,-0.046727,0.035725,0.009548,0.314279,-0.320782,-0.030364,0.348270,-0.010531,-0.056086,-0.185204,0.588153,1.163536,-0.484271,-0.296178,-0.344690,-0.034826,-0.729192,-0.659516,-0.707297,-0.448546,-0.749110,-0.087653,0.042101,3
-0.011846,-0.071816,0.003790,0.258314,-0.284270,0.050846,-0.046735,0.035725,0.009535,0.314279,-0.320786,-0.030371,0.348229,-0.010524,-0.056101,-0.185276,0.587446,1.163548,-0.484510,-0.296202,-0.344822,-0.034838,-0.727802,-0.658341,-0.707477,-0.450080,-0.749098,-0.088108,0.042053,3
-0.011854,-0.071807,0.003803,0.258322,-0.284270,0.050846,-0.046744,0.035725,0.009562,0.314253,-0.320799,-0.030378,0.348082,-0.010539,-0.056111,-0.185288,0.586739,1.163560,-0.484678,-0.296190,-0.344870,-0.034850,-0.726460,-0.657083,-0.707680,-0.451110,-0.749110,-0.088504,0.042017,3
-0.011846,-0.071807,0.003803,0.258305,-0.284282,0.050838,-0.046735,0.035716,0.009535,0.314270,-0.320799,-0.030378,0.347921,-0.010547,-0.056116,-0.185336,0.586116,1.163572,-0.484810,-0.296202,-0.344834,-0.034826,-0.725645,-0.655645,-0.708076,-0.452177,-0.749098,-0.088791,0.041957,3
-0.011871,-0.071816,0.003790,0.258314,-0.284274,0.050853,-0.046727,0.035716,0.009548,0.314270,-0.320790,-0.030363,0.347721,-0.010547,-0.056116,-0.185384,0.585577,1.163584,-0.484942,-0.296190,-0.344798,-0.034826,-0.725405,-0.654111,-0.708603,-0.453327,-0.749098,-0.088947,0.041873,3
-0.011863,-0.071816,0.003777,0.258305,-0.284274,0.050824,-0.046718,0.035708,0.009535,0.314296,-0.320791,-0.030392,0.347238,-0.010547,-0.056116,-0.185504,0.585133,1.163596,-0.485157,-0.296202,-0.344702,-0.034838,-0.725417,-0.652182,-0.709502,-0.454873,-0.749110,-0.088803,0.041765,3
-0.011829,-0.071816,0.003803,0.258288,-0.284278,0.050846,-0.046701,0.035716,0.009535,0.314279,-0.320786,-0.030385,0.347011,-0.010554,-0.056131,-0.185648,0.585085,1.163620,-0.485217,-0.296214,-0.344678,-0.034826,-0.725585,-0.650947,-0.710053,-0.455748,-0.749098,-0.088791,0.041801,3
-0.011854,-0.071807,0.003790,0.258280,-0.284278,0.050831,-0.046701,0.035708,0.009548,0.314270,-0.320790,-0.030363,0.346850,-0.010554,-0.056121,-0.185791,0.585181,1.163596,-0.485277,-0.296202,-0.344642,-0.034838,-0.725693,-0.649197,-0.710581,-0.456491,-0.749098,-0.088911,0.041849,3
-0.011846,-0.071816,0.003790,0.258288,-0.284278,0.050831,-0.046693,0.035716,0.009575,0.314287,-0.320795,-0.030385,0.346676,-0.010531,-0.056116,-0.185959,0.585241,1.163632,-0.485265,-0.296214,-0.344642,-0.034826,-0.725753,-0.647999,-0.711108,-0.457138,-0.749098,-0.089019,0.041873,3
-0.011846,-0.071816,0.003817,0.258288,-0.284278,0.050831,-0.046667,0.035716,0.009562,0.314279,-0.320791,-0.030392,0.346582,-0.010547,-0.056126,-0.186151,0.585313,1.163632,-0.485265,-0.296202,-0.344642,-0.034850,-0.725729,-0.646873,-0.711911,-0.457821,-0.749098,-0.089175,0.041885,3
-0.011837,-0.071799,0.003803,0.258305,-0.284278,0.050831,-0.046676,0.035708,0.009575,0.314304,-0.320791,-0.030392,0.346489,-0.010562,-0.056126,-0.186379,0.585397,1.163644,-0.485253,-0.296190,-0.344630,-0.034838,-0.725705,-0.645770,-0.712342,-0.458840,-0.749122,-0.089354,0.041873,3
-0.011837,-0.071816,0.003803,0.258288,-0.284290,0.050809,-0.046659,0.035716,0.009562,0.314296,-0.320791,-0.030392,0.346395,-0.010569,-0.056141,-0.186654,0.585505,1.163656,-0.485217,-0.296202,-0.344642,-0.034838,-0.725693,-0.644883,-0.712678,-0.459535,-0.749110,-0.089606,0.041861,3
-0.011854,-0.071816,0.003790,0.258288,-0.284286,0.050802,-0.046650,0.035725,0.009562,0.314313,-0.320791,-0.030392,0.346328,-0.010577,-0.056136,-0.186930,0.585661,1.163656,-0.485181,-0.296226,-0.344618,-0.034826,-0.725669,-0.644320,-0.712906,-0.460182,-0.749110,-0.089954,0.041897,3
-0.011871,-0.071833,0.003790,0.258271,-0.284290,0.050809,-0.046659,0.035708,0.009562,0.314321,-0.320782,-0.030407,0.346087,-0.010569,-0.056141,-0.187289,0.586056,1.163692,-0.485085,-0.296214,-0.344582,-0.034826,-0.725669,-0.644224,-0.713001,-0.461177,-0.749098,-0.090277,0.041897,3
-0.011854,-0.071816,0.003817,0.258297,-0.284290,0.050809,-0.046642,0.035716,0.009562,0.314330,-0.320791,-0.030422,0.345993,-0.010539,-0.056141,-0.187589,0.586368,1.163692,-0.485026,-0.296202,-0.344558,-0.034814,-0.725693,-0.644536,-0.712954,-0.461800,-0.749110,-0.090469,0.041921,3
-0.011846,-0.071816,0.003790,0.258288,-0.284294,0.050788,-0.046650,0.035708,0.009562,0.314355,-0.320791,-0.030422,0.345899,-0.010539,-0.056141,-0.187757,0.586991,1.163692,-0.484918,-0.296214,-0.344511,-0.034814,-0.725669,-0.645243,-0.712810,-0.462387,-0.749098,-0.090709,0.041945,3
-0.011854,-0.071816,0.003790,0.258280,-0.284290,0.050795,-0.046650,0.035708,0.009562,0.314355,-0.320791,-0.030392,0.345806,-0.010547,-0.056126,-0.187805,0.587458,1.163680,-0.484834,-0.296202,-0.344475,-0.034826,-0.725681,-0.645147,-0.712630,-0.462855,-0.749098,-0.090924,0.041957,3
-0.011846,-0.071816,0.003870,0.258280,-0.284299,0.050795,-0.046642,0.035716,0.009575,0.314364,-0.320786,-0.030400,0.345765,-0.010531,-0.056126,-0.187817,0.587962,1.163632,-0.484750,-0.296202,-0.344415,-0.034826,-0.725693,-0.644655,-0.712378,-0.463166,-0.749098,-0.091116,0.041933,3
-0.011846,-0.071816,0.003857,0.258288,-0.284307,0.050781,-0.046633,0.035708,0.009575,0.314398,-0.320791,-0.030392,0.345739,-0.010516,-0.056126,-0.187745,0.588453,1.163536,-0.484558,-0.296202,-0.344403,-0.034814,-0.725681,-0.644152,-0.712270,-0.463346,-0.749122,-0.091308,0.041897,3
-0.011837,-0.071816,0.003870,0.258288,-0.284319,0.050759,-0.046633,0.035708,0.009548,0.314381,-0.320786,-0.030400,0.345765,-0.010501,-0.056116,-0.187685,0.588992,1.163429,-0.484426,-0.296190,-0.344355,-0.034814,-0.725669,-0.643865,-0.712187,-0.463310,-0.749110,-0.091536,0.041885,3
-0.011854,-0.071799,0.003870,0.258314,-0.284331,0.050737,-0.046642,0.035708,0.009562,0.314415,-0.320791,-0.030392,0.345792,-0.010493,-0.056111,-0.187613,0.589651,1.163285,-0.484259,-0.296166,-0.344271,-0.034814,-0.725693,-0.643936,-0.712127,-0.463202,-0.749098,-0.091799,0.041909,3
-0.011837,-0.071799,0.003924,0.258322,-0.284352,0.050715,-0.046642,0.035708,0.009575,0.314423,-0.320782,-0.030407,0.345846,-0.010509,-0.056101,-0.187565,0.590406,1.163117,-0.484079,-0.296166,-0.344259,-0.034838,-0.725693,-0.644284,-0.712103,-0.463250,-0.749098,-0.092374,0.041897,3
-0.011837,-0.071799,0.004004,0.258322,-0.284352,0.050687,-0.046650,0.035725,0.009629,0.314423,-0.320786,-0.030400,0.345819,-0.010478,-0.056121,-0.187541,0.591593,1.162913,-0.483803,-0.296178,-0.344175,-0.034778,-0.725693,-0.644655,-0.712151,-0.463418,-0.749098,-0.093261,0.041897,3
-0.011846,-0.071799,0.004031,0.258339,-0.284356,0.050694,-0.046633,0.035716,0.009669,0.314440,-0.320778,-0.030414,0.345806,-0.010463,-0.056111,-0.187577,0.592372,1.162793,-0.483575,-0.296178,-0.344139,-0.034742,-0.725681,-0.644667,-0.712211,-0.463406,-0.749098,-0.094064,0.041909,3
-0.011829,-0.071816,0.004031,0.258339,-0.284356,0.050694,-0.046650,0.035716,0.009709,0.314432,-0.320774,-0.030422,0.345806,-0.010448,-0.056101,-0.187601,0.593127,1.162709,-0.483456,-0.296190,-0.344151,-0.034718,-0.725705,-0.644667,-0.712223,-0.463346,-0.749098,-0.094508,0.041921,3
-0.011829,-0.071807,0.004098,0.258322,-0.284360,0.050687,-0.046650,0.035725,0.009776,0.314423,-0.320762,-0.030414,0.345765,-0.010417,-0.056081,-0.187661,0.594301,1.162398,-0.483096,-0.296166,-0.344127,-0.034670,-0.725909,-0.644883,-0.712306,-0.463154,-0.749110,-0.096221,0.041957,3
-0.011846,-0.071816,0.004138,0.258365,-0.284368,0.050672,-0.046667,0.035725,0.009816,0.314423,-0.320770,-0.030400,0.345752,-0.010417,-0.056081,-0.187673,0.595248,1.162158,-0.482641,-0.296166,-0.344067,-0.034694,-0.726136,-0.645135,-0.712306,-0.462867,-0.749086,-0.097576,0.042029,3
-0.011863,-0.071816,0.004151,0.258348,-0.284373,0.050679,-0.046659,0.035708,0.009843,0.314440,-0.320766,-0.030393,0.345712,-0.010417,-0.056081,-0.187661,0.596303,1.161907,-0.482365,-0.296166,-0.344067,-0.034694,-0.726520,-0.645506,-0.712294,-0.462663,-0.749098,-0.098978,0.042089,3
-0.011846,-0.071816,0.004138,0.258339,-0.284373,0.050679,-0.046659,0.035716,0.009856,0.314440,-0.320753,-0.030400,0.345698,-0.010410,-0.056085,-0.187685,0.597477,1.161619,-0.482113,-0.296166,-0.344055,-0.034682,-0.726999,-0.645902,-0.712270,-0.462495,-0.749098,-0.100320,0.042161,3
-0.011863,-0.071807,0.004138,0.258331,-0.284368,0.050672,-0.046650,0.035716,0.009870,0.314440,-0.320749,-0.030393,0.345645,-0.010387,-0.056110,-0.187745,0.598735,1.161295,-0.481850,-0.296166,-0.344031,-0.034682,-0.727526,-0.646333,-0.712223,-0.462339,-0.749098,-0.102225,0.042232,3
-0.011854,-0.071807,0.004138,0.258348,-0.284372,0.050665,-0.046667,0.035708,0.009883,0.314423,-0.320753,-0.030400,0.345605,-0.010387,-0.056130,-0.187961,0.600006,1.160864,-0.481658,-0.296166,-0.344043,-0.034622,-0.727994,-0.646693,-0.712199,-0.462244,-0.749098,-0.103484,0.042340,3
-0.011846,-0.071807,0.004111,0.258322,-0.284377,0.050672,-0.046667,0.035716,0.009883,0.314398,-0.320737,-0.030400,0.345564,-0.010372,-0.056140,-0.188380,0.601252,1.160468,-0.481478,-0.296166,-0.344031,-0.034503,-0.728701,-0.646920,-0.712223,-0.462208,-0.749098,-0.104538,0.042412,3
-0.011846,-0.071807,0.004125,0.258305,-0.284368,0.050672,-0.046642,0.035708,0.009897,0.314398,-0.320745,-0.030414,0.345511,-0.010364,-0.056145,-0.188680,0.602966,1.160013,-0.481358,-0.296178,-0.344031,-0.034347,-0.729192,-0.647100,-0.712211,-0.462244,-0.749098,-0.105509,0.042460,3
-0.011846,-0.071816,0.004098,0.258297,-0.284368,0.050672,-0.046659,0.035691,0.009897,0.314364,-0.320733,-0.030407,0.345431,-0.010387,-0.056160,-0.189303,0.604979,1.159138,-0.481298,-0.296154,-0.343995,-0.034095,-0.729959,-0.647016,-0.712234,-0.462351,-0.749098,-0.106755,0.042508,3
-0.011846,-0.071807,0.004071,0.258297,-0.284360,0.050658,-0.046650,0.035708,0.009923,0.314364,-0.320737,-0.030414,0.345364,-0.010402,-0.056170,-0.189722,0.606429,1.158731,-0.481334,-0.296166,-0.344007,-0.033963,-0.730498,-0.646908,-0.712258,-0.462411,-0.749086,-0.107403,0.042544,3
-0.011812,-0.071807,0.004071,0.258288,-0.284364,0.050665,-0.046659,0.035716,0.009910,0.314398,-0.320733,-0.030393,0.345310,-0.010387,-0.056160,-0.190190,0.607891,1.158359,-0.481430,-0.296166,-0.343959,-0.033855,-0.731026,-0.646789,-0.712270,-0.462471,-0.749098,-0.107834,0.042568,3
-0.011846,-0.071799,0.004031,0.258297,-0.284352,0.050672,-0.046642,0.035708,0.009923,0.314381,-0.320733,-0.030407,0.345270,-0.010387,-0.056160,-0.190693,0.609317,1.158024,-0.481442,-0.296166,-0.343863,-0.033796,-0.731505,-0.646669,-0.712258,-0.462435,-0.749098,-0.108050,0.042568,3
-0.011846,-0.071807,0.004031,0.258305,-0.284364,0.050665,-0.046633,0.035716,0.009897,0.314398,-0.320733,-0.030407,0.345243,-0.010387,-0.056160,-0.191208,0.611067,1.157640,-0.481394,-0.296154,-0.343779,-0.033796,-0.732008,-0.646669,-0.712234,-0.462411,-0.749098,-0.108014,0.042568,3
-0.011846,-0.071799,0.004031,0.258314,-0.284356,0.050650,-0.046633,0.035716,0.009910,0.314398,-0.320733,-0.030407,0.345203,-0.010387,-0.056160,-0.191676,0.612769,1.157281,-0.481346,-0.296154,-0.343636,-0.033819,-0.732596,-0.646968,-0.712211,-0.462387,-0.749098,-0.107774,0.042568,3
-0.011829,-0.071799,0.004044,0.258297,-0.284356,0.050650,-0.046624,0.035716,0.009883,0.314432,-0.320729,-0.030415,0.345163,-0.010387,-0.056160,-0.192131,0.614411,1.156897,-0.481251,-0.296142,-0.343444,-0.033867,-0.733183,-0.647628,-0.712151,-0.462375,-0.749086,-0.107463,0.042556,3
-0.011837,-0.071799,0.004031,0.258322,-0.284360,0.050658,-0.046642,0.035708,0.009897,0.314440,-0.320733,-0.030407,0.345136,-0.010425,-0.056165,-0.192670,0.616939,1.156502,-0.481107,-0.296154,-0.343228,-0.033867,-0.734094,-0.649173,-0.712019,-0.462363,-0.749098,-0.107307,0.042568,3
-0.011846,-0.071824,0.004031,0.258339,-0.284339,0.050650,-0.046642,0.035691,0.009910,0.314449,-0.320733,-0.030407,0.345056,-0.010463,-0.056170,-0.193018,0.618821,1.156082,-0.480867,-0.296142,-0.342929,-0.033867,-0.734825,-0.650276,-0.711683,-0.462375,-0.749098,-0.107367,0.042544,3
-0.011837,-0.071790,0.004031,0.258314,-0.284339,0.050650,-0.046659,0.035708,0.009923,0.314466,-0.320729,-0.030400,0.344908,-0.010486,-0.056175,-0.193629,0.621769,1.155303,-0.480496,-0.296154,-0.342497,-0.033855,-0.735843,-0.651738,-0.710665,-0.462423,-0.749098,-0.107343,0.042580,3
-0.011846,-0.071807,0.004031,0.258305,-0.284339,0.050650,-0.046650,0.035699,0.009910,0.314500,-0.320733,-0.030407,0.344815,-0.010516,-0.056176,-0.194144,0.623926,1.154908,-0.480076,-0.296166,-0.342234,-0.033819,-0.736467,-0.652649,-0.710161,-0.462411,-0.749098,-0.107235,0.042676,3
-0.011837,-0.071807,0.004031,0.258314,-0.284335,0.050643,-0.046642,0.035716,0.009910,0.314509,-0.320733,-0.030407,0.344721,-0.010516,-0.056176,-0.194660,0.626083,1.154500,-0.479764,-0.296166,-0.341946,-0.033784,-0.737138,-0.653548,-0.709706,-0.462244,-0.749098,-0.107067,0.042927,3
-0.011837,-0.071807,0.004004,0.258322,-0.284335,0.050643,-0.046642,0.035708,0.009910,0.314500,-0.320733,-0.030407,0.344654,-0.010554,-0.056181,-0.195127,0.628121,1.154117,-0.479441,-0.296166,-0.341502,-0.033772,-0.737761,-0.654530,-0.709214,-0.462016,-0.749074,-0.106743,0.043239,3
-0.011854,-0.071807,0.004018,0.258314,-0.284335,0.050658,-0.046642,0.035708,0.009897,0.314500,-0.320733,-0.030436,0.344600,-0.010554,-0.056181,-0.195475,0.630014,1.153733,-0.479057,-0.296166,-0.341239,-0.033796,-0.738348,-0.655633,-0.708675,-0.461680,-0.749098,-0.106492,0.043659,3
-0.011837,-0.071816,0.004004,0.258314,-0.284335,0.050643,-0.046624,0.035682,0.009897,0.314500,-0.320725,-0.030422,0.344573,-0.010592,-0.056186,-0.195906,0.632099,1.153338,-0.478674,-0.296166,-0.340963,-0.033784,-0.739271,-0.656676,-0.708040,-0.461309,-0.749110,-0.106168,0.043934,3
-0.011846,-0.071816,0.003991,0.258322,-0.284335,0.050643,-0.046633,0.035708,0.009897,0.314483,-0.320733,-0.030407,0.344547,-0.010653,-0.056226,-0.196218,0.635143,1.152930,-0.478207,-0.296190,-0.340712,-0.033796,-0.739930,-0.658329,-0.707393,-0.460949,-0.749110,-0.105845,0.044174,3
-0.011854,-0.071799,0.003991,0.258314,-0.284326,0.050643,-0.046633,0.035708,0.009897,0.314483,-0.320733,-0.030407,0.344533,-0.010699,-0.056246,-0.196589,0.637444,1.152475,-0.477703,-0.296178,-0.340472,-0.033772,-0.740661,-0.659468,-0.706698,-0.460530,-0.749098,-0.105521,0.044414,3
-0.011846,-0.071799,0.003964,0.258314,-0.284326,0.050629,-0.046607,0.035699,0.009883,0.314475,-0.320729,-0.030429,0.344480,-0.010714,-0.056256,-0.196925,0.639757,1.151744,-0.477176,-0.296190,-0.340256,-0.033760,-0.741500,-0.660582,-0.705547,-0.460134,-0.749122,-0.105078,0.044629,3
-0.011846,-0.071799,0.003951,0.258331,-0.284322,0.050621,-0.046633,0.035733,0.009897,0.314475,-0.320720,-0.030415,0.344426,-0.010760,-0.056266,-0.197212,0.642298,1.151193,-0.476373,-0.296202,-0.340040,-0.033676,-0.742387,-0.661769,-0.704684,-0.459475,-0.749098,-0.104538,0.044809,3
-0.011854,-0.071799,0.003951,0.258322,-0.284314,0.050621,-0.046624,0.035708,0.009883,0.314500,-0.320725,-0.030422,0.344319,-0.010752,-0.056281,-0.197560,0.646073,1.150462,-0.475438,-0.296226,-0.339801,-0.033520,-0.743693,-0.663579,-0.703426,-0.458720,-0.749122,-0.103412,0.045037,3
-0.011837,-0.071799,0.003951,0.258314,-0.284322,0.050621,-0.046616,0.035708,0.009897,0.314483,-0.320721,-0.030429,0.344239,-0.010760,-0.056276,-0.197728,0.648542,1.150042,-0.474767,-0.296226,-0.339645,-0.033364,-0.744484,-0.664705,-0.702731,-0.458133,-0.749110,-0.102142,0.045181,3
-0.011837,-0.071816,0.003964,0.258322,-0.284322,0.050621,-0.046616,0.035708,0.009897,0.314500,-0.320720,-0.030415,0.344172,-0.010775,-0.056277,-0.197872,0.651118,1.149683,-0.474096,-0.296262,-0.339549,-0.033136,-0.745407,-0.665868,-0.702108,-0.457462,-0.749110,-0.101291,0.045264,3
-0.011837,-0.071816,0.003991,0.258322,-0.284318,0.050614,-0.046624,0.035691,0.009883,0.314500,-0.320725,-0.030422,0.344051,-0.010783,-0.056291,-0.197991,0.653563,1.149335,-0.473317,-0.296250,-0.339477,-0.032765,-0.746426,-0.667018,-0.701497,-0.456743,-0.749110,-0.100524,0.045408,3
-0.011837,-0.071807,0.003977,0.258322,-0.284334,0.050614,-0.046633,0.035708,0.009883,0.314483,-0.320716,-0.030436,0.343957,-0.010775,-0.056277,-0.198123,0.656008,1.148916,-0.472574,-0.296262,-0.339381,-0.032513,-0.748031,-0.668097,-0.700802,-0.455988,-0.749110,-0.099805,0.045492,3
-0.011854,-0.071816,0.003991,0.258331,-0.284330,0.050607,-0.046624,0.035699,0.009897,0.314492,-0.320712,-0.030429,0.343864,-0.010775,-0.056296,-0.198159,0.660238,1.148484,-0.471915,-0.296262,-0.339249,-0.032297,-0.749122,-0.669607,-0.700047,-0.455233,-0.749122,-0.099229,0.045636,3
-0.011854,-0.071807,0.004018,0.258356,-0.284322,0.050593,-0.046624,0.035699,0.009883,0.314483,-0.320716,-0.030436,0.343797,-0.010783,-0.056291,-0.198159,0.662899,1.147801,-0.471459,-0.296274,-0.339166,-0.032106,-0.750236,-0.670697,-0.698992,-0.454490,-0.749110,-0.098810,0.045780,3
-0.011829,-0.071816,0.004004,0.258348,-0.284326,0.050600,-0.046616,0.035699,0.009897,0.314500,-0.320712,-0.030429,0.343649,-0.010775,-0.056296,-0.198111,0.665619,1.147370,-0.471160,-0.296274,-0.339046,-0.031902,-0.751483,-0.671836,-0.698237,-0.453675,-0.749098,-0.098534,0.045983,3
-0.011837,-0.071807,0.004004,0.258365,-0.284330,0.050593,-0.046607,0.035691,0.009883,0.314517,-0.320725,-0.030422,0.343462,-0.010805,-0.056297,-0.198087,0.669874,1.146806,-0.471100,-0.296334,-0.338854,-0.031614,-0.753772,-0.673741,-0.696979,-0.451961,-0.749098,-0.098271,0.046259,3
-0.011837,-0.071816,0.004044,0.258373,-0.284326,0.050585,-0.046616,0.035708,0.009910,0.314500,-0.320721,-0.030429,0.343301,-0.010790,-0.056296,-0.198027,0.672858,1.146483,-0.471172,-0.296370,-0.338698,-0.031411,-0.755330,-0.674964,-0.696128,-0.451110,-0.749098,-0.098055,0.046463,3
-0.011837,-0.071816,0.004031,0.258365,-0.284334,0.050585,-0.046607,0.035708,0.009897,0.314492,-0.320708,-0.030422,0.343154,-0.010790,-0.056296,-0.197991,0.675662,1.146195,-0.471124,-0.296406,-0.338351,-0.031243,-0.756732,-0.676174,-0.695217,-0.450199,-0.749086,-0.097755,0.046631,3
-0.011846,-0.071807,0.004018,0.258356,-0.284334,0.050585,-0.046599,0.035699,0.009897,0.314500,-0.320716,-0.030436,0.343020,-0.010783,-0.056291,-0.197967,0.677232,1.146051,-0.470896,-0.296406,-0.338159,-0.031195,-0.757427,-0.676725,-0.694726,-0.449672,-0.749110,-0.097671,0.046798,3
-0.011846,-0.071816,0.004018,0.258373,-0.284346,0.050564,-0.046573,0.035716,0.009883,0.314500,-0.320716,-0.030436,0.342806,-0.010783,-0.056291,-0.197776,0.681702,1.145704,-0.469961,-0.296430,-0.337236,-0.031147,-0.760195,-0.678211,-0.693395,-0.448054,-0.749122,-0.097432,0.047002,3
-0.011846,-0.071816,0.004018,0.258382,-0.284355,0.050578,-0.046573,0.035708,0.009897,0.314509,-0.320721,-0.030429,0.342658,-0.010798,-0.056282,-0.197620,0.685597,1.145548,-0.469362,-0.296430,-0.336481,-0.031159,-0.761645,-0.679661,-0.692604,-0.446856,-0.749122,-0.097360,0.047062,3
-0.011837,-0.071833,0.004031,0.258382,-0.284346,0.050549,-0.046556,0.035716,0.009897,0.314526,-0.320716,-0.030436,0.342511,-0.010790,-0.056296,-0.197500,0.688353,1.145332,-0.468895,-0.296406,-0.335738,-0.031195,-0.763108,-0.680860,-0.691706,-0.445609,-0.749122,-0.097360,0.047122,3
-0.011837,-0.071824,0.004018,0.258408,-0.284351,0.050556,-0.046573,0.035708,0.009897,0.314543,-0.320721,-0.030429,0.342310,-0.010798,-0.056302,-0.197344,0.691433,1.145189,-0.468523,-0.296418,-0.334983,-0.031195,-0.764498,-0.682262,-0.691202,-0.444447,-0.749122,-0.097372,0.047146,3
-0.011846,-0.071833,0.004018,0.258416,-0.284355,0.050549,-0.046573,0.035699,0.009897,0.314543,-0.320712,-0.030444,0.342083,-0.010805,-0.056287,-0.197284,0.694681,1.145045,-0.468140,-0.296430,-0.334036,-0.031207,-0.765912,-0.683880,-0.690627,-0.442649,-0.749110,-0.097480,0.047182,3
-0.011837,-0.071816,0.004031,0.258399,-0.284355,0.050549,-0.046573,0.035708,0.009897,0.314543,-0.320716,-0.030422,0.341855,-0.010790,-0.056296,-0.197284,0.698025,1.144865,-0.467984,-0.296406,-0.332898,-0.031195,-0.767326,-0.685426,-0.689968,-0.441547,-0.749110,-0.097576,0.047182,3
-0.011846,-0.071816,0.004031,0.258416,-0.284346,0.050549,-0.046582,0.035699,0.009897,0.314551,-0.320708,-0.030422,0.341547,-0.010805,-0.056287,-0.197332,0.702902,1.144613,-0.467744,-0.296430,-0.330261,-0.031171,-0.769819,-0.687439,-0.688745,-0.439797,-0.749098,-0.097791,0.047314,3
-0.011837,-0.071816,0.004031,0.258416,-0.284351,0.050556,-0.046590,0.035699,0.009897,0.314543,-0.320712,-0.030429,0.341279,-0.010813,-0.056292,-0.197332,0.705778,1.144446,-0.467541,-0.296442,-0.328631,-0.031171,-0.771437,-0.688554,-0.687847,-0.438539,-0.749122,-0.097863,0.047577,3
-0.011837,-0.071816,0.004031,0.258416,-0.284350,0.050528,-0.046573,0.035725,0.009883,0.314543,-0.320712,-0.030444,0.341078,-0.010805,-0.056287,-0.197332,0.708475,1.144326,-0.467349,-0.296442,-0.326774,-0.031159,-0.773773,-0.689548,-0.686972,-0.437244,-0.749098,-0.097923,0.047769,3
-0.011829,-0.071816,0.004018,0.258416,-0.284346,0.050535,-0.046573,0.035708,0.009910,0.314543,-0.320712,-0.030444,0.340904,-0.010805,-0.056297,-0.197320,0.711387,1.144254,-0.467277,-0.296454,-0.324856,-0.031135,-0.775224,-0.690399,-0.686133,-0.435806,-0.749110,-0.097947,0.047961,3
-0.011846,-0.071816,0.004004,0.258425,-0.284342,0.050542,-0.046573,0.035708,0.009910,0.314551,-0.320708,-0.030422,0.340717,-0.010813,-0.056302,-0.197320,0.716097,1.144158,-0.467241,-0.296454,-0.322795,-0.031111,-0.776626,-0.691753,-0.684958,-0.434356,-0.749110,-0.097923,0.048093,3
-0.011837,-0.071816,0.004004,0.258416,-0.284342,0.050542,-0.046582,0.035699,0.009883,0.314560,-0.320712,-0.030429,0.340529,-0.010805,-0.056307,-0.197344,0.719309,1.144062,-0.467313,-0.296478,-0.320698,-0.031063,-0.778160,-0.692928,-0.684227,-0.432499,-0.749098,-0.097899,0.048165,3
-0.011837,-0.071816,0.004004,0.258425,-0.284350,0.050542,-0.046590,0.035716,0.009897,0.314534,-0.320708,-0.030422,0.340328,-0.010836,-0.056307,-0.197356,0.722688,1.143966,-0.467313,-0.296538,-0.318421,-0.030943,-0.779945,-0.694426,-0.683412,-0.431396,-0.749098,-0.097887,0.048213,3
-0.011837,-0.071833,0.004018,0.258408,-0.284342,0.050542,-0.046590,0.035716,0.009897,0.314543,-0.320712,-0.030429,0.340141,-0.010836,-0.056317,-0.197416,0.725732,1.143882,-0.467325,-0.296562,-0.316108,-0.030764,-0.781863,-0.695948,-0.682538,-0.430258,-0.749086,-0.097803,0.048260,3
-0.011829,-0.071816,0.004004,0.258399,-0.284326,0.050556,-0.046599,0.035725,0.009897,0.314534,-0.320708,-0.030436,0.339926,-0.010836,-0.056317,-0.197440,0.728728,1.143858,-0.467325,-0.296586,-0.312405,-0.030572,-0.783672,-0.697338,-0.681687,-0.428832,-0.749122,-0.097683,0.048416,3
-0.011820,-0.071816,0.004004,0.258373,-0.284321,0.050549,-0.046599,0.035725,0.009897,0.314534,-0.320704,-0.030429,0.339685,-0.010828,-0.056312,-0.197512,0.732072,1.143858,-0.467349,-0.296622,-0.309876,-0.030236,-0.785242,-0.698489,-0.680884,-0.427250,-0.749110,-0.097588,0.048836,3
-0.011829,-0.071816,0.004004,0.258373,-0.284317,0.050542,-0.046565,0.035733,0.009897,0.314534,-0.320704,-0.030429,0.339458,-0.010836,-0.056307,-0.197776,0.737585,1.143834,-0.467385,-0.296705,-0.305574,-0.029829,-0.788059,-0.700226,-0.679841,-0.424913,-0.749098,-0.097623,0.049363,3
-0.011837,-0.071807,0.004018,0.258365,-0.284325,0.050542,-0.046582,0.035716,0.009897,0.314534,-0.320704,-0.030429,0.339364,-0.010828,-0.056312,-0.197848,0.741384,1.143834,-0.467421,-0.296741,-0.304184,-0.029661,-0.788993,-0.701700,-0.679518,-0.424158,-0.749098,-0.097683,0.049531,3
-0.011837,-0.071816,0.004004,0.258391,-0.284325,0.050528,-0.046590,0.035708,0.009897,0.314551,-0.320704,-0.030444,0.339163,-0.010851,-0.056327,-0.198075,0.746249,1.143822,-0.467517,-0.296837,-0.300097,-0.029301,-0.792253,-0.704349,-0.678091,-0.422252,-0.749074,-0.097875,0.049998,3
-0.011846,-0.071816,0.004031,0.258391,-0.284321,0.050549,-0.046599,0.035708,0.009897,0.314543,-0.320696,-0.030415,0.338989,-0.010866,-0.056327,-0.198219,0.749341,1.143822,-0.467660,-0.296885,-0.297029,-0.029038,-0.794974,-0.705907,-0.677145,-0.420407,-0.749098,-0.097971,0.050310,3
-0.011837,-0.071807,0.004058,0.258382,-0.284321,0.050549,-0.046590,0.035716,0.009910,0.314551,-0.320700,-0.030436,0.338842,-0.010881,-0.056337,-0.198399,0.752193,1.143822,-0.467744,-0.297017,-0.293985,-0.028762,-0.797370,-0.707081,-0.676162,-0.418969,-0.749098,-0.098007,0.050705,3
-0.011837,-0.071816,0.004058,0.258365,-0.284325,0.050528,-0.046599,0.035708,0.009897,0.314526,-0.320696,-0.030415,0.338708,-0.010897,-0.056347,-0.198603,0.755501,1.143834,-0.467792,-0.297029,-0.289419,-0.028510,-0.800103,-0.708088,-0.675167,-0.417303,-0.749110,-0.097731,0.051185,3
-0.011837,-0.071816,0.004031,0.258373,-0.284321,0.050549,-0.046590,0.035716,0.009897,0.314534,-0.320700,-0.030422,0.338520,-0.010897,-0.056347,-0.198806,0.759408,1.143894,-0.467792,-0.297101,-0.286099,-0.028235,-0.803099,-0.709274,-0.674185,-0.415529,-0.749086,-0.097659,0.051664,3
-0.011837,-0.071816,0.004031,0.258373,-0.284321,0.050549,-0.046565,0.035725,0.009897,0.314534,-0.320696,-0.030415,0.338293,-0.010889,-0.056352,-0.199010,0.763554,1.143990,-0.467780,-0.297113,-0.282564,-0.027791,-0.805676,-0.710832,-0.673202,-0.413779,-0.749098,-0.097707,0.052251,3
-0.011837,-0.071816,0.004031,0.258391,-0.284330,0.050535,-0.046565,0.035708,0.009883,0.314534,-0.320692,-0.030407,0.338078,-0.010897,-0.056347,-0.199214,0.767030,1.144110,-0.467768,-0.297161,-0.279220,-0.027528,-0.808396,-0.712462,-0.672243,-0.412269,-0.749098,-0.097671,0.052551,3
-0.011837,-0.071807,0.004085,0.258425,-0.284325,0.050528,-0.046565,0.035716,0.009897,0.314517,-0.320700,-0.030422,0.337730,-0.010927,-0.056347,-0.199406,0.773777,1.144398,-0.467804,-0.297197,-0.274091,-0.027084,-0.810541,-0.716129,-0.670973,-0.410100,-0.749098,-0.097647,0.052886,3
-0.011837,-0.071807,0.004138,0.258425,-0.284326,0.050556,-0.046556,0.035725,0.009910,0.314534,-0.320683,-0.030422,0.337516,-0.010904,-0.056352,-0.199597,0.777336,1.144769,-0.467840,-0.297245,-0.270652,-0.026773,-0.812063,-0.717759,-0.669714,-0.408458,-0.749098,-0.097612,0.053126,3
-0.011837,-0.071816,0.004138,0.258425,-0.284325,0.050528,-0.046539,0.035708,0.009910,0.314543,-0.320696,-0.030415,0.337315,-0.010904,-0.056352,-0.199801,0.780991,1.145009,-0.467864,-0.297257,-0.267152,-0.026401,-0.813537,-0.719341,-0.668756,-0.405654,-0.749098,-0.097480,0.053450,3
-0.011837,-0.071807,0.004138,0.258450,-0.284330,0.050535,-0.046505,0.035708,0.009950,0.314543,-0.320692,-0.030407,0.337141,-0.010897,-0.056357,-0.200041,0.784647,1.145225,-0.467864,-0.297281,-0.263377,-0.025970,-0.814975,-0.721043,-0.667509,-0.403617,-0.749110,-0.097432,0.053821,3
-0.011863,-0.071816,0.004138,0.258459,-0.284334,0.050542,-0.046505,0.035716,0.009950,0.314568,-0.320675,-0.030408,0.336953,-0.010920,-0.056362,-0.200256,0.788254,1.145380,-0.467828,-0.297281,-0.259638,-0.025514,-0.816629,-0.722865,-0.666191,-0.401903,-0.749098,-0.097504,0.054217,3
-0.011863,-0.071816,0.004138,0.258467,-0.284330,0.050549,-0.046514,0.035708,0.009950,0.314585,-0.320683,-0.030407,0.336806,-0.010920,-0.056362,-0.200508,0.791657,1.145440,-0.467792,-0.297281,-0.254018,-0.025011,-0.818918,-0.724842,-0.664933,-0.400381,-0.749098,-0.097324,0.054552,3
-0.011846,-0.071807,0.004138,0.258493,-0.284334,0.050542,-0.046548,0.035725,0.009950,0.314585,-0.320683,-0.030393,0.336592,-0.010920,-0.056362,-0.200832,0.795181,1.145452,-0.467768,-0.297281,-0.250386,-0.024244,-0.821962,-0.726795,-0.663818,-0.398907,-0.749098,-0.097036,0.054900,3
-0.011837,-0.071816,0.004178,0.258518,-0.284330,0.050549,-0.046531,0.035708,0.009964,0.314585,-0.320683,-0.030393,0.336445,-0.010942,-0.056377,-0.201503,0.798944,1.145440,-0.467744,-0.297257,-0.246635,-0.023657,-0.826097,-0.728425,-0.662800,-0.397085,-0.749098,-0.096701,0.055091,3
-0.011837,-0.071824,0.004151,0.258493,-0.284334,0.050542,-0.046497,0.035699,0.009950,0.314577,-0.320675,-0.030408,0.336311,-0.010950,-0.056392,-0.201994,0.802671,1.145452,-0.467732,-0.297281,-0.242669,-0.022986,-0.828278,-0.729707,-0.661781,-0.394940,-0.749110,-0.096389,0.055379,3
-0.011863,-0.071816,0.004165,0.258493,-0.284334,0.050542,-0.046471,0.035708,0.009950,0.314543,-0.320679,-0.030386,0.336123,-0.010973,-0.056397,-0.202689,0.809742,1.145476,-0.467505,-0.297269,-0.236641,-0.021895,-0.831418,-0.732032,-0.660247,-0.391980,-0.749110,-0.096173,0.055918,3
-0.011837,-0.071816,0.004165,0.258493,-0.284330,0.050535,-0.046437,0.035725,0.009964,0.314534,-0.320675,-0.030379,0.335949,-0.010965,-0.056392,-0.203109,0.813169,1.145512,-0.467373,-0.297257,-0.232710,-0.021152,-0.833755,-0.733183,-0.658689,-0.390350,-0.749098,-0.096185,0.056314,3
-0.011854,-0.071816,0.004138,0.258493,-0.284321,0.050549,-0.046403,0.035725,0.009950,0.314543,-0.320667,-0.030393,0.335815,-0.010958,-0.056387,-0.203648,0.816633,1.145500,-0.467325,-0.297257,-0.228803,-0.020409,-0.836103,-0.734226,-0.657622,-0.387798,-0.749098,-0.096257,0.056757,3
-0.011846,-0.071816,0.004165,0.258501,-0.284317,0.050556,-0.046369,0.035716,0.009950,0.314585,-0.320679,-0.030371,0.335695,-0.010965,-0.056392,-0.204247,0.820599,1.145512,-0.467313,-0.297281,-0.224884,-0.019726,-0.838704,-0.735184,-0.656508,-0.385736,-0.749086,-0.096233,0.057273,3
-0.011846,-0.071816,0.004178,0.258493,-0.284321,0.050549,-0.046326,0.035716,0.009950,0.314619,-0.320675,-0.030379,0.335547,-0.010950,-0.056392,-0.204918,0.824278,1.145488,-0.467109,-0.297281,-0.218712,-0.019031,-0.841688,-0.736023,-0.655273,-0.383471,-0.749098,-0.096137,0.057848,3
-0.011837,-0.071816,0.004178,0.258501,-0.284317,0.050556,-0.046309,0.035725,0.009950,0.314636,-0.320679,-0.030386,0.335360,-0.010942,-0.056377,-0.205553,0.828089,1.145476,-0.466810,-0.297281,-0.214590,-0.017952,-0.844373,-0.737030,-0.654087,-0.381470,-0.749110,-0.096137,0.058843,3
-0.011854,-0.071816,0.004165,0.258518,-0.284309,0.050571,-0.046301,0.035716,0.009950,0.314645,-0.320679,-0.030400,0.335213,-0.010958,-0.056387,-0.206332,0.831409,1.145512,-0.466522,-0.297281,-0.210455,-0.017149,-0.847752,-0.738564,-0.652973,-0.379744,-0.749110,-0.096113,0.059574,3
-0.011837,-0.071816,0.004138,0.258535,-0.284313,0.050564,-0.046309,0.035708,0.009964,0.314662,-0.320675,-0.030379,0.335038,-0.010950,-0.056382,-0.206776,0.836874,1.145572,-0.466342,-0.297269,-0.206368,-0.016334,-0.849526,-0.741260,-0.651906,-0.377923,-0.749122,-0.096054,0.060365,3
-0.011837,-0.071816,0.004165,0.258527,-0.284301,0.050585,-0.046335,0.035725,0.009950,0.314662,-0.320679,-0.030371,0.334811,-0.010973,-0.056397,-0.207195,0.840613,1.145716,-0.466210,-0.297257,-0.202390,-0.015400,-0.851144,-0.743178,-0.650180,-0.375813,-0.749110,-0.095970,0.061263,3
-0.011829,-0.071816,0.004178,0.258535,-0.284301,0.050600,-0.046343,0.035716,0.009950,0.314662,-0.320683,-0.030364,0.334570,-0.010980,-0.056402,-0.207699,0.844388,1.145788,-0.466043,-0.297269,-0.198267,-0.014345,-0.853337,-0.744868,-0.648994,-0.373656,-0.749110,-0.095970,0.062270,3
-0.011854,-0.071807,0.004165,0.258510,-0.284297,0.050621,-0.046318,0.035716,0.009950,0.314688,-0.320679,-0.030371,0.334208,-0.010980,-0.056402,-0.208789,0.850344,1.145716,-0.465216,-0.297281,-0.191664,-0.012655,-0.857723,-0.746989,-0.647280,-0.369498,-0.749086,-0.095742,0.063852,3
-0.011829,-0.071807,0.004178,0.258518,-0.284293,0.050614,-0.046326,0.035708,0.009964,0.314696,-0.320687,-0.030386,0.334114,-0.010988,-0.056407,-0.209197,0.852238,1.145656,-0.464940,-0.297281,-0.189578,-0.012080,-0.859413,-0.747564,-0.646597,-0.368479,-0.749074,-0.095634,0.064307,3
-0.011837,-0.071816,0.004138,0.258518,-0.284280,0.050621,-0.046301,0.035716,0.009937,0.314671,-0.320675,-0.030379,0.333806,-0.010996,-0.056412,-0.210323,0.858302,1.145548,-0.464197,-0.297281,-0.181501,-0.010342,-0.864542,-0.749170,-0.644344,-0.365183,-0.749098,-0.095862,0.065590,3
-0.011846,-0.071816,0.004098,0.258510,-0.284276,0.050643,-0.046284,0.035733,0.009923,0.314671,-0.320663,-0.030357,0.333565,-0.010980,-0.056402,-0.211006,0.862316,1.145560,-0.463718,-0.297269,-0.177630,-0.008904,-0.867550,-0.750368,-0.642930,-0.363062,-0.749098,-0.095910,0.066465,3
-0.011837,-0.071807,0.004111,0.258501,-0.284272,0.050650,-0.046292,0.035725,0.009937,0.314662,-0.320659,-0.030364,0.333190,-0.010980,-0.056412,-0.211857,0.866295,1.145632,-0.463286,-0.297257,-0.173663,-0.008005,-0.871661,-0.751974,-0.641791,-0.361085,-0.749110,-0.095922,0.066980,3
-0.011820,-0.071816,0.004111,0.258527,-0.284268,0.050643,-0.046250,0.035708,0.009937,0.314636,-0.320667,-0.030364,0.332923,-0.010980,-0.056402,-0.212408,0.870346,1.145716,-0.462903,-0.297257,-0.169397,-0.007131,-0.874297,-0.753772,-0.640904,-0.358999,-0.749110,-0.095910,0.067507,3
-0.011829,-0.071816,0.004125,0.258518,-0.284264,0.050665,-0.046250,0.035716,0.009937,0.314636,-0.320667,-0.030364,0.332601,-0.010980,-0.056402,-0.213032,0.876494,1.145776,-0.462519,-0.297281,-0.165334,-0.006352,-0.876766,-0.756600,-0.639934,-0.356567,-0.749110,-0.095826,0.068298,3
-0.011820,-0.071807,0.004111,0.258518,-0.284264,0.050665,-0.046241,0.035716,0.009910,0.314654,-0.320663,-0.030342,0.332253,-0.011003,-0.056397,-0.213823,0.880532,1.145764,-0.461944,-0.297281,-0.161535,-0.005609,-0.879750,-0.758278,-0.638136,-0.354122,-0.749098,-0.095910,0.069185,3
-0.011829,-0.071799,0.004111,0.258493,-0.284252,0.050672,-0.046224,0.035708,0.009923,0.314679,-0.320671,-0.030357,0.331838,-0.010980,-0.056402,-0.214697,0.884296,1.145752,-0.461189,-0.297281,-0.157557,-0.004830,-0.882782,-0.760064,-0.636542,-0.351857,-0.749086,-0.096078,0.070108,3
-0.011820,-0.071807,0.004125,0.258510,-0.284260,0.050672,-0.046215,0.035716,0.009937,0.314705,-0.320671,-0.030342,0.331409,-0.010980,-0.056402,-0.215452,0.888214,1.145800,-0.460062,-0.297269,-0.153566,-0.004027,-0.885419,-0.761909,-0.634852,-0.348154,-0.749098,-0.096209,0.070971,3
-0.011829,-0.071807,0.004098,0.258527,-0.284252,0.050672,-0.046198,0.035716,0.009897,0.314730,-0.320671,-0.030357,0.330633,-0.010996,-0.056412,-0.216471,0.894183,1.145932,-0.458972,-0.297293,-0.147490,-0.002840,-0.889098,-0.764797,-0.632563,-0.343684,-0.749110,-0.096221,0.072037,3
-0.011795,-0.071799,0.004071,0.258552,-0.284256,0.050679,-0.046190,0.035716,0.009870,0.314730,-0.320667,-0.030350,0.330043,-0.010996,-0.056412,-0.217070,0.898377,1.146003,-0.458229,-0.297329,-0.141977,-0.002037,-0.891974,-0.766367,-0.631209,-0.341263,-0.749110,-0.096137,0.072529,3
-0.011837,-0.071807,0.004044,0.258552,-0.284260,0.050701,-0.046224,0.035716,0.009856,0.314756,-0.320663,-0.030357,0.328932,-0.010996,-0.056412,-0.217789,0.902356,1.146123,-0.457378,-0.297377,-0.138406,-0.000827,-0.895054,-0.767733,-0.629927,-0.339202,-0.749098,-0.096006,0.072864,3
-0.011829,-0.071816,0.004071,0.258587,-0.284248,0.050694,-0.046232,0.035708,0.009843,0.314773,-0.320658,-0.030350,0.328128,-0.010980,-0.056402,-0.218916,0.906334,1.146171,-0.456383,-0.297436,-0.134679,0.000096,-0.899895,-0.768836,-0.628513,-0.336829,-0.749086,-0.095826,0.072852,3
-0.011820,-0.071807,0.004031,0.258595,-0.284252,0.050687,-0.046241,0.035716,0.009856,0.314773,-0.320658,-0.030350,0.327204,-0.010980,-0.056412,-0.219719,0.912351,1.146183,-0.455293,-0.297508,-0.130796,0.001127,-0.903575,-0.770226,-0.626895,-0.334276,-0.749110,-0.095694,0.072768,3
-0.011820,-0.071816,0.004071,0.258587,-0.284256,0.050694,-0.046224,0.035725,0.009843,0.314764,-0.320658,-0.030350,0.326213,-0.010973,-0.056407,-0.220462,0.916797,1.146183,-0.454118,-0.297556,-0.127189,0.002121,-0.906834,-0.770861,-0.624977,-0.331651,-0.749158,-0.095658,0.072696,3
-0.011837,-0.071816,0.004098,0.258570,-0.284256,0.050665,-0.046207,0.035708,0.009843,0.314730,-0.320667,-0.030364,0.325222,-0.010980,-0.056402,-0.221217,0.921123,1.146219,-0.452488,-0.297580,-0.123917,0.003200,-0.909914,-0.771676,-0.622233,-0.327181,-0.749170,-0.095634,0.072720,3
-0.011829,-0.071807,0.004071,0.258561,-0.284256,0.050694,-0.046190,0.035725,0.009843,0.314722,-0.320663,-0.030357,0.324164,-0.010980,-0.056412,-0.221960,0.925114,1.146279,-0.451482,-0.297580,-0.120741,0.004434,-0.913318,-0.773078,-0.620735,-0.323874,-0.749218,-0.095742,0.072744,3
-0.011829,-0.071816,0.004071,0.258552,-0.284247,0.050679,-0.046173,0.035716,0.009843,0.314730,-0.320650,-0.030335,0.323307,-0.010980,-0.056402,-0.222607,0.929164,1.146363,-0.450391,-0.297604,-0.117445,0.005800,-0.916074,-0.774828,-0.619453,-0.320926,-0.749266,-0.095994,0.072744,3
-0.011829,-0.071816,0.004058,0.258552,-0.284252,0.050687,-0.046190,0.035708,0.009830,0.314722,-0.320650,-0.030335,0.322691,-0.010996,-0.056412,-0.223182,0.933623,1.146447,-0.449133,-0.297640,-0.112388,0.007358,-0.918747,-0.776530,-0.617931,-0.318133,-0.749290,-0.096365,0.072708,3
-0.011837,-0.071816,0.004031,0.258570,-0.284247,0.050679,-0.046173,0.035716,0.009789,0.314739,-0.320654,-0.030328,0.322303,-0.010996,-0.056412,-0.223817,0.938165,1.146507,-0.447827,-0.297676,-0.108901,0.009731,-0.922006,-0.778076,-0.615881,-0.315089,-0.749278,-0.096809,0.072720,3
-0.011829,-0.071807,0.003991,0.258587,-0.284247,0.050679,-0.046164,0.035699,0.009749,0.314730,-0.320650,-0.030335,0.322289,-0.010996,-0.056412,-0.225004,0.944360,1.146555,-0.445765,-0.297724,-0.103867,0.011433,-0.928730,-0.780101,-0.612837,-0.310799,-0.749230,-0.096928,0.072792,3
-0.011837,-0.071816,0.003964,0.258595,-0.284243,0.050672,-0.046156,0.035725,0.009723,0.314713,-0.320650,-0.030335,0.322437,-0.011011,-0.056402,-0.225711,0.948327,1.146567,-0.444327,-0.297688,-0.100811,0.012044,-0.932445,-0.781731,-0.611076,-0.307491,-0.749206,-0.096797,0.072804,3
-0.011846,-0.071816,0.003991,0.258587,-0.284243,0.050687,-0.046173,0.035708,0.009723,0.314696,-0.320642,-0.030321,0.322638,-0.010973,-0.056407,-0.226562,0.954787,1.146567,-0.442889,-0.297748,-0.097923,0.012488,-0.935608,-0.784320,-0.609302,-0.303944,-0.749218,-0.096809,0.072708,3
-0.011854,-0.071816,0.003991,0.258561,-0.284247,0.050679,-0.046156,0.035708,0.009736,0.314705,-0.320646,-0.030342,0.322879,-0.010996,-0.056412,-0.227413,0.959640,1.146567,-0.441379,-0.297796,-0.095215,0.012787,-0.938820,-0.785937,-0.606510,-0.300888,-0.749242,-0.096713,0.072529,3
-0.011846,-0.071816,0.004004,0.258535,-0.284235,0.050686,-0.046173,0.035725,0.009736,0.314739,-0.320650,-0.030335,0.323160,-0.011018,-0.056407,-0.228276,0.964182,1.146567,-0.439162,-0.297856,-0.092554,0.012907,-0.942236,-0.787400,-0.604496,-0.296454,-0.749266,-0.096485,0.072325,3
-0.011829,-0.071816,0.004031,0.258510,-0.284235,0.050686,-0.046181,0.035733,0.009696,0.314756,-0.320642,-0.030350,0.323414,-0.011011,-0.056422,-0.229174,0.968473,1.146567,-0.437424,-0.297988,-0.089858,0.012895,-0.945867,-0.788957,-0.602519,-0.293685,-0.749314,-0.096377,0.072121,3
-0.011829,-0.071816,0.004018,0.258501,-0.284239,0.050694,-0.046207,0.035733,0.009723,0.314773,-0.320638,-0.030342,0.323682,-0.011003,-0.056417,-0.230205,0.972655,1.146543,-0.435315,-0.298120,-0.087353,0.012775,-0.949318,-0.790767,-0.600781,-0.290845,-0.749374,-0.096305,0.071977,3
-0.011837,-0.071824,0.004058,0.258501,-0.284235,0.050686,-0.046215,0.035725,0.009736,0.314756,-0.320634,-0.030335,0.323910,-0.011003,-0.056417,-0.231391,0.977137,1.146567,-0.433122,-0.298215,-0.083770,0.012547,-0.953081,-0.792745,-0.599091,-0.287502,-0.749422,-0.096161,0.071953,3
-0.011820,-0.071816,0.004071,0.258493,-0.284227,0.050672,-0.046198,0.035708,0.009723,0.314739,-0.320642,-0.030321,0.324111,-0.011003,-0.056417,-0.233321,0.983393,1.146543,-0.430042,-0.298407,-0.080067,0.011996,-0.958426,-0.795561,-0.596083,-0.282085,-0.749481,-0.096245,0.072301,3
-0.011820,-0.071833,0.004085,0.258493,-0.284222,0.050665,-0.046181,0.035708,0.009723,0.314739,-0.320634,-0.030335,0.324044,-0.010996,-0.056412,-0.235238,0.987372,1.146543,-0.428400,-0.298551,-0.077945,0.011673,-0.963340,-0.797071,-0.593842,-0.278933,-0.749529,-0.096341,0.072505,3
-0.011812,-0.071816,0.004111,0.258501,-0.284227,0.050672,-0.046164,0.035725,0.009736,0.314739,-0.320642,-0.030321,0.323896,-0.010996,-0.056412,-0.236437,0.993879,1.146543,-0.426686,-0.298695,-0.075980,0.011385,-0.966731,-0.799635,-0.591889,-0.275445,-0.749565,-0.096329,0.072648,3
-0.011820,-0.071824,0.004138,0.258510,-0.284222,0.050665,-0.046147,0.035708,0.009736,0.314764,-0.320642,-0.030321,0.323602,-0.010996,-0.056412,-0.237551,0.998361,1.146543,-0.424805,-0.298839,-0.074206,0.011085,-0.970375,-0.801721,-0.588977,-0.272545,-0.749625,-0.096305,0.072720,3
-0.011820,-0.071833,0.004151,0.258518,-0.284214,0.050679,-0.046139,0.035699,0.009736,0.314790,-0.320630,-0.030313,0.323334,-0.010996,-0.056412,-0.238774,1.002604,1.146531,-0.421305,-0.299006,-0.072397,0.010846,-0.974054,-0.803878,-0.586688,-0.267907,-0.749685,-0.096257,0.072720,3
-0.011846,-0.071816,0.004178,0.258578,-0.284223,0.050694,-0.046147,0.035708,0.009736,0.314815,-0.320621,-0.030314,0.323039,-0.010996,-0.056412,-0.240056,1.006630,1.146543,-0.419064,-0.299210,-0.070431,0.010606,-0.977997,-0.805807,-0.584207,-0.264240,-0.749745,-0.096125,0.072684,3
-0.011837,-0.071816,0.004178,0.258587,-0.284214,0.050694,-0.046173,0.035716,0.009749,0.314858,-0.320613,-0.030328,0.322785,-0.010996,-0.056412,-0.241422,1.010429,1.146543,-0.416775,-0.299570,-0.068586,0.010498,-0.981820,-0.807413,-0.581894,-0.260933,-0.749865,-0.095946,0.072696,3
-0.011837,-0.071833,0.004205,0.258604,-0.284223,0.050694,-0.046190,0.035708,0.009776,0.314875,-0.320621,-0.030314,0.322597,-0.011011,-0.056422,-0.242788,1.014384,1.146567,-0.413995,-0.299821,-0.066201,0.010354,-0.985295,-0.809031,-0.579761,-0.257158,-0.749985,-0.095790,0.072696,3
-0.011846,-0.071816,0.004232,0.258612,-0.284210,0.050686,-0.046190,0.035708,0.009803,0.314892,-0.320625,-0.030321,0.322343,-0.010988,-0.056417,-0.244107,1.018639,1.146567,-0.411454,-0.300073,-0.065026,0.010247,-0.989010,-0.810877,-0.577831,-0.253850,-0.750141,-0.095838,0.072684,3
-0.011846,-0.071816,0.004285,0.258604,-0.284223,0.050694,-0.046181,0.035725,0.009816,0.314875,-0.320621,-0.030314,0.322129,-0.011003,-0.056417,-0.246444,1.025398,1.146543,-0.408123,-0.300540,-0.063181,0.010199,-0.997088,-0.814064,-0.574428,-0.248733,-0.750452,-0.095934,0.072756,3
-0.011837,-0.071807,0.004352,0.258595,-0.284227,0.050672,-0.046139,0.035699,0.009856,0.314875,-0.320613,-0.030299,0.322048,-0.010988,-0.056417,-0.247486,1.032193,1.146543,-0.405642,-0.300852,-0.061970,0.010247,-1.001294,-0.816989,-0.572199,-0.245017,-0.750728,-0.096042,0.072900,3
-0.011829,-0.071824,0.004419,0.258612,-0.284227,0.050686,-0.046147,0.035716,0.009870,0.314858,-0.320613,-0.030299,0.321928,-0.010996,-0.056422,-0.248649,1.036519,1.146459,-0.402742,-0.301247,-0.060568,0.010270,-1.004757,-0.818846,-0.568568,-0.241674,-0.751039,-0.096066,0.073092,3
-0.011820,-0.071816,0.004446,0.258604,-0.284223,0.050694,-0.046139,0.035725,0.009870,0.314858,-0.320609,-0.030292,0.321821,-0.010996,-0.056422,-0.249943,1.040654,1.146315,-0.399914,-0.301691,-0.059262,0.010270,-1.008041,-0.821027,-0.565895,-0.237851,-0.751423,-0.096078,0.073248,3
-0.011829,-0.071824,0.004486,0.258612,-0.284218,0.050701,-0.046139,0.035708,0.009883,0.314875,-0.320605,-0.030285,0.321620,-0.010980,-0.056432,-0.251249,1.044549,1.146111,-0.395671,-0.302146,-0.058195,0.010294,-1.011864,-0.823304,-0.563103,-0.232386,-0.751830,-0.096066,0.073331,3
-0.011854,-0.071816,0.004553,0.258612,-0.284206,0.050708,-0.046147,0.035699,0.009923,0.314884,-0.320596,-0.030299,0.321419,-0.010973,-0.056427,-0.252723,1.048527,1.145836,-0.392399,-0.303045,-0.057333,0.010258,-1.015999,-0.825414,-0.560514,-0.228551,-0.752573,-0.095970,0.073331,3
-0.011846,-0.071824,0.004607,0.258604,-0.284206,0.050708,-0.046190,0.035708,0.009950,0.314901,-0.320601,-0.030277,0.321218,-0.010958,-0.056417,-0.254126,1.052422,1.145548,-0.389595,-0.303632,-0.056350,0.010151,-1.020493,-0.827307,-0.558057,-0.224836,-0.753209,-0.095814,0.073272,3
-0.011854,-0.071824,0.004674,0.258604,-0.284223,0.050694,-0.046198,0.035699,0.009990,0.314901,-0.320596,-0.030270,0.321031,-0.010973,-0.056427,-0.255552,1.056593,1.145213,-0.387055,-0.304232,-0.055835,0.009767,-1.024519,-0.829368,-0.555685,-0.221385,-0.753976,-0.095718,0.073224,3
-0.011837,-0.071816,0.004714,0.258612,-0.284214,0.050694,-0.046215,0.035708,0.010031,0.314901,-0.320592,-0.030263,0.320736,-0.010973,-0.056427,-0.256798,1.060835,1.144889,-0.384502,-0.304843,-0.055379,0.009444,-1.028175,-0.831657,-0.553479,-0.217466,-0.754850,-0.095658,0.073236,3
-0.011820,-0.071816,0.004754,0.258604,-0.284206,0.050694,-0.046190,0.035708,0.010057,0.314901,-0.320592,-0.030263,0.320508,-0.010965,-0.056442,-0.258176,1.065377,1.144589,-0.381877,-0.305418,-0.054996,0.009084,-1.034251,-0.833958,-0.551382,-0.213643,-0.755821,-0.095634,0.073248,3
-0.011812,-0.071824,0.004808,0.258612,-0.284214,0.050694,-0.046173,0.035699,0.010084,0.314901,-0.320592,-0.030263,0.320214,-0.010973,-0.056447,-0.259363,1.074185,1.144206,-0.377527,-0.306221,-0.054468,0.008701,-1.041034,-0.838213,-0.547811,-0.207818,-0.757283,-0.095682,0.073248,3
-0.011820,-0.071816,0.004821,0.258612,-0.284206,0.050708,-0.046156,0.035699,0.010124,0.314892,-0.320596,-0.030270,0.320080,-0.010958,-0.056447,-0.259842,1.076415,1.144026,-0.375849,-0.306473,-0.054229,0.008653,-1.043035,-0.839231,-0.544959,-0.205709,-0.757751,-0.095730,0.073260,3
-0.011820,-0.071833,0.004848,0.258612,-0.284206,0.050708,-0.046173,0.035725,0.010191,0.314875,-0.320580,-0.030270,0.319678,-0.010950,-0.056442,-0.261484,1.082347,1.143894,-0.369174,-0.307180,-0.053665,0.008689,-1.048800,-0.842623,-0.540501,-0.198339,-0.759201,-0.095730,0.073308,3
-0.011829,-0.071824,0.004875,0.258646,-0.284202,0.050701,-0.046190,0.035716,0.010231,0.314901,-0.320580,-0.030270,0.319357,-0.010950,-0.056432,-0.262622,1.086433,1.143739,-0.366250,-0.307659,-0.053462,0.008760,-1.052455,-0.844792,-0.537636,-0.194360,-0.760363,-0.095574,0.073319,3
-0.011829,-0.071816,0.004928,0.258655,-0.284210,0.050715,-0.046215,0.035716,0.010298,0.314909,-0.320576,-0.030263,0.318995,-0.010935,-0.056442,-0.263737,1.090796,1.143463,-0.363314,-0.307911,-0.053414,0.008725,-1.056889,-0.846721,-0.534892,-0.190441,-0.760878,-0.095335,0.073308,3
-0.011820,-0.071833,0.004982,0.258663,-0.284214,0.050723,-0.046241,0.035708,0.010325,0.314909,-0.320580,-0.030241,0.318727,-0.010935,-0.056452,-0.264899,1.095182,1.143079,-0.360330,-0.308078,-0.053414,0.008641,-1.061467,-0.848351,-0.532375,-0.186295,-0.761238,-0.095191,0.073272,3
-0.011846,-0.071833,0.004968,0.258655,-0.284206,0.050737,-0.046258,0.035725,0.010379,0.314918,-0.320572,-0.030256,0.318339,-0.010935,-0.056471,-0.266002,1.099424,1.142612,-0.356986,-0.308198,-0.053378,0.008569,-1.065601,-0.849909,-0.529787,-0.182676,-0.761478,-0.095107,0.073260,3
-0.011829,-0.071833,0.004982,0.258663,-0.284202,0.050730,-0.046250,0.035708,0.010365,0.314901,-0.320572,-0.030256,0.318138,-0.010904,-0.056481,-0.267500,1.103619,1.142169,-0.353319,-0.308282,-0.053342,0.008509,-1.071689,-0.851887,-0.526886,-0.178948,-0.761586,-0.095083,0.073331,3
-0.011820,-0.071833,0.005022,0.258672,-0.284202,0.050730,-0.046232,0.035708,0.010379,0.314892,-0.320580,-0.030270,0.317950,-0.010920,-0.056491,-0.268435,1.109863,1.141761,-0.349891,-0.308330,-0.053366,0.008545,-1.075800,-0.855086,-0.524034,-0.174910,-0.761598,-0.094903,0.073499,3
-0.011837,-0.071824,0.004995,0.258663,-0.284198,0.050723,-0.046224,0.035708,0.010392,0.314892,-0.320572,-0.030256,0.317736,-0.010889,-0.056491,-0.269322,1.114201,1.141174,-0.346823,-0.308366,-0.053402,0.008545,-1.080438,-0.857328,-0.519960,-0.170655,-0.761514,-0.094711,0.073703,3
-0.011837,-0.071824,0.004995,0.258697,-0.284202,0.050715,-0.046224,0.035708,0.010406,0.314858,-0.320580,-0.030241,0.317401,-0.010866,-0.056496,-0.270951,1.120001,1.140479,-0.340412,-0.308378,-0.053462,0.008557,-1.086622,-0.860767,-0.515430,-0.162183,-0.761322,-0.094699,0.074027,3
-0.011837,-0.071816,0.004995,0.258689,-0.284194,0.050715,-0.046232,0.035691,0.010419,0.314884,-0.320572,-0.030227,0.317187,-0.010874,-0.056491,-0.272270,1.123752,1.139880,-0.336984,-0.308378,-0.053438,0.008617,-1.090517,-0.862924,-0.512733,-0.158527,-0.761130,-0.094627,0.074158,3
-0.011820,-0.071824,0.004995,0.258697,-0.284202,0.050730,-0.046224,0.035708,0.010432,0.314875,-0.320576,-0.030234,0.316986,-0.010874,-0.056491,-0.273864,1.127887,1.139113,-0.333305,-0.308390,-0.053366,0.008677,-1.094160,-0.864842,-0.510132,-0.154944,-0.761022,-0.094508,0.074218,3
-0.011820,-0.071833,0.004982,0.258697,-0.284202,0.050715,-0.046232,0.035708,0.010432,0.314875,-0.320572,-0.030227,0.316745,-0.010859,-0.056501,-0.275541,1.132549,1.138142,-0.330034,-0.308414,-0.053330,0.008689,-1.098822,-0.866819,-0.507232,-0.150714,-0.760938,-0.094400,0.074218,3
-0.011829,-0.071824,0.004982,0.258689,-0.284198,0.050723,-0.046207,0.035699,0.010432,0.314884,-0.320572,-0.030227,0.316665,-0.010851,-0.056506,-0.276416,1.134778,1.137627,-0.328524,-0.308426,-0.053342,0.008665,-1.101182,-0.867898,-0.505842,-0.148544,-0.760914,-0.094316,0.074230,3
-0.011837,-0.071824,0.004982,0.258706,-0.284202,0.050730,-0.046241,0.035699,0.010432,0.314867,-0.320563,-0.030212,0.316517,-0.010828,-0.056521,-0.279256,1.142819,1.136057,-0.323478,-0.308462,-0.053354,0.008677,-1.110362,-0.873087,-0.501947,-0.142528,-0.760926,-0.094196,0.074290,3
-0.011837,-0.071841,0.005009,0.258706,-0.284194,0.050715,-0.046241,0.035708,0.010432,0.314858,-0.320559,-0.030205,0.316437,-0.010828,-0.056531,-0.280515,1.146546,1.134750,-0.320099,-0.308474,-0.053366,0.008689,-1.114761,-0.875472,-0.497657,-0.138394,-0.760914,-0.094148,0.074362,3
-0.011837,-0.071841,0.004995,0.258723,-0.284194,0.050715,-0.046232,0.035708,0.010432,0.314841,-0.320547,-0.030227,0.316343,-0.010828,-0.056521,-0.281869,1.150393,1.133935,-0.314646,-0.308534,-0.053354,0.008713,-1.119399,-0.877940,-0.494601,-0.132438,-0.760926,-0.094124,0.074434,3
-0.011846,-0.071833,0.004982,0.258714,-0.284194,0.050715,-0.046224,0.035708,0.010446,0.314841,-0.320551,-0.030220,0.316263,-0.010828,-0.056521,-0.283595,1.154612,1.133061,-0.311158,-0.308582,-0.053402,0.008808,-1.123833,-0.880661,-0.491605,-0.127668,-0.760950,-0.094004,0.074518,3
-0.011829,-0.071850,0.004968,0.258714,-0.284189,0.050708,-0.046198,0.035708,0.010446,0.314858,-0.320547,-0.030212,0.316116,-0.010836,-0.056516,-0.286231,1.160819,1.131598,-0.306281,-0.308798,-0.053474,0.008928,-1.130364,-0.884520,-0.486907,-0.121256,-0.760962,-0.093884,0.074566,3
-0.011829,-0.071850,0.004982,0.258697,-0.284189,0.050708,-0.046207,0.035691,0.010446,0.314884,-0.320555,-0.030198,0.316022,-0.010844,-0.056521,-0.287825,1.164894,1.130472,-0.302686,-0.308941,-0.053498,0.008952,-1.134283,-0.886785,-0.483755,-0.117314,-0.760986,-0.093765,0.074542,3
-0.011846,-0.071858,0.004982,0.258714,-0.284198,0.050708,-0.046224,0.035708,0.010446,0.314918,-0.320559,-0.030205,0.315982,-0.010836,-0.056526,-0.289539,1.168957,1.129274,-0.299378,-0.309109,-0.053414,0.008892,-1.138178,-0.888738,-0.481179,-0.113527,-0.760962,-0.093633,0.074518,3
-0.011820,-0.071858,0.004995,0.258723,-0.284193,0.050701,-0.046215,0.035699,0.010432,0.314918,-0.320551,-0.030220,0.315982,-0.010859,-0.056531,-0.292259,1.173379,1.128123,-0.295879,-0.309325,-0.053354,0.008844,-1.144577,-0.890799,-0.478159,-0.109272,-0.760962,-0.093513,0.074506,3
-0.011829,-0.071884,0.004995,0.258740,-0.284189,0.050708,-0.046215,0.035699,0.010446,0.314926,-0.320543,-0.030205,0.316009,-0.010859,-0.056531,-0.294153,1.179299,1.126973,-0.292451,-0.309612,-0.053366,0.008784,-1.149383,-0.893748,-0.474971,-0.105006,-0.760998,-0.093369,0.074530,3
-0.011829,-0.071901,0.004995,0.258757,-0.284189,0.050708,-0.046224,0.035708,0.010446,0.314909,-0.320543,-0.030205,0.316009,-0.010851,-0.056526,-0.296106,1.183050,1.125367,-0.289407,-0.309972,-0.053354,0.008689,-1.154117,-0.895905,-0.470273,-0.100620,-0.760998,-0.093141,0.074542,3
-0.011829,-0.071918,0.004995,0.258783,-0.284189,0.050708,-0.046215,0.035699,0.010432,0.314884,-0.320543,-0.030205,0.315968,-0.010844,-0.056511,-0.297844,1.186550,1.124276,-0.284386,-0.310439,-0.053330,0.008593,-1.158731,-0.898565,-0.467073,-0.094052,-0.760998,-0.092902,0.074626,3
-0.011829,-0.071935,0.005009,0.258774,-0.284181,0.050708,-0.046224,0.035691,0.010446,0.314901,-0.320551,-0.030220,0.315875,-0.010844,-0.056511,-0.299330,1.190540,1.123281,-0.280814,-0.311278,-0.053246,0.008497,-1.162889,-0.901609,-0.463837,-0.089282,-0.760998,-0.092686,0.074734,3
-0.011837,-0.071935,0.005035,0.258791,-0.284181,0.050708,-0.046224,0.035699,0.010446,0.314926,-0.320555,-0.030227,0.315808,-0.010859,-0.056521,-0.300696,1.194891,1.122383,-0.277003,-0.311997,-0.053162,0.008425,-1.167455,-0.904054,-0.460865,-0.084716,-0.760998,-0.092410,0.074794,3
-0.011854,-0.071969,0.005035,0.258783,-0.284181,0.050708,-0.046241,0.035691,0.010446,0.314926,-0.320547,-0.030198,0.315727,-0.010866,-0.056526,-0.302889,1.200967,1.120861,-0.271598,-0.313423,-0.053150,0.008269,-1.174059,-0.907206,-0.455832,-0.078029,-0.761010,-0.091847,0.074794,3
-0.011829,-0.071978,0.005062,0.258791,-0.284177,0.050701,-0.046267,0.035691,0.010432,0.314918,-0.320543,-0.030205,0.315727,-0.010866,-0.056526,-0.305274,1.204694,1.119614,-0.268483,-0.314598,-0.053150,0.008269,-1.180674,-0.909351,-0.452249,-0.074063,-0.760998,-0.091536,0.074782,3
-0.011812,-0.071986,0.005062,0.258783,-0.284173,0.050694,-0.046258,0.035682,0.010419,0.314901,-0.320543,-0.030205,0.315714,-0.010859,-0.056511,-0.306820,1.210362,1.118308,-0.265139,-0.315880,-0.053186,0.008329,-1.185527,-0.913198,-0.448486,-0.069700,-0.760986,-0.091104,0.074758,3
-0.011820,-0.072003,0.005049,0.258774,-0.284168,0.050686,-0.046267,0.035648,0.010446,0.314918,-0.320543,-0.030205,0.315620,-0.010859,-0.056511,-0.308426,1.214437,1.116978,-0.262179,-0.317210,-0.053198,0.008365,-1.190621,-0.915715,-0.444627,-0.065386,-0.760998,-0.090433,0.074734,3
-0.011829,-0.072012,0.005062,0.258800,-0.284168,0.050701,-0.046275,0.035665,0.010459,0.314918,-0.320543,-0.030205,0.315567,-0.010851,-0.056516,-0.310116,1.218332,1.115180,-0.258835,-0.318349,-0.053210,0.008389,-1.196265,-0.918291,-0.439653,-0.060760,-0.760998,-0.089630,0.074734,3
-0.011837,-0.072012,0.005062,0.258783,-0.284168,0.050701,-0.046284,0.035648,0.010446,0.314926,-0.320534,-0.030191,0.315500,-0.010844,-0.056511,-0.312033,1.222478,1.114125,-0.253502,-0.319571,-0.053186,0.008425,-1.201179,-0.921311,-0.435842,-0.054265,-0.761022,-0.088719,0.074722,3
-0.011820,-0.072012,0.005062,0.258800,-0.284168,0.050686,-0.046284,0.035648,0.010446,0.314926,-0.320534,-0.030205,0.315513,-0.010851,-0.056506,-0.313939,1.226205,1.112975,-0.250243,-0.321093,-0.053162,0.008437,-1.205721,-0.923948,-0.432187,-0.049842,-0.760986,-0.087820,0.074722,3
-0.011829,-0.072020,0.005062,0.258791,-0.284164,0.050679,-0.046284,0.035639,0.010446,0.314918,-0.320522,-0.030183,0.315540,-0.010851,-0.056506,-0.315712,1.229921,1.111657,-0.246863,-0.322208,-0.053078,0.008461,-1.210311,-0.926297,-0.428077,-0.045684,-0.760950,-0.086382,0.074698,3
-0.011837,-0.072029,0.005062,0.258800,-0.284173,0.050694,-0.046267,0.035648,0.010446,0.314935,-0.320518,-0.030162,0.315580,-0.010866,-0.056506,-0.317330,1.233588,1.110027,-0.243448,-0.323442,-0.053066,0.008413,-1.215057,-0.928466,-0.424098,-0.041238,-0.760950,-0.085412,0.074662,3
-0.011837,-0.072046,0.005076,0.258817,-0.284164,0.050679,-0.046275,0.035648,0.010446,0.314918,-0.320518,-0.030162,0.315607,-0.010866,-0.056506,-0.318828,1.237111,1.108409,-0.239876,-0.324701,-0.053054,0.008437,-1.219778,-0.930767,-0.420526,-0.036971,-0.760926,-0.084429,0.074590,3
-0.011829,-0.072046,0.005089,0.258834,-0.284164,0.050694,-0.046284,0.035648,0.010446,0.314875,-0.320514,-0.030169,0.315620,-0.010874,-0.056511,-0.322136,1.242504,1.106468,-0.233884,-0.326426,-0.053090,0.008485,-1.228886,-0.934458,-0.415301,-0.030560,-0.760926,-0.082787,0.074470,3
-0.011820,-0.072046,0.005076,0.258868,-0.284160,0.050672,-0.046309,0.035639,0.010446,0.314875,-0.320526,-0.030176,0.315607,-0.010866,-0.056506,-0.323922,1.248220,1.105533,-0.230577,-0.327385,-0.053102,0.008557,-1.234159,-0.938173,-0.411874,-0.026557,-0.760938,-0.081541,0.074398,3
-0.011837,-0.072054,0.005089,0.258893,-0.284156,0.050679,-0.046343,0.035622,0.010446,0.314875,-0.320526,-0.030176,0.315580,-0.010866,-0.056506,-0.325372,1.252259,1.104239,-0.227065,-0.328320,-0.053150,0.008545,-1.239756,-0.940894,-0.405295,-0.022387,-0.760938,-0.080234,0.074314,3
-0.011829,-0.072054,0.005062,0.258927,-0.284164,0.050679,-0.046352,0.035614,0.010446,0.314884,-0.320522,-0.030169,0.315580,-0.010866,-0.056506,-0.326558,1.256214,1.103172,-0.222415,-0.329159,-0.053162,0.008485,-1.244310,-0.943242,-0.401484,-0.015855,-0.760914,-0.079036,0.074314,3
-0.011837,-0.072054,0.005129,0.258944,-0.284160,0.050658,-0.046369,0.035622,0.010446,0.314875,-0.320514,-0.030169,0.315553,-0.010866,-0.056506,-0.327601,1.260205,1.102009,-0.218964,-0.330477,-0.053174,0.008437,-1.248900,-0.945400,-0.397373,-0.011445,-0.760914,-0.077897,0.074326,3
-0.011837,-0.072063,0.005102,0.258979,-0.284164,0.050665,-0.046360,0.035614,0.010446,0.314875,-0.320510,-0.030176,0.315540,-0.010866,-0.056496,-0.328799,1.263992,1.100763,-0.215237,-0.331436,-0.053174,0.008425,-1.254173,-0.947461,-0.393562,-0.007119,-0.760878,-0.076915,0.074326,3
-0.011829,-0.072080,0.005089,0.258987,-0.284156,0.050650,-0.046369,0.035631,0.010459,0.314858,-0.320514,-0.030169,0.315540,-0.010866,-0.056506,-0.330213,1.267695,1.099541,-0.211929,-0.332574,-0.053126,0.008485,-1.259422,-0.949642,-0.389463,-0.003140,-0.760866,-0.075764,0.074266,3
-0.011837,-0.072089,0.005142,0.258987,-0.284156,0.050650,-0.046394,0.035614,0.010446,0.314867,-0.320526,-0.030176,0.315473,-0.010874,-0.056501,-0.331759,1.271566,1.098294,-0.208394,-0.333892,-0.053090,0.008689,-1.264504,-0.952326,-0.384993,0.001186,-0.760866,-0.075141,0.074146,3
-0.011837,-0.072097,0.005089,0.258962,-0.284160,0.050658,-0.046454,0.035614,0.010446,0.314858,-0.320522,-0.030183,0.315459,-0.010866,-0.056516,-0.334132,1.274885,1.097084,-0.204810,-0.335319,-0.053054,0.008772,-1.272030,-0.954699,-0.381002,0.005716,-0.760843,-0.074398,0.074110,3
-0.011820,-0.072114,0.005142,0.258953,-0.284139,0.050650,-0.046471,0.035597,0.010446,0.314875,-0.320522,-0.030183,0.315459,-0.010866,-0.056506,-0.335618,1.279895,1.095921,-0.201239,-0.336793,-0.053042,0.008784,-1.277698,-0.958486,-0.377120,0.010594,-0.760795,-0.073667,0.074074,3
-0.011829,-0.072123,0.005169,0.258919,-0.284126,0.050629,-0.046463,0.035588,0.010446,0.314858,-0.320530,-0.030169,0.315513,-0.010866,-0.056506,-0.337404,1.285348,1.093453,-0.195103,-0.338758,-0.053066,0.008772,-1.285488,-0.962321,-0.368982,0.017054,-0.760735,-0.072948,0.074074,3
-0.011812,-0.072131,0.005169,0.258919,-0.284143,0.050629,-0.046437,0.035571,0.010446,0.314841,-0.320514,-0.030169,0.315580,-0.010859,-0.056501,-0.338638,1.289111,1.091967,-0.191616,-0.339921,-0.053114,0.008737,-1.290186,-0.964395,-0.364680,0.021464,-0.760711,-0.072600,0.074074,3
-0.011837,-0.072123,0.005169,0.258910,-0.284147,0.050636,-0.046420,0.035571,0.010446,0.314833,-0.320505,-0.030154,0.315660,-0.010843,-0.056501,-0.340136,1.292742,1.090337,-0.186511,-0.341179,-0.053174,0.008760,-1.295423,-0.966360,-0.360426,0.028726,-0.760687,-0.072301,0.074074,3
-0.011837,-0.072131,0.005142,0.258927,-0.284143,0.050629,-0.046420,0.035571,0.010446,0.314798,-0.320514,-0.030169,0.315714,-0.010828,-0.056501,-0.341934,1.296253,1.088623,-0.183215,-0.343348,-0.053270,0.008856,-1.300888,-0.968134,-0.356363,0.033304,-0.760675,-0.072109,0.074039,3
-0.011837,-0.072123,0.005142,0.258944,-0.284139,0.050650,-0.046446,0.035563,0.010446,0.314790,-0.320518,-0.030162,0.315754,-0.010851,-0.056506,-0.343995,1.299980,1.087173,-0.179679,-0.345014,-0.053306,0.008952,-1.306856,-0.970327,-0.352360,0.037750,-0.760651,-0.072073,0.073979,3
-0.011837,-0.072131,0.005142,0.258962,-0.284139,0.050636,-0.046463,0.035563,0.010446,0.314807,-0.320514,-0.030169,0.315754,-0.010828,-0.056501,-0.345745,1.303755,1.086046,-0.175892,-0.346560,-0.053270,0.009012,-1.312416,-0.972604,-0.348310,0.042292,-0.760675,-0.072109,0.073835,3
-0.011837,-0.072140,0.005142,0.258979,-0.284135,0.050629,-0.046488,0.035554,0.010446,0.314815,-0.320514,-0.030169,0.315741,-0.010813,-0.056511,-0.348010,1.307734,1.085339,-0.172225,-0.347854,-0.053174,0.008988,-1.320817,-0.974929,-0.344163,0.047493,-0.760675,-0.072169,0.073835,3
-0.011820,-0.072131,0.005129,0.258996,-0.284122,0.050636,-0.046480,0.035563,0.010432,0.314798,-0.320510,-0.030162,0.315754,-0.010851,-0.056526,-0.349424,1.311545,1.084812,-0.168654,-0.349029,-0.053102,0.008988,-1.326534,-0.977266,-0.339885,0.052323,-0.760651,-0.072301,0.073883,3
-0.011829,-0.072140,0.005142,0.258996,-0.284126,0.050614,-0.046420,0.035554,0.010419,0.314764,-0.320497,-0.030154,0.315754,-0.010851,-0.056536,-0.351605,1.318388,1.083709,-0.163141,-0.350658,-0.052994,0.008904,-1.334288,-0.981664,-0.331735,0.058974,-0.760663,-0.072684,0.073943,3
-0.011820,-0.072140,0.005129,0.258996,-0.284134,0.050614,-0.046394,0.035546,0.010419,0.314747,-0.320518,-0.030162,0.315754,-0.010844,-0.056511,-0.353199,1.321768,1.082811,-0.157257,-0.351761,-0.052862,0.008808,-1.339836,-0.983294,-0.327301,0.065841,-0.760663,-0.072888,0.073907,3
-0.011812,-0.072131,0.005142,0.258962,-0.284139,0.050621,-0.046369,0.035520,0.010432,0.314764,-0.320505,-0.030169,0.315727,-0.010844,-0.056511,-0.354625,1.325603,1.081732,-0.153530,-0.352828,-0.052755,0.008689,-1.345936,-0.984624,-0.323215,0.070803,-0.760675,-0.073020,0.073895,3
-0.011829,-0.072148,0.005129,0.258962,-0.284134,0.050614,-0.046377,0.035503,0.010432,0.314815,-0.320526,-0.030176,0.315674,-0.010844,-0.056511,-0.355967,1.329809,1.080534,-0.150078,-0.354398,-0.052671,0.008617,-1.352180,-0.986302,-0.318433,0.075716,-0.760699,-0.073164,0.073835,3
-0.011837,-0.072157,0.005142,0.258953,-0.284122,0.050592,-0.046420,0.035503,0.010432,0.314858,-0.320510,-0.030176,0.315567,-0.010828,-0.056501,-0.356998,1.333944,1.079479,-0.146675,-0.355368,-0.052659,0.008605,-1.358040,-0.988279,-0.314131,0.080258,-0.760711,-0.073583,0.073823,3
-0.011829,-0.072174,0.005142,0.258944,-0.284126,0.050600,-0.046488,0.035495,0.010432,0.314884,-0.320522,-0.030183,0.315433,-0.010813,-0.056521,-0.357717,1.337587,1.078664,-0.143727,-0.356195,-0.052659,0.008701,-1.363913,-0.990400,-0.309325,0.084992,-0.760711,-0.073943,0.073919,3
-0.011829,-0.072191,0.005156,0.258936,-0.284122,0.050592,-0.046531,0.035478,0.010419,0.314909,-0.320526,-0.030191,0.315393,-0.010828,-0.056521,-0.358232,1.341206,1.078065,-0.140191,-0.356878,-0.052647,0.008832,-1.369677,-0.992306,-0.304831,0.090133,-0.760711,-0.074170,0.073979,3
-0.011820,-0.072216,0.005196,0.258919,-0.284109,0.050600,-0.046531,0.035495,0.010406,0.314901,-0.320526,-0.030176,0.315393,-0.010828,-0.056531,-0.358664,1.344777,1.077634,-0.136237,-0.357382,-0.052575,0.009000,-1.378054,-0.993972,-0.300253,0.094807,-0.760723,-0.074290,0.073979,3
-0.011829,-0.072199,0.005209,0.258902,-0.284113,0.050592,-0.046505,0.035495,0.010432,0.314858,-0.320514,-0.030169,0.315433,-0.010851,-0.056536,-0.358784,1.350290,1.077154,-0.132558,-0.357753,-0.052395,0.009132,-1.384058,-0.996872,-0.295855,0.099421,-0.760699,-0.074386,0.073907,3
-0.011846,-0.072199,0.005196,0.258876,-0.284113,0.050592,-0.046488,0.035495,0.010419,0.314841,-0.320514,-0.030169,0.315433,-0.010836,-0.056526,-0.358940,1.353706,1.076255,-0.128782,-0.358005,-0.052215,0.009240,-1.390278,-0.998861,-0.289443,0.103903,-0.760723,-0.074410,0.073823,3
-0.011837,-0.072208,0.005223,0.258893,-0.284122,0.050592,-0.046471,0.035486,0.010432,0.314841,-0.320514,-0.030140,0.315419,-0.010836,-0.056526,-0.359263,1.357049,1.075680,-0.123629,-0.358149,-0.052059,0.009312,-1.396390,-1.000851,-0.285201,0.111178,-0.760723,-0.074326,0.073715,3
-0.011812,-0.072208,0.005209,0.258910,-0.284122,0.050592,-0.046463,0.035461,0.010446,0.314875,-0.320514,-0.030169,0.315299,-0.010798,-0.056511,-0.360258,1.362322,1.074949,-0.117901,-0.358173,-0.052024,0.009408,-1.405138,-1.003104,-0.278430,0.118884,-0.760735,-0.074290,0.073691,3
-0.011829,-0.072208,0.005223,0.258910,-0.284113,0.050592,-0.046497,0.035461,0.010446,0.314884,-0.320518,-0.030162,0.315245,-0.010783,-0.056520,-0.361025,1.366397,1.074470,-0.114629,-0.358101,-0.052036,0.009468,-1.411334,-1.004182,-0.273612,0.123665,-0.760723,-0.074374,0.073739,3
-0.011837,-0.072208,0.005236,0.258936,-0.284113,0.050607,-0.046539,0.035478,0.010446,0.314918,-0.320518,-0.030162,0.315178,-0.010775,-0.056525,-0.361816,1.370615,1.073822,-0.111477,-0.358017,-0.052047,0.009539,-1.417314,-1.004997,-0.268614,0.128483,-0.760735,-0.074350,0.073775,3
-0.011854,-0.072216,0.005236,0.258953,-0.284117,0.050585,-0.046573,0.035486,0.010446,0.314867,-0.320514,-0.030169,0.315125,-0.010767,-0.056550,-0.362559,1.374246,1.072984,-0.108134,-0.357969,-0.052047,0.009527,-1.423259,-1.005848,-0.264492,0.133253,-0.760735,-0.074290,0.073739,3
-0.011837,-0.072208,0.005263,0.258962,-0.284122,0.050578,-0.046590,0.035469,0.010486,0.314841,-0.320514,-0.030154,0.315111,-0.010752,-0.056580,-0.363434,1.377794,1.072037,-0.104730,-0.357957,-0.052012,0.009527,-1.433158,-1.007442,-0.259902,0.138466,-0.760759,-0.074266,0.073751,3
-0.011854,-0.072199,0.005276,0.258953,-0.284122,0.050592,-0.046590,0.035486,0.010499,0.314824,-0.320509,-0.030147,0.315085,-0.010729,-0.056595,-0.363841,1.382420,1.070982,-0.101135,-0.357957,-0.051916,0.009503,-1.439401,-1.010342,-0.255624,0.143200,-0.760771,-0.074254,0.073811,3
-0.011846,-0.072208,0.005303,0.258953,-0.284122,0.050592,-0.046556,0.035478,0.010539,0.314781,-0.320501,-0.030162,0.315004,-0.010699,-0.056595,-0.364165,1.385524,1.069520,-0.097216,-0.357981,-0.051772,0.009468,-1.445214,-1.011876,-0.248577,0.148269,-0.760747,-0.074218,0.073931,3
-0.011812,-0.072199,0.005317,0.258944,-0.284122,0.050592,-0.046514,0.035478,0.010553,0.314764,-0.320501,-0.030147,0.314937,-0.010638,-0.056574,-0.364452,1.388843,1.068645,-0.093573,-0.357981,-0.051592,0.009456,-1.451362,-1.012979,-0.244286,0.153015,-0.760747,-0.074218,0.074051,3
-0.011829,-0.072208,0.005317,0.258936,-0.284118,0.050600,-0.046488,0.035469,0.010539,0.314773,-0.320518,-0.030162,0.314910,-0.010608,-0.056574,-0.364812,1.392331,1.067902,-0.088168,-0.358005,-0.051436,0.009468,-1.457665,-1.013842,-0.239936,0.160145,-0.760771,-0.074230,0.074110,3
-0.011812,-0.072216,0.005317,0.258919,-0.284113,0.050592,-0.046471,0.035478,0.010553,0.314807,-0.320509,-0.030147,0.314910,-0.010547,-0.056574,-0.365567,1.397436,1.067099,-0.082955,-0.358029,-0.051364,0.009492,-1.466989,-1.015328,-0.232698,0.167300,-0.760771,-0.074290,0.074086,3
-0.011812,-0.072199,0.005317,0.258902,-0.284113,0.050607,-0.046463,0.035478,0.010553,0.314815,-0.320518,-0.030162,0.314910,-0.010547,-0.056574,-0.365854,1.399234,1.066944,-0.081013,-0.358053,-0.051364,0.009492,-1.470309,-1.015951,-0.230217,0.169589,-0.760783,-0.074290,0.074086,3
-0.011820,-0.072191,0.005317,0.258927,-0.284122,0.050592,-0.046505,0.035478,0.010553,0.314833,-0.320518,-0.030162,0.314817,-0.010494,-0.056618,-0.366645,1.404387,1.066860,-0.075788,-0.358053,-0.051400,0.009492,-1.479908,-1.018108,-0.223230,0.176911,-0.760759,-0.074182,0.074182,3
-0.011829,-0.072208,0.005290,0.258919,-0.284113,0.050592,-0.046565,0.035478,0.010593,0.314833,-0.320509,-0.030147,0.314736,-0.010463,-0.056668,-0.367101,1.407934,1.067051,-0.072636,-0.358041,-0.051424,0.009527,-1.488657,-1.019342,-0.218904,0.181945,-0.760771,-0.074098,0.074278,3
-0.011820,-0.072208,0.005317,0.258919,-0.284109,0.050600,-0.046565,0.035478,0.010606,0.314815,-0.320509,-0.030147,0.314669,-0.010433,-0.056678,-0.367257,1.413099,1.067363,-0.069317,-0.358053,-0.051412,0.009527,-1.495152,-1.020756,-0.214350,0.187086,-0.760747,-0.074098,0.074314,3
-0.011820,-0.072208,0.005343,0.258893,-0.284113,0.050592,-0.046548,0.035503,0.010593,0.314781,-0.320501,-0.030162,0.314616,-0.010372,-0.056687,-0.367293,1.416359,1.067507,-0.065997,-0.358065,-0.051388,0.009527,-1.501815,-1.021475,-0.209496,0.191172,-0.760771,-0.074098,0.074302,3
-0.011829,-0.072199,0.005317,0.258876,-0.284122,0.050592,-0.046522,0.035495,0.010606,0.314781,-0.320505,-0.030154,0.314562,-0.010334,-0.056682,-0.367185,1.419487,1.067279,-0.060544,-0.358077,-0.051292,0.009515,-1.508119,-1.022302,-0.203348,0.197824,-0.760771,-0.074110,0.074242,3
-0.011820,-0.072191,0.005317,0.258859,-0.284113,0.050592,-0.046505,0.035503,0.010606,0.314781,-0.320505,-0.030154,0.314428,-0.010288,-0.056672,-0.367041,1.422843,1.067016,-0.056889,-0.358125,-0.051125,0.009515,-1.515321,-1.023285,-0.199046,0.202545,-0.760783,-0.074146,0.074218,3
-0.011812,-0.072199,0.005343,0.258868,-0.284122,0.050592,-0.046514,0.035486,0.010606,0.314815,-0.320509,-0.030147,0.314214,-0.010242,-0.056672,-0.366885,1.426198,1.066944,-0.053605,-0.358125,-0.050945,0.009503,-1.521721,-1.024052,-0.194875,0.207663,-0.760771,-0.074110,0.074302,3
-0.011820,-0.072199,0.005317,0.258876,-0.284117,0.050585,-0.046531,0.035495,0.010606,0.314824,-0.320509,-0.030133,0.314000,-0.010197,-0.056671,-0.366717,1.429829,1.067063,-0.050250,-0.358161,-0.050729,0.009492,-1.527797,-1.024699,-0.189998,0.212265,-0.760783,-0.074074,0.074410,3
-0.011829,-0.072199,0.005317,0.258868,-0.284122,0.050592,-0.046539,0.035486,0.010620,0.314841,-0.320493,-0.030133,0.313625,-0.010182,-0.056691,-0.366681,1.435102,1.067327,-0.045157,-0.358185,-0.050633,0.009503,-1.537109,-1.025802,-0.183431,0.219287,-0.760807,-0.074110,0.074602,3
-0.011829,-0.072199,0.005330,0.258876,-0.284117,0.050585,-0.046531,0.035486,0.010620,0.314841,-0.320505,-0.030154,0.313491,-0.010136,-0.056741,-0.366621,1.438374,1.067327,-0.041310,-0.358196,-0.050549,0.009515,-1.547020,-1.026545,-0.179308,0.224333,-0.760819,-0.074134,0.074590,3
-0.011812,-0.072191,0.005290,0.258876,-0.284118,0.050600,-0.046522,0.035495,0.010620,0.314815,-0.320505,-0.030140,0.313357,-0.010090,-0.056741,-0.366562,1.443252,1.067255,-0.037523,-0.358196,-0.050454,0.009503,-1.553431,-1.027599,-0.175257,0.229150,-0.760831,-0.074110,0.074566,3
-0.011820,-0.072191,0.005303,0.258859,-0.284113,0.050592,-0.046531,0.035512,0.010606,0.314815,-0.320514,-0.030169,0.313196,-0.010022,-0.056735,-0.366466,1.446643,1.067171,-0.034155,-0.358196,-0.050406,0.009492,-1.559855,-1.028259,-0.170799,0.233800,-0.760854,-0.074110,0.074578,3
-0.011803,-0.072182,0.005290,0.258876,-0.284122,0.050607,-0.046514,0.035512,0.010606,0.314815,-0.320509,-0.030147,0.313049,-0.009953,-0.056720,-0.366382,1.449783,1.067171,-0.030823,-0.358196,-0.050406,0.009503,-1.566051,-1.028954,-0.164004,0.238438,-0.760866,-0.074134,0.074614,3
-0.011846,-0.072199,0.005276,0.258876,-0.284122,0.050607,-0.046514,0.035503,0.010620,0.314807,-0.320514,-0.030154,0.312928,-0.009930,-0.056725,-0.366418,1.452935,1.067171,-0.026245,-0.358232,-0.050406,0.009503,-1.572091,-1.029613,-0.159750,0.246048,-0.760890,-0.074194,0.074614,3
-0.011812,-0.072182,0.005276,0.258885,-0.284117,0.050585,-0.046522,0.035512,0.010606,0.314798,-0.320501,-0.030147,0.312821,-0.009908,-0.056740,-0.366478,1.456183,1.067147,-0.023070,-0.358280,-0.050406,0.009492,-1.578251,-1.030296,-0.155352,0.250494,-0.760890,-0.074290,0.074614,3
-0.011829,-0.072191,0.005209,0.258868,-0.284118,0.050600,-0.046522,0.035512,0.010606,0.314815,-0.320509,-0.030147,0.312634,-0.009870,-0.056764,-0.366454,1.460928,1.067039,-0.018012,-0.358340,-0.050406,0.009503,-1.588773,-1.031183,-0.148353,0.257409,-0.760914,-0.074434,0.074530,3
-0.011837,-0.072199,0.005250,0.258842,-0.284122,0.050592,-0.046522,0.035512,0.010606,0.314807,-0.320522,-0.030140,0.312446,-0.009862,-0.056759,-0.366430,1.464260,1.066944,-0.015040,-0.358400,-0.050370,0.009468,-1.595016,-1.031734,-0.143667,0.262335,-0.760926,-0.074482,0.074446,3
-0.011829,-0.072182,0.005209,0.258834,-0.284122,0.050592,-0.046531,0.035520,0.010606,0.314807,-0.320505,-0.030140,0.312312,-0.009839,-0.056744,-0.366358,1.467484,1.066956,-0.011948,-0.358472,-0.050310,0.009492,-1.601332,-1.032297,-0.139197,0.267452,-0.760938,-0.074518,0.074458,3
-0.011812,-0.072182,0.005209,0.258808,-0.284117,0.050585,-0.046514,0.035529,0.010620,0.314824,-0.320501,-0.030147,0.312178,-0.009809,-0.056744,-0.366298,1.470420,1.067003,-0.008581,-0.358508,-0.050202,0.009492,-1.610620,-1.032872,-0.134799,0.271898,-0.760950,-0.074638,0.074458,3
-0.011820,-0.072174,0.005209,0.258791,-0.284126,0.050600,-0.046539,0.035554,0.010606,0.314824,-0.320509,-0.030147,0.312031,-0.009763,-0.056724,-0.366214,1.474998,1.067039,-0.005201,-0.358580,-0.050070,0.009527,-1.616576,-1.033771,-0.129897,0.276476,-0.760974,-0.074818,0.074458,3
-0.011829,-0.072174,0.005169,0.258808,-0.284113,0.050607,-0.046531,0.035554,0.010606,0.314815,-0.320509,-0.030133,0.311911,-0.009710,-0.056729,-0.366178,1.478210,1.067063,-0.001546,-0.358652,-0.049974,0.009492,-1.622688,-1.034382,-0.123150,0.280719,-0.760986,-0.075021,0.074458,3
-0.011820,-0.072157,0.005169,0.258800,-0.284118,0.050614,-0.046531,0.035580,0.010593,0.314833,-0.320505,-0.030140,0.311817,-0.009672,-0.056733,-0.366178,1.481314,1.067039,0.003751,-0.358688,-0.049914,0.009492,-1.629363,-1.035054,-0.118644,0.287837,-0.760998,-0.075153,0.074434,3
-0.011812,-0.072157,0.005169,0.258800,-0.284109,0.050614,-0.046531,0.035571,0.010620,0.314815,-0.320497,-0.030154,0.311723,-0.009634,-0.056748,-0.366214,1.484573,1.067016,0.006843,-0.358760,-0.049914,0.009503,-1.635679,-1.035809,-0.113934,0.292559,-0.760986,-0.075225,0.074410,3
-0.011829,-0.072140,0.005169,0.258791,-0.284109,0.050614,-0.046531,0.035580,0.010606,0.314798,-0.320509,-0.030147,0.311656,-0.009634,-0.056728,-0.366214,1.487797,1.067016,0.009863,-0.358904,-0.049938,0.009492,-1.641515,-1.036683,-0.109476,0.297041,-0.760986,-0.075357,0.074410,3
-0.011846,-0.072148,0.005129,0.258774,-0.284117,0.050585,-0.046565,0.035588,0.010606,0.314781,-0.320501,-0.030147,0.311522,-0.009626,-0.056733,-0.366202,1.491944,1.067016,0.014117,-0.359059,-0.049962,0.009503,-1.651175,-1.038277,-0.102501,0.304256,-0.760998,-0.075585,0.074398,3
-0.011829,-0.072148,0.005142,0.258783,-0.284117,0.050585,-0.046573,0.035580,0.010606,0.314781,-0.320509,-0.030147,0.311429,-0.009641,-0.056743,-0.366214,1.493382,1.067039,0.015556,-0.359119,-0.049962,0.009492,-1.654458,-1.038793,-0.100368,0.306688,-0.761022,-0.075608,0.074338,3
-0.011812,-0.072114,0.005156,0.258766,-0.284117,0.050585,-0.046590,0.035614,0.010593,0.314764,-0.320509,-0.030147,0.311254,-0.009626,-0.056753,-0.366226,1.497780,1.067016,0.020433,-0.359347,-0.049914,0.009492,-1.667066,-1.040195,-0.093357,0.313495,-0.761010,-0.075704,0.074206,3
-0.011812,-0.072089,0.005129,0.258766,-0.284118,0.050614,-0.046599,0.035631,0.010606,0.314756,-0.320505,-0.030154,0.311174,-0.009611,-0.056763,-0.366226,1.502406,1.067016,0.023405,-0.359575,-0.049830,0.009503,-1.673669,-1.041142,-0.089055,0.317834,-0.761010,-0.075824,0.074122,3
-0.011829,-0.072089,0.005089,0.258774,-0.284113,0.050592,-0.046616,0.035631,0.010606,0.314739,-0.320509,-0.030147,0.311054,-0.009580,-0.056763,-0.366226,1.505498,1.067039,0.026425,-0.359814,-0.049699,0.009503,-1.679673,-1.041513,-0.082140,0.322208,-0.761022,-0.075956,0.074122,3
-0.011837,-0.072080,0.005062,0.258766,-0.284117,0.050585,-0.046607,0.035657,0.010593,0.314722,-0.320509,-0.030147,0.310946,-0.009573,-0.056768,-0.366226,1.508482,1.067063,0.029589,-0.360162,-0.049591,0.009492,-1.685605,-1.041681,-0.077358,0.326846,-0.761034,-0.076112,0.074158,3
-0.011829,-0.072072,0.005062,0.258748,-0.284118,0.050600,-0.046599,0.035665,0.010593,0.314679,-0.320518,-0.030133,0.310826,-0.009573,-0.056758,-0.366214,1.510987,1.067075,0.033879,-0.360917,-0.049519,0.009492,-1.692101,-1.041657,-0.072708,0.333976,-0.761022,-0.076280,0.074182,3
-0.011837,-0.072063,0.005035,0.258723,-0.284113,0.050592,-0.046616,0.035682,0.010593,0.314662,-0.320518,-0.030162,0.310772,-0.009573,-0.056768,-0.366190,1.513551,1.067099,0.037115,-0.361660,-0.049483,0.009492,-1.698536,-1.041477,-0.068490,0.338458,-0.761022,-0.076328,0.074158,3
-0.011829,-0.072054,0.005022,0.258714,-0.284126,0.050600,-0.046642,0.035674,0.010593,0.314654,-0.320522,-0.030154,0.310679,-0.009596,-0.056763,-0.366214,1.516367,1.067087,0.040279,-0.362679,-0.049495,0.009503,-1.704972,-1.041225,-0.064199,0.343012,-0.761022,-0.076244,0.074051,3
-0.011812,-0.072054,0.005035,0.258706,-0.284118,0.050600,-0.046642,0.035691,0.010606,0.314636,-0.320509,-0.030147,0.310571,-0.009565,-0.056763,-0.366214,1.519411,1.067087,0.043131,-0.363865,-0.049519,0.009492,-1.711323,-1.041357,-0.059717,0.347351,-0.761034,-0.076268,0.073895,3
-0.011812,-0.072029,0.005009,0.258697,-0.284117,0.050585,-0.046650,0.035691,0.010593,0.314636,-0.320514,-0.030140,0.310478,-0.009558,-0.056758,-0.366214,1.522731,1.067111,0.045744,-0.365219,-0.049555,0.009492,-1.720515,-1.041861,-0.054852,0.352073,-0.761034,-0.076316,0.073931,3
-0.011846,-0.071978,0.005009,0.258697,-0.284109,0.050600,-0.046650,0.035708,0.010580,0.314602,-0.320497,-0.030140,0.310263,-0.009550,-0.056763,-0.366154,1.529119,1.067231,0.049759,-0.367328,-0.049579,0.009480,-1.729372,-1.042616,-0.048380,0.358820,-0.761010,-0.076459,0.074074,3
-0.011829,-0.071978,0.004995,0.258697,-0.284118,0.050600,-0.046667,0.035682,0.010580,0.314611,-0.320505,-0.030140,0.310130,-0.009565,-0.056763,-0.366178,1.531647,1.067315,0.052215,-0.368719,-0.049531,0.009492,-1.735160,-1.042819,-0.044246,0.363374,-0.761034,-0.076543,0.074098,3
-0.011820,-0.071961,0.004982,0.258672,-0.284122,0.050607,-0.046684,0.035716,0.010580,0.314602,-0.320509,-0.030147,0.309982,-0.009565,-0.056763,-0.366190,1.534020,1.067387,0.056338,-0.370241,-0.049471,0.009503,-1.741284,-1.042963,-0.038254,0.367101,-0.761022,-0.076531,0.074039,3
-0.011820,-0.071961,0.004915,0.258655,-0.284113,0.050607,-0.046701,0.035708,0.010580,0.314594,-0.320526,-0.030147,0.309875,-0.009580,-0.056773,-0.366226,1.536273,1.067423,0.059298,-0.372721,-0.049375,0.009480,-1.747168,-1.043131,-0.033736,0.373357,-0.761010,-0.076363,0.074003,3
-0.011803,-0.071952,0.004942,0.258655,-0.284113,0.050607,-0.046693,0.035725,0.010580,0.314602,-0.320526,-0.030147,0.309768,-0.009565,-0.056763,-0.366190,1.538706,1.067447,0.061911,-0.374699,-0.049339,0.009480,-1.752825,-1.043239,-0.029673,0.377587,-0.761010,-0.076352,0.074051,3
-0.011812,-0.071961,0.004928,0.258655,-0.284118,0.050614,-0.046684,0.035708,0.010580,0.314602,-0.320518,-0.030162,0.309621,-0.009558,-0.056758,-0.366166,1.541558,1.067471,0.064379,-0.376628,-0.049327,0.009492,-1.758709,-1.043263,-0.025586,0.382141,-0.761022,-0.076340,0.074170,3
-0.011812,-0.071952,0.004888,0.258646,-0.284118,0.050600,-0.046676,0.035716,0.010580,0.314594,-0.320526,-0.030147,0.309420,-0.009558,-0.056768,-0.366178,1.544518,1.067507,0.066944,-0.378390,-0.049339,0.009480,-1.764593,-1.043251,-0.021727,0.386144,-0.761010,-0.076280,0.074350,3
-0.011812,-0.071944,0.004875,0.258672,-0.284122,0.050578,-0.046684,0.035708,0.010580,0.314602,-0.320518,-0.030133,0.309286,-0.009573,-0.056768,-0.366286,1.547454,1.067567,0.069544,-0.379948,-0.049339,0.009503,-1.772766,-1.043239,-0.017497,0.389979,-0.761034,-0.076280,0.074434,3
-0.011829,-0.071952,0.004848,0.258672,-0.284118,0.050600,-0.046684,0.035708,0.010580,0.314602,-0.320526,-0.030147,0.309139,-0.009580,-0.056783,-0.366310,1.550019,1.067615,0.072109,-0.381734,-0.049351,0.009503,-1.778854,-1.043179,-0.012943,0.393945,-0.761010,-0.076256,0.074494,3
-0.011829,-0.071944,0.004848,0.258629,-0.284113,0.050607,-0.046667,0.035716,0.010566,0.314585,-0.320526,-0.030147,0.308884,-0.009588,-0.056788,-0.366262,1.554705,1.067639,0.075980,-0.384742,-0.049399,0.009492,-1.788202,-1.043059,-0.007071,0.400033,-0.761022,-0.075968,0.074494,3
-0.011812,-0.071944,0.004808,0.258646,-0.284109,0.050614,-0.046659,0.035725,0.010553,0.314602,-0.320518,-0.030162,0.308683,-0.009596,-0.056783,-0.366214,1.557341,1.067663,0.078652,-0.386803,-0.049459,0.009492,-1.793607,-1.042999,-0.001330,0.404252,-0.761022,-0.075788,0.074566,3
-0.011820,-0.071952,0.004808,0.258638,-0.284113,0.050607,-0.046650,0.035708,0.010553,0.314602,-0.320526,-0.030147,0.308616,-0.009588,-0.056778,-0.366214,1.558576,1.067663,0.079899,-0.387750,-0.049483,0.009480,-1.796663,-1.042999,0.000707,0.405942,-0.761010,-0.075764,0.074578,3
-0.011829,-0.071952,0.004768,0.258646,-0.284122,0.050607,-0.046607,0.035708,0.010526,0.314611,-0.320509,-0.030118,0.308389,-0.009588,-0.056778,-0.366250,1.562675,1.067675,0.083902,-0.391980,-0.049603,0.009480,-1.805148,-1.042891,0.007155,0.413216,-0.761034,-0.075596,0.074590,3
-0.011837,-0.071961,0.004741,0.258672,-0.284118,0.050600,-0.046616,0.035716,0.010539,0.314636,-0.320505,-0.030111,0.308241,-0.009588,-0.056778,-0.366262,1.565503,1.067663,0.086095,-0.394293,-0.049675,0.009492,-1.810457,-1.042735,0.011037,0.417111,-0.761022,-0.075477,0.074614,3
-0.011837,-0.071952,0.004741,0.258663,-0.284113,0.050607,-0.046607,0.035708,0.010526,0.314636,-0.320501,-0.030104,0.308094,-0.009580,-0.056783,-0.366238,1.567984,1.067675,0.088372,-0.396222,-0.049675,0.009492,-1.815203,-1.042592,0.014848,0.421377,-0.761022,-0.075297,0.074590,3
-0.011846,-0.071961,0.004714,0.258672,-0.284118,0.050600,-0.046599,0.035708,0.010513,0.314645,-0.320509,-0.030118,0.307840,-0.009588,-0.056778,-0.366202,1.570177,1.067675,0.090577,-0.397936,-0.049615,0.009492,-1.820500,-1.042448,0.018564,0.425236,-0.761010,-0.075165,0.074578,3
-0.011820,-0.071952,0.004701,0.258663,-0.284122,0.050607,-0.046616,0.035708,0.010513,0.314645,-0.320509,-0.030118,0.307665,-0.009603,-0.056778,-0.366202,1.572070,1.067687,0.092602,-0.399314,-0.049579,0.009492,-1.828697,-1.042352,0.022099,0.428736,-0.761034,-0.075129,0.074518,3
-0.011837,-0.071961,0.004701,0.258672,-0.284118,0.050614,-0.046599,0.035716,0.010513,0.314662,-0.320514,-0.030125,0.307518,-0.009603,-0.056778,-0.366202,1.575030,1.067687,0.094699,-0.400597,-0.049603,0.009480,-1.833455,-1.042292,0.026174,0.432067,-0.761010,-0.075117,0.074470,3
-0.011812,-0.071952,0.004714,0.258672,-0.284126,0.050614,-0.046599,0.035708,0.010499,0.314671,-0.320522,-0.030140,0.307357,-0.009603,-0.056778,-0.366190,1.577116,1.067675,0.096821,-0.402011,-0.049627,0.009492,-1.837889,-1.042208,0.029841,0.435555,-0.761022,-0.075069,0.074434,3
-0.011812,-0.071952,0.004647,0.258680,-0.284130,0.050607,-0.046582,0.035708,0.010499,0.314696,-0.320530,-0.030125,0.307090,-0.009588,-0.056778,-0.366214,1.580567,1.067663,0.100380,-0.404036,-0.049687,0.009480,-1.844995,-1.042064,0.037247,0.443440,-0.761034,-0.074997,0.074422,3
-0.011829,-0.071961,0.004607,0.258706,-0.284130,0.050621,-0.046556,0.035716,0.010472,0.314696,-0.320526,-0.030118,0.306889,-0.009596,-0.056783,-0.366238,1.582940,1.067687,0.101830,-0.405390,-0.049759,0.009480,-1.849514,-1.041945,0.040890,0.446712,-0.761010,-0.075033,0.074446,3
-0.011820,-0.071969,0.004607,0.258714,-0.284126,0.050614,-0.046548,0.035708,0.010446,0.314696,-0.320534,-0.030133,0.306701,-0.009603,-0.056778,-0.366214,1.585217,1.067687,0.103304,-0.407344,-0.049830,0.009480,-1.854032,-1.041777,0.044629,0.449924,-0.761046,-0.075069,0.074434,3
-0.011812,-0.071952,0.004580,0.258697,-0.284122,0.050621,-0.046531,0.035725,0.010446,0.314705,-0.320530,-0.030140,0.306500,-0.009603,-0.056778,-0.366178,1.587410,1.067687,0.105054,-0.408734,-0.049782,0.009480,-1.858634,-1.041633,0.048380,0.453171,-0.761022,-0.075033,0.074434,3
-0.011820,-0.071952,0.004567,0.258706,-0.284130,0.050621,-0.046548,0.035708,0.010446,0.314713,-0.320530,-0.030125,0.306152,-0.009626,-0.056803,-0.366130,1.589315,1.067687,0.106899,-0.410292,-0.049723,0.009468,-1.863715,-1.041549,0.052059,0.456575,-0.761022,-0.074985,0.074422,3
-0.011820,-0.071961,0.004553,0.258706,-0.284134,0.050614,-0.046548,0.035708,0.010432,0.314696,-0.320530,-0.030111,0.305911,-0.009672,-0.056833,-0.366082,1.590945,1.067699,0.108745,-0.412006,-0.049747,0.009444,-1.868772,-1.041525,0.055475,0.460434,-0.761046,-0.074997,0.074386,3
-0.011812,-0.071944,0.004513,0.258689,-0.284126,0.050614,-0.046531,0.035725,0.010419,0.314696,-0.320518,-0.030104,0.305683,-0.009710,-0.056858,-0.366010,1.592359,1.067675,0.110495,-0.413791,-0.049806,0.009384,-1.875723,-1.041465,0.058962,0.464089,-0.760998,-0.075057,0.074338,3
-0.011820,-0.071935,0.004486,0.258655,-0.284126,0.050614,-0.046505,0.035716,0.010379,0.314679,-0.320526,-0.030118,0.305375,-0.009740,-0.056888,-0.365926,1.594648,1.067699,0.112136,-0.415445,-0.049914,0.009276,-1.879582,-1.041369,0.062426,0.467409,-0.761034,-0.075105,0.074350,3
-0.011820,-0.071952,0.004419,0.258655,-0.284126,0.050614,-0.046471,0.035725,0.010325,0.314679,-0.320530,-0.030111,0.305108,-0.009725,-0.056868,-0.365890,1.596314,1.067675,0.113886,-0.416787,-0.050034,0.009096,-1.884268,-1.041285,0.067603,0.470668,-0.761034,-0.075141,0.074350,3
-0.011812,-0.071944,0.004393,0.258655,-0.284122,0.050621,-0.046428,0.035725,0.010285,0.314679,-0.320522,-0.030111,0.304813,-0.009710,-0.056878,-0.365878,1.598064,1.067663,0.116583,-0.417818,-0.050166,0.008904,-1.888774,-1.041154,0.070899,0.475007,-0.761022,-0.075141,0.074326,3
-0.011820,-0.071944,0.004352,0.258655,-0.284130,0.050607,-0.046403,0.035716,0.010218,0.314679,-0.320522,-0.030096,0.304291,-0.009710,-0.056898,-0.365974,1.600820,1.067687,0.118955,-0.419568,-0.050394,0.008868,-1.895761,-1.040998,0.076064,0.479812,-0.761022,-0.075117,0.074254,3
-0.011812,-0.071944,0.004285,0.258655,-0.284122,0.050621,-0.046377,0.035725,0.010205,0.314696,-0.320530,-0.030111,0.303862,-0.009725,-0.056908,-0.366010,1.602570,1.067675,0.120250,-0.420395,-0.050657,0.008928,-1.900147,-1.040854,0.079192,0.482904,-0.761022,-0.075129,0.074218,3
-0.011829,-0.071927,0.004272,0.258646,-0.284126,0.050614,-0.046352,0.035716,0.010164,0.314688,-0.320530,-0.030111,0.303045,-0.009740,-0.056918,-0.365962,1.604344,1.067699,0.121340,-0.421198,-0.050885,0.009012,-1.904749,-1.040698,0.082559,0.485673,-0.760986,-0.075141,0.074122,3
-0.011829,-0.071952,0.004245,0.258646,-0.284122,0.050621,-0.046326,0.035742,0.010164,0.314688,-0.320526,-0.030104,0.302362,-0.009756,-0.056908,-0.365854,1.606045,1.067699,0.122251,-0.422084,-0.051137,0.009012,-1.911029,-1.040566,0.085759,0.488501,-0.760962,-0.075117,0.074086,3
-0.011829,-0.071952,0.004232,0.258638,-0.284126,0.050614,-0.046292,0.035733,0.010151,0.314713,-0.320526,-0.030104,0.301519,-0.009771,-0.056918,-0.365759,1.607615,1.067723,0.122958,-0.422971,-0.051400,0.009024,-1.915259,-1.040434,0.088575,0.491161,-0.760938,-0.075141,0.074051,3
-0.011820,-0.071952,0.004232,0.258655,-0.284118,0.050629,-0.046301,0.035716,0.010124,0.314713,-0.320522,-0.030096,0.300568,-0.009794,-0.056933,-0.365675,1.609761,1.067699,0.123545,-0.423786,-0.051640,0.009012,-1.918447,-1.040243,0.091643,0.493618,-0.760902,-0.075141,0.074051,3
-0.011820,-0.071961,0.004232,0.258672,-0.284130,0.050621,-0.046292,0.035733,0.010124,0.314739,-0.320530,-0.030111,0.299496,-0.009801,-0.056938,-0.365651,1.611079,1.067735,0.124037,-0.424493,-0.051904,0.009012,-1.921671,-1.040159,0.095970,0.496171,-0.760914,-0.075129,0.074063,3
-0.011812,-0.071952,0.004218,0.258663,-0.284135,0.050629,-0.046275,0.035716,0.010084,0.314756,-0.320526,-0.030118,0.298291,-0.009809,-0.056943,-0.365663,1.612373,1.067723,0.124768,-0.425128,-0.052155,0.009036,-1.924774,-1.040087,0.098858,0.500593,-0.760878,-0.075117,0.074098,3
-0.011820,-0.071961,0.004178,0.258663,-0.284122,0.050621,-0.046275,0.035708,0.010071,0.314790,-0.320526,-0.030118,0.297046,-0.009832,-0.056958,-0.365687,1.613631,1.067735,0.125247,-0.425991,-0.052407,0.009072,-1.928226,-1.040051,0.101626,0.503409,-0.760878,-0.075117,0.074110,3
-0.011820,-0.071961,0.004165,0.258672,-0.284113,0.050607,-0.046267,0.035708,0.009990,0.314798,-0.320518,-0.030104,0.295532,-0.009885,-0.056963,-0.365687,1.615621,1.067783,0.125978,-0.426902,-0.052898,0.009132,-1.933739,-1.040003,0.105749,0.507400,-0.760890,-0.075189,0.074063,3
-0.011829,-0.071952,0.004125,0.258706,-0.284117,0.050585,-0.046284,0.035716,0.009910,0.314798,-0.320505,-0.030111,0.294957,-0.009931,-0.056974,-0.365675,1.617011,1.067890,0.126517,-0.427573,-0.053126,0.009168,-1.937358,-1.040027,0.108038,0.510037,-0.760866,-0.075237,0.074003,3
-0.011829,-0.071952,0.004044,0.258714,-0.284118,0.050614,-0.046267,0.035699,0.009870,0.314781,-0.320505,-0.030111,0.294675,-0.009915,-0.056964,-0.365651,1.617682,1.067974,0.126793,-0.427957,-0.053246,0.009144,-1.939335,-1.040027,0.109164,0.511271,-0.760854,-0.075285,0.073931,3
-0.011829,-0.071952,0.003964,0.258766,-0.284113,0.050592,-0.046241,0.035708,0.009723,0.314705,-0.320505,-0.030111,0.294582,-0.009877,-0.056988,-0.365591,1.619552,1.068346,0.127668,-0.429191,-0.053486,0.009120,-1.945891,-1.040039,0.112903,0.514555,-0.760831,-0.075393,0.073907,3
-0.011829,-0.071944,0.003924,0.258800,-0.284118,0.050600,-0.046190,0.035699,0.009642,0.314679,-0.320505,-0.030111,0.294541,-0.009862,-0.057018,-0.365603,1.621217,1.068621,0.128135,-0.430174,-0.053641,0.009132,-1.948863,-1.040051,0.115108,0.516652,-0.760819,-0.075405,0.073895,3
-0.011812,-0.071952,0.003897,0.258851,-0.284109,0.050600,-0.046147,0.035708,0.009562,0.314662,-0.320514,-0.030125,0.294461,-0.009832,-0.057018,-0.365639,1.622212,1.069077,0.128519,-0.431180,-0.053809,0.009156,-1.951835,-1.040075,0.118452,0.518761,-0.760807,-0.075429,0.073907,3
-0.011812,-0.071952,0.003870,0.258859,-0.284109,0.050585,-0.046096,0.035716,0.009522,0.314679,-0.320518,-0.030133,0.294314,-0.009847,-0.057038,-0.365735,1.623147,1.069293,0.128806,-0.432247,-0.054061,0.009204,-1.954411,-1.040087,0.120549,0.520751,-0.760795,-0.075441,0.073895,3
-0.011820,-0.071952,0.003884,0.258834,-0.284092,0.050556,-0.046062,0.035708,0.009535,0.314739,-0.320518,-0.030133,0.294113,-0.009862,-0.057028,-0.365818,1.624022,1.069448,0.129190,-0.433709,-0.054348,0.009264,-1.956736,-1.040075,0.122659,0.523267,-0.760795,-0.075441,0.073895,3
-0.011820,-0.071944,0.003897,0.258791,-0.284084,0.050542,-0.046019,0.035699,0.009575,0.314807,-0.320509,-0.030118,0.293832,-0.009893,-0.057038,-0.365866,1.624969,1.069532,0.129418,-0.434476,-0.054684,0.009360,-1.959085,-1.040063,0.124564,0.524813,-0.760783,-0.075441,0.073883,3
-0.011837,-0.071935,0.003910,0.258748,-0.284079,0.050520,-0.046036,0.035733,0.009575,0.314884,-0.320514,-0.030096,0.293550,-0.009877,-0.057018,-0.365866,1.625879,1.069568,0.129561,-0.434908,-0.055259,0.009432,-1.961338,-1.040039,0.126110,0.526443,-0.760747,-0.075453,0.073883,3
-0.011837,-0.071927,0.003964,0.258689,-0.284058,0.050498,-0.046045,0.035716,0.009589,0.314969,-0.320509,-0.030118,0.293015,-0.009893,-0.057018,-0.365890,1.627186,1.069688,0.129681,-0.435015,-0.055870,0.009539,-1.963819,-1.040063,0.128111,0.528744,-0.760711,-0.075513,0.073919,3
-0.011820,-0.071927,0.003964,0.258646,-0.284058,0.050484,-0.046062,0.035716,0.009562,0.315029,-0.320518,-0.030133,0.292747,-0.009893,-0.056998,-0.365986,1.628120,1.069820,0.129705,-0.434800,-0.056302,0.009551,-1.965832,-1.040039,0.129549,0.530098,-0.760747,-0.075596,0.074015,3
-0.011837,-0.071935,0.003964,0.258638,-0.284054,0.050477,-0.046045,0.035716,0.009575,0.315080,-0.320509,-0.030118,0.292533,-0.009908,-0.056988,-0.366022,1.629379,1.069988,0.129741,-0.434428,-0.056805,0.009551,-1.967510,-1.040063,0.131095,0.531381,-0.760723,-0.075632,0.074146,3
-0.011829,-0.071944,0.003964,0.258638,-0.284046,0.050462,-0.046036,0.035708,0.009562,0.315080,-0.320518,-0.030133,0.292318,-0.009908,-0.056988,-0.366010,1.630242,1.070155,0.129741,-0.433961,-0.057345,0.009539,-1.969631,-1.040063,0.132522,0.532687,-0.760723,-0.075525,0.074254,3
-0.011820,-0.071935,0.003924,0.258604,-0.284041,0.050455,-0.046045,0.035699,0.009575,0.315063,-0.320518,-0.030133,0.292144,-0.009923,-0.056989,-0.366010,1.631045,1.070359,0.129681,-0.433541,-0.057884,0.009527,-1.972196,-1.040063,0.134535,0.533945,-0.760711,-0.075369,0.074302,3
-0.011820,-0.071944,0.003924,0.258595,-0.284020,0.050448,-0.046036,0.035708,0.009548,0.315046,-0.320514,-0.030125,0.292010,-0.009961,-0.056984,-0.365998,1.631740,1.070419,0.129621,-0.433014,-0.058447,0.009503,-1.974689,-1.040063,0.135925,0.535851,-0.760699,-0.075309,0.074266,3
-0.011820,-0.071952,0.003924,0.258578,-0.284016,0.050426,-0.046028,0.035716,0.009575,0.315011,-0.320509,-0.030118,0.291903,-0.010022,-0.056964,-0.365986,1.632387,1.070455,0.129526,-0.432810,-0.059034,0.009492,-1.977265,-1.040051,0.137315,0.537157,-0.760651,-0.075345,0.074206,3
-0.011820,-0.071944,0.003897,0.258595,-0.284012,0.050419,-0.046019,0.035716,0.009562,0.314986,-0.320518,-0.030104,0.291836,-0.010060,-0.056959,-0.365998,1.632926,1.070455,0.129406,-0.432798,-0.059861,0.009492,-1.980189,-1.040003,0.138634,0.538271,-0.760615,-0.075321,0.074158,3
-0.011829,-0.071952,0.003924,0.258604,-0.284008,0.050412,-0.046028,0.035708,0.009575,0.314977,-0.320526,-0.030118,0.291836,-0.010090,-0.056960,-0.365998,1.633405,1.070467,0.129286,-0.432882,-0.060389,0.009503,-1.982898,-1.039931,0.139892,0.539242,-0.760603,-0.075321,0.074074,3
-0.011820,-0.071944,0.003937,0.258621,-0.284008,0.050426,-0.046019,0.035708,0.009575,0.314977,-0.320518,-0.030133,0.291903,-0.010098,-0.056965,-0.366022,1.633849,1.070431,0.129190,-0.433002,-0.060844,0.009527,-1.984935,-1.039727,0.141090,0.540033,-0.760567,-0.075321,0.073859,3
-0.011829,-0.071944,0.003951,0.258655,-0.284004,0.050433,-0.046019,0.035708,0.009575,0.314960,-0.320518,-0.030133,0.292010,-0.010098,-0.056965,-0.366034,1.634520,1.070431,0.129082,-0.433170,-0.061431,0.009503,-1.987787,-1.039344,0.142624,0.540848,-0.760555,-0.075261,0.073571,3
-0.011829,-0.071952,0.003951,0.258680,-0.284008,0.050412,-0.046011,0.035716,0.009602,0.314977,-0.320514,-0.030125,0.292091,-0.010106,-0.056970,-0.366022,1.635119,1.070419,0.129046,-0.433254,-0.061731,0.009492,-1.989058,-1.039020,0.143307,0.541244,-0.760531,-0.075285,0.073355,3
-0.011820,-0.071944,0.003924,0.258697,-0.284012,0.050433,-0.046011,0.035725,0.009575,0.314986,-0.320509,-0.030118,0.292158,-0.010106,-0.056970,-0.366022,1.635563,1.070443,0.129034,-0.433254,-0.061958,0.009480,-1.990520,-1.038817,0.143907,0.541675,-0.760507,-0.075261,0.073164,3
-0.011820,-0.071944,0.003937,0.258723,-0.284012,0.050419,-0.045985,0.035725,0.009575,0.315011,-0.320509,-0.030118,0.292225,-0.010098,-0.056965,-0.366034,1.635982,1.070467,0.129058,-0.433218,-0.062126,0.009492,-1.991754,-1.038649,0.144254,0.542430,-0.760507,-0.075249,0.073092,3
-0.011820,-0.071935,0.003951,0.258748,-0.284012,0.050419,-0.045994,0.035716,0.009575,0.315046,-0.320526,-0.030118,0.292251,-0.010090,-0.056950,-0.366046,1.636353,1.070503,0.129094,-0.433146,-0.062222,0.009480,-1.992653,-1.038445,0.144590,0.542837,-0.760519,-0.075285,0.073140,3
-0.011829,-0.071944,0.004004,0.258774,-0.284004,0.050433,-0.045994,0.035716,0.009575,0.315037,-0.320518,-0.030133,0.292225,-0.010106,-0.056940,-0.366034,1.636737,1.070515,0.129058,-0.433074,-0.062258,0.009492,-1.993180,-1.038205,0.145033,0.543197,-0.760495,-0.075501,0.073260,3
-0.011812,-0.071944,0.004058,0.258791,-0.284004,0.050433,-0.045994,0.035725,0.009575,0.315029,-0.320518,-0.030133,0.292171,-0.010144,-0.056925,-0.366046,1.637133,1.070551,0.128723,-0.433038,-0.062270,0.009492,-1.993480,-1.037894,0.145381,0.543473,-0.760507,-0.075704,0.073391,3
-0.011803,-0.071952,0.004138,0.258817,-0.284008,0.050412,-0.046002,0.035716,0.009575,0.315003,-0.320518,-0.030133,0.291890,-0.010189,-0.056905,-0.366034,1.637684,1.070623,0.127608,-0.433038,-0.062414,0.009468,-1.993516,-1.037510,0.145740,0.543736,-0.760531,-0.075764,0.073535,3
-0.011829,-0.071935,0.004178,0.258808,-0.284007,0.050397,-0.046019,0.035708,0.009602,0.314986,-0.320509,-0.030118,0.291783,-0.010227,-0.056891,-0.366058,1.637983,1.070635,0.126565,-0.433062,-0.062582,0.009384,-1.993228,-1.037307,0.145860,0.543880,-0.760519,-0.075764,0.073499,3
-0.011820,-0.071944,0.004232,0.258825,-0.284007,0.050397,-0.046036,0.035699,0.009615,0.314969,-0.320509,-0.030118,0.291675,-0.010227,-0.056881,-0.366022,1.638307,1.070587,0.125451,-0.433050,-0.062713,0.009240,-1.992893,-1.037151,0.145872,0.543964,-0.760507,-0.075752,0.073439,3
-0.011812,-0.071927,0.004232,0.258808,-0.284012,0.050404,-0.046028,0.035716,0.009642,0.314977,-0.320514,-0.030125,0.291635,-0.010227,-0.056881,-0.366046,1.638379,1.070587,0.124936,-0.433062,-0.062761,0.009192,-1.992749,-1.037079,0.145872,0.543976,-0.760495,-0.075740,0.073415,3
-0.011820,-0.071944,0.004232,0.258791,-0.283995,0.050419,-0.046028,0.035708,0.009736,0.314969,-0.320509,-0.030118,0.291515,-0.010235,-0.056876,-0.366022,1.638499,1.070479,0.123222,-0.433050,-0.062725,0.009072,-1.992174,-1.036971,0.145788,0.543976,-0.760483,-0.075680,0.073331,3
-0.011820,-0.071944,0.004218,0.258800,-0.283995,0.050419,-0.046036,0.035708,0.009763,0.314977,-0.320518,-0.030133,0.291448,-0.010235,-0.056876,-0.366010,1.638511,1.070443,0.122371,-0.433062,-0.062701,0.009072,-1.991814,-1.036911,0.145740,0.543916,-0.760495,-0.075680,0.073296,3
-0.011820,-0.071952,0.004205,0.258808,-0.283995,0.050419,-0.046019,0.035708,0.009803,0.314986,-0.320509,-0.030118,0.291408,-0.010235,-0.056876,-0.365986,1.638451,1.070383,0.121388,-0.433002,-0.062677,0.009108,-1.991491,-1.036875,0.145704,0.543844,-0.760519,-0.075680,0.073260,3
-0.011812,-0.071935,0.004192,0.258825,-0.284003,0.050404,-0.046028,0.035708,0.009816,0.315003,-0.320509,-0.030118,0.291381,-0.010273,-0.056861,-0.365962,1.638379,1.070275,0.120310,-0.432990,-0.062654,0.009144,-1.991203,-1.036875,0.145620,0.543784,-0.760495,-0.075668,0.073224,3
-0.011786,-0.071944,0.004192,0.258825,-0.284007,0.050397,-0.046019,0.035716,0.009843,0.315029,-0.320509,-0.030118,0.291314,-0.010311,-0.056856,-0.365902,1.638295,1.070179,0.119135,-0.432990,-0.062654,0.009216,-1.990975,-1.036899,0.145512,0.543748,-0.760507,-0.075620,0.073212,3
-0.011778,-0.071944,0.004205,0.258842,-0.284003,0.050419,-0.046028,0.035716,0.009883,0.315011,-0.320505,-0.030140,0.291287,-0.010319,-0.056831,-0.365783,1.638211,1.070060,0.117901,-0.432978,-0.062654,0.009252,-1.990843,-1.036947,0.145345,0.543712,-0.760495,-0.075573,0.073212,3
-0.011761,-0.071935,0.004232,0.258859,-0.284012,0.050404,-0.046028,0.035725,0.009923,0.315003,-0.320518,-0.030133,0.291247,-0.010334,-0.056822,-0.365747,1.638175,1.069988,0.116595,-0.432990,-0.062642,0.009300,-1.990855,-1.037031,0.145165,0.543712,-0.760495,-0.075525,0.073164,3
-0.011735,-0.071944,0.004232,0.258876,-0.284007,0.050397,-0.046028,0.035716,0.009977,0.314986,-0.320518,-0.030133,0.291193,-0.010349,-0.056822,-0.365687,1.638127,1.069916,0.115420,-0.433002,-0.062594,0.009360,-1.990915,-1.037223,0.144985,0.543700,-0.760495,-0.075525,0.073140,3
-0.011743,-0.071944,0.004245,0.258902,-0.284012,0.050419,-0.046045,0.035725,0.010071,0.314986,-0.320509,-0.030118,0.291126,-0.010357,-0.056827,-0.365627,1.638175,1.069724,0.113922,-0.432966,-0.062486,0.009420,-1.990963,-1.037403,0.144482,0.543736,-0.760507,-0.075477,0.073152,3
-0.011752,-0.071944,0.004259,0.258919,-0.284003,0.050404,-0.046045,0.035716,0.010084,0.314986,-0.320505,-0.030111,0.291073,-0.010357,-0.056827,-0.365579,1.638235,1.069652,0.112736,-0.432966,-0.062450,0.009468,-1.990951,-1.037498,0.144206,0.543784,-0.760507,-0.075465,0.073164,3
-0.011743,-0.071944,0.004245,0.258936,-0.284003,0.050390,-0.046071,0.035716,0.010097,0.315011,-0.320501,-0.030104,0.291019,-0.010395,-0.056832,-0.365543,1.638247,1.069604,0.111669,-0.432966,-0.062462,0.009468,-1.990903,-1.037702,0.143847,0.543796,-0.760507,-0.075429,0.073164,3
-0.011743,-0.071944,0.004245,0.258962,-0.284003,0.050404,-0.046079,0.035708,0.010097,0.315011,-0.320509,-0.030118,0.290979,-0.010410,-0.056822,-0.365519,1.638259,1.069544,0.110531,-0.432978,-0.062594,0.009492,-1.990628,-1.037894,0.143559,0.543700,-0.760531,-0.075465,0.073164,3
-0.011743,-0.071944,0.004272,0.258970,-0.284003,0.050404,-0.046079,0.035716,0.010111,0.315011,-0.320518,-0.030133,0.290872,-0.010395,-0.056812,-0.365483,1.638259,1.069508,0.109356,-0.432990,-0.062737,0.009468,-1.990124,-1.038014,0.143331,0.543341,-0.760543,-0.075561,0.073164,3
-0.011761,-0.071935,0.004245,0.258979,-0.283999,0.050383,-0.046071,0.035725,0.010111,0.315011,-0.320509,-0.030147,0.290805,-0.010410,-0.056812,-0.365423,1.638259,1.069508,0.108194,-0.432966,-0.062869,0.009456,-1.989441,-1.038098,0.143104,0.542670,-0.760531,-0.075764,0.073176,3
-0.011743,-0.071935,0.004245,0.258979,-0.284003,0.050390,-0.046062,0.035708,0.010124,0.315020,-0.320509,-0.030147,0.290765,-0.010410,-0.056792,-0.365327,1.638259,1.069520,0.107007,-0.432966,-0.062941,0.009444,-1.988255,-1.038193,0.142792,0.541771,-0.760543,-0.075980,0.073164,3
-0.011752,-0.071927,0.004245,0.258987,-0.284007,0.050397,-0.046045,0.035708,0.010124,0.314986,-0.320518,-0.030133,0.290698,-0.010395,-0.056782,-0.365255,1.638235,1.069520,0.105953,-0.432990,-0.062941,0.009468,-1.987500,-1.038409,0.142421,0.540932,-0.760543,-0.076148,0.073164,3
-0.011743,-0.071935,0.004245,0.259004,-0.283999,0.050397,-0.046071,0.035708,0.010111,0.314986,-0.320518,-0.030133,0.290644,-0.010387,-0.056777,-0.365195,1.638223,1.069532,0.104946,-0.432978,-0.062941,0.009480,-1.986601,-1.038577,0.141821,0.540117,-0.760543,-0.076052,0.073164,3
-0.011735,-0.071935,0.004232,0.258979,-0.283999,0.050397,-0.046088,0.035716,0.010111,0.314969,-0.320518,-0.030133,0.290604,-0.010387,-0.056777,-0.365159,1.638151,1.069556,0.103292,-0.433002,-0.062941,0.009492,-1.985594,-1.038721,0.141450,0.538967,-0.760543,-0.075884,0.073176,3
-0.011743,-0.071952,0.004232,0.258970,-0.284003,0.050404,-0.046105,0.035708,0.010138,0.315003,-0.320509,-0.030133,0.290551,-0.010387,-0.056777,-0.365111,1.637935,1.069532,0.102166,-0.432990,-0.062941,0.009503,-1.984360,-1.038877,0.141114,0.538152,-0.760531,-0.075788,0.073224,3
-0.011769,-0.071944,0.004245,0.258979,-0.284003,0.050404,-0.046156,0.035716,0.010151,0.315003,-0.320501,-0.030133,0.290510,-0.010395,-0.056782,-0.365051,1.637444,1.069520,0.100967,-0.432966,-0.062977,0.009492,-1.982790,-1.038996,0.140779,0.537265,-0.760555,-0.075644,0.073260,3
-0.011795,-0.071944,0.004245,0.258979,-0.284003,0.050404,-0.046215,0.035725,0.010164,0.315020,-0.320518,-0.030133,0.290417,-0.010418,-0.056797,-0.364920,1.636449,1.069544,0.098930,-0.432918,-0.063037,0.009515,-1.980178,-1.039116,0.140455,0.535947,-0.760555,-0.075285,0.073272,3
-0.011786,-0.071935,0.004245,0.258979,-0.283995,0.050404,-0.046258,0.035725,0.010164,0.315011,-0.320518,-0.030162,0.290269,-0.010395,-0.056782,-0.364740,1.635742,1.069532,0.097444,-0.432918,-0.063025,0.009539,-1.978548,-1.039116,0.140323,0.535096,-0.760555,-0.075225,0.073260,3
-0.011820,-0.071927,0.004245,0.258970,-0.283999,0.050397,-0.046309,0.035708,0.010191,0.315029,-0.320518,-0.030133,0.290162,-0.010379,-0.056792,-0.364584,1.634999,1.069508,0.095946,-0.432906,-0.063001,0.009563,-1.976714,-1.039092,0.140263,0.534269,-0.760555,-0.075189,0.073224,3
-0.011820,-0.071927,0.004245,0.258979,-0.283999,0.050397,-0.046326,0.035699,0.010178,0.315011,-0.320505,-0.030140,0.290055,-0.010364,-0.056792,-0.364428,1.633777,1.069496,0.094544,-0.432942,-0.062953,0.009647,-1.976091,-1.038972,0.140287,0.533358,-0.760543,-0.075201,0.073200,3
-0.011812,-0.071918,0.004245,0.258962,-0.283995,0.050404,-0.046335,0.035708,0.010178,0.314986,-0.320505,-0.030140,0.289961,-0.010364,-0.056792,-0.364273,1.632902,1.069508,0.093273,-0.432954,-0.062869,0.009779,-1.975827,-1.038948,0.140431,0.532459,-0.760543,-0.075249,0.073128,3
-0.011786,-0.071927,0.004245,0.258953,-0.283995,0.050404,-0.046309,0.035708,0.010178,0.314986,-0.320518,-0.030133,0.289894,-0.010379,-0.056792,-0.364141,1.631967,1.069520,0.092279,-0.432966,-0.062797,0.009983,-1.975564,-1.038924,0.140587,0.531548,-0.760543,-0.075273,0.073152,3
-0.011778,-0.071927,0.004218,0.258987,-0.283991,0.050412,-0.046309,0.035725,0.010178,0.314960,-0.320505,-0.030140,0.289801,-0.010379,-0.056792,-0.364069,1.630985,1.069472,0.090924,-0.432930,-0.062761,0.010270,-1.975000,-1.038948,0.140695,0.530206,-0.760543,-0.075297,0.073128,3
-0.011761,-0.071927,0.004218,0.258979,-0.283991,0.050412,-0.046292,0.035725,0.010164,0.314977,-0.320501,-0.030133,0.289680,-0.010395,-0.056782,-0.363937,1.629582,1.069269,0.089187,-0.432930,-0.062785,0.010654,-1.973059,-1.039032,0.140743,0.528804,-0.760483,-0.075333,0.073140,3
-0.011761,-0.071935,0.004232,0.258970,-0.283999,0.050397,-0.046267,0.035716,0.010178,0.315011,-0.320501,-0.030133,0.289586,-0.010387,-0.056777,-0.363925,1.628612,1.069137,0.087880,-0.432954,-0.062821,0.010930,-1.971417,-1.039104,0.140695,0.527893,-0.760483,-0.075321,0.073128,3
-0.011735,-0.071944,0.004205,0.258996,-0.284003,0.050404,-0.046275,0.035708,0.010178,0.315020,-0.320501,-0.030133,0.289519,-0.010372,-0.056767,-0.363913,1.627665,1.068945,0.086490,-0.432954,-0.062869,0.011061,-1.968768,-1.039140,0.140611,0.527042,-0.760471,-0.075297,0.073128,3
-0.011735,-0.071944,0.004218,0.258996,-0.284003,0.050404,-0.046292,0.035699,0.010164,0.315029,-0.320501,-0.030133,0.289493,-0.010357,-0.056777,-0.363913,1.626562,1.068765,0.085124,-0.432930,-0.062881,0.011181,-1.967486,-1.039152,0.140551,0.526347,-0.760483,-0.075309,0.073080,3
-0.011761,-0.071935,0.004245,0.259004,-0.284007,0.050397,-0.046352,0.035708,0.010178,0.315046,-0.320505,-0.030111,0.289399,-0.010349,-0.056782,-0.363961,1.624813,1.068585,0.083973,-0.432942,-0.062893,0.011253,-1.966408,-1.039152,0.140479,0.525772,-0.760471,-0.075285,0.073128,3
-0.011769,-0.071935,0.004272,0.258996,-0.283999,0.050412,-0.046403,0.035708,0.010178,0.315037,-0.320505,-0.030125,0.289305,-0.010349,-0.056782,-0.363961,1.623662,1.068394,0.082943,-0.432954,-0.062869,0.011301,-1.965341,-1.039116,0.140455,0.525340,-0.760471,-0.075285,0.073092,3
-0.011778,-0.071935,0.004272,0.258987,-0.283995,0.050404,-0.046454,0.035725,0.010178,0.315063,-0.320509,-0.030118,0.289185,-0.010319,-0.056772,-0.363973,1.622476,1.068298,0.081936,-0.432954,-0.062869,0.011325,-1.964047,-1.039092,0.140431,0.524873,-0.760483,-0.075357,0.073080,3
-0.011778,-0.071935,0.004272,0.258987,-0.283995,0.050419,-0.046471,0.035725,0.010178,0.315029,-0.320509,-0.030147,0.289037,-0.010235,-0.056726,-0.363985,1.621277,1.068262,0.080127,-0.432966,-0.062845,0.011349,-1.962309,-1.039068,0.140395,0.523974,-0.760447,-0.075441,0.073008,3
-0.011786,-0.071944,0.004272,0.258996,-0.284003,0.050404,-0.046454,0.035708,0.010178,0.315029,-0.320509,-0.030147,0.288944,-0.010144,-0.056676,-0.363961,1.620043,1.068286,0.078748,-0.432942,-0.062845,0.011337,-1.960356,-1.039092,0.140263,0.523327,-0.760375,-0.075537,0.072924,3
-0.011795,-0.071935,0.004272,0.258987,-0.284007,0.050397,-0.046480,0.035716,0.010178,0.315054,-0.320509,-0.030147,0.288769,-0.009976,-0.056625,-0.363961,1.618150,1.068262,0.076483,-0.432930,-0.062857,0.011313,-1.957551,-1.039296,0.139832,0.522344,-0.760303,-0.075429,0.072529,3
-0.011795,-0.071952,0.004245,0.258987,-0.284008,0.050412,-0.046497,0.035716,0.010178,0.315105,-0.320505,-0.030140,0.288676,-0.009877,-0.056610,-0.363949,1.616807,1.068202,0.075129,-0.432918,-0.062857,0.011325,-1.955130,-1.039620,0.139460,0.521637,-0.760267,-0.075309,0.072277,3
-0.011803,-0.071944,0.004272,0.258987,-0.284003,0.050404,-0.046539,0.035716,0.010164,0.315131,-0.320497,-0.030125,0.288582,-0.009786,-0.056629,-0.363913,1.614794,1.068130,0.074003,-0.432918,-0.062857,0.011313,-1.953537,-1.040291,0.139089,0.520882,-0.760195,-0.075237,0.071965,3
-0.011812,-0.071935,0.004245,0.258979,-0.284003,0.050404,-0.046565,0.035708,0.010178,0.315156,-0.320493,-0.030104,0.288461,-0.009702,-0.056654,-0.363829,1.613440,1.068070,0.073068,-0.432930,-0.062845,0.011301,-1.951967,-1.040734,0.138729,0.520103,-0.760123,-0.075117,0.071726,3
-0.011820,-0.071944,0.004245,0.259004,-0.284008,0.050412,-0.046599,0.035716,0.010178,0.315207,-0.320493,-0.030133,0.288314,-0.009603,-0.056688,-0.363697,1.611990,1.067962,0.072133,-0.432954,-0.062833,0.011289,-1.950325,-1.041118,0.138154,0.519324,-0.760076,-0.075021,0.071558,3
-0.011829,-0.071927,0.004272,0.258987,-0.284003,0.050390,-0.046599,0.035708,0.010178,0.315225,-0.320501,-0.030133,0.288140,-0.009466,-0.056717,-0.363494,1.610432,1.067830,0.070311,-0.432954,-0.062857,0.011241,-1.948755,-1.041441,0.137723,0.518210,-0.760016,-0.074937,0.071426,3
-0.011820,-0.071927,0.004272,0.258987,-0.284003,0.050404,-0.046607,0.035699,0.010178,0.315216,-0.320501,-0.030162,0.287966,-0.009299,-0.056736,-0.363206,1.608886,1.067651,0.068885,-0.432942,-0.062929,0.011145,-1.947353,-1.041765,0.137291,0.517599,-0.759920,-0.074901,0.071342,3
-0.011795,-0.071944,0.004285,0.258970,-0.283999,0.050397,-0.046607,0.035716,0.010178,0.315207,-0.320505,-0.030154,0.287819,-0.009147,-0.056756,-0.362894,1.607316,1.067435,0.067399,-0.432918,-0.063073,0.011073,-1.946118,-1.042112,0.136812,0.516964,-0.759908,-0.074925,0.071294,3
-0.011803,-0.071927,0.004312,0.258970,-0.284007,0.050383,-0.046582,0.035716,0.010178,0.315199,-0.320505,-0.030140,0.287658,-0.008964,-0.056755,-0.362547,1.605734,1.067243,0.065997,-0.432894,-0.063121,0.011037,-1.944800,-1.042424,0.136309,0.516304,-0.759872,-0.075009,0.071258,3
-0.011803,-0.071944,0.004285,0.258979,-0.284003,0.050390,-0.046548,0.035708,0.010178,0.315207,-0.320497,-0.030125,0.287296,-0.008568,-0.056793,-0.361876,1.603361,1.067099,0.064211,-0.432930,-0.063073,0.011037,-1.941229,-1.042831,0.135434,0.515226,-0.759848,-0.075177,0.071222,3
-0.011812,-0.071944,0.004285,0.258962,-0.283999,0.050397,-0.046539,0.035708,0.010178,0.315207,-0.320497,-0.030125,0.287095,-0.008348,-0.056797,-0.361564,1.601779,1.067099,0.063109,-0.432930,-0.062977,0.011121,-1.938796,-1.043095,0.134727,0.514531,-0.759836,-0.075249,0.071222,3
-0.011812,-0.071944,0.004285,0.258962,-0.283999,0.050397,-0.046556,0.035716,0.010178,0.315207,-0.320501,-0.030118,0.287002,-0.008203,-0.056761,-0.361408,1.600101,1.067075,0.062510,-0.432954,-0.062941,0.011157,-1.937526,-1.043359,0.134367,0.514195,-0.759800,-0.075285,0.071222,3
-0.011820,-0.071935,0.004285,0.258962,-0.284003,0.050390,-0.046565,0.035716,0.010178,0.315233,-0.320497,-0.030140,0.286654,-0.007960,-0.056770,-0.360869,1.597501,1.066944,0.060592,-0.432942,-0.062893,0.011241,-1.934338,-1.043754,0.132749,0.513236,-0.759788,-0.075381,0.071246,3
-0.011795,-0.071944,0.004312,0.258987,-0.284003,0.050390,-0.046548,0.035725,0.010178,0.315259,-0.320505,-0.030154,0.286399,-0.007838,-0.056800,-0.360450,1.595847,1.066848,0.058279,-0.432954,-0.062905,0.011253,-1.932205,-1.044030,0.131862,0.512134,-0.759800,-0.075441,0.071246,3
-0.011795,-0.071935,0.004326,0.259004,-0.284007,0.050397,-0.046565,0.035725,0.010178,0.315259,-0.320509,-0.030147,0.286118,-0.007693,-0.056824,-0.360006,1.594025,1.066752,0.056637,-0.432942,-0.062893,0.011253,-1.930311,-1.044198,0.130964,0.511307,-0.759752,-0.075513,0.071270,3
-0.011786,-0.071935,0.004339,0.259004,-0.283999,0.050412,-0.046548,0.035716,0.010178,0.315267,-0.320509,-0.030147,0.285823,-0.007549,-0.056849,-0.359503,1.592192,1.066728,0.054960,-0.432918,-0.062845,0.011253,-1.928585,-1.044293,0.130053,0.510396,-0.759728,-0.075573,0.071306,3
-0.011820,-0.071935,0.004352,0.259013,-0.284003,0.050390,-0.046548,0.035725,0.010178,0.315267,-0.320497,-0.030140,0.285515,-0.007374,-0.056853,-0.359047,1.590442,1.066728,0.053498,-0.432906,-0.062725,0.011301,-1.926908,-1.044341,0.129250,0.509521,-0.759716,-0.075632,0.071378,3
-0.011812,-0.071935,0.004352,0.258979,-0.284003,0.050390,-0.046539,0.035708,0.010178,0.315276,-0.320501,-0.030162,0.285033,-0.007176,-0.056842,-0.358568,1.588716,1.066788,0.052251,-0.432894,-0.062654,0.011373,-1.924942,-1.044389,0.128399,0.508563,-0.759704,-0.075644,0.071546,3
-0.011795,-0.071935,0.004339,0.258987,-0.284007,0.050397,-0.046505,0.035716,0.010178,0.315276,-0.320493,-0.030133,0.284725,-0.006887,-0.056861,-0.357789,1.586883,1.066848,0.051125,-0.432906,-0.062606,0.011433,-1.921742,-1.044449,0.127452,0.507604,-0.759680,-0.075656,0.071630,3
-0.011812,-0.071944,0.004326,0.258987,-0.284007,0.050397,-0.046522,0.035708,0.010164,0.315293,-0.320501,-0.030147,0.284404,-0.006628,-0.056860,-0.357166,1.585013,1.066872,0.049950,-0.432870,-0.062570,0.011517,-1.919214,-1.044557,0.126398,0.506717,-0.759692,-0.075644,0.071678,3
-0.011820,-0.071935,0.004312,0.258970,-0.284003,0.050390,-0.046514,0.035708,0.010151,0.315318,-0.320497,-0.030140,0.283881,-0.006232,-0.056889,-0.356123,1.581262,1.066968,0.047949,-0.432810,-0.062558,0.011661,-1.915247,-1.044797,0.123713,0.505686,-0.759668,-0.075644,0.071666,3
-0.011812,-0.071935,0.004285,0.258970,-0.283999,0.050397,-0.046531,0.035708,0.010164,0.315344,-0.320501,-0.030133,0.283506,-0.006027,-0.056963,-0.355440,1.579333,1.067075,0.045744,-0.432774,-0.062570,0.011745,-1.912011,-1.044797,0.122071,0.505111,-0.759704,-0.075704,0.071630,3
-0.011820,-0.071944,0.004285,0.258962,-0.283999,0.050397,-0.046539,0.035708,0.010138,0.315344,-0.320485,-0.030133,0.283078,-0.005821,-0.057067,-0.354721,1.577451,1.067171,0.044354,-0.432714,-0.062558,0.011876,-1.908895,-1.044737,0.120477,0.504009,-0.759680,-0.075824,0.071606,3
-0.011820,-0.071944,0.004299,0.258953,-0.284003,0.050404,-0.046548,0.035725,0.010138,0.315327,-0.320493,-0.030133,0.282663,-0.005624,-0.057166,-0.354062,1.575606,1.067303,0.043071,-0.432643,-0.062618,0.011972,-1.905995,-1.044605,0.119015,0.503098,-0.759692,-0.075992,0.071558,3
-0.011829,-0.071927,0.004285,0.258987,-0.284003,0.050390,-0.046556,0.035708,0.010138,0.315310,-0.320493,-0.030147,0.282234,-0.005441,-0.057284,-0.353487,1.573436,1.067411,0.041657,-0.432619,-0.062654,0.012104,-1.902747,-1.044461,0.117541,0.502139,-0.759692,-0.076292,0.071522,3
-0.011820,-0.071918,0.004285,0.258979,-0.283995,0.050390,-0.046556,0.035716,0.010138,0.315293,-0.320497,-0.030140,0.281591,-0.005220,-0.057378,-0.353007,1.571363,1.067495,0.040159,-0.432595,-0.062666,0.012248,-1.899823,-1.044329,0.116199,0.501180,-0.759680,-0.076483,0.071462,3
-0.011820,-0.071927,0.004299,0.258970,-0.283991,0.050383,-0.046539,0.035716,0.010111,0.315276,-0.320505,-0.030154,0.281190,-0.005030,-0.057462,-0.352588,1.569314,1.067507,0.038589,-0.432535,-0.062666,0.012320,-1.896216,-1.044233,0.114785,0.500222,-0.759668,-0.076711,0.071438,3
-0.011820,-0.071918,0.004285,0.258962,-0.283995,0.050376,-0.046539,0.035708,0.010084,0.315276,-0.320509,-0.030147,0.280748,-0.004779,-0.057556,-0.352468,1.567253,1.067459,0.037031,-0.432511,-0.062666,0.012356,-1.893783,-1.044174,0.113227,0.499203,-0.759656,-0.076915,0.071390,3
-0.011812,-0.071935,0.004272,0.258987,-0.283995,0.050376,-0.046539,0.035708,0.010071,0.315267,-0.320509,-0.030147,0.280319,-0.004566,-0.057585,-0.352456,1.564041,1.067327,0.035521,-0.432451,-0.062654,0.012392,-1.891362,-1.044245,0.111561,0.498148,-0.759632,-0.077154,0.071318,3
-0.011812,-0.071935,0.004245,0.258996,-0.283970,0.050361,-0.046539,0.035708,0.010017,0.315267,-0.320493,-0.030162,0.279676,-0.004330,-0.057610,-0.352492,1.561117,1.066992,0.033604,-0.432391,-0.062654,0.012320,-1.888282,-1.044269,0.108409,0.496650,-0.759632,-0.077490,0.071234,3
-0.011812,-0.071935,0.004245,0.258987,-0.283969,0.050347,-0.046539,0.035708,0.010004,0.315276,-0.320497,-0.030140,0.279261,-0.004246,-0.057624,-0.352504,1.559127,1.066824,0.031758,-0.432367,-0.062666,0.012260,-1.886233,-1.044198,0.107067,0.495308,-0.759620,-0.077670,0.071198,3
-0.011820,-0.071918,0.004218,0.258979,-0.283969,0.050332,-0.046531,0.035708,0.009977,0.315276,-0.320489,-0.030155,0.278833,-0.004125,-0.057624,-0.352492,1.557150,1.066704,0.030404,-0.432343,-0.062713,0.012152,-1.883537,-1.044114,0.105569,0.494433,-0.759632,-0.077814,0.071150,3
-0.011820,-0.071944,0.004205,0.259004,-0.283961,0.050332,-0.046531,0.035708,0.009977,0.315276,-0.320497,-0.030169,0.278364,-0.004026,-0.057619,-0.352444,1.555017,1.066608,0.028834,-0.432331,-0.062881,0.012032,-1.880433,-1.044030,0.103891,0.493546,-0.759632,-0.078005,0.071138,3
-0.011820,-0.071927,0.004205,0.259004,-0.283961,0.050332,-0.046505,0.035716,0.009977,0.315301,-0.320497,-0.030169,0.277587,-0.003881,-0.057574,-0.352408,1.552680,1.066596,0.027276,-0.432283,-0.063013,0.011840,-1.877604,-1.043934,0.101866,0.492588,-0.759620,-0.078089,0.071138,3
-0.011812,-0.071944,0.004178,0.258987,-0.283953,0.050332,-0.046505,0.035716,0.009950,0.315301,-0.320489,-0.030155,0.276971,-0.003752,-0.057519,-0.352408,1.550331,1.066584,0.025874,-0.432259,-0.063097,0.011745,-1.873026,-1.043898,0.099877,0.491569,-0.759620,-0.078137,0.071162,3
-0.011820,-0.071952,0.004178,0.258979,-0.283965,0.050325,-0.046514,0.035725,0.009950,0.315352,-0.320489,-0.030155,0.276355,-0.003577,-0.057464,-0.352420,1.546855,1.066584,0.024604,-0.432235,-0.063097,0.011637,-1.869635,-1.043874,0.098127,0.490586,-0.759620,-0.078185,0.071174,3
-0.011820,-0.071944,0.004205,0.258996,-0.283961,0.050318,-0.046522,0.035725,0.009937,0.315378,-0.320489,-0.030155,0.275592,-0.003493,-0.057469,-0.352420,1.544351,1.066584,0.023201,-0.432223,-0.063085,0.011601,-1.865992,-1.043886,0.096413,0.489412,-0.759620,-0.078221,0.071186,3
-0.011820,-0.071944,0.004218,0.258979,-0.283948,0.050310,-0.046522,0.035716,0.009897,0.315438,-0.320489,-0.030155,0.274909,-0.003440,-0.057454,-0.352444,1.542050,1.066572,0.021739,-0.432211,-0.063085,0.011589,-1.862157,-1.043838,0.093561,0.488225,-0.759632,-0.078257,0.071162,3
-0.011812,-0.071944,0.004232,0.258996,-0.283923,0.050267,-0.046539,0.035708,0.009870,0.315523,-0.320493,-0.030162,0.273637,-0.003333,-0.057453,-0.352432,1.539018,1.066584,0.018444,-0.432175,-0.063085,0.011613,-1.857052,-1.043766,0.090517,0.485805,-0.759632,-0.078245,0.071126,3
-0.011812,-0.071944,0.004192,0.258987,-0.283919,0.050245,-0.046539,0.035708,0.009856,0.315557,-0.320489,-0.030155,0.272699,-0.003242,-0.057443,-0.352444,1.537244,1.066596,0.016718,-0.432115,-0.063085,0.011625,-1.854331,-1.043682,0.088551,0.484474,-0.759632,-0.078233,0.071078,3
-0.011812,-0.071935,0.004205,0.258979,-0.283918,0.050231,-0.046548,0.035716,0.009843,0.315582,-0.320481,-0.030169,0.271722,-0.003181,-0.057443,-0.352444,1.535350,1.066596,0.015172,-0.432091,-0.063085,0.011661,-1.851815,-1.043586,0.086706,0.483120,-0.759620,-0.078233,0.071090,3
-0.011820,-0.071927,0.004205,0.258979,-0.283906,0.050224,-0.046531,0.035699,0.009843,0.315600,-0.320489,-0.030155,0.270530,-0.003135,-0.057463,-0.352444,1.533014,1.066608,0.013842,-0.432067,-0.063085,0.011757,-1.849166,-1.043455,0.084728,0.481658,-0.759632,-0.078257,0.071054,3
-0.011803,-0.071935,0.004218,0.258962,-0.283902,0.050231,-0.046582,0.035708,0.009843,0.315591,-0.320489,-0.030155,0.268775,-0.003097,-0.057488,-0.352408,1.530557,1.066632,0.012595,-0.432055,-0.063097,0.011864,-1.846350,-1.043323,0.082559,0.480136,-0.759632,-0.078257,0.071019,3
-0.011812,-0.071935,0.004178,0.258987,-0.283877,0.050202,-0.046599,0.035716,0.009843,0.315600,-0.320493,-0.030162,0.267570,-0.003036,-0.057478,-0.352408,1.528016,1.066680,0.011085,-0.432019,-0.063121,0.011864,-1.841113,-1.043179,0.080354,0.478518,-0.759620,-0.078245,0.071019,3
-0.011820,-0.071944,0.004205,0.258987,-0.283876,0.050188,-0.046599,0.035708,0.009843,0.315565,-0.320481,-0.030169,0.266499,-0.002991,-0.057468,-0.352468,1.524217,1.066704,0.009456,-0.431971,-0.063169,0.011840,-1.837733,-1.043095,0.078389,0.477128,-0.759608,-0.078281,0.071031,3
-0.011829,-0.071944,0.004165,0.258987,-0.283876,0.050173,-0.046607,0.035716,0.009816,0.315557,-0.320489,-0.030155,0.265655,-0.002937,-0.057453,-0.352552,1.521916,1.066704,0.007694,-0.431947,-0.063253,0.011840,-1.834449,-1.043095,0.075357,0.475798,-0.759596,-0.078281,0.071054,3
-0.011829,-0.071935,0.004165,0.258979,-0.283868,0.050188,-0.046590,0.035708,0.009776,0.315540,-0.320489,-0.030155,0.265026,-0.002884,-0.057438,-0.352672,1.519771,1.066680,0.005285,-0.431911,-0.063337,0.011852,-1.830986,-1.043059,0.073260,0.473904,-0.759620,-0.078317,0.071066,3
-0.011829,-0.071935,0.004138,0.258979,-0.283864,0.050180,-0.046599,0.035708,0.009749,0.315574,-0.320481,-0.030169,0.264610,-0.002785,-0.057383,-0.352696,1.516859,1.066728,0.002984,-0.431828,-0.063397,0.011852,-1.825305,-1.042963,0.069664,0.471639,-0.759620,-0.078449,0.071078,3
-0.011829,-0.071944,0.004111,0.258987,-0.283860,0.050188,-0.046616,0.035725,0.009736,0.315574,-0.320481,-0.030169,0.264691,-0.002770,-0.057373,-0.352684,1.514558,1.066764,0.001366,-0.431744,-0.063385,0.011864,-1.821231,-1.042843,0.067603,0.469878,-0.759596,-0.078581,0.071066,3
-0.011829,-0.071944,0.004125,0.258979,-0.283851,0.050173,-0.046633,0.035708,0.009723,0.315565,-0.320481,-0.030169,0.265240,-0.002770,-0.057373,-0.352636,1.512089,1.066812,-0.000312,-0.431684,-0.063385,0.011900,-1.817707,-1.042735,0.065482,0.467996,-0.759608,-0.078700,0.071054,3
-0.011829,-0.071935,0.004138,0.258970,-0.283839,0.050151,-0.046642,0.035725,0.009736,0.315591,-0.320472,-0.030169,0.265762,-0.002785,-0.057383,-0.352552,1.509405,1.066884,-0.002025,-0.431612,-0.063409,0.011912,-1.814747,-1.042556,0.063229,0.466258,-0.759620,-0.078712,0.071066,3
-0.011829,-0.071927,0.004138,0.258996,-0.283838,0.050108,-0.046693,0.035716,0.009749,0.315582,-0.320489,-0.030184,0.266405,-0.002793,-0.057388,-0.352564,1.506756,1.066992,-0.003404,-0.431504,-0.063397,0.011864,-1.810361,-1.042412,0.061000,0.464736,-0.759620,-0.078676,0.071090,3
-0.011820,-0.071944,0.004165,0.258970,-0.283826,0.050086,-0.046693,0.035725,0.009749,0.315582,-0.320485,-0.030176,0.266713,-0.002732,-0.057368,-0.352672,1.502825,1.067063,-0.004698,-0.431384,-0.063397,0.011876,-1.807029,-1.042256,0.059022,0.463190,-0.759620,-0.078617,0.071114,3
-0.011829,-0.071944,0.004165,0.258953,-0.283813,0.050065,-0.046710,0.035708,0.009736,0.315582,-0.320489,-0.030184,0.266512,-0.002641,-0.057298,-0.352804,1.500416,1.067063,-0.005992,-0.431276,-0.063468,0.011828,-1.802643,-1.042232,0.057141,0.461501,-0.759596,-0.078569,0.071126,3
-0.011803,-0.071935,0.004218,0.258962,-0.283813,0.050079,-0.046718,0.035699,0.009776,0.315608,-0.320485,-0.030176,0.265896,-0.002534,-0.057218,-0.352983,1.498247,1.066932,-0.008065,-0.431156,-0.063708,0.011757,-1.798329,-1.042328,0.053893,0.458600,-0.759608,-0.078473,0.071150,3
-0.011803,-0.071935,0.004232,0.258979,-0.283813,0.050079,-0.046710,0.035708,0.009763,0.315634,-0.320477,-0.030176,0.265468,-0.002473,-0.057168,-0.353055,1.497289,1.066836,-0.008904,-0.431085,-0.063888,0.011709,-1.796435,-1.042376,0.052551,0.457642,-0.759596,-0.078473,0.071126,3
-0.011812,-0.071927,0.004326,0.258944,-0.283813,0.050079,-0.046744,0.035708,0.009816,0.315702,-0.320481,-0.030169,0.264075,-0.002344,-0.057024,-0.353379,1.492866,1.066524,-0.011433,-0.430941,-0.064643,0.011637,-1.788825,-1.042616,0.048716,0.455185,-0.759620,-0.078413,0.071114,3
-0.011795,-0.071935,0.004366,0.258979,-0.283809,0.050086,-0.046795,0.035708,0.009883,0.315787,-0.320489,-0.030184,0.263566,-0.002359,-0.057014,-0.353331,1.490505,1.066332,-0.013386,-0.430893,-0.065146,0.011673,-1.785086,-1.042556,0.045420,0.452644,-0.759620,-0.078617,0.071078,3
-0.011795,-0.071935,0.004460,0.258987,-0.283813,0.050079,-0.046846,0.035708,0.009923,0.315830,-0.320485,-0.030176,0.263258,-0.002367,-0.057029,-0.352899,1.487953,1.066416,-0.014513,-0.430821,-0.065434,0.011673,-1.779358,-1.042436,0.043071,0.450871,-0.759620,-0.078940,0.071066,3
-0.011812,-0.071927,0.004460,0.258987,-0.283813,0.050065,-0.046897,0.035725,0.009923,0.315864,-0.320477,-0.030205,0.263084,-0.002374,-0.057044,-0.352588,1.485424,1.066596,-0.015759,-0.430737,-0.065745,0.011613,-1.776062,-1.042220,0.040830,0.448689,-0.759584,-0.079228,0.071066,3
-0.011795,-0.071935,0.004433,0.258979,-0.283809,0.050072,-0.046923,0.035725,0.009937,0.315872,-0.320477,-0.030205,0.262829,-0.002344,-0.057044,-0.352444,1.481661,1.066788,-0.017113,-0.430701,-0.066033,0.011541,-1.772934,-1.042088,0.038817,0.446712,-0.759572,-0.079443,0.071078,3
-0.011803,-0.071935,0.004473,0.258979,-0.283813,0.050079,-0.046940,0.035725,0.009977,0.315855,-0.320464,-0.030198,0.262588,-0.002321,-0.057029,-0.352492,1.479360,1.066812,-0.018707,-0.430641,-0.066512,0.011433,-1.770094,-1.042148,0.035701,0.444771,-0.759572,-0.079563,0.071102,3
-0.011795,-0.071944,0.004473,0.258987,-0.283817,0.050072,-0.046940,0.035708,0.010004,0.315864,-0.320456,-0.030213,0.262267,-0.002237,-0.056974,-0.352660,1.477083,1.066728,-0.021188,-0.430557,-0.067100,0.011325,-1.766930,-1.042232,0.033640,0.441751,-0.759572,-0.079623,0.071126,3
-0.011812,-0.071944,0.004540,0.258987,-0.283813,0.050079,-0.046957,0.035708,0.010071,0.315847,-0.320440,-0.030198,0.261919,-0.002131,-0.056884,-0.352792,1.474566,1.066644,-0.022818,-0.430509,-0.067663,0.011253,-1.762616,-1.042256,0.031303,0.439342,-0.759560,-0.079611,0.071138,3
-0.011820,-0.071935,0.004593,0.258979,-0.283817,0.050072,-0.046948,0.035708,0.010178,0.315847,-0.320435,-0.030220,0.261571,-0.002024,-0.056795,-0.352780,1.471918,1.066608,-0.024172,-0.430425,-0.068154,0.011145,-1.758170,-1.042280,0.028822,0.437017,-0.759536,-0.079587,0.071150,3
-0.011820,-0.071944,0.004634,0.258996,-0.283817,0.050072,-0.046948,0.035708,0.010312,0.315855,-0.320448,-0.030227,0.261249,-0.001948,-0.056755,-0.352756,1.469473,1.066608,-0.025143,-0.430342,-0.068586,0.011061,-1.753796,-1.042364,0.026389,0.435063,-0.759548,-0.079539,0.071114,3
-0.011829,-0.071944,0.004701,0.258970,-0.283813,0.050079,-0.046957,0.035691,0.010379,0.315889,-0.320452,-0.030234,0.260780,-0.001925,-0.056740,-0.352720,1.466837,1.066608,-0.025934,-0.430282,-0.068801,0.010966,-1.749697,-1.042544,0.023705,0.433062,-0.759548,-0.079503,0.071066,3
-0.011803,-0.071927,0.004768,0.258987,-0.283805,0.050094,-0.046974,0.035725,0.010486,0.315838,-0.320431,-0.030242,0.260352,-0.001956,-0.056770,-0.352756,1.462870,1.066608,-0.027552,-0.430150,-0.069413,0.010894,-1.741643,-1.042711,0.019930,0.429646,-0.759536,-0.079647,0.071066,3
-0.011820,-0.071935,0.004794,0.258970,-0.283809,0.050072,-0.046974,0.035699,0.010499,0.315813,-0.320436,-0.030278,0.260004,-0.001979,-0.056785,-0.352756,1.459215,1.066608,-0.029062,-0.430018,-0.070048,0.010846,-1.737809,-1.042652,0.017749,0.427334,-0.759536,-0.079779,0.071042,3
-0.011820,-0.071944,0.004821,0.258979,-0.283821,0.050065,-0.046974,0.035708,0.010513,0.315770,-0.320419,-0.030293,0.259602,-0.001933,-0.056775,-0.352732,1.456998,1.066704,-0.030632,-0.429934,-0.070647,0.010810,-1.734010,-1.042580,0.014597,0.425068,-0.759512,-0.079863,0.070995,3
-0.011820,-0.071944,0.004821,0.258996,-0.283813,0.050079,-0.046982,0.035708,0.010499,0.315719,-0.320407,-0.030314,0.259187,-0.001918,-0.056745,-0.352756,1.454409,1.066764,-0.032933,-0.429814,-0.071102,0.010762,-1.730726,-1.042592,0.011972,0.421473,-0.759512,-0.079839,0.070923,3
-0.011820,-0.071944,0.004808,0.258987,-0.283825,0.050072,-0.046957,0.035708,0.010526,0.315685,-0.320403,-0.030322,0.258691,-0.001895,-0.056720,-0.352780,1.451940,1.066788,-0.034215,-0.429706,-0.071462,0.010762,-1.727538,-1.042711,0.009384,0.418717,-0.759536,-0.079767,0.070803,3
-0.011812,-0.071927,0.004821,0.258979,-0.283805,0.050094,-0.046965,0.035708,0.010526,0.315668,-0.320403,-0.030322,0.258209,-0.001902,-0.056715,-0.352792,1.449412,1.066812,-0.035353,-0.429658,-0.071750,0.010762,-1.724362,-1.042795,0.006831,0.416128,-0.759536,-0.079695,0.070647,3
-0.011820,-0.071935,0.004781,0.258987,-0.283805,0.050094,-0.046965,0.035716,0.010526,0.315651,-0.320407,-0.030329,0.257754,-0.001925,-0.056720,-0.352792,1.446823,1.066812,-0.036420,-0.429563,-0.072193,0.010774,-1.720839,-1.042795,0.004111,0.413719,-0.759572,-0.079767,0.070503,3
-0.011820,-0.071927,0.004754,0.258979,-0.283805,0.050094,-0.046965,0.035716,0.010526,0.315642,-0.320403,-0.030322,0.256990,-0.001918,-0.056725,-0.352744,1.444031,1.066836,-0.037451,-0.429467,-0.072481,0.010798,-1.716573,-1.042711,0.001438,0.411251,-0.759548,-0.079947,0.070335,3
-0.011812,-0.071927,0.004701,0.258979,-0.283817,0.050086,-0.046948,0.035725,0.010499,0.315617,-0.320399,-0.030329,0.256294,-0.001902,-0.056735,-0.352768,1.438973,1.066920,-0.039057,-0.429311,-0.072912,0.010810,-1.707213,-1.042652,-0.002277,0.407464,-0.759536,-0.080186,0.070240,3
-0.011829,-0.071927,0.004620,0.259004,-0.283813,0.050094,-0.046940,0.035725,0.010486,0.315608,-0.320399,-0.030329,0.255758,-0.001925,-0.056730,-0.352804,1.436421,1.066992,-0.040339,-0.429167,-0.073224,0.010810,-1.702515,-1.042688,-0.004914,0.405031,-0.759512,-0.080246,0.070132,3
-0.011829,-0.071927,0.004526,0.258987,-0.283813,0.050079,-0.046940,0.035708,0.010419,0.315617,-0.320394,-0.030336,0.255316,-0.001940,-0.056740,-0.352828,1.433844,1.067016,-0.041753,-0.429035,-0.073607,0.010810,-1.698644,-1.042723,-0.009492,0.402346,-0.759548,-0.080198,0.069952,3
-0.011820,-0.071944,0.004460,0.258996,-0.283809,0.050086,-0.046931,0.035708,0.010379,0.315625,-0.320403,-0.030322,0.254821,-0.001940,-0.056740,-0.352840,1.431267,1.066968,-0.043431,-0.428879,-0.074098,0.010822,-1.694270,-1.042711,-0.012368,0.397900,-0.759572,-0.080067,0.069760,3
-0.011812,-0.071935,0.004419,0.258970,-0.283813,0.050079,-0.046931,0.035716,0.010352,0.315625,-0.320386,-0.030336,0.254325,-0.001948,-0.056735,-0.352852,1.428667,1.066992,-0.044390,-0.428676,-0.074698,0.010822,-1.690363,-1.042640,-0.015735,0.395108,-0.759560,-0.079935,0.069640,3
-0.011803,-0.071927,0.004393,0.259004,-0.283805,0.050094,-0.046931,0.035708,0.010339,0.315634,-0.320386,-0.030307,0.253857,-0.001956,-0.056750,-0.352804,1.426078,1.067003,-0.045396,-0.428352,-0.075788,0.010810,-1.686504,-1.042556,-0.018863,0.392495,-0.759536,-0.079875,0.069580,3
-0.011803,-0.071935,0.004352,0.258987,-0.283809,0.050101,-0.046931,0.035699,0.010352,0.315625,-0.320394,-0.030336,0.253442,-0.001971,-0.056760,-0.352804,1.423633,1.066968,-0.046379,-0.428136,-0.076723,0.010822,-1.682382,-1.042436,-0.021596,0.389667,-0.759536,-0.080007,0.069616,3
-0.011820,-0.071927,0.004339,0.258987,-0.283813,0.050079,-0.046931,0.035708,0.010325,0.315651,-0.320395,-0.030351,0.252785,-0.001979,-0.056775,-0.352804,1.421165,1.066944,-0.047362,-0.427849,-0.077921,0.010894,-1.678654,-1.042292,-0.024016,0.386815,-0.759488,-0.080139,0.069700,3
-0.011820,-0.071927,0.004285,0.258987,-0.283817,0.050086,-0.046897,0.035716,0.010258,0.315685,-0.320399,-0.030344,0.252317,-0.001986,-0.056770,-0.352792,1.418744,1.066896,-0.048248,-0.427585,-0.079204,0.011037,-1.671907,-1.042148,-0.026797,0.384070,-0.759476,-0.080294,0.069820,3
-0.011820,-0.071935,0.004245,0.258987,-0.283817,0.050072,-0.046880,0.035716,0.010205,0.315702,-0.320395,-0.030351,0.251808,-0.001963,-0.056755,-0.352756,1.416251,1.066872,-0.049111,-0.427310,-0.080510,0.011193,-1.667102,-1.042016,-0.029781,0.380763,-0.759476,-0.080294,0.069880,3
-0.011820,-0.071944,0.004165,0.258979,-0.283817,0.050072,-0.046863,0.035708,0.010124,0.315727,-0.320390,-0.030329,0.251299,-0.001948,-0.056755,-0.352732,1.412404,1.066860,-0.049878,-0.426986,-0.081696,0.011301,-1.662404,-1.041885,-0.033064,0.377527,-0.759500,-0.080210,0.069940,3
-0.011820,-0.071935,0.004058,0.258962,-0.283830,0.050079,-0.046846,0.035716,0.010031,0.315744,-0.320386,-0.030336,0.250549,-0.001963,-0.056765,-0.352708,1.408485,1.066800,-0.050825,-0.426531,-0.083422,0.011337,-1.656448,-1.041837,-0.040255,0.373213,-0.759488,-0.079923,0.069988,3
-0.011795,-0.071935,0.004018,0.258987,-0.283813,0.050094,-0.046838,0.035708,0.010004,0.315744,-0.320386,-0.030336,0.250000,-0.001986,-0.056770,-0.352684,1.406149,1.066728,-0.051916,-0.426003,-0.084705,0.011325,-1.652493,-1.041753,-0.043407,0.368659,-0.759536,-0.079815,0.070012,3
-0.011803,-0.071944,0.003991,0.258987,-0.283809,0.050101,-0.046838,0.035708,0.010004,0.315727,-0.320386,-0.030336,0.249451,-0.002009,-0.056795,-0.352636,1.403812,1.066656,-0.052802,-0.425584,-0.086754,0.011253,-1.648322,-1.041657,-0.046295,0.365926,-0.759524,-0.079887,0.070000,3
-0.011795,-0.071927,0.003951,0.258996,-0.283813,0.050079,-0.046821,0.035716,0.010017,0.315727,-0.320399,-0.030344,0.248781,-0.002024,-0.056795,-0.352588,1.401403,1.066680,-0.053677,-0.425068,-0.088168,0.011157,-1.643768,-1.041585,-0.049303,0.362858,-0.759524,-0.080139,0.069988,3
-0.011803,-0.071935,0.003964,0.258987,-0.283821,0.050094,-0.046812,0.035708,0.010004,0.315736,-0.320386,-0.030336,0.247723,-0.002024,-0.056795,-0.352504,1.398886,1.066704,-0.054396,-0.424457,-0.089438,0.011025,-1.639406,-1.041465,-0.052083,0.359311,-0.759500,-0.080306,0.069964,3
-0.011812,-0.071935,0.003964,0.258996,-0.283817,0.050086,-0.046786,0.035708,0.009977,0.315702,-0.320378,-0.030336,0.246813,-0.002039,-0.056795,-0.352312,1.396178,1.066704,-0.055008,-0.423702,-0.090541,0.010942,-1.633210,-1.041357,-0.055583,0.356123,-0.759488,-0.080390,0.069940,3
-0.011812,-0.071944,0.003964,0.258987,-0.283821,0.050094,-0.046744,0.035708,0.009937,0.315702,-0.320395,-0.030351,0.245835,-0.002032,-0.056800,-0.352264,1.392295,1.066704,-0.055619,-0.422839,-0.091571,0.010882,-1.628369,-1.041154,-0.059130,0.352947,-0.759500,-0.080366,0.069928,3
-0.011812,-0.071935,0.003951,0.258979,-0.283817,0.050072,-0.046735,0.035716,0.009856,0.315710,-0.320395,-0.030351,0.244603,-0.002032,-0.056810,-0.352348,1.389634,1.066680,-0.056410,-0.421941,-0.092614,0.010858,-1.623503,-1.040998,-0.064271,0.349640,-0.759500,-0.080246,0.069892,3
-0.011812,-0.071927,0.003964,0.258987,-0.283817,0.050086,-0.046744,0.035708,0.009803,0.315727,-0.320395,-0.030365,0.243304,-0.002077,-0.056830,-0.352432,1.386926,1.066644,-0.058064,-0.421018,-0.093561,0.010834,-1.619225,-1.040830,-0.067627,0.345122,-0.759524,-0.080139,0.069928,3
-0.011812,-0.071935,0.003951,0.258979,-0.283821,0.050079,-0.046735,0.035725,0.009763,0.315727,-0.320395,-0.030351,0.241777,-0.002108,-0.056839,-0.352480,1.384421,1.066572,-0.059310,-0.419700,-0.094436,0.010798,-1.615318,-1.040650,-0.070803,0.341838,-0.759524,-0.080103,0.069928,3
-0.011795,-0.071927,0.003951,0.258979,-0.283813,0.050079,-0.046718,0.035708,0.009723,0.315702,-0.320386,-0.030336,0.239407,-0.002169,-0.056859,-0.352420,1.380886,1.066596,-0.061132,-0.418190,-0.095934,0.010798,-1.608834,-1.040363,-0.076028,0.336745,-0.759488,-0.080306,0.069988,3
-0.011803,-0.071935,0.003937,0.258962,-0.283817,0.050086,-0.046710,0.035699,0.009723,0.315668,-0.320382,-0.030329,0.237813,-0.002199,-0.056879,-0.352324,1.378321,1.066620,-0.062258,-0.417063,-0.096569,0.010822,-1.603921,-1.040183,-0.079515,0.333569,-0.759476,-0.080474,0.070024,3
-0.011795,-0.071935,0.003937,0.258987,-0.283813,0.050079,-0.046701,0.035699,0.009696,0.315642,-0.320386,-0.030336,0.237264,-0.002192,-0.056874,-0.352192,1.375457,1.066764,-0.063229,-0.415577,-0.097240,0.010822,-1.599391,-1.040051,-0.082787,0.329902,-0.759500,-0.080630,0.070000,3
-0.011803,-0.071927,0.003951,0.258987,-0.283813,0.050079,-0.046667,0.035708,0.009696,0.315600,-0.320395,-0.030351,0.237037,-0.002192,-0.056874,-0.352025,1.372868,1.066956,-0.063984,-0.413755,-0.097851,0.010822,-1.592895,-1.039955,-0.086334,0.326426,-0.759524,-0.080702,0.070012,3
-0.011795,-0.071927,0.003910,0.258970,-0.283813,0.050079,-0.046642,0.035708,0.009696,0.315565,-0.320395,-0.030351,0.236889,-0.002230,-0.056899,-0.352025,1.368554,1.067183,-0.064643,-0.411850,-0.098462,0.010834,-1.588221,-1.039895,-0.089738,0.322915,-0.759536,-0.080654,0.069988,3
-0.011812,-0.071935,0.003951,0.258979,-0.283817,0.050086,-0.046633,0.035708,0.009696,0.315540,-0.320386,-0.030336,0.236836,-0.002245,-0.056929,-0.352168,1.365893,1.067339,-0.065422,-0.410064,-0.099157,0.010834,-1.583380,-1.039919,-0.095311,0.319452,-0.759500,-0.080534,0.069988,3
-0.011803,-0.071927,0.003924,0.258987,-0.283817,0.050072,-0.046633,0.035725,0.009696,0.315531,-0.320386,-0.030336,0.236849,-0.002298,-0.056944,-0.352408,1.363509,1.067303,-0.067040,-0.408530,-0.100008,0.010834,-1.579341,-1.039979,-0.099050,0.314226,-0.759512,-0.080462,0.069952,3
-0.011803,-0.071935,0.003937,0.258979,-0.283813,0.050079,-0.046624,0.035716,0.009709,0.315523,-0.320378,-0.030351,0.236903,-0.002298,-0.056964,-0.352600,1.361172,1.067231,-0.068226,-0.406984,-0.100943,0.010822,-1.575123,-1.040027,-0.102465,0.310667,-0.759464,-0.080462,0.069952,3
-0.011786,-0.071935,0.003910,0.258962,-0.283817,0.050072,-0.046624,0.035733,0.009723,0.315548,-0.320386,-0.030336,0.236996,-0.002306,-0.056949,-0.352744,1.358739,1.067219,-0.069329,-0.404839,-0.102118,0.010834,-1.571324,-1.040051,-0.106072,0.307084,-0.759488,-0.080534,0.069952,3
-0.011786,-0.071918,0.003924,0.258970,-0.283813,0.050079,-0.046624,0.035716,0.009723,0.315557,-0.320386,-0.030336,0.237211,-0.002275,-0.056949,-0.352768,1.354365,1.067327,-0.070839,-0.402466,-0.103028,0.010822,-1.564349,-1.040039,-0.110962,0.301691,-0.759488,-0.080630,0.069964,3
-0.011803,-0.071935,0.003897,0.258970,-0.283804,0.050065,-0.046659,0.035708,0.009709,0.315565,-0.320395,-0.030351,0.237452,-0.002283,-0.056954,-0.352756,1.351309,1.067399,-0.071654,-0.400824,-0.103592,0.010798,-1.559543,-1.039871,-0.114437,0.298467,-0.759488,-0.080666,0.069976,3
-0.011803,-0.071927,0.003924,0.258979,-0.283809,0.050072,-0.046693,0.035725,0.009696,0.315600,-0.320390,-0.030358,0.237572,-0.002275,-0.056949,-0.352780,1.348001,1.067459,-0.072397,-0.399242,-0.104119,0.010798,-1.552437,-1.039524,-0.118093,0.294920,-0.759476,-0.080618,0.069988,3
-0.011795,-0.071927,0.003937,0.258979,-0.283804,0.050065,-0.046710,0.035708,0.009696,0.315617,-0.320386,-0.030351,0.237599,-0.002291,-0.056959,-0.352840,1.343483,1.067555,-0.073116,-0.397649,-0.104550,0.010810,-1.547775,-1.038769,-0.121724,0.291169,-0.759464,-0.080570,0.069976,3
-0.011795,-0.071927,0.003937,0.259013,-0.283796,0.050079,-0.046752,0.035708,0.009709,0.315608,-0.320382,-0.030358,0.237492,-0.002298,-0.056964,-0.352888,1.340906,1.067591,-0.074182,-0.395599,-0.105066,0.010786,-1.543005,-1.038277,-0.127404,0.287478,-0.759476,-0.080546,0.069964,3
-0.011786,-0.071935,0.003964,0.258987,-0.283804,0.050065,-0.046769,0.035708,0.009709,0.315608,-0.320382,-0.030344,0.237224,-0.002313,-0.056954,-0.352983,1.338546,1.067531,-0.076184,-0.393178,-0.105629,0.010798,-1.538451,-1.037954,-0.130664,0.281869,-0.759464,-0.080486,0.069952,3
-0.011803,-0.071927,0.003951,0.258987,-0.283809,0.050072,-0.046752,0.035725,0.009709,0.315634,-0.320399,-0.030373,0.236862,-0.002313,-0.056954,-0.353031,1.336137,1.067435,-0.077538,-0.389655,-0.106228,0.010822,-1.534412,-1.037762,-0.134163,0.278418,-0.759440,-0.080414,0.069952,3
-0.011803,-0.071927,0.003991,0.258987,-0.283796,0.050050,-0.046744,0.035691,0.009709,0.315617,-0.320395,-0.030380,0.236501,-0.002298,-0.056944,-0.353067,1.333500,1.067303,-0.078940,-0.387426,-0.106815,0.010810,-1.530314,-1.037618,-0.137411,0.275206,-0.759452,-0.080462,0.069964,3
-0.011803,-0.071935,0.003951,0.258979,-0.283804,0.050050,-0.046735,0.035699,0.009696,0.315634,-0.320390,-0.030358,0.236126,-0.002291,-0.056939,-0.353127,1.330336,1.067279,-0.080342,-0.385281,-0.107127,0.010810,-1.526263,-1.037367,-0.140527,0.271311,-0.759452,-0.080582,0.069952,3
-0.011820,-0.071927,0.003951,0.258979,-0.283788,0.050065,-0.046744,0.035716,0.009709,0.315617,-0.320374,-0.030329,0.235831,-0.002268,-0.056944,-0.353139,1.327101,1.067351,-0.081517,-0.383004,-0.107451,0.010810,-1.521949,-1.036995,-0.143715,0.267560,-0.759428,-0.080738,0.069940,3
-0.011803,-0.071927,0.003924,0.258987,-0.283788,0.050065,-0.046769,0.035716,0.009709,0.315617,-0.320370,-0.030336,0.235322,-0.002237,-0.056924,-0.353103,1.322559,1.067507,-0.082871,-0.380056,-0.107846,0.010810,-1.512182,-1.036588,-0.148856,0.261700,-0.759428,-0.080678,0.069700,3
-0.011795,-0.071927,0.003910,0.258987,-0.283800,0.050057,-0.046786,0.035708,0.009709,0.315582,-0.320370,-0.030336,0.235122,-0.002230,-0.056919,-0.353103,1.319862,1.067543,-0.083722,-0.378222,-0.108038,0.010822,-1.507220,-1.036480,-0.152535,0.258176,-0.759440,-0.080486,0.069485,3
-0.011803,-0.071927,0.003951,0.258987,-0.283800,0.050057,-0.046795,0.035708,0.009709,0.315565,-0.320382,-0.030329,0.234934,-0.002260,-0.056939,-0.353079,1.316039,1.067531,-0.084848,-0.376209,-0.108373,0.010834,-1.502630,-1.036324,-0.156035,0.255000,-0.759428,-0.080246,0.069257,3
-0.011803,-0.071935,0.003964,0.258979,-0.283800,0.050057,-0.046829,0.035708,0.009709,0.315548,-0.320386,-0.030336,0.234747,-0.002275,-0.056949,-0.353091,1.313319,1.067411,-0.086310,-0.374028,-0.108901,0.010834,-1.497968,-1.036144,-0.160768,0.251369,-0.759428,-0.080067,0.069041,3
-0.011812,-0.071935,0.004058,0.258970,-0.283800,0.050057,-0.046846,0.035708,0.009723,0.315480,-0.320378,-0.030351,0.234586,-0.002275,-0.056959,-0.353079,1.310167,1.067375,-0.088527,-0.371799,-0.109464,0.010834,-1.493450,-1.036012,-0.163944,0.245629,-0.759428,-0.080079,0.068849,3
-0.011812,-0.071910,0.004071,0.258996,-0.283804,0.050065,-0.046855,0.035716,0.009736,0.315455,-0.320395,-0.030351,0.234412,-0.002275,-0.056949,-0.353079,1.306919,1.067399,-0.089942,-0.369090,-0.109871,0.010858,-1.488980,-1.035904,-0.167204,0.241626,-0.759380,-0.080198,0.068682,3
-0.011820,-0.071927,0.004111,0.258979,-0.283792,0.050072,-0.046855,0.035708,0.009763,0.315429,-0.320386,-0.030322,0.234211,-0.002245,-0.056929,-0.353091,1.303827,1.067435,-0.091068,-0.367293,-0.110267,0.010894,-1.484690,-1.035856,-0.170236,0.237935,-0.759356,-0.080186,0.068634,3
-0.011803,-0.071927,0.004125,0.258987,-0.283801,0.050086,-0.046838,0.035725,0.009776,0.315403,-0.320382,-0.030329,0.234010,-0.002237,-0.056904,-0.353091,1.300951,1.067483,-0.091979,-0.365483,-0.110531,0.011049,-1.480315,-1.035833,-0.173651,0.234639,-0.759332,-0.080139,0.068598,3
-0.011812,-0.071927,0.004151,0.258987,-0.283817,0.050086,-0.046821,0.035716,0.009803,0.315395,-0.320386,-0.030351,0.233648,-0.002222,-0.056894,-0.353091,1.296888,1.067483,-0.093501,-0.362739,-0.110866,0.011373,-1.473113,-1.035761,-0.178217,0.229342,-0.759261,-0.080031,0.068598,3
-0.011812,-0.071944,0.004138,0.258996,-0.283830,0.050108,-0.046846,0.035725,0.009830,0.315395,-0.320378,-0.030351,0.233474,-0.002207,-0.056904,-0.353103,1.294156,1.067435,-0.094819,-0.361085,-0.111142,0.011481,-1.465467,-1.035773,-0.181357,0.225579,-0.759153,-0.080055,0.068526,3
-0.011812,-0.071910,0.004138,0.258996,-0.283830,0.050108,-0.046855,0.035716,0.009856,0.315386,-0.320378,-0.030351,0.233407,-0.002222,-0.056914,-0.353091,1.291220,1.067411,-0.095646,-0.360366,-0.111309,0.011529,-1.463358,-1.035785,-0.183023,0.223482,-0.759141,-0.080055,0.068442,3
-0.011812,-0.071935,0.004111,0.258970,-0.283838,0.050122,-0.046872,0.035708,0.009883,0.315421,-0.320386,-0.030336,0.233126,-0.002237,-0.056924,-0.353091,1.286330,1.067363,-0.098211,-0.358053,-0.111753,0.011673,-1.456898,-1.035833,-0.190094,0.217657,-0.759009,-0.080055,0.068202,3
-0.011829,-0.071935,0.004098,0.258987,-0.283834,0.050115,-0.046863,0.035716,0.009910,0.315421,-0.320386,-0.030336,0.232952,-0.002222,-0.056914,-0.353103,1.283346,1.067351,-0.100835,-0.356291,-0.111813,0.011769,-1.452620,-1.035845,-0.193869,0.212205,-0.758925,-0.080043,0.068082,3
-0.011812,-0.071918,0.004138,0.258970,-0.283838,0.050137,-0.046855,0.035725,0.009923,0.315421,-0.320386,-0.030336,0.232711,-0.002207,-0.056914,-0.353115,1.280734,1.067351,-0.102465,-0.353499,-0.111813,0.011828,-1.447862,-1.035869,-0.197176,0.208597,-0.758829,-0.080055,0.068022,3
-0.011820,-0.071935,0.004138,0.258987,-0.283847,0.050137,-0.046838,0.035733,0.009950,0.315421,-0.320378,-0.030351,0.232430,-0.002199,-0.056909,-0.353115,1.278001,1.067375,-0.103855,-0.351701,-0.111789,0.011912,-1.443476,-1.035833,-0.199957,0.204547,-0.758769,-0.080162,0.067975,3
-0.011812,-0.071944,0.004138,0.258979,-0.283855,0.050166,-0.046829,0.035725,0.009937,0.315412,-0.320378,-0.030336,0.232149,-0.002199,-0.056889,-0.353103,1.275473,1.067351,-0.105018,-0.350059,-0.111741,0.012068,-1.439186,-1.035809,-0.202749,0.200448,-0.758709,-0.080486,0.067975,3
-0.011812,-0.071927,0.004138,0.258970,-0.283864,0.050166,-0.046812,0.035699,0.009937,0.315429,-0.320378,-0.030336,0.231680,-0.002184,-0.056899,-0.353103,1.272656,1.067351,-0.106204,-0.348393,-0.111741,0.012164,-1.434596,-1.035833,-0.205937,0.196505,-0.758685,-0.080582,0.067998,3
-0.011820,-0.071927,0.004125,0.258970,-0.283872,0.050166,-0.046812,0.035725,0.009937,0.315395,-0.320386,-0.030336,0.231358,-0.002176,-0.056894,-0.353079,1.269492,1.067363,-0.107522,-0.346800,-0.111717,0.012260,-1.427141,-1.035845,-0.209257,0.192706,-0.758673,-0.080534,0.068034,3
-0.011812,-0.071935,0.004138,0.258987,-0.283872,0.050166,-0.046795,0.035716,0.009977,0.315412,-0.320378,-0.030351,0.231077,-0.002184,-0.056899,-0.353079,1.264783,1.067327,-0.108889,-0.345014,-0.111717,0.012320,-1.422863,-1.035892,-0.213223,0.189327,-0.758661,-0.080378,0.068070,3
-0.011812,-0.071935,0.004151,0.258987,-0.283872,0.050195,-0.046838,0.035708,0.009964,0.315386,-0.320374,-0.030344,0.230649,-0.002207,-0.056884,-0.353079,1.260588,1.067327,-0.110830,-0.342449,-0.111717,0.012440,-1.416487,-1.035964,-0.219791,0.183562,-0.758589,-0.080067,0.068142,3
-0.011803,-0.071935,0.004111,0.258979,-0.283876,0.050188,-0.046821,0.035699,0.009990,0.315386,-0.320374,-0.030344,0.230501,-0.002184,-0.056889,-0.353103,1.259294,1.067315,-0.111429,-0.341706,-0.111729,0.012452,-1.414246,-1.035952,-0.221241,0.181801,-0.758601,-0.079983,0.068142,3
-0.011795,-0.071927,0.004085,0.258979,-0.283872,0.050195,-0.046812,0.035725,0.009990,0.315403,-0.320378,-0.030336,0.230046,-0.002192,-0.056874,-0.353103,1.255399,1.067327,-0.113838,-0.339789,-0.111765,0.012428,-1.406648,-1.035869,-0.226178,0.174191,-0.758577,-0.080055,0.068178,3
-0.011786,-0.071935,0.004071,0.258970,-0.283893,0.050216,-0.046812,0.035716,0.009977,0.315421,-0.320374,-0.030344,0.229738,-0.002169,-0.056859,-0.353103,1.252858,1.067327,-0.115252,-0.338111,-0.111825,0.012392,-1.402118,-1.035880,-0.229450,0.170344,-0.758530,-0.080162,0.068190,3
-0.011803,-0.071927,0.004031,0.258970,-0.283893,0.050231,-0.046803,0.035708,0.009977,0.315395,-0.320382,-0.030344,0.229430,-0.002131,-0.056864,-0.353079,1.249982,1.067315,-0.116822,-0.336853,-0.111909,0.012356,-1.397876,-1.035916,-0.233465,0.166677,-0.758458,-0.080222,0.068166,3
-0.011786,-0.071918,0.004058,0.258962,-0.283910,0.050231,-0.046803,0.035716,0.009977,0.315421,-0.320378,-0.030351,0.228988,-0.002138,-0.056859,-0.353103,1.246878,1.067279,-0.118512,-0.335594,-0.111909,0.012320,-1.393610,-1.035869,-0.237204,0.162518,-0.758386,-0.080174,0.068142,3
-0.011803,-0.071927,0.004085,0.258987,-0.283902,0.050216,-0.046803,0.035716,0.009977,0.315421,-0.320386,-0.030351,0.228693,-0.002146,-0.056874,-0.353091,1.243702,1.067303,-0.120238,-0.334348,-0.111873,0.012284,-1.386419,-1.035869,-0.240499,0.158587,-0.758254,-0.080079,0.068118,3
-0.011786,-0.071927,0.004085,0.258970,-0.283906,0.050224,-0.046803,0.035725,0.009977,0.315421,-0.320382,-0.030344,0.228345,-0.002154,-0.056869,-0.353103,1.240670,1.067303,-0.121796,-0.333293,-0.111837,0.012284,-1.382249,-1.035856,-0.243855,0.154704,-0.758110,-0.080043,0.068130,3
-0.011795,-0.071918,0.004098,0.258953,-0.283910,0.050245,-0.046803,0.035708,0.009977,0.315421,-0.320378,-0.030336,0.227903,-0.002138,-0.056859,-0.353103,1.234894,1.067303,-0.123545,-0.331999,-0.111825,0.012236,-1.375981,-1.035856,-0.248757,0.149072,-0.757810,-0.080031,0.068118,3
-0.011795,-0.071918,0.004098,0.258944,-0.283927,0.050260,-0.046803,0.035716,0.009964,0.315412,-0.320386,-0.030336,0.227622,-0.002123,-0.056849,-0.353103,1.232221,1.067315,-0.124528,-0.331328,-0.111837,0.012224,-1.371571,-1.035833,-0.254209,0.145273,-0.757607,-0.080007,0.068130,3
-0.011803,-0.071944,0.004071,0.258919,-0.283927,0.050274,-0.046795,0.035716,0.009977,0.315421,-0.320390,-0.030329,0.227341,-0.002116,-0.056844,-0.353103,1.229693,1.067279,-0.126302,-0.330513,-0.111921,0.012164,-1.366609,-1.035737,-0.257733,0.139628,-0.757271,-0.080079,0.068130,3
-0.011803,-0.071935,0.004071,0.258910,-0.283952,0.050303,-0.046778,0.035708,0.009977,0.315412,-0.320378,-0.030351,0.227100,-0.002085,-0.056834,-0.353103,1.227140,1.067279,-0.127872,-0.330010,-0.112160,0.012092,-1.361959,-1.035617,-0.261004,0.135913,-0.757043,-0.080174,0.068154,3
-0.011812,-0.071944,0.004071,0.258902,-0.283944,0.050303,-0.046803,0.035716,0.009950,0.315412,-0.320374,-0.030358,0.226752,-0.002070,-0.056834,-0.353103,1.224552,1.067267,-0.129549,-0.329542,-0.112304,0.011936,-1.357501,-1.035545,-0.264396,0.131922,-0.756804,-0.080139,0.068154,3
-0.011812,-0.071927,0.004058,0.258876,-0.283940,0.050296,-0.046812,0.035708,0.009977,0.315403,-0.320374,-0.030358,0.226524,-0.002100,-0.056835,-0.353103,1.221867,1.067231,-0.131083,-0.329039,-0.112352,0.011876,-1.351197,-1.035557,-0.267692,0.128447,-0.756504,-0.080067,0.068142,3
-0.011820,-0.071944,0.004058,0.258825,-0.283948,0.050296,-0.046795,0.035716,0.009977,0.315395,-0.320378,-0.030351,0.226283,-0.002093,-0.056830,-0.353103,1.219051,1.067207,-0.132414,-0.328512,-0.112328,0.011864,-1.346691,-1.035473,-0.271419,0.124516,-0.756229,-0.079983,0.068154,3
-0.011812,-0.071944,0.004058,0.258800,-0.283948,0.050296,-0.046786,0.035733,0.009950,0.315403,-0.320382,-0.030344,0.226042,-0.002100,-0.056835,-0.353103,1.214868,1.067219,-0.133576,-0.327948,-0.112316,0.011864,-1.342605,-1.035269,-0.275230,0.120777,-0.755929,-0.079899,0.068130,3
-0.011803,-0.071935,0.004071,0.258757,-0.283948,0.050310,-0.046786,0.035708,0.009977,0.315395,-0.320382,-0.030344,0.225761,-0.002116,-0.056825,-0.353091,1.211752,1.067255,-0.134787,-0.327313,-0.112328,0.011912,-1.338686,-1.035161,-0.280371,0.117002,-0.755617,-0.079815,0.068130,3
-0.011812,-0.071944,0.004085,0.258697,-0.283940,0.050310,-0.046795,0.035725,0.009950,0.315403,-0.320386,-0.030365,0.225453,-0.002116,-0.056825,-0.353103,1.208864,1.067255,-0.137004,-0.326618,-0.112352,0.011936,-1.334683,-1.035018,-0.283715,0.111130,-0.755330,-0.079767,0.068118,3
-0.011803,-0.071944,0.004058,0.258672,-0.283944,0.050303,-0.046769,0.035708,0.009977,0.315403,-0.320382,-0.030358,0.225011,-0.002108,-0.056820,-0.353103,1.204802,1.067255,-0.139580,-0.324916,-0.112388,0.011996,-1.328331,-1.034742,-0.288245,0.105509,-0.754838,-0.079755,0.068130,3
-0.011795,-0.071944,0.004071,0.258655,-0.283957,0.050325,-0.046761,0.035725,0.009950,0.315395,-0.320374,-0.030344,0.224729,-0.002100,-0.056815,-0.353115,1.202081,1.067267,-0.141366,-0.323910,-0.112364,0.012044,-1.323574,-1.034478,-0.291996,0.101950,-0.754611,-0.079743,0.068130,3
-0.011803,-0.071944,0.004085,0.258646,-0.283961,0.050332,-0.046735,0.035708,0.009964,0.315395,-0.320362,-0.030351,0.224328,-0.002077,-0.056820,-0.353091,1.199337,1.067267,-0.142888,-0.322963,-0.112364,0.012128,-1.318732,-1.034215,-0.295519,0.098558,-0.754395,-0.079791,0.068106,3
-0.011795,-0.071944,0.004085,0.258680,-0.283957,0.050354,-0.046735,0.035708,0.009964,0.315352,-0.320374,-0.030344,0.224046,-0.002070,-0.056815,-0.353103,1.196628,1.067267,-0.144122,-0.322160,-0.112340,0.012200,-1.314070,-1.033975,-0.299270,0.094795,-0.754215,-0.079803,0.068094,3
-0.011795,-0.071935,0.004058,0.258680,-0.283961,0.050361,-0.046718,0.035708,0.009950,0.315378,-0.320361,-0.030322,0.223779,-0.002062,-0.056820,-0.353103,1.193848,1.067279,-0.145273,-0.321405,-0.112340,0.012260,-1.307587,-1.033723,-0.303105,0.091152,-0.754071,-0.079839,0.068094,3
-0.011795,-0.071944,0.004071,0.258697,-0.283961,0.050361,-0.046718,0.035725,0.009950,0.315369,-0.320378,-0.030351,0.223511,-0.002085,-0.056815,-0.353079,1.189905,1.067267,-0.146663,-0.320722,-0.112364,0.012308,-1.303237,-1.033220,-0.306497,0.087185,-0.753952,-0.079851,0.068082,3
-0.011786,-0.071952,0.004071,0.258706,-0.283969,0.050347,-0.046701,0.035725,0.009964,0.315378,-0.320382,-0.030358,0.223230,-0.002070,-0.056815,-0.353091,1.187448,1.067279,-0.148149,-0.320015,-0.112376,0.012344,-1.299174,-1.032812,-0.311877,0.083398,-0.753856,-0.079827,0.068070,3
-0.011795,-0.071944,0.004085,0.258723,-0.283974,0.050339,-0.046684,0.035716,0.009990,0.315344,-0.320378,-0.030351,0.222921,-0.002062,-0.056820,-0.353091,1.184932,1.067231,-0.150606,-0.319308,-0.112448,0.012344,-1.295327,-1.032393,-0.315317,0.078437,-0.753796,-0.079815,0.068082,3
-0.011795,-0.071944,0.004098,0.258731,-0.283965,0.050339,-0.046684,0.035708,0.009977,0.315276,-0.320382,-0.030358,0.222587,-0.002062,-0.056820,-0.353079,1.182271,1.067267,-0.152140,-0.318157,-0.112424,0.012392,-1.291480,-1.031950,-0.318828,0.074758,-0.753748,-0.079779,0.068082,3
-0.011778,-0.071927,0.004111,0.258740,-0.283969,0.050318,-0.046667,0.035716,0.009964,0.315156,-0.320374,-0.030358,0.222011,-0.002070,-0.056825,-0.353091,1.177633,1.067303,-0.154453,-0.316839,-0.112412,0.012440,-1.286231,-1.031159,-0.324425,0.069437,-0.753748,-0.079755,0.068094,3
-0.011795,-0.071927,0.004111,0.258766,-0.283974,0.050339,-0.046667,0.035725,0.009950,0.315046,-0.320374,-0.030358,0.221582,-0.002070,-0.056815,-0.353091,1.174553,1.067339,-0.156011,-0.315928,-0.112412,0.012476,-1.282025,-1.030535,-0.327924,0.065602,-0.753784,-0.079767,0.068106,3
-0.011786,-0.071935,0.004098,0.258766,-0.283978,0.050361,-0.046693,0.035708,0.009964,0.315011,-0.320378,-0.030351,0.220899,-0.002070,-0.056815,-0.353091,1.171330,1.067411,-0.157533,-0.315029,-0.112388,0.012547,-1.277806,-1.029852,-0.331783,0.062198,-0.753832,-0.079767,0.068154,3
-0.011812,-0.071927,0.004111,0.258774,-0.283986,0.050376,-0.046676,0.035708,0.009950,0.314926,-0.320386,-0.030365,0.220337,-0.002070,-0.056825,-0.353079,1.168525,1.067435,-0.159186,-0.314154,-0.112424,0.012547,-1.270903,-1.029205,-0.335486,0.059238,-0.753868,-0.079755,0.068154,3
-0.011795,-0.071918,0.004098,0.258783,-0.283987,0.050390,-0.046667,0.035708,0.009950,0.314884,-0.320386,-0.030365,0.219748,-0.002070,-0.056815,-0.353091,1.164702,1.067423,-0.160613,-0.313376,-0.112424,0.012559,-1.267236,-1.028199,-0.339142,0.056026,-0.753880,-0.079755,0.068142,3
-0.011786,-0.071910,0.004098,0.258774,-0.283982,0.050397,-0.046659,0.035708,0.009977,0.314841,-0.320390,-0.030387,0.219078,-0.002077,-0.056810,-0.353091,1.162569,1.067387,-0.161919,-0.312740,-0.112424,0.012524,-1.263880,-1.027503,-0.344774,0.052527,-0.753916,-0.079731,0.068142,3
-0.011803,-0.071927,0.004125,0.258783,-0.283995,0.050390,-0.046650,0.035708,0.009964,0.314807,-0.320386,-0.030365,0.218435,-0.002062,-0.056820,-0.353079,1.160304,1.067387,-0.163693,-0.312261,-0.112448,0.012524,-1.260609,-1.026677,-0.348549,0.047254,-0.753892,-0.079731,0.068142,3
-0.011795,-0.071918,0.004098,0.258774,-0.284012,0.050419,-0.046624,0.035725,0.009977,0.314773,-0.320378,-0.030351,0.217672,-0.002047,-0.056810,-0.353067,1.158063,1.067363,-0.165059,-0.311746,-0.112520,0.012476,-1.257349,-1.025850,-0.352132,0.043479,-0.753916,-0.079743,0.068142,3
-0.011795,-0.071927,0.004098,0.258774,-0.284020,0.050433,-0.046624,0.035708,0.009937,0.314739,-0.320386,-0.030351,0.216922,-0.002039,-0.056805,-0.353079,1.155558,1.067303,-0.166545,-0.311494,-0.112748,0.012404,-1.253981,-1.025047,-0.355380,0.040291,-0.753916,-0.079755,0.068130,3
-0.011795,-0.071927,0.004138,0.258774,-0.284024,0.050426,-0.046624,0.035708,0.009950,0.314730,-0.320386,-0.030336,0.215757,-0.002024,-0.056815,-0.353115,1.152730,1.067255,-0.168223,-0.311290,-0.112951,0.012260,-1.250626,-1.024148,-0.358688,0.037343,-0.753928,-0.079779,0.068142,3
-0.011778,-0.071935,0.004138,0.258766,-0.284025,0.050441,-0.046642,0.035716,0.009964,0.314739,-0.320390,-0.030358,0.214578,-0.002024,-0.056805,-0.353103,1.148500,1.067303,-0.170583,-0.310955,-0.113167,0.012116,-1.244070,-1.022530,-0.364141,0.032741,-0.753976,-0.079791,0.068214,3
-0.011795,-0.071935,0.004125,0.258766,-0.284025,0.050470,-0.046650,0.035716,0.009950,0.314747,-0.320395,-0.030351,0.213842,-0.002009,-0.056805,-0.353079,1.144904,1.067387,-0.171878,-0.310775,-0.113227,0.012020,-1.240631,-1.020589,-0.367928,0.029661,-0.754000,-0.079767,0.068322,3
-0.011786,-0.071935,0.004138,0.258740,-0.284025,0.050498,-0.046642,0.035708,0.009964,0.314773,-0.320390,-0.030344,0.213199,-0.002001,-0.056780,-0.353091,1.142795,1.067459,-0.173232,-0.310571,-0.113239,0.011924,-1.236772,-1.019198,-0.373392,0.026257,-0.754047,-0.079779,0.068538,3
-0.011786,-0.071927,0.004111,0.258731,-0.284042,0.050513,-0.046650,0.035708,0.009964,0.314773,-0.320386,-0.030351,0.212677,-0.002024,-0.056795,-0.353079,1.140578,1.067519,-0.175473,-0.310332,-0.113251,0.011828,-1.232745,-1.017772,-0.376724,0.022950,-0.754107,-0.079803,0.068813,3
-0.011786,-0.071935,0.004111,0.258723,-0.284058,0.050513,-0.046650,0.035699,0.009964,0.314815,-0.320395,-0.030351,0.212262,-0.002009,-0.056795,-0.353103,1.138325,1.067567,-0.177199,-0.309912,-0.113263,0.011733,-1.229282,-1.016442,-0.380188,0.018755,-0.754155,-0.079803,0.069101,3
-0.011786,-0.071927,0.004098,0.258706,-0.284063,0.050506,-0.046650,0.035699,0.009964,0.314798,-0.320382,-0.030344,0.211980,-0.002024,-0.056795,-0.353079,1.135641,1.067615,-0.179032,-0.309588,-0.113299,0.011601,-1.226274,-1.015280,-0.383675,0.015999,-0.754191,-0.079815,0.069353,3
-0.011795,-0.071927,0.004098,0.258689,-0.284067,0.050498,-0.046642,0.035725,0.009964,0.314798,-0.320395,-0.030351,0.211820,-0.002032,-0.056790,-0.353079,1.132920,1.067603,-0.180734,-0.309133,-0.113275,0.011505,-1.223721,-1.014393,-0.387150,0.013446,-0.754179,-0.079827,0.069556,3
-0.011812,-0.071935,0.004085,0.258680,-0.284071,0.050506,-0.046633,0.035733,0.009950,0.314798,-0.320395,-0.030351,0.211820,-0.002032,-0.056790,-0.353079,1.130356,1.067567,-0.182076,-0.308606,-0.113275,0.011337,-1.221540,-1.013494,-0.390842,0.010606,-0.754155,-0.079827,0.069784,3
-0.011812,-0.071935,0.004085,0.258672,-0.284084,0.050527,-0.046616,0.035725,0.009964,0.314798,-0.320399,-0.030344,0.211954,-0.002024,-0.056795,-0.353079,1.127863,1.067567,-0.183395,-0.307947,-0.113263,0.011229,-1.218975,-1.012295,-0.393910,0.007155,-0.754131,-0.079827,0.069868,3
-0.011803,-0.071927,0.004098,0.258646,-0.284084,0.050542,-0.046590,0.035716,0.009964,0.314824,-0.320411,-0.030322,0.212061,-0.002024,-0.056795,-0.353079,1.125622,1.067555,-0.184725,-0.307132,-0.113287,0.011145,-1.213858,-1.010690,-0.396870,0.003967,-0.754131,-0.079827,0.069928,3
-0.011795,-0.071935,0.004111,0.258629,-0.284109,0.050614,-0.046590,0.035716,0.009977,0.314824,-0.320403,-0.030336,0.211806,-0.001979,-0.056755,-0.353079,1.121403,1.067591,-0.187098,-0.305550,-0.113383,0.011037,-1.208765,-1.007094,-0.401831,-0.000575,-0.754131,-0.079803,0.069952,3
-0.011803,-0.071927,0.004178,0.258612,-0.284135,0.050658,-0.046607,0.035699,0.009977,0.314841,-0.320399,-0.030344,0.211378,-0.002001,-0.056760,-0.353079,1.118887,1.067591,-0.188740,-0.304339,-0.113443,0.010954,-1.205445,-1.005536,-0.407332,-0.003380,-0.754119,-0.079803,0.069916,3
-0.011795,-0.071935,0.004192,0.258561,-0.284147,0.050679,-0.046624,0.035708,0.009977,0.314875,-0.320407,-0.030329,0.210788,-0.002017,-0.056780,-0.353079,1.116154,1.067591,-0.191029,-0.303153,-0.113527,0.010894,-1.202449,-1.004074,-0.411203,-0.007203,-0.754131,-0.079791,0.069868,3
-0.011778,-0.071935,0.004245,0.258535,-0.284172,0.050679,-0.046650,0.035725,0.010017,0.314901,-0.320415,-0.030314,0.210132,-0.002039,-0.056805,-0.353091,1.113134,1.067591,-0.192503,-0.301355,-0.113551,0.010870,-1.199561,-1.002397,-0.414762,-0.009851,-0.754107,-0.079779,0.069760,3
-0.011786,-0.071918,0.004312,0.258433,-0.284193,0.050686,-0.046667,0.035708,0.010071,0.314918,-0.320419,-0.030307,0.209597,-0.002062,-0.056820,-0.353091,1.110270,1.067591,-0.193917,-0.300253,-0.113551,0.010846,-1.196337,-1.000755,-0.417842,-0.012679,-0.754095,-0.079803,0.069676,3
-0.011778,-0.071927,0.004339,0.258391,-0.284222,0.050679,-0.046642,0.035725,0.010111,0.314892,-0.320423,-0.030271,0.208954,-0.002039,-0.056815,-0.353103,1.107633,1.067591,-0.195475,-0.299090,-0.113551,0.010810,-1.192778,-0.999029,-0.421138,-0.015520,-0.754107,-0.079791,0.069580,3
-0.011778,-0.071927,0.004352,0.258322,-0.284252,0.050715,-0.046599,0.035742,0.010164,0.314867,-0.320431,-0.030256,0.208686,-0.002032,-0.056820,-0.353103,1.105285,1.067567,-0.197117,-0.297772,-0.113551,0.010786,-1.189686,-0.997471,-0.424302,-0.018276,-0.754107,-0.079779,0.069520,3
-0.011786,-0.071935,0.004339,0.258314,-0.284286,0.050773,-0.046539,0.035725,0.010178,0.314798,-0.320436,-0.030249,0.208472,-0.002032,-0.056820,-0.353091,1.103259,1.067579,-0.198758,-0.296430,-0.113563,0.010762,-1.185911,-0.996249,-0.427885,-0.021128,-0.754107,-0.079803,0.069461,3
-0.011778,-0.071935,0.004366,0.258314,-0.284316,0.050838,-0.046505,0.035725,0.010218,0.314730,-0.320436,-0.030264,0.208298,-0.002032,-0.056820,-0.353115,1.100407,1.067567,-0.200256,-0.295183,-0.113586,0.010714,-1.183466,-0.995110,-0.431636,-0.024088,-0.754119,-0.079827,0.069425,3
-0.011795,-0.071927,0.004366,0.258297,-0.284345,0.050874,-0.046463,0.035716,0.010272,0.314662,-0.320436,-0.030278,0.208110,-0.002062,-0.056839,-0.353103,1.098430,1.067543,-0.201527,-0.294141,-0.113670,0.010666,-1.181225,-0.994715,-0.436549,-0.026665,-0.754107,-0.079851,0.069413,3
-0.011778,-0.071944,0.004393,0.258280,-0.284395,0.050918,-0.046446,0.035716,0.010352,0.314585,-0.320448,-0.030256,0.207708,-0.002055,-0.056854,-0.353091,1.094535,1.067387,-0.204175,-0.292835,-0.114018,0.010606,-1.177139,-0.994619,-0.441571,-0.031914,-0.754131,-0.079875,0.069437,3
-0.011803,-0.071944,0.004433,0.258220,-0.284454,0.050889,-0.046428,0.035725,0.010446,0.314560,-0.320452,-0.030264,0.207387,-0.002032,-0.056839,-0.353091,1.091635,1.067279,-0.205637,-0.291852,-0.114449,0.010582,-1.173723,-0.994427,-0.444795,-0.034730,-0.754119,-0.079911,0.069449,3
-0.011778,-0.071935,0.004526,0.258195,-0.284524,0.050882,-0.046411,0.035725,0.010499,0.314543,-0.320456,-0.030242,0.206972,-0.002039,-0.056844,-0.353091,1.088878,1.067147,-0.207231,-0.291313,-0.115001,0.010570,-1.170451,-0.993241,-0.448701,-0.037355,-0.754071,-0.080007,0.069461,3
-0.011778,-0.071944,0.004567,0.258177,-0.284612,0.050932,-0.046394,0.035716,0.010539,0.314526,-0.320452,-0.030249,0.206463,-0.002001,-0.056839,-0.353127,1.086361,1.066968,-0.208669,-0.290857,-0.115899,0.010546,-1.167323,-0.991563,-0.452488,-0.039919,-0.754059,-0.080007,0.069461,3
-0.011778,-0.071927,0.004647,0.258177,-0.284704,0.050976,-0.046386,0.035725,0.010580,0.314543,-0.320456,-0.030242,0.206262,-0.002009,-0.056824,-0.353163,1.084120,1.066620,-0.209868,-0.290474,-0.116499,0.010510,-1.164208,-0.989873,-0.455856,-0.042712,-0.754095,-0.079947,0.069485,3
-0.011786,-0.071927,0.004647,0.258195,-0.284784,0.051055,-0.046420,0.035716,0.010593,0.314526,-0.320460,-0.030234,0.206101,-0.001994,-0.056864,-0.353247,1.082095,1.066236,-0.210922,-0.290150,-0.117170,0.010534,-1.159761,-0.988231,-0.459140,-0.045324,-0.754083,-0.079863,0.069473,3
-0.011803,-0.071935,0.004674,0.258203,-0.284851,0.051113,-0.046446,0.035725,0.010606,0.314543,-0.320468,-0.030220,0.205967,-0.001979,-0.056874,-0.353379,1.079243,1.065793,-0.211941,-0.289827,-0.117949,0.010498,-1.156993,-0.986278,-0.462028,-0.047613,-0.754143,-0.079791,0.069485,3
-0.011795,-0.071935,0.004701,0.258203,-0.284902,0.051186,-0.046454,0.035716,0.010606,0.314492,-0.320473,-0.030227,0.205793,-0.001941,-0.056879,-0.353487,1.077217,1.065254,-0.212972,-0.289479,-0.118955,0.010498,-1.154129,-0.985115,-0.465048,-0.050274,-0.754131,-0.079839,0.069485,3
-0.011778,-0.071927,0.004741,0.258203,-0.284961,0.051215,-0.046471,0.035733,0.010620,0.314449,-0.320489,-0.030213,0.205552,-0.001910,-0.056899,-0.353535,1.074952,1.064954,-0.214230,-0.289036,-0.120130,0.010522,-1.151229,-0.984013,-0.469961,-0.053006,-0.754119,-0.079995,0.069473,3
-0.011786,-0.071927,0.004781,0.258169,-0.285028,0.051258,-0.046505,0.035708,0.010633,0.314372,-0.320497,-0.030198,0.205043,-0.001902,-0.056924,-0.353571,1.071130,1.064511,-0.217154,-0.288245,-0.122107,0.010558,-1.147466,-0.982119,-0.474563,-0.058171,-0.754119,-0.080222,0.069449,3
-0.011795,-0.071935,0.004768,0.258143,-0.285061,0.051258,-0.046514,0.035716,0.010633,0.314364,-0.320505,-0.030183,0.204668,-0.001887,-0.056934,-0.353535,1.068709,1.064211,-0.218556,-0.287190,-0.123473,0.010594,-1.145236,-0.980729,-0.477631,-0.060724,-0.754131,-0.080282,0.069473,3
-0.011795,-0.071944,0.004741,0.258101,-0.285116,0.051309,-0.046497,0.035725,0.010620,0.314347,-0.320505,-0.030183,0.204267,-0.001872,-0.056924,-0.353463,1.066587,1.063804,-0.219839,-0.286339,-0.125667,0.010606,-1.143271,-0.979159,-0.480795,-0.063636,-0.754167,-0.080270,0.069461,3
-0.011795,-0.071927,0.004674,0.258101,-0.285178,0.051345,-0.046497,0.035733,0.010620,0.314321,-0.320518,-0.030205,0.203744,-0.001872,-0.056924,-0.353367,1.064682,1.063336,-0.220785,-0.285344,-0.127093,0.010594,-1.141785,-0.977637,-0.483731,-0.066069,-0.754179,-0.080246,0.069497,3
-0.011795,-0.071935,0.004634,0.258092,-0.285229,0.051388,-0.046505,0.035691,0.010620,0.314296,-0.320522,-0.030183,0.203423,-0.001849,-0.056929,-0.353331,1.062693,1.062869,-0.221421,-0.284254,-0.128519,0.010582,-1.139268,-0.976295,-0.487039,-0.068646,-0.754215,-0.080198,0.069509,3
-0.011786,-0.071935,0.004580,0.258075,-0.285279,0.051432,-0.046514,0.035716,0.010620,0.314253,-0.320526,-0.030191,0.203075,-0.001834,-0.056919,-0.353343,1.060787,1.062414,-0.221792,-0.283199,-0.129969,0.010582,-1.137003,-0.975204,-0.490359,-0.071306,-0.754263,-0.080210,0.069544,3
-0.011778,-0.071918,0.004526,0.258058,-0.285351,0.051482,-0.046539,0.035699,0.010633,0.314219,-0.320510,-0.030176,0.202780,-0.001796,-0.056894,-0.353367,1.057863,1.062006,-0.222056,-0.282109,-0.131287,0.010582,-1.134283,-0.973682,-0.493582,-0.073679,-0.754335,-0.080282,0.069592,3
-0.011786,-0.071927,0.004486,0.258033,-0.285426,0.051526,-0.046565,0.035725,0.010633,0.314168,-0.320530,-0.030183,0.202419,-0.001743,-0.056869,-0.353403,1.055598,1.061407,-0.222619,-0.280970,-0.132737,0.010594,-1.131287,-0.972712,-0.498232,-0.076052,-0.754419,-0.080378,0.069688,3
-0.011786,-0.071927,0.004486,0.258024,-0.285493,0.051569,-0.046582,0.035725,0.010633,0.314117,-0.320538,-0.030169,0.202057,-0.001735,-0.056874,-0.353427,1.053441,1.060975,-0.224225,-0.279640,-0.134391,0.010606,-1.128423,-0.971741,-0.501252,-0.079623,-0.754503,-0.080414,0.069892,3
-0.011795,-0.071918,0.004486,0.258016,-0.285568,0.051613,-0.046624,0.035716,0.010620,0.314134,-0.320567,-0.030161,0.201722,-0.001712,-0.056889,-0.353451,1.051272,1.060412,-0.225507,-0.277339,-0.136117,0.010606,-1.125103,-0.970806,-0.504045,-0.082116,-0.754635,-0.080390,0.070204,3
-0.011803,-0.071927,0.004446,0.258007,-0.285657,0.051692,-0.046659,0.035716,0.010606,0.314134,-0.320584,-0.030176,0.201387,-0.001735,-0.056904,-0.353451,1.049150,1.059717,-0.226766,-0.275673,-0.138861,0.010630,-1.122083,-0.969871,-0.507280,-0.084597,-0.754731,-0.080354,0.070527,3
-0.011795,-0.071927,0.004366,0.257999,-0.285757,0.051764,-0.046676,0.035708,0.010660,0.314091,-0.320600,-0.030147,0.200811,-0.001674,-0.056914,-0.353427,1.046310,1.058603,-0.228659,-0.273600,-0.141402,0.010642,-1.117313,-0.968565,-0.511882,-0.087844,-0.754862,-0.080222,0.071090,3
-0.011786,-0.071927,0.004326,0.257999,-0.285816,0.051808,-0.046693,0.035725,0.010647,0.314066,-0.320592,-0.030147,0.200530,-0.001636,-0.056909,-0.353403,1.044441,1.057907,-0.229642,-0.272473,-0.143104,0.010630,-1.113047,-0.967714,-0.514818,-0.090301,-0.754946,-0.080139,0.071306,3
-0.011795,-0.071927,0.004272,0.257999,-0.285891,0.051851,-0.046701,0.035708,0.010647,0.314023,-0.320584,-0.030132,0.200249,-0.001568,-0.056914,-0.353391,1.041361,1.057308,-0.230409,-0.271539,-0.144985,0.010606,-1.110722,-0.966947,-0.517982,-0.092602,-0.754958,-0.080139,0.071474,3
-0.011786,-0.071927,0.004245,0.257999,-0.285967,0.051880,-0.046693,0.035708,0.010647,0.313997,-0.320592,-0.030147,0.199995,-0.001537,-0.056914,-0.353403,1.039132,1.056685,-0.231080,-0.270640,-0.147046,0.010582,-1.108109,-0.965869,-0.520990,-0.094711,-0.754946,-0.080198,0.071582,3
-0.011786,-0.071935,0.004232,0.257990,-0.286038,0.051888,-0.046710,0.035708,0.010633,0.313963,-0.320600,-0.030132,0.199740,-0.001545,-0.056929,-0.353403,1.037094,1.055702,-0.231619,-0.269789,-0.148880,0.010558,-1.105725,-0.965233,-0.525173,-0.096940,-0.754934,-0.080306,0.071630,3
-0.011778,-0.071935,0.004205,0.257999,-0.286113,0.051902,-0.046718,0.035716,0.010633,0.313912,-0.320613,-0.030125,0.199512,-0.001530,-0.056939,-0.353439,1.034937,1.054816,-0.232278,-0.268986,-0.150582,0.010522,-1.103615,-0.964622,-0.528241,-0.100512,-0.754898,-0.080402,0.071630,3
-0.011795,-0.071927,0.004205,0.257999,-0.286188,0.051888,-0.046710,0.035708,0.010647,0.313878,-0.320613,-0.030125,0.199258,-0.001537,-0.056924,-0.353427,1.032840,1.053785,-0.232650,-0.267644,-0.152284,0.010510,-1.101782,-0.964047,-0.531177,-0.102909,-0.754886,-0.080426,0.071570,3
-0.011786,-0.071935,0.004192,0.257990,-0.286263,0.051888,-0.046701,0.035708,0.010633,0.313844,-0.320621,-0.030139,0.199030,-0.001514,-0.056929,-0.353439,1.030934,1.052562,-0.232985,-0.266577,-0.153961,0.010510,-1.100056,-0.963412,-0.534137,-0.104982,-0.754874,-0.080354,0.071534,3
-0.011778,-0.071944,0.004232,0.257999,-0.286334,0.051938,-0.046701,0.035708,0.010633,0.313793,-0.320621,-0.030139,0.198776,-0.001530,-0.056939,-0.353439,1.029029,1.050981,-0.233441,-0.265510,-0.156598,0.010510,-1.098510,-0.962585,-0.537157,-0.107055,-0.754838,-0.080115,0.071474,3
-0.011786,-0.071944,0.004232,0.258007,-0.286425,0.051967,-0.046684,0.035716,0.010633,0.313742,-0.320613,-0.030125,0.198267,-0.001499,-0.056929,-0.353619,1.026141,1.048572,-0.234663,-0.263833,-0.159246,0.010510,-1.096053,-0.961171,-0.541927,-0.110531,-0.754802,-0.079887,0.071342,3
-0.011778,-0.071944,0.004272,0.257999,-0.286483,0.051996,-0.046693,0.035725,0.010633,0.313691,-0.320613,-0.030125,0.198026,-0.001499,-0.056929,-0.353870,1.024163,1.047313,-0.235706,-0.262826,-0.161056,0.010474,-1.093872,-0.960236,-0.545055,-0.112580,-0.754755,-0.079851,0.071234,3
-0.011803,-0.071935,0.004312,0.257999,-0.286550,0.052010,-0.046693,0.035716,0.010633,0.313673,-0.320625,-0.030132,0.197745,-0.001476,-0.056924,-0.354026,1.021239,1.046283,-0.236880,-0.261831,-0.162985,0.010414,-1.092266,-0.959181,-0.547895,-0.114413,-0.754719,-0.079935,0.071198,3
-0.011778,-0.071935,0.004326,0.258007,-0.286612,0.052047,-0.046684,0.035708,0.010633,0.313631,-0.320633,-0.030147,0.197437,-0.001446,-0.056924,-0.354110,1.019346,1.045144,-0.238055,-0.260861,-0.164951,0.010306,-1.090109,-0.958714,-0.551538,-0.115995,-0.754719,-0.080127,0.071174,3
-0.011803,-0.071944,0.004339,0.257999,-0.286695,0.052104,-0.046676,0.035699,0.010620,0.313614,-0.320641,-0.030132,0.197075,-0.001408,-0.056899,-0.354074,1.017440,1.044701,-0.238965,-0.259638,-0.166844,0.010223,-1.087113,-0.958007,-0.553911,-0.117733,-0.754707,-0.080390,0.071222,3
-0.011795,-0.071935,0.004379,0.258024,-0.286795,0.052148,-0.046676,0.035699,0.010633,0.313571,-0.320646,-0.030125,0.196687,-0.001377,-0.056879,-0.353978,1.015666,1.044521,-0.239661,-0.258212,-0.168618,0.010187,-1.084033,-0.957024,-0.556511,-0.120729,-0.754683,-0.080594,0.071270,3
-0.011786,-0.071927,0.004339,0.258050,-0.286911,0.052148,-0.046667,0.035699,0.010660,0.313571,-0.320654,-0.030110,0.196218,-0.001324,-0.056854,-0.353858,1.013773,1.044569,-0.239924,-0.256019,-0.170392,0.010175,-1.080845,-0.956137,-0.559304,-0.122706,-0.754635,-0.080630,0.071258,3
-0.011795,-0.071935,0.004339,0.258067,-0.287049,0.052271,-0.046659,0.035699,0.010633,0.313554,-0.320662,-0.030096,0.195749,-0.001309,-0.056884,-0.353774,1.011975,1.044809,-0.240344,-0.254737,-0.173184,0.010199,-1.077574,-0.955442,-0.561892,-0.124468,-0.754611,-0.080426,0.071198,3
-0.011786,-0.071935,0.004366,0.258126,-0.287211,0.052336,-0.046676,0.035708,0.010633,0.313495,-0.320674,-0.030103,0.194745,-0.001263,-0.056923,-0.353762,1.009267,1.045348,-0.241662,-0.253275,-0.176444,0.010235,-1.073044,-0.954627,-0.566051,-0.127129,-0.754599,-0.080079,0.071042,3
-0.011778,-0.071927,0.004366,0.258143,-0.287298,0.052357,-0.046659,0.035725,0.010633,0.313443,-0.320674,-0.030103,0.194196,-0.001187,-0.056973,-0.353762,1.007361,1.045384,-0.242525,-0.252592,-0.178781,0.010211,-1.069808,-0.954040,-0.568496,-0.129034,-0.754563,-0.079863,0.070995,3
-0.011795,-0.071935,0.004379,0.258143,-0.287365,0.052386,-0.046642,0.035708,0.010647,0.313409,-0.320683,-0.030074,0.193607,-0.001119,-0.056998,-0.353798,1.005396,1.044869,-0.243172,-0.252160,-0.180986,0.010091,-1.067866,-0.953297,-0.570521,-0.130784,-0.754551,-0.079671,0.070995,3
-0.011795,-0.071927,0.004352,0.258169,-0.287419,0.052393,-0.046616,0.035733,0.010647,0.313341,-0.320683,-0.030088,0.192937,-0.001065,-0.056993,-0.353774,1.002436,1.044054,-0.243771,-0.251896,-0.183047,0.009899,-1.066057,-0.952087,-0.572426,-0.132330,-0.754503,-0.079575,0.071007,3
-0.011812,-0.071935,0.004339,0.258212,-0.287460,0.052379,-0.046607,0.035716,0.010633,0.313316,-0.320683,-0.030088,0.192214,-0.001027,-0.056988,-0.353786,1.000602,1.042807,-0.244646,-0.251765,-0.185072,0.009671,-1.064283,-0.951236,-0.575614,-0.133696,-0.754467,-0.079587,0.070995,3
-0.011795,-0.071944,0.004312,0.258254,-0.287493,0.052364,-0.046573,0.035708,0.010633,0.313256,-0.320691,-0.030074,0.191437,-0.000982,-0.056998,-0.353786,0.998745,1.042112,-0.245329,-0.251765,-0.187301,0.009480,-1.062725,-0.950457,-0.578035,-0.135889,-0.754419,-0.079647,0.070983,3
-0.011803,-0.071944,0.004312,0.258271,-0.287501,0.052350,-0.046582,0.035716,0.010633,0.313213,-0.320707,-0.030074,0.190593,-0.000959,-0.057043,-0.353762,0.996839,1.041645,-0.246012,-0.251932,-0.189662,0.009384,-1.061239,-0.949750,-0.580372,-0.137387,-0.754395,-0.079731,0.070983,3
-0.011812,-0.071944,0.004299,0.258271,-0.287522,0.052357,-0.046582,0.035716,0.010593,0.313154,-0.320720,-0.030052,0.189643,-0.000921,-0.057107,-0.353762,0.995030,1.041297,-0.246599,-0.252040,-0.193006,0.009396,-1.059789,-0.949055,-0.582709,-0.138909,-0.754383,-0.079899,0.070971,3
-0.011795,-0.071935,0.004299,0.258288,-0.287543,0.052379,-0.046582,0.035716,0.010593,0.313094,-0.320728,-0.030037,0.188049,-0.000852,-0.057152,-0.353774,0.993484,1.041118,-0.247079,-0.252148,-0.195139,0.009539,-1.058447,-0.948348,-0.585262,-0.140539,-0.754359,-0.080007,0.070947,3
-0.011812,-0.071927,0.004272,0.258263,-0.287560,0.052408,-0.046539,0.035708,0.010580,0.313034,-0.320732,-0.030045,0.186723,-0.000769,-0.057177,-0.353762,0.992070,1.040950,-0.247510,-0.252196,-0.197404,0.009635,-1.056649,-0.947605,-0.587563,-0.142061,-0.754359,-0.079971,0.070935,3
-0.011812,-0.071944,0.004218,0.258263,-0.287572,0.052429,-0.046497,0.035708,0.010566,0.312983,-0.320740,-0.030045,0.185290,-0.000715,-0.057222,-0.353774,0.990811,1.040686,-0.247978,-0.252220,-0.199657,0.009695,-1.055630,-0.946862,-0.589420,-0.143403,-0.754359,-0.079935,0.070935,3
-0.011803,-0.071935,0.004205,0.258229,-0.287589,0.052444,-0.046463,0.035708,0.010539,0.312924,-0.320748,-0.030030,0.183817,-0.000693,-0.057227,-0.353726,0.989014,1.040339,-0.248577,-0.252208,-0.201778,0.009707,-1.054492,-0.945639,-0.590894,-0.144626,-0.754347,-0.079899,0.070923,3
-0.011795,-0.071935,0.004192,0.258220,-0.287597,0.052473,-0.046428,0.035716,0.010513,0.312924,-0.320757,-0.030016,0.181875,-0.000654,-0.057222,-0.353355,0.986916,1.039488,-0.249560,-0.252208,-0.205062,0.009695,-1.052251,-0.944405,-0.593675,-0.146579,-0.754359,-0.079995,0.070959,3
-0.011795,-0.071927,0.004125,0.258212,-0.287606,0.052487,-0.046446,0.035725,0.010486,0.312941,-0.320769,-0.029994,0.180831,-0.000616,-0.057236,-0.352648,0.985107,1.039140,-0.250458,-0.252208,-0.207411,0.009659,-1.050621,-0.943446,-0.595604,-0.148832,-0.754359,-0.080055,0.071066,3
-0.011795,-0.071935,0.004125,0.258237,-0.287614,0.052487,-0.046446,0.035725,0.010499,0.312932,-0.320802,-0.029979,0.179840,-0.000571,-0.057246,-0.351725,0.983082,1.038889,-0.250926,-0.252172,-0.209736,0.009635,-1.048907,-0.942403,-0.597689,-0.150234,-0.754359,-0.080055,0.071222,3
-0.011795,-0.071935,0.004098,0.258212,-0.287614,0.052502,-0.046437,0.035725,0.010486,0.312941,-0.320835,-0.029964,0.179050,-0.000525,-0.057286,-0.351006,0.981296,1.038697,-0.251321,-0.252184,-0.211845,0.009623,-1.047026,-0.941445,-0.599751,-0.151409,-0.754383,-0.079971,0.071354,3
-0.011820,-0.071944,0.004071,0.258160,-0.287618,0.052494,-0.046446,0.035708,0.010486,0.312958,-0.320872,-0.029942,0.178407,-0.000487,-0.057321,-0.350551,0.979474,1.038541,-0.251669,-0.252184,-0.214590,0.009659,-1.045120,-0.940438,-0.601800,-0.152248,-0.754419,-0.079815,0.071474,3
-0.011803,-0.071944,0.004058,0.258169,-0.287623,0.052516,-0.046437,0.035716,0.010459,0.312966,-0.320901,-0.029892,0.177684,-0.000403,-0.057366,-0.350239,0.977581,1.038313,-0.252064,-0.252184,-0.216531,0.009707,-1.043035,-0.939407,-0.604113,-0.152907,-0.754443,-0.079743,0.071522,3
-0.011803,-0.071927,0.004031,0.258169,-0.287627,0.052523,-0.046446,0.035708,0.010446,0.312992,-0.320913,-0.029870,0.177362,-0.000320,-0.057430,-0.349640,0.975699,1.037990,-0.252639,-0.252160,-0.218377,0.009731,-1.039691,-0.938449,-0.606354,-0.153554,-0.754455,-0.079767,0.071558,3
-0.011803,-0.071944,0.004004,0.258143,-0.287627,0.052523,-0.046437,0.035716,0.010419,0.313000,-0.320921,-0.029855,0.177215,-0.000251,-0.057435,-0.349088,0.973302,1.037618,-0.253382,-0.252160,-0.220222,0.009743,-1.037367,-0.937214,-0.608080,-0.154513,-0.754431,-0.079995,0.071570,3
-0.011786,-0.071927,0.003977,0.258143,-0.287631,0.052531,-0.046428,0.035725,0.010406,0.313026,-0.320929,-0.029841,0.177215,-0.000129,-0.057425,-0.348369,0.971373,1.036851,-0.254689,-0.252160,-0.222763,0.009635,-1.034514,-0.935932,-0.610908,-0.156238,-0.754443,-0.080474,0.071510,3
-0.011795,-0.071927,0.003977,0.258143,-0.287644,0.052552,-0.046446,0.035716,0.010392,0.313034,-0.320942,-0.029848,0.177362,-0.000107,-0.057430,-0.348058,0.970234,1.036528,-0.256079,-0.252160,-0.224345,0.009611,-1.033208,-0.935045,-0.611951,-0.157772,-0.754467,-0.080678,0.071462,3
-0.011803,-0.071927,0.004044,0.258169,-0.287648,0.052545,-0.046437,0.035716,0.010392,0.313043,-0.320954,-0.029841,0.177416,-0.000084,-0.057445,-0.347866,0.969132,1.036216,-0.256942,-0.252160,-0.225855,0.009647,-1.032309,-0.934266,-0.612969,-0.158719,-0.754479,-0.080738,0.071438,3
-0.011786,-0.071927,0.004018,0.258160,-0.287652,0.052567,-0.046446,0.035725,0.010406,0.313068,-0.320967,-0.029833,0.177228,-0.000030,-0.057480,-0.347782,0.967826,1.035845,-0.257709,-0.252136,-0.228012,0.009719,-1.031818,-0.933487,-0.614144,-0.159594,-0.754455,-0.080726,0.071486,3
-0.011812,-0.071927,0.004071,0.258143,-0.287648,0.052574,-0.046488,0.035725,0.010406,0.313068,-0.320979,-0.029840,0.176693,0.000023,-0.057515,-0.347782,0.966148,1.035305,-0.258416,-0.252124,-0.229306,0.009791,-1.031566,-0.932780,-0.615618,-0.160409,-0.754455,-0.080618,0.071546,3
-0.011803,-0.071927,0.004125,0.258084,-0.287644,0.052567,-0.046514,0.035708,0.010419,0.313111,-0.320971,-0.029826,0.175287,0.000084,-0.057545,-0.347794,0.964063,1.034574,-0.258955,-0.252100,-0.230505,0.009839,-1.031255,-0.932073,-0.617271,-0.161200,-0.754431,-0.080450,0.071534,3
-0.011786,-0.071927,0.004178,0.258007,-0.287648,0.052574,-0.046556,0.035708,0.010446,0.313137,-0.320979,-0.029840,0.174255,0.000129,-0.057575,-0.347734,0.961917,1.033723,-0.259399,-0.252088,-0.231775,0.009851,-1.029397,-0.931402,-0.618817,-0.161931,-0.754455,-0.080294,0.071546,3
-0.011786,-0.071918,0.004245,0.257956,-0.287652,0.052581,-0.046531,0.035725,0.010446,0.313179,-0.320987,-0.029826,0.173197,0.000167,-0.057570,-0.347578,0.959736,1.032717,-0.259806,-0.252088,-0.233057,0.009851,-1.027563,-0.930779,-0.620387,-0.162554,-0.754479,-0.080366,0.071618,3
-0.011795,-0.071927,0.004312,0.257939,-0.287673,0.052560,-0.046505,0.035716,0.010499,0.313154,-0.320975,-0.029804,0.171684,0.000335,-0.057550,-0.347231,0.955122,1.030571,-0.260609,-0.252076,-0.235071,0.009815,-1.024927,-0.929652,-0.624114,-0.163525,-0.754443,-0.080522,0.071786,3
-0.011778,-0.071935,0.004393,0.257990,-0.287689,0.052574,-0.046514,0.035708,0.010553,0.313137,-0.320979,-0.029811,0.170840,0.000434,-0.057565,-0.347111,0.952929,1.029361,-0.261700,-0.252076,-0.236533,0.009767,-1.023261,-0.929017,-0.626068,-0.164531,-0.754431,-0.080534,0.071869,3
-0.011795,-0.071944,0.004406,0.258067,-0.287723,0.052574,-0.046497,0.035708,0.010566,0.313137,-0.320979,-0.029811,0.170064,0.000510,-0.057595,-0.347063,0.951036,1.028223,-0.262526,-0.252088,-0.237935,0.009755,-1.021332,-0.928358,-0.627818,-0.165298,-0.754371,-0.080486,0.071857,3
-0.011778,-0.071935,0.004433,0.258101,-0.287752,0.052581,-0.046505,0.035716,0.010606,0.313103,-0.320983,-0.029819,0.169407,0.000578,-0.057620,-0.347075,0.949442,1.027180,-0.263329,-0.252088,-0.239253,0.009731,-1.019462,-0.927735,-0.629196,-0.165993,-0.754323,-0.080474,0.071809,3
-0.011778,-0.071944,0.004446,0.258143,-0.287772,0.052574,-0.046480,0.035725,0.010606,0.313085,-0.320979,-0.029811,0.168818,0.000616,-0.057645,-0.347159,0.948076,1.026329,-0.264120,-0.252088,-0.241015,0.009731,-1.017521,-0.927172,-0.630358,-0.166808,-0.754239,-0.080330,0.071714,3
-0.011795,-0.071935,0.004446,0.258195,-0.287789,0.052545,-0.046480,0.035716,0.010606,0.313068,-0.320962,-0.029811,0.168001,0.000647,-0.057665,-0.347267,0.946829,1.025550,-0.264911,-0.252064,-0.242177,0.009743,-1.015795,-0.926620,-0.631293,-0.167695,-0.754143,-0.080234,0.071546,3
-0.011812,-0.071935,0.004446,0.258254,-0.287789,0.052559,-0.046497,0.035725,0.010606,0.313034,-0.320962,-0.029811,0.167412,0.000677,-0.057694,-0.347375,0.945715,1.024795,-0.265714,-0.252040,-0.243244,0.009743,-1.014453,-0.926093,-0.632192,-0.168606,-0.754035,-0.080150,0.071474,3
-0.011803,-0.071935,0.004393,0.258297,-0.287793,0.052567,-0.046463,0.035725,0.010593,0.313017,-0.320966,-0.029804,0.166769,0.000807,-0.057769,-0.347519,0.944648,1.024016,-0.266481,-0.252016,-0.244239,0.009743,-1.013098,-0.925482,-0.633210,-0.169457,-0.753940,-0.080079,0.071378,3
-0.011803,-0.071935,0.004379,0.258356,-0.287793,0.052567,-0.046480,0.035733,0.010593,0.313034,-0.320962,-0.029826,0.165979,0.000906,-0.057834,-0.347638,0.942491,1.023189,-0.267284,-0.251992,-0.245125,0.009755,-1.012415,-0.924451,-0.634445,-0.170116,-0.753820,-0.079983,0.071270,3
-0.011795,-0.071935,0.004352,0.258382,-0.287793,0.052567,-0.046463,0.035708,0.010606,0.313043,-0.320954,-0.029797,0.165095,0.000974,-0.057899,-0.347686,0.940490,1.022027,-0.268099,-0.251980,-0.245952,0.009767,-1.011696,-0.923780,-0.636566,-0.170548,-0.753700,-0.079911,0.071126,3
-0.011769,-0.071944,0.004352,0.258348,-0.287797,0.052560,-0.046471,0.035708,0.010593,0.313060,-0.320958,-0.029790,0.163542,0.001073,-0.057973,-0.347770,0.937098,1.020804,-0.269669,-0.251956,-0.247235,0.009803,-1.009779,-0.922821,-0.638651,-0.170655,-0.753568,-0.079815,0.070923,3
-0.011795,-0.071935,0.004352,0.258314,-0.287785,0.052567,-0.046463,0.035716,0.010580,0.313094,-0.320975,-0.029804,0.162470,0.001111,-0.057978,-0.347782,0.934917,1.020097,-0.270640,-0.251920,-0.248109,0.009863,-1.008041,-0.922210,-0.639994,-0.170464,-0.753472,-0.079743,0.070815,3
-0.011778,-0.071927,0.004339,0.258288,-0.287781,0.052588,-0.046454,0.035716,0.010580,0.313111,-0.320971,-0.029797,0.161881,0.001119,-0.057993,-0.347806,0.933910,1.019786,-0.271155,-0.251896,-0.248924,0.009827,-1.007298,-0.921958,-0.640689,-0.170464,-0.753424,-0.079767,0.070779,3
-0.011795,-0.071927,0.004326,0.258297,-0.287785,0.052567,-0.046463,0.035708,0.010553,0.313145,-0.320962,-0.029782,0.160073,0.001134,-0.058003,-0.347830,0.932017,1.019234,-0.272270,-0.251848,-0.249727,0.009827,-1.006016,-0.921347,-0.642139,-0.170775,-0.753364,-0.079875,0.070695,3
-0.011786,-0.071935,0.004232,0.258288,-0.287776,0.052552,-0.046394,0.035708,0.010499,0.313171,-0.320962,-0.029811,0.158265,0.001172,-0.058028,-0.347830,0.928985,1.018767,-0.273887,-0.251777,-0.250926,0.009827,-1.003907,-0.919909,-0.644691,-0.171279,-0.753197,-0.080390,0.070659,3
-0.011786,-0.071935,0.004178,0.258305,-0.287780,0.052559,-0.046394,0.035725,0.010459,0.313196,-0.320962,-0.029811,0.157007,0.001248,-0.058048,-0.347830,0.927822,1.018611,-0.275014,-0.251741,-0.251741,0.009803,-1.002744,-0.919142,-0.646249,-0.171434,-0.753029,-0.080630,0.070647,3
-0.011795,-0.071927,0.004125,0.258322,-0.287777,0.052581,-0.046386,0.035708,0.010446,0.313213,-0.320966,-0.029804,0.155962,0.001317,-0.058073,-0.347830,0.926839,1.018611,-0.276117,-0.251681,-0.252544,0.009815,-1.001498,-0.918531,-0.648215,-0.171506,-0.752801,-0.080714,0.070671,3
-0.011803,-0.071927,0.004111,0.258348,-0.287764,0.052560,-0.046369,0.035725,0.010419,0.313247,-0.320971,-0.029811,0.155065,0.001355,-0.058098,-0.347818,0.925821,1.018671,-0.277567,-0.251633,-0.253299,0.009815,-1.000012,-0.917956,-0.649353,-0.171626,-0.752537,-0.080690,0.070707,3
-0.011803,-0.071927,0.004111,0.258339,-0.287764,0.052588,-0.046394,0.035708,0.010406,0.313307,-0.320971,-0.029826,0.154476,0.001400,-0.058138,-0.347830,0.924527,1.018839,-0.278286,-0.251513,-0.254066,0.009815,-0.998358,-0.917309,-0.650360,-0.171866,-0.752046,-0.080726,0.070731,3
-0.011778,-0.071927,0.004111,0.258322,-0.287748,0.052603,-0.046403,0.035708,0.010419,0.313350,-0.320979,-0.029826,0.153993,0.001446,-0.058178,-0.347830,0.921998,1.019103,-0.279029,-0.251333,-0.255647,0.009815,-0.996225,-0.916446,-0.651690,-0.172010,-0.751339,-0.080810,0.070803,3
-0.011795,-0.071927,0.004125,0.258322,-0.287731,0.052603,-0.046420,0.035725,0.010406,0.313384,-0.320979,-0.029811,0.153685,0.001461,-0.058198,-0.347818,0.919997,1.019270,-0.279580,-0.251153,-0.256510,0.009815,-0.995170,-0.915918,-0.652433,-0.172141,-0.750716,-0.080738,0.070815,3
-0.011778,-0.071935,0.004125,0.258322,-0.287731,0.052617,-0.046420,0.035708,0.010406,0.313401,-0.320971,-0.029826,0.153056,0.001492,-0.058218,-0.347818,0.917887,1.019366,-0.280287,-0.250914,-0.257493,0.009815,-0.994547,-0.915535,-0.653104,-0.172225,-0.750021,-0.080690,0.070815,3
-0.011795,-0.071927,0.004178,0.258280,-0.287723,0.052603,-0.046437,0.035699,0.010406,0.313460,-0.320975,-0.029833,0.152467,0.001545,-0.058253,-0.347842,0.915874,1.019450,-0.281114,-0.250626,-0.258656,0.009827,-0.994283,-0.915235,-0.653740,-0.172345,-0.749266,-0.080654,0.070803,3
-0.011795,-0.071927,0.004205,0.258263,-0.287706,0.052603,-0.046471,0.035708,0.010406,0.313537,-0.320971,-0.029826,0.151797,0.001560,-0.058292,-0.347842,0.913082,1.019474,-0.281917,-0.250183,-0.259734,0.009827,-0.994115,-0.914984,-0.654303,-0.172477,-0.748319,-0.080630,0.070743,3
-0.011778,-0.071927,0.004299,0.258220,-0.287714,0.052588,-0.046471,0.035708,0.010446,0.313631,-0.320971,-0.029826,0.151114,0.001606,-0.058302,-0.347866,0.911416,1.019246,-0.282564,-0.249631,-0.260825,0.009815,-0.993624,-0.914924,-0.655441,-0.172501,-0.747324,-0.080630,0.070719,3
-0.011752,-0.071935,0.004352,0.258160,-0.287702,0.052596,-0.046446,0.035716,0.010486,0.313784,-0.320975,-0.029833,0.150458,0.001651,-0.058302,-0.347866,0.910014,1.018659,-0.283391,-0.248900,-0.261867,0.009815,-0.992570,-0.914804,-0.656448,-0.172417,-0.746330,-0.080642,0.070707,3
-0.011709,-0.071935,0.004419,0.258152,-0.287714,0.052588,-0.046437,0.035725,0.010526,0.313870,-0.320967,-0.029819,0.149909,0.001758,-0.058292,-0.347890,0.908887,1.017892,-0.283906,-0.247378,-0.262898,0.009827,-0.991323,-0.914420,-0.657658,-0.172369,-0.744760,-0.080642,0.070707,3
-0.011709,-0.071918,0.004473,0.258169,-0.287735,0.052596,-0.046428,0.035708,0.010580,0.313921,-0.320958,-0.029790,0.149320,0.001903,-0.058258,-0.347890,0.907916,1.017137,-0.284458,-0.246132,-0.264492,0.009863,-0.989909,-0.913917,-0.658905,-0.172309,-0.743681,-0.080546,0.070755,3
-0.011718,-0.071944,0.004567,0.258229,-0.287739,0.052588,-0.046437,0.035691,0.010660,0.313963,-0.320954,-0.029797,0.148503,0.002047,-0.058263,-0.347902,0.907113,1.016334,-0.285165,-0.244730,-0.265510,0.009911,-0.988531,-0.913545,-0.660307,-0.172237,-0.742555,-0.080510,0.070791,3
-0.011684,-0.071944,0.004714,0.258365,-0.287752,0.052567,-0.046539,0.035708,0.010780,0.314040,-0.320950,-0.029804,0.147579,0.002306,-0.058343,-0.347926,0.905196,1.014860,-0.286063,-0.242213,-0.267033,0.009995,-0.986589,-0.913222,-0.662800,-0.172117,-0.740673,-0.080558,0.070815,3
-0.011684,-0.071927,0.004781,0.258425,-0.287743,0.052567,-0.046573,0.035699,0.010861,0.314066,-0.320946,-0.029797,0.146976,0.002382,-0.058413,-0.347938,0.902500,1.013818,-0.286495,-0.240368,-0.268099,0.010151,-0.986146,-0.913078,-0.664525,-0.172058,-0.739331,-0.080606,0.070851,3
-0.011684,-0.071944,0.004875,0.258484,-0.287735,0.052552,-0.046590,0.035699,0.011008,0.314083,-0.320950,-0.029804,0.146293,0.002451,-0.058477,-0.347962,0.900654,1.011900,-0.286830,-0.237935,-0.269154,0.010558,-0.985822,-0.912910,-0.666826,-0.171998,-0.737977,-0.080642,0.070995,3
-0.011692,-0.071935,0.004888,0.258501,-0.287735,0.052552,-0.046573,0.035699,0.011088,0.314066,-0.320942,-0.029790,0.145597,0.002549,-0.058512,-0.347998,0.898677,1.010582,-0.287298,-0.235071,-0.270256,0.011133,-0.985355,-0.912707,-0.668252,-0.171926,-0.736646,-0.080726,0.071306,3
-0.011684,-0.071944,0.004901,0.258561,-0.287751,0.052552,-0.046548,0.035699,0.011182,0.314074,-0.320925,-0.029790,0.144927,0.002679,-0.058528,-0.348010,0.896843,1.009300,-0.287693,-0.231308,-0.271407,0.011709,-0.984564,-0.912491,-0.669511,-0.171674,-0.734909,-0.080810,0.071774,3
-0.011675,-0.071935,0.004848,0.258612,-0.287772,0.052516,-0.046505,0.035708,0.011209,0.314066,-0.320921,-0.029783,0.144231,0.002854,-0.058533,-0.348058,0.895021,1.008113,-0.288101,-0.228827,-0.272701,0.012224,-0.983461,-0.912299,-0.670709,-0.171470,-0.733854,-0.080917,0.072229,3
-0.011667,-0.071927,0.004808,0.258672,-0.287792,0.052509,-0.046480,0.035708,0.011222,0.314100,-0.320913,-0.029768,0.143575,0.003052,-0.058553,-0.348070,0.893475,1.007034,-0.288448,-0.226214,-0.274846,0.012595,-0.982167,-0.912155,-0.671776,-0.171255,-0.732967,-0.081001,0.072564,3
-0.011684,-0.071927,0.004848,0.258723,-0.287801,0.052494,-0.046471,0.035708,0.011222,0.314134,-0.320913,-0.029768,0.142610,0.003242,-0.058579,-0.348094,0.892181,1.006088,-0.288736,-0.223566,-0.276260,0.013195,-0.980669,-0.912048,-0.672842,-0.171135,-0.732176,-0.081001,0.072792,3
-0.011692,-0.071935,0.004861,0.258808,-0.287792,0.052480,-0.046463,0.035708,0.011236,0.314134,-0.320892,-0.029761,0.141646,0.003493,-0.058694,-0.348214,0.890551,1.004997,-0.289048,-0.219659,-0.278094,0.013686,-0.977385,-0.912071,-0.674280,-0.171039,-0.731206,-0.080989,0.072708,3
-0.011692,-0.071935,0.004848,0.258876,-0.287796,0.052487,-0.046463,0.035699,0.011222,0.314134,-0.320892,-0.029761,0.140976,0.003577,-0.058788,-0.348381,0.889245,1.004482,-0.289227,-0.216435,-0.279197,0.013950,-0.975863,-0.912179,-0.675023,-0.170943,-0.730654,-0.080989,0.072564,3
-0.011701,-0.071927,0.004848,0.258902,-0.287792,0.052480,-0.046454,0.035716,0.011222,0.314125,-0.320892,-0.029776,0.140561,0.003600,-0.058823,-0.348561,0.888730,1.004266,-0.289287,-0.214877,-0.279784,0.014117,-0.975204,-0.912191,-0.675311,-0.170871,-0.730355,-0.080977,0.072481,3
-0.011726,-0.071918,0.004768,0.258953,-0.287776,0.052480,-0.046437,0.035708,0.011196,0.314117,-0.320888,-0.029768,0.139463,0.003767,-0.058943,-0.349316,0.886704,1.003703,-0.289647,-0.210575,-0.281605,0.014453,-0.973467,-0.912239,-0.676054,-0.170643,-0.729432,-0.080941,0.072253,3
-0.011726,-0.071927,0.004741,0.258987,-0.287767,0.052480,-0.046437,0.035708,0.011196,0.314142,-0.320884,-0.029790,0.138566,0.003866,-0.059008,-0.349963,0.885062,1.003499,-0.289934,-0.207890,-0.282972,0.014621,-0.972388,-0.912227,-0.676186,-0.170524,-0.728713,-0.080941,0.072085,3
-0.011735,-0.071927,0.004674,0.258979,-0.287763,0.052502,-0.046420,0.035708,0.011169,0.314142,-0.320884,-0.029790,0.137548,0.003980,-0.059083,-0.350658,0.883457,1.003211,-0.290210,-0.203900,-0.284254,0.014705,-0.971357,-0.912227,-0.676162,-0.170392,-0.727251,-0.080917,0.071869,3
-0.011761,-0.071935,0.004620,0.258979,-0.287743,0.052523,-0.046437,0.035708,0.011102,0.314176,-0.320884,-0.029790,0.136370,0.004072,-0.059183,-0.351425,0.881923,1.002684,-0.290510,-0.201323,-0.285908,0.014717,-0.970363,-0.912251,-0.676138,-0.170308,-0.726100,-0.080882,0.071666,3
-0.011761,-0.071927,0.004567,0.258962,-0.287726,0.052523,-0.046420,0.035708,0.011048,0.314176,-0.320876,-0.029776,0.134321,0.004171,-0.059268,-0.352336,0.880520,1.001869,-0.290785,-0.198339,-0.286806,0.014513,-0.969368,-0.912311,-0.676390,-0.170224,-0.724818,-0.080870,0.071366,3
-0.011795,-0.071927,0.004486,0.258953,-0.287714,0.052545,-0.046420,0.035708,0.010968,0.314193,-0.320876,-0.029776,0.132647,0.004330,-0.059422,-0.353666,0.879190,1.001006,-0.291121,-0.194995,-0.287549,0.014393,-0.968074,-0.912347,-0.677073,-0.170128,-0.723500,-0.080762,0.071186,3
-0.011786,-0.071927,0.004393,0.258927,-0.287693,0.052552,-0.046420,0.035708,0.010874,0.314193,-0.320867,-0.029790,0.130732,0.004475,-0.059547,-0.354386,0.877225,1.000275,-0.291588,-0.191820,-0.288245,0.014333,-0.967259,-0.912299,-0.678139,-0.170020,-0.722074,-0.080558,0.070995,3
-0.011803,-0.071927,0.004272,0.258927,-0.287677,0.052581,-0.046411,0.035699,0.010740,0.314193,-0.320867,-0.029790,0.128817,0.004635,-0.059632,-0.355021,0.875990,0.999688,-0.292271,-0.188847,-0.288892,0.014309,-0.966612,-0.912215,-0.679901,-0.169888,-0.720480,-0.080306,0.070851,3
-0.011803,-0.071952,0.004138,0.258902,-0.287669,0.052610,-0.046386,0.035699,0.010606,0.314227,-0.320876,-0.029776,0.126245,0.004878,-0.059782,-0.355536,0.874325,0.999568,-0.294021,-0.184353,-0.289587,0.014321,-0.965797,-0.912179,-0.682082,-0.169661,-0.717639,-0.079923,0.070683,3
-0.011786,-0.071944,0.004111,0.258868,-0.287653,0.052639,-0.046360,0.035708,0.010526,0.314279,-0.320867,-0.029790,0.124759,0.004970,-0.059862,-0.355608,0.873342,0.999568,-0.295016,-0.181681,-0.289838,0.014369,-0.965305,-0.912239,-0.683592,-0.169577,-0.715758,-0.079695,0.070611,3
-0.011778,-0.071935,0.004044,0.258859,-0.287624,0.052675,-0.046335,0.035708,0.010459,0.314321,-0.320867,-0.029790,0.123567,0.005099,-0.059928,-0.355500,0.872407,0.999424,-0.295986,-0.177103,-0.289970,0.014369,-0.964766,-0.912227,-0.684994,-0.169505,-0.713121,-0.079683,0.070623,3
-0.011769,-0.071935,0.004018,0.258868,-0.287604,0.052711,-0.046301,0.035708,0.010406,0.314364,-0.320867,-0.029790,0.122335,0.005190,-0.059968,-0.355236,0.871424,0.999233,-0.296909,-0.174179,-0.289922,0.014369,-0.964107,-0.912083,-0.686145,-0.169481,-0.711575,-0.080019,0.070647,3
-0.011769,-0.071944,0.004004,0.258859,-0.287596,0.052740,-0.046301,0.035708,0.010352,0.314423,-0.320867,-0.029790,0.120715,0.005259,-0.059953,-0.354841,0.870286,0.999077,-0.297736,-0.171410,-0.289707,0.014393,-0.963280,-0.911832,-0.687175,-0.169433,-0.710365,-0.080258,0.070707,3
-0.011769,-0.071935,0.003991,0.258885,-0.287579,0.052769,-0.046318,0.035699,0.010312,0.314500,-0.320876,-0.029805,0.119804,0.005282,-0.059928,-0.354314,0.869040,0.999053,-0.298563,-0.168786,-0.289491,0.014417,-0.962010,-0.911508,-0.688086,-0.169421,-0.709370,-0.080498,0.070767,3
-0.011761,-0.071927,0.003991,0.258876,-0.287571,0.052784,-0.046335,0.035716,0.010298,0.314543,-0.320880,-0.029797,0.118987,0.005289,-0.059903,-0.353966,0.867086,0.999053,-0.299414,-0.166017,-0.289239,0.014513,-0.961039,-0.911137,-0.688925,-0.169445,-0.708471,-0.080750,0.070803,3
-0.011769,-0.071927,0.004004,0.258876,-0.287563,0.052798,-0.046386,0.035708,0.010272,0.314628,-0.320884,-0.029819,0.118344,0.005251,-0.059898,-0.353690,0.865840,0.999113,-0.300397,-0.163597,-0.289012,0.014609,-0.959889,-0.910945,-0.689788,-0.169481,-0.707573,-0.081001,0.070863,3
-0.011795,-0.071935,0.004031,0.258893,-0.287559,0.052805,-0.046377,0.035725,0.010258,0.314662,-0.320876,-0.029805,0.117889,0.005236,-0.059888,-0.353523,0.864809,0.999101,-0.301559,-0.161188,-0.288856,0.014621,-0.958690,-0.910777,-0.690939,-0.169505,-0.706686,-0.081157,0.070887,3
-0.011786,-0.071944,0.004031,0.258876,-0.287555,0.052798,-0.046394,0.035716,0.010258,0.314730,-0.320876,-0.029805,0.117675,0.005259,-0.059893,-0.353475,0.864378,0.999065,-0.302817,-0.159882,-0.288796,0.014633,-0.958127,-0.910705,-0.691358,-0.169517,-0.706194,-0.081181,0.070887,3
-0.011761,-0.071927,0.003991,0.258851,-0.287547,0.052827,-0.046369,0.035699,0.010191,0.314798,-0.320880,-0.029812,0.117112,0.005335,-0.059864,-0.353463,0.862772,0.999053,-0.304951,-0.154537,-0.288376,0.014717,-0.956185,-0.910442,-0.692712,-0.169505,-0.704301,-0.081181,0.070911,3
-0.011761,-0.071918,0.003977,0.258817,-0.287547,0.052827,-0.046386,0.035699,0.010191,0.314858,-0.320872,-0.029812,0.116657,0.005365,-0.059844,-0.353583,0.862292,0.999077,-0.306497,-0.152020,-0.287993,0.014765,-0.955586,-0.910358,-0.693024,-0.169493,-0.703330,-0.081157,0.070935,3
-0.011743,-0.071935,0.003991,0.258834,-0.287526,0.052849,-0.046420,0.035725,0.010178,0.314875,-0.320872,-0.029812,0.115465,0.005510,-0.059759,-0.353774,0.860591,0.999089,-0.308438,-0.148341,-0.287370,0.014813,-0.955083,-0.910262,-0.693803,-0.169445,-0.701772,-0.081025,0.070971,3
-0.011735,-0.071927,0.004031,0.258825,-0.287530,0.052856,-0.046480,0.035699,0.010191,0.314901,-0.320872,-0.029812,0.114353,0.005601,-0.059690,-0.353894,0.858613,0.998993,-0.309505,-0.145884,-0.286926,0.014860,-0.954723,-0.910394,-0.694162,-0.169445,-0.700598,-0.080953,0.070995,3
-0.011709,-0.071927,0.004071,0.258774,-0.287518,0.052863,-0.046539,0.035725,0.010218,0.314901,-0.320876,-0.029819,0.113028,0.005632,-0.059670,-0.353966,0.857235,0.998753,-0.310523,-0.143715,-0.286411,0.014848,-0.953837,-0.910597,-0.694366,-0.169445,-0.699423,-0.080929,0.071031,3
-0.011726,-0.071927,0.004125,0.258723,-0.287518,0.052863,-0.046599,0.035708,0.010231,0.314901,-0.320872,-0.029812,0.111581,0.005624,-0.059685,-0.353990,0.855929,0.998574,-0.311506,-0.141761,-0.285836,0.014824,-0.952530,-0.910693,-0.694270,-0.169457,-0.698189,-0.081049,0.071114,3
-0.011718,-0.071927,0.004138,0.258638,-0.287514,0.052870,-0.046624,0.035716,0.010245,0.314875,-0.320863,-0.029826,0.110041,0.005632,-0.059680,-0.353954,0.854658,0.998394,-0.313064,-0.139568,-0.285308,0.014801,-0.951080,-0.910514,-0.694054,-0.169505,-0.696895,-0.081157,0.071246,3
-0.011718,-0.071918,0.004085,0.258612,-0.287518,0.052878,-0.046676,0.035708,0.010258,0.314858,-0.320855,-0.029812,0.108367,0.005662,-0.059680,-0.353930,0.853424,0.998322,-0.314346,-0.136632,-0.284829,0.014836,-0.949762,-0.910334,-0.693767,-0.169505,-0.695073,-0.081229,0.071390,3
-0.011726,-0.071927,0.004044,0.258646,-0.287518,0.052892,-0.046684,0.035708,0.010258,0.314858,-0.320834,-0.029790,0.106707,0.005731,-0.059665,-0.353834,0.852250,0.998286,-0.315832,-0.134930,-0.284110,0.014908,-0.948755,-0.910370,-0.693671,-0.169481,-0.693875,-0.081157,0.071522,3
-0.011726,-0.071935,0.004058,0.258689,-0.287518,0.052878,-0.046684,0.035708,0.010258,0.314850,-0.320834,-0.029790,0.104979,0.005814,-0.059641,-0.353810,0.851207,0.998274,-0.317282,-0.133444,-0.283679,0.014968,-0.948096,-0.910561,-0.694018,-0.169469,-0.692808,-0.081145,0.071546,3
-0.011769,-0.071935,0.003977,0.258783,-0.287502,0.052907,-0.046642,0.035725,0.010258,0.314867,-0.320826,-0.029805,0.101310,0.006012,-0.059641,-0.353786,0.849769,0.998310,-0.319044,-0.131407,-0.283247,0.014992,-0.947329,-0.910633,-0.695157,-0.169481,-0.691562,-0.080858,0.071378,3
-0.011752,-0.071927,0.003951,0.258834,-0.287494,0.052921,-0.046607,0.035725,0.010258,0.314875,-0.320826,-0.029805,0.099756,0.006149,-0.059622,-0.353786,0.848247,0.998358,-0.320075,-0.130017,-0.283055,0.015028,-0.946634,-0.910358,-0.695828,-0.169505,-0.690939,-0.080678,0.071198,3
-0.011761,-0.071935,0.003964,0.258893,-0.287490,0.052914,-0.046573,0.035708,0.010258,0.314884,-0.320801,-0.029790,0.098551,0.006378,-0.059523,-0.353810,0.847072,0.998418,-0.321093,-0.128519,-0.282995,0.015076,-0.945663,-0.910238,-0.696379,-0.169505,-0.690483,-0.080750,0.071019,3
-0.011761,-0.071927,0.003964,0.258910,-0.287494,0.052907,-0.046539,0.035725,0.010258,0.314892,-0.320810,-0.029805,0.097654,0.006568,-0.059449,-0.353846,0.845862,0.998693,-0.322136,-0.126961,-0.283043,0.015160,-0.944573,-0.910154,-0.696931,-0.169481,-0.690184,-0.080977,0.070959,3
-0.011769,-0.071935,0.003964,0.258944,-0.287494,0.052907,-0.046522,0.035725,0.010245,0.314884,-0.320814,-0.029812,0.096957,0.006743,-0.059395,-0.353858,0.844736,0.998897,-0.323982,-0.125655,-0.283199,0.015268,-0.943494,-0.910046,-0.697278,-0.169505,-0.690004,-0.081133,0.070971,3
-0.011761,-0.071935,0.003964,0.258962,-0.287494,0.052907,-0.046505,0.035716,0.010245,0.314875,-0.320810,-0.029805,0.096502,0.006865,-0.059365,-0.353870,0.843753,0.999053,-0.325228,-0.123857,-0.283391,0.015280,-0.942607,-0.909974,-0.697662,-0.169505,-0.689908,-0.081181,0.071031,3
-0.011786,-0.071935,0.003977,0.259013,-0.287494,0.052907,-0.046514,0.035725,0.010258,0.314858,-0.320806,-0.029812,0.096301,0.006986,-0.059366,-0.353858,0.842830,0.999101,-0.326402,-0.122683,-0.283691,0.015268,-0.941876,-0.909974,-0.698093,-0.169481,-0.689932,-0.081241,0.071066,3
-0.011786,-0.071927,0.003964,0.259013,-0.287494,0.052907,-0.046505,0.035699,0.010258,0.314858,-0.320789,-0.029812,0.096154,0.007093,-0.059396,-0.353846,0.841943,0.999101,-0.327361,-0.121424,-0.283846,0.015256,-0.941265,-0.909986,-0.698608,-0.169493,-0.689968,-0.081265,0.071078,3
-0.011769,-0.071935,0.003991,0.259004,-0.287498,0.052914,-0.046488,0.035708,0.010258,0.314858,-0.320777,-0.029820,0.095538,0.007238,-0.059381,-0.353834,0.841032,0.999101,-0.328164,-0.120070,-0.283978,0.015244,-0.940546,-0.910010,-0.699148,-0.169505,-0.689980,-0.081217,0.071031,3
-0.011735,-0.071935,0.004085,0.258970,-0.287502,0.052921,-0.046539,0.035708,0.010285,0.314884,-0.320769,-0.029805,0.094266,0.007519,-0.059348,-0.353810,0.839307,0.999077,-0.329303,-0.117901,-0.284218,0.015208,-0.938137,-0.910190,-0.700023,-0.169469,-0.689980,-0.081217,0.070983,3
-0.011709,-0.071935,0.004111,0.258953,-0.287490,0.052914,-0.046556,0.035725,0.010339,0.314901,-0.320789,-0.029812,0.093757,0.007626,-0.059278,-0.353822,0.838120,0.999065,-0.329710,-0.117266,-0.284350,0.015196,-0.937430,-0.910430,-0.700394,-0.169469,-0.689968,-0.081241,0.070959,3
-0.011633,-0.071927,0.004312,0.258851,-0.287498,0.052914,-0.046642,0.035708,0.010526,0.314909,-0.320793,-0.029820,0.092150,0.007755,-0.059244,-0.353834,0.836287,0.998801,-0.331244,-0.115516,-0.284745,0.015112,-0.935201,-0.910801,-0.702084,-0.169517,-0.689908,-0.081241,0.070959,3
-0.011573,-0.071927,0.004393,0.258740,-0.287498,0.052914,-0.046710,0.035716,0.010687,0.314918,-0.320789,-0.029841,0.091038,0.007763,-0.059249,-0.353846,0.835136,0.998562,-0.333078,-0.114533,-0.285033,0.014956,-0.933727,-0.911089,-0.702947,-0.169625,-0.689824,-0.081217,0.070947,3
-0.011496,-0.071918,0.004460,0.258663,-0.287494,0.052907,-0.046778,0.035725,0.010847,0.314901,-0.320777,-0.029820,0.090047,0.007793,-0.059279,-0.353834,0.834070,0.998286,-0.334492,-0.113467,-0.285237,0.014741,-0.932109,-0.911364,-0.703762,-0.169781,-0.689728,-0.081241,0.070947,3
-0.011437,-0.071918,0.004513,0.258638,-0.287494,0.052907,-0.046829,0.035716,0.010968,0.314884,-0.320785,-0.029805,0.089110,0.007839,-0.059299,-0.353858,0.833003,0.998058,-0.335966,-0.111981,-0.285332,0.014525,-0.930240,-0.911616,-0.704409,-0.169960,-0.689488,-0.081265,0.070923,3
-0.011403,-0.071927,0.004553,0.258672,-0.287498,0.052899,-0.046855,0.035716,0.011035,0.314867,-0.320797,-0.029827,0.088172,0.007930,-0.059299,-0.353834,0.831948,0.997950,-0.337416,-0.110794,-0.285296,0.014381,-0.928394,-0.911880,-0.704936,-0.170080,-0.689249,-0.081325,0.070971,3
-0.011394,-0.071927,0.004553,0.258706,-0.287498,0.052899,-0.046880,0.035716,0.011035,0.314858,-0.320797,-0.029827,0.086579,0.008052,-0.059290,-0.353894,0.830894,0.997902,-0.338698,-0.109488,-0.285225,0.014249,-0.926764,-0.912095,-0.705320,-0.170164,-0.688913,-0.081325,0.070971,3
-0.011420,-0.071944,0.004526,0.258766,-0.287514,0.052885,-0.046880,0.035725,0.011022,0.314867,-0.320781,-0.029827,0.085333,0.008196,-0.059286,-0.354206,0.829875,0.997938,-0.339753,-0.108122,-0.285141,0.014237,-0.924511,-0.912275,-0.705643,-0.170272,-0.688530,-0.081325,0.070971,3
-0.011471,-0.071935,0.004486,0.258825,-0.287518,0.052863,-0.046863,0.035716,0.011022,0.314875,-0.320789,-0.029812,0.083860,0.008311,-0.059281,-0.354517,0.828425,0.997998,-0.340604,-0.106779,-0.284997,0.014309,-0.922881,-0.912455,-0.706015,-0.170344,-0.687978,-0.081313,0.070923,3
-0.011513,-0.071927,0.004419,0.258910,-0.287543,0.052820,-0.046838,0.035716,0.011022,0.314875,-0.320793,-0.029820,0.081423,0.008508,-0.059262,-0.354841,0.826843,0.998130,-0.342018,-0.104970,-0.284829,0.014405,-0.920532,-0.912431,-0.707009,-0.170440,-0.686936,-0.081277,0.070719,3
-0.011522,-0.071935,0.004352,0.258970,-0.287547,0.052813,-0.046795,0.035708,0.011008,0.314901,-0.320797,-0.029798,0.079441,0.008592,-0.059277,-0.354889,0.825777,0.998274,-0.343863,-0.103891,-0.284697,0.014465,-0.919262,-0.912347,-0.707573,-0.170512,-0.685941,-0.081241,0.070431,3
-0.011530,-0.071935,0.004312,0.259030,-0.287555,0.052798,-0.046744,0.035699,0.010941,0.314901,-0.320789,-0.029812,0.077151,0.008676,-0.059293,-0.354817,0.824806,0.998454,-0.345493,-0.102825,-0.284673,0.014501,-0.918387,-0.912275,-0.708208,-0.170548,-0.684695,-0.081253,0.070036,3
-0.011556,-0.071918,0.004205,0.259055,-0.287547,0.052813,-0.046693,0.035708,0.010847,0.314875,-0.320789,-0.029841,0.074700,0.008744,-0.059308,-0.354721,0.823907,0.998705,-0.347147,-0.101087,-0.284697,0.014525,-0.917860,-0.912191,-0.708819,-0.170595,-0.682274,-0.081265,0.069580,3
-0.011565,-0.071935,0.004111,0.259106,-0.287551,0.052820,-0.046642,0.035708,0.010740,0.314858,-0.320781,-0.029827,0.072209,0.008836,-0.059318,-0.354685,0.822996,0.998981,-0.348621,-0.099912,-0.284637,0.014525,-0.917632,-0.912071,-0.709490,-0.170631,-0.680057,-0.081289,0.069173,3
-0.011590,-0.071935,0.003991,0.259098,-0.287555,0.052827,-0.046582,0.035716,0.010633,0.314875,-0.320789,-0.029812,0.069183,0.008912,-0.059309,-0.354721,0.822169,0.999305,-0.349999,-0.098894,-0.284565,0.014537,-0.917644,-0.911940,-0.710065,-0.170667,-0.677648,-0.081313,0.068706,3
-0.011616,-0.071935,0.003884,0.259089,-0.287551,0.052820,-0.046497,0.035725,0.010486,0.314875,-0.320789,-0.029841,0.067388,0.009011,-0.059314,-0.354709,0.821354,0.999640,-0.351354,-0.098103,-0.284482,0.014513,-0.917956,-0.911772,-0.710677,-0.170667,-0.674892,-0.081313,0.068478,3
-0.011633,-0.071944,0.003790,0.259089,-0.287559,0.052805,-0.046480,0.035716,0.010379,0.314909,-0.320785,-0.029849,0.065674,0.009094,-0.059320,-0.354637,0.820515,1.000024,-0.352792,-0.097504,-0.284422,0.014477,-0.918231,-0.911604,-0.711264,-0.170667,-0.672015,-0.081325,0.068298,3
-0.011641,-0.071927,0.003750,0.259047,-0.287551,0.052820,-0.046446,0.035716,0.010298,0.314901,-0.320793,-0.029863,0.064080,0.009208,-0.059295,-0.354553,0.819221,1.000443,-0.354230,-0.097024,-0.284386,0.014441,-0.918351,-0.911316,-0.711803,-0.170703,-0.669343,-0.081349,0.068178,3
-0.011650,-0.071935,0.003710,0.259038,-0.287555,0.052798,-0.046428,0.035725,0.010164,0.314901,-0.320798,-0.029856,0.061857,0.009292,-0.059291,-0.354374,0.817963,1.001282,-0.356219,-0.096533,-0.284314,0.014321,-0.917416,-0.911017,-0.712750,-0.170667,-0.665616,-0.081445,0.068046,3
-0.011641,-0.071927,0.003696,0.259021,-0.287547,0.052813,-0.046420,0.035699,0.010138,0.314884,-0.320806,-0.029870,0.061161,0.009323,-0.059291,-0.354302,0.817543,1.001498,-0.357346,-0.096425,-0.284290,0.014285,-0.916865,-0.910825,-0.712894,-0.170595,-0.664489,-0.081517,0.068046,3
-0.011599,-0.071927,0.003750,0.258996,-0.287559,0.052791,-0.046394,0.035716,0.010071,0.314884,-0.320802,-0.029878,0.059179,0.009391,-0.059266,-0.354134,0.816597,1.001977,-0.358688,-0.096185,-0.284230,0.014213,-0.915331,-0.910034,-0.713157,-0.170512,-0.659528,-0.081708,0.068034,3
-0.011565,-0.071935,0.003790,0.258996,-0.287550,0.052776,-0.046420,0.035716,0.010017,0.314875,-0.320818,-0.029906,0.057679,0.009444,-0.059252,-0.354062,0.816021,1.002205,-0.359611,-0.096197,-0.284290,0.014165,-0.914265,-0.909603,-0.713229,-0.170464,-0.656568,-0.081744,0.068046,3
-0.011539,-0.071927,0.003817,0.258996,-0.287567,0.052776,-0.046437,0.035699,0.010004,0.314875,-0.320827,-0.029921,0.055563,0.009490,-0.059242,-0.354014,0.815398,1.002373,-0.360629,-0.096221,-0.284434,0.014057,-0.913270,-0.909399,-0.713277,-0.170464,-0.653584,-0.081744,0.068154,3
-0.011539,-0.071935,0.003843,0.258996,-0.287567,0.052776,-0.046463,0.035708,0.010004,0.314875,-0.320835,-0.029935,0.053983,0.009513,-0.059247,-0.354014,0.814799,1.002445,-0.361828,-0.096269,-0.284757,0.014010,-0.912227,-0.909363,-0.713457,-0.170440,-0.650660,-0.081684,0.068202,3
-0.011530,-0.071935,0.003857,0.259013,-0.287567,0.052776,-0.046514,0.035716,0.009977,0.314875,-0.320843,-0.029950,0.052376,0.009528,-0.059257,-0.354086,0.814176,1.002409,-0.363182,-0.096293,-0.285129,0.013998,-0.910897,-0.909243,-0.713864,-0.170440,-0.647747,-0.081541,0.068226,3
-0.011522,-0.071935,0.003870,0.259013,-0.287567,0.052776,-0.046531,0.035716,0.009964,0.314884,-0.320847,-0.029957,0.050662,0.009536,-0.059242,-0.354110,0.813253,1.002301,-0.364560,-0.096305,-0.285440,0.014010,-0.910154,-0.908812,-0.714368,-0.170440,-0.645015,-0.081349,0.068262,3
-0.011513,-0.071935,0.003884,0.259013,-0.287571,0.052784,-0.046548,0.035725,0.009937,0.314884,-0.320856,-0.029972,0.048813,0.009627,-0.059213,-0.354146,0.812642,1.002145,-0.365771,-0.096305,-0.285620,0.013950,-0.909591,-0.908572,-0.715075,-0.170416,-0.642486,-0.081229,0.068262,3
-0.011488,-0.071927,0.003843,0.259030,-0.287579,0.052769,-0.046582,0.035716,0.009923,0.314901,-0.320860,-0.029993,0.047019,0.009657,-0.059183,-0.354170,0.812067,1.002049,-0.367173,-0.096305,-0.285704,0.013902,-0.909183,-0.908500,-0.715434,-0.170404,-0.639838,-0.081205,0.068238,3
-0.011479,-0.071935,0.003790,0.259013,-0.287583,0.052747,-0.046616,0.035708,0.009910,0.314926,-0.320876,-0.030022,0.044729,0.009741,-0.059168,-0.354170,0.811264,1.001917,-0.368599,-0.096269,-0.285692,0.013794,-0.908680,-0.908548,-0.715938,-0.170332,-0.634229,-0.081253,0.068190,3
-0.011462,-0.071935,0.003777,0.259021,-0.287579,0.052755,-0.046624,0.035725,0.009910,0.314918,-0.320872,-0.030029,0.044166,0.009749,-0.059163,-0.354158,0.811024,1.001917,-0.369054,-0.096269,-0.285644,0.013746,-0.908428,-0.908548,-0.716069,-0.170308,-0.632851,-0.081313,0.068166,3
-0.011462,-0.071935,0.003763,0.259004,-0.287579,0.052755,-0.046693,0.035708,0.009897,0.314901,-0.320876,-0.030037,0.042559,0.009734,-0.059153,-0.354110,0.810233,1.001977,-0.370684,-0.096269,-0.285584,0.013518,-0.907134,-0.908440,-0.716501,-0.170200,-0.629244,-0.081481,0.068178,3
-0.011479,-0.071935,0.003777,0.259004,-0.287579,0.052755,-0.046701,0.035716,0.009910,0.314892,-0.320893,-0.030051,0.041917,0.009764,-0.059144,-0.354110,0.809670,1.002061,-0.372026,-0.096269,-0.285584,0.013386,-0.905576,-0.908332,-0.716848,-0.170128,-0.626991,-0.081577,0.068202,3
-0.011411,-0.071927,0.003830,0.258996,-0.287588,0.052769,-0.046701,0.035725,0.009897,0.314884,-0.320897,-0.030058,0.041113,0.009886,-0.059084,-0.354110,0.809142,1.002121,-0.373464,-0.096245,-0.285572,0.013279,-0.904605,-0.908260,-0.717304,-0.170080,-0.625229,-0.081577,0.068202,3
-0.011369,-0.071935,0.003843,0.258996,-0.287583,0.052747,-0.046684,0.035716,0.009897,0.314884,-0.320909,-0.030066,0.039988,0.010076,-0.059001,-0.354122,0.808339,1.002145,-0.374926,-0.096233,-0.285512,0.013171,-0.903455,-0.908320,-0.717783,-0.170044,-0.623635,-0.081517,0.068214,3
-0.011309,-0.071927,0.003884,0.258987,-0.287583,0.052762,-0.046735,0.035725,0.009883,0.314918,-0.320909,-0.030095,0.038515,0.010205,-0.058927,-0.354134,0.807872,1.002133,-0.376185,-0.096233,-0.285404,0.013027,-0.902244,-0.908548,-0.718622,-0.170080,-0.622365,-0.081481,0.068214,3
-0.011275,-0.071927,0.003870,0.258936,-0.287575,0.052747,-0.046769,0.035725,0.009897,0.314901,-0.320918,-0.030138,0.036868,0.010266,-0.058867,-0.354158,0.807357,1.002121,-0.377719,-0.096221,-0.285273,0.012883,-0.900866,-0.908872,-0.719221,-0.170104,-0.621178,-0.081469,0.068214,3
-0.011190,-0.071918,0.003937,0.258876,-0.287579,0.052755,-0.046846,0.035725,0.009964,0.314875,-0.320922,-0.030145,0.034444,0.010281,-0.058847,-0.354158,0.806458,1.002049,-0.378821,-0.096233,-0.284949,0.012667,-0.898841,-0.909531,-0.720216,-0.170104,-0.618901,-0.081493,0.068226,3
-0.011138,-0.071927,0.003991,0.258868,-0.287579,0.052755,-0.046889,0.035733,0.010004,0.314875,-0.320914,-0.030145,0.032917,0.010266,-0.058827,-0.354122,0.805739,1.002013,-0.379433,-0.096209,-0.284769,0.012512,-0.897798,-0.909914,-0.720851,-0.170104,-0.617775,-0.081529,0.068226,3
-0.011113,-0.071944,0.004018,0.258834,-0.287579,0.052755,-0.046914,0.035716,0.009977,0.314901,-0.320914,-0.030145,0.030667,0.010266,-0.058827,-0.354122,0.805008,1.002037,-0.380176,-0.096209,-0.284601,0.012308,-0.897079,-0.910214,-0.721438,-0.170104,-0.616660,-0.081553,0.068190,3
-0.011147,-0.071935,0.003991,0.258876,-0.287592,0.052747,-0.046931,0.035725,0.009964,0.314901,-0.320910,-0.030138,0.029074,0.010319,-0.058813,-0.354098,0.804313,1.002061,-0.381290,-0.096197,-0.284589,0.012152,-0.895989,-0.910478,-0.721966,-0.170104,-0.615462,-0.081577,0.068190,3
-0.011198,-0.071927,0.003964,0.258893,-0.287600,0.052733,-0.046914,0.035725,0.009950,0.314875,-0.320897,-0.030116,0.027360,0.010449,-0.058758,-0.354110,0.803318,1.002145,-0.382465,-0.096197,-0.284649,0.011984,-0.894898,-0.910849,-0.722373,-0.170092,-0.614419,-0.081637,0.068190,3
-0.011249,-0.071935,0.003924,0.258953,-0.287596,0.052726,-0.046897,0.035699,0.009950,0.314884,-0.320893,-0.030124,0.025525,0.010555,-0.058719,-0.354110,0.802683,1.002265,-0.383687,-0.096197,-0.284661,0.011852,-0.893460,-0.911125,-0.722841,-0.170056,-0.613437,-0.081696,0.068214,3
-0.011275,-0.071935,0.003897,0.259021,-0.287612,0.052711,-0.046855,0.035725,0.009937,0.314875,-0.320893,-0.030109,0.023382,0.010685,-0.058665,-0.354122,0.802048,1.002337,-0.385437,-0.096209,-0.284577,0.011685,-0.891686,-0.911340,-0.723188,-0.170044,-0.612490,-0.081696,0.068226,3
-0.011309,-0.071927,0.003857,0.259055,-0.287620,0.052697,-0.046829,0.035716,0.009950,0.314875,-0.320876,-0.030095,0.020905,0.010791,-0.058626,-0.354110,0.801413,1.002445,-0.386503,-0.096185,-0.284410,0.011529,-0.889685,-0.911556,-0.723596,-0.170032,-0.611627,-0.081684,0.068238,3
-0.011309,-0.071935,0.003817,0.259098,-0.287620,0.052697,-0.046795,0.035725,0.009937,0.314901,-0.320881,-0.030087,0.018494,0.010882,-0.058576,-0.354134,0.800849,1.002528,-0.387426,-0.096197,-0.284254,0.011409,-0.887672,-0.911796,-0.724003,-0.170008,-0.610237,-0.081553,0.068250,3
-0.011309,-0.071927,0.003817,0.259098,-0.287620,0.052697,-0.046761,0.035708,0.009937,0.314918,-0.320872,-0.030102,0.016566,0.010966,-0.058562,-0.354122,0.800358,1.002600,-0.388181,-0.096185,-0.283990,0.011349,-0.885670,-0.912035,-0.724434,-0.170008,-0.609326,-0.081421,0.068250,3
-0.011326,-0.071910,0.003817,0.259115,-0.287620,0.052697,-0.046752,0.035716,0.009937,0.314926,-0.320868,-0.030095,0.013928,0.011019,-0.058547,-0.354134,0.800010,1.002708,-0.388936,-0.096197,-0.283798,0.011241,-0.883753,-0.912251,-0.724782,-0.170020,-0.608403,-0.081325,0.068226,3
-0.011343,-0.071884,0.003817,0.259098,-0.287624,0.052675,-0.046710,0.035725,0.009937,0.314926,-0.320872,-0.030102,0.012227,0.011103,-0.058543,-0.354122,0.799795,1.002816,-0.389799,-0.096197,-0.283607,0.011205,-0.881679,-0.912455,-0.725070,-0.169996,-0.607528,-0.081241,0.068214,3
-0.011369,-0.071850,0.003830,0.259072,-0.287624,0.052675,-0.046667,0.035725,0.009923,0.314918,-0.320868,-0.030095,0.009910,0.011156,-0.058538,-0.354122,0.799795,1.003020,-0.391249,-0.096173,-0.283319,0.011193,-0.878000,-0.912826,-0.725477,-0.169972,-0.606354,-0.081145,0.068190,3
-0.011403,-0.071807,0.003857,0.259055,-0.287624,0.052675,-0.046676,0.035742,0.009937,0.314901,-0.320864,-0.030117,0.008424,0.011225,-0.058543,-0.354122,0.799963,1.003152,-0.392328,-0.096185,-0.283139,0.011205,-0.876814,-0.912982,-0.725765,-0.169912,-0.605623,-0.081097,0.068190,3
-0.011411,-0.071790,0.003884,0.259021,-0.287616,0.052690,-0.046667,0.035725,0.009910,0.314901,-0.320860,-0.030109,0.007205,0.011263,-0.058549,-0.354110,0.800118,1.003295,-0.393442,-0.096185,-0.282984,0.011253,-0.876203,-0.913102,-0.726268,-0.169840,-0.604964,-0.081061,0.068166,3
-0.011411,-0.071773,0.003857,0.258996,-0.287616,0.052690,-0.046659,0.035742,0.009910,0.314901,-0.320860,-0.030109,0.006013,0.011278,-0.058559,-0.354122,0.800094,1.003403,-0.395036,-0.096185,-0.282804,0.011241,-0.876107,-0.913186,-0.726699,-0.169781,-0.604293,-0.080989,0.068154,3
-0.011403,-0.071748,0.003843,0.258996,-0.287616,0.052690,-0.046667,0.035733,0.009910,0.314918,-0.320860,-0.030124,0.004982,0.011270,-0.058574,-0.354122,0.799819,1.003523,-0.395839,-0.096185,-0.282636,0.011277,-0.876430,-0.913270,-0.727131,-0.169757,-0.603478,-0.080953,0.068142,3
-0.011394,-0.071748,0.003817,0.258996,-0.287612,0.052697,-0.046676,0.035750,0.009883,0.314918,-0.320860,-0.030124,0.003910,0.011278,-0.058569,-0.354122,0.799495,1.003631,-0.396510,-0.096197,-0.282384,0.011265,-0.877006,-0.913318,-0.727538,-0.169745,-0.602950,-0.080941,0.068154,3
-0.011360,-0.071731,0.003803,0.258996,-0.287608,0.052704,-0.046684,0.035725,0.009883,0.314926,-0.320868,-0.030124,0.002826,0.011286,-0.058564,-0.354110,0.799219,1.003751,-0.397181,-0.096197,-0.282300,0.011277,-0.877845,-0.913342,-0.727910,-0.169745,-0.602483,-0.080965,0.068130,3
-0.011369,-0.071731,0.003817,0.259004,-0.287612,0.052697,-0.046693,0.035742,0.009897,0.314926,-0.320872,-0.030131,0.001205,0.011301,-0.058554,-0.354122,0.799064,1.003919,-0.397984,-0.096185,-0.282348,0.011277,-0.877845,-0.913402,-0.728162,-0.169721,-0.602064,-0.080989,0.068166,3
-0.011334,-0.071705,0.003843,0.259004,-0.287612,0.052711,-0.046701,0.035750,0.009897,0.314901,-0.320877,-0.030153,-0.000562,0.011385,-0.058520,-0.354110,0.799004,1.004338,-0.399171,-0.096197,-0.282576,0.011289,-0.875532,-0.913414,-0.728473,-0.169673,-0.601656,-0.081457,0.068190,3
-0.011343,-0.071705,0.003857,0.259021,-0.287616,0.052690,-0.046718,0.035759,0.009910,0.314884,-0.320877,-0.030153,-0.001835,0.011522,-0.058431,-0.354122,0.799148,1.004733,-0.399806,-0.096185,-0.282792,0.011277,-0.874621,-0.913414,-0.728725,-0.169613,-0.601416,-0.081744,0.068190,3
-0.011309,-0.071688,0.003857,0.259013,-0.287616,0.052690,-0.046727,0.035776,0.009897,0.314884,-0.320877,-0.030153,-0.003053,0.011575,-0.058396,-0.354110,0.799267,1.005572,-0.400405,-0.096185,-0.282948,0.011277,-0.874010,-0.913414,-0.729312,-0.169637,-0.601261,-0.081840,0.068214,3
-0.011317,-0.071680,0.003884,0.259030,-0.287612,0.052682,-0.046761,0.035776,0.009897,0.314858,-0.320885,-0.030167,-0.004379,0.011620,-0.058367,-0.354110,0.799339,1.006148,-0.401400,-0.096185,-0.283031,0.011265,-0.873422,-0.913378,-0.729731,-0.169625,-0.601081,-0.081744,0.068214,3
-0.011309,-0.071680,0.003830,0.259013,-0.287608,0.052704,-0.046786,0.035776,0.009897,0.314875,-0.320893,-0.030182,-0.005718,0.011643,-0.058352,-0.354098,0.799387,1.006699,-0.402179,-0.096185,-0.283079,0.011265,-0.872787,-0.913258,-0.730187,-0.169589,-0.600889,-0.081649,0.068202,3
-0.011309,-0.071662,0.003857,0.259013,-0.287608,0.052704,-0.046821,0.035776,0.009897,0.314901,-0.320885,-0.030196,-0.007058,0.011643,-0.058352,-0.354098,0.799387,1.007166,-0.402934,-0.096197,-0.283139,0.011277,-0.872116,-0.913090,-0.730702,-0.169637,-0.600769,-0.081637,0.068214,3
-0.011317,-0.071662,0.003817,0.259013,-0.287608,0.052704,-0.046846,0.035767,0.009883,0.314926,-0.320885,-0.030196,-0.008343,0.011643,-0.058332,-0.354110,0.799387,1.007574,-0.403581,-0.096185,-0.283139,0.011265,-0.871325,-0.912886,-0.731182,-0.169613,-0.600661,-0.081589,0.068190,3
-0.011309,-0.071628,0.003843,0.259013,-0.287608,0.052704,-0.046872,0.035784,0.009883,0.314960,-0.320889,-0.030203,-0.010847,0.011719,-0.058283,-0.354110,0.799411,1.008017,-0.404288,-0.096185,-0.283055,0.011241,-0.870163,-0.912599,-0.731889,-0.169613,-0.600458,-0.081493,0.068202,3
-0.011283,-0.071620,0.003817,0.259013,-0.287612,0.052697,-0.046914,0.035784,0.009870,0.314969,-0.320885,-0.030196,-0.011544,0.011773,-0.058268,-0.354098,0.799423,1.008113,-0.404516,-0.096185,-0.283031,0.011241,-0.869372,-0.912539,-0.732092,-0.169601,-0.600374,-0.081469,0.068202,3
-0.011266,-0.071594,0.003843,0.259013,-0.287599,0.052690,-0.046957,0.035793,0.009883,0.314960,-0.320889,-0.030203,-0.013486,0.011879,-0.058179,-0.354110,0.799435,1.008233,-0.405247,-0.096161,-0.282995,0.011205,-0.868257,-0.912551,-0.732668,-0.169637,-0.600146,-0.081457,0.068190,3
-0.011249,-0.071577,0.003857,0.258987,-0.287603,0.052682,-0.046991,0.035801,0.009923,0.314943,-0.320893,-0.030211,-0.014852,0.011909,-0.058179,-0.354110,0.799411,1.008149,-0.405774,-0.096185,-0.283019,0.011229,-0.867562,-0.912683,-0.733087,-0.169637,-0.599942,-0.081457,0.068214,3
-0.011232,-0.071552,0.003857,0.258953,-0.287595,0.052697,-0.047034,0.035827,0.009950,0.314918,-0.320902,-0.030225,-0.016204,0.011871,-0.058194,-0.354134,0.799411,1.008041,-0.406481,-0.096149,-0.283031,0.011205,-0.866819,-0.912802,-0.733375,-0.169673,-0.599751,-0.081457,0.068226,3
-0.011198,-0.071535,0.003857,0.258927,-0.287595,0.052682,-0.047059,0.035827,0.009964,0.314943,-0.320902,-0.030225,-0.017517,0.011856,-0.058184,-0.354134,0.799399,1.007885,-0.406852,-0.096137,-0.283019,0.011205,-0.866040,-0.912946,-0.733782,-0.169673,-0.599391,-0.081505,0.068226,3
-0.011181,-0.071509,0.003817,0.258927,-0.287587,0.052668,-0.047093,0.035853,0.009977,0.314960,-0.320910,-0.030240,-0.018682,0.011871,-0.058174,-0.354098,0.799399,1.007706,-0.407188,-0.096113,-0.282972,0.011205,-0.865093,-0.913018,-0.734345,-0.169697,-0.599139,-0.081469,0.068250,3
-0.011164,-0.071466,0.003817,0.258910,-0.287591,0.052675,-0.047110,0.035878,0.009977,0.314977,-0.320893,-0.030240,-0.019820,0.011909,-0.058150,-0.354122,0.799411,1.007574,-0.407524,-0.096113,-0.282888,0.011181,-0.864027,-0.913078,-0.735040,-0.169769,-0.598804,-0.081433,0.068238,3
-0.011181,-0.071441,0.003790,0.258910,-0.287599,0.052661,-0.047119,0.035895,0.009964,0.315020,-0.320902,-0.030225,-0.021561,0.011978,-0.058115,-0.354098,0.799411,1.007502,-0.407823,-0.096102,-0.282876,0.011121,-0.862960,-0.913090,-0.735712,-0.169816,-0.598420,-0.081385,0.068238,3
-0.011207,-0.071398,0.003790,0.258936,-0.287620,0.052639,-0.047119,0.035921,0.009964,0.315029,-0.320902,-0.030225,-0.022820,0.012024,-0.058086,-0.354110,0.799411,1.007394,-0.408135,-0.096078,-0.282840,0.011037,-0.861414,-0.913102,-0.736383,-0.169888,-0.597953,-0.081385,0.068226,3
-0.011232,-0.071373,0.003817,0.258953,-0.287615,0.052632,-0.047119,0.035963,0.009977,0.315063,-0.320897,-0.030232,-0.024105,0.012107,-0.058071,-0.354134,0.799423,1.007394,-0.408434,-0.096018,-0.282792,0.010966,-0.860527,-0.913102,-0.736970,-0.169924,-0.597402,-0.081397,0.068202,3
-0.011232,-0.071279,0.003843,0.258996,-0.287615,0.052617,-0.047127,0.036014,0.009950,0.315054,-0.320897,-0.030232,-0.026168,0.012199,-0.058012,-0.354158,0.799495,1.007466,-0.408878,-0.095910,-0.282660,0.010822,-0.859413,-0.913126,-0.738084,-0.169984,-0.596419,-0.081421,0.068202,3
-0.011224,-0.071245,0.003817,0.258987,-0.287611,0.052610,-0.047119,0.036057,0.009964,0.315063,-0.320885,-0.030240,-0.027668,0.012229,-0.057992,-0.354134,0.799555,1.007538,-0.409213,-0.095838,-0.282576,0.010690,-0.858610,-0.913138,-0.738696,-0.170032,-0.595688,-0.081481,0.068190,3
-0.011215,-0.071202,0.003817,0.259038,-0.287607,0.052574,-0.047110,0.036100,0.009950,0.315029,-0.320881,-0.030262,-0.029235,0.012252,-0.057977,-0.354134,0.799627,1.007574,-0.409705,-0.095754,-0.282456,0.010582,-0.857831,-0.913150,-0.739259,-0.170104,-0.594969,-0.081529,0.068226,3
-0.011207,-0.071168,0.003817,0.259055,-0.287606,0.052531,-0.047119,0.036151,0.009964,0.315011,-0.320869,-0.030254,-0.030908,0.012305,-0.057953,-0.354134,0.799723,1.007646,-0.410064,-0.095634,-0.282300,0.010486,-0.857052,-0.913138,-0.739870,-0.170116,-0.593890,-0.081613,0.068226,3
-0.011215,-0.071134,0.003817,0.259072,-0.287593,0.052466,-0.047119,0.036176,0.009950,0.315003,-0.320869,-0.030269,-0.032757,0.012366,-0.057914,-0.354110,0.799843,1.007646,-0.410484,-0.095574,-0.281977,0.010402,-0.856357,-0.913138,-0.740409,-0.170128,-0.593183,-0.081649,0.068238,3
-0.011215,-0.071109,0.003817,0.259072,-0.287584,0.052408,-0.047110,0.036210,0.009910,0.315003,-0.320864,-0.030262,-0.035609,0.012480,-0.057879,-0.354134,0.799975,1.007622,-0.410975,-0.095514,-0.281677,0.010270,-0.855829,-0.913138,-0.740937,-0.170152,-0.592512,-0.081672,0.068214,3
-0.011207,-0.071083,0.003817,0.259064,-0.287572,0.052372,-0.047102,0.036262,0.009910,0.315003,-0.320848,-0.030276,-0.037524,0.012564,-0.057825,-0.354122,0.800082,1.007574,-0.411514,-0.095454,-0.281246,0.010187,-0.855170,-0.913138,-0.741356,-0.170152,-0.591829,-0.081649,0.068226,3
-0.011241,-0.071066,0.003843,0.259055,-0.287555,0.052343,-0.047085,0.036296,0.009883,0.314986,-0.320848,-0.030291,-0.039265,0.012632,-0.057781,-0.354122,0.800202,1.007538,-0.412197,-0.095382,-0.280814,0.010127,-0.854763,-0.913138,-0.741692,-0.170128,-0.591170,-0.081637,0.068226,3
-0.011232,-0.071049,0.003843,0.259047,-0.287534,0.052307,-0.047051,0.036364,0.009856,0.314977,-0.320848,-0.030291,-0.040765,0.012762,-0.057697,-0.354122,0.800298,1.007502,-0.412893,-0.095311,-0.280203,0.010055,-0.854379,-0.913018,-0.741967,-0.170104,-0.590427,-0.081613,0.068190,3
-0.011232,-0.071066,0.003843,0.259055,-0.287513,0.052270,-0.047017,0.036389,0.009856,0.314977,-0.320852,-0.030312,-0.042171,0.012830,-0.057653,-0.354098,0.800334,1.007550,-0.413492,-0.095263,-0.279532,0.010031,-0.853996,-0.912802,-0.742315,-0.170056,-0.589648,-0.081565,0.068166,3
-0.011249,-0.071032,0.003843,0.259030,-0.287483,0.052220,-0.046974,0.036458,0.009870,0.314960,-0.320844,-0.030298,-0.043992,0.012898,-0.057608,-0.354110,0.800334,1.007586,-0.414331,-0.095143,-0.278346,0.010019,-0.853505,-0.912431,-0.742722,-0.169972,-0.588330,-0.081397,0.068178,3
-0.011241,-0.071032,0.003843,0.259021,-0.287467,0.052191,-0.046948,0.036500,0.009870,0.314969,-0.320852,-0.030312,-0.045091,0.012959,-0.057579,-0.354122,0.800298,1.007610,-0.414558,-0.095035,-0.277423,0.010019,-0.853241,-0.912215,-0.742986,-0.169924,-0.587023,-0.081253,0.068166,3
-0.011241,-0.071006,0.003817,0.259013,-0.287437,0.052140,-0.046948,0.036526,0.009856,0.314977,-0.320873,-0.030334,-0.046028,0.012997,-0.057574,-0.354110,0.800274,1.007646,-0.414738,-0.094999,-0.276105,0.010031,-0.852917,-0.912035,-0.743226,-0.169876,-0.586136,-0.080953,0.068154,3
-0.011266,-0.071015,0.003803,0.259030,-0.287416,0.052104,-0.046957,0.036551,0.009870,0.314986,-0.320865,-0.030349,-0.046872,0.013043,-0.057564,-0.354134,0.800250,1.007694,-0.415134,-0.094939,-0.275206,0.010019,-0.852618,-0.911844,-0.743405,-0.169816,-0.585262,-0.080750,0.068094,3
-0.011266,-0.071006,0.003803,0.259030,-0.287395,0.052068,-0.046940,0.036568,0.009856,0.315003,-0.320856,-0.030363,-0.048130,0.013104,-0.057565,-0.354110,0.800250,1.007789,-0.415853,-0.094927,-0.274487,0.010067,-0.852222,-0.911640,-0.743597,-0.169769,-0.584363,-0.080522,0.067963,3
-0.011266,-0.070998,0.003790,0.259013,-0.287370,0.052025,-0.046974,0.036585,0.009870,0.315054,-0.320865,-0.030378,-0.049148,0.013210,-0.057565,-0.354110,0.800286,1.007945,-0.416548,-0.094879,-0.273995,0.010115,-0.851467,-0.911496,-0.743777,-0.169721,-0.583344,-0.080258,0.067783,3
-0.011232,-0.070989,0.003817,0.259013,-0.287340,0.051974,-0.046991,0.036602,0.009870,0.315046,-0.320873,-0.030407,-0.050447,0.013317,-0.057546,-0.354110,0.800322,1.008101,-0.416979,-0.094807,-0.273564,0.010115,-0.850892,-0.911472,-0.744089,-0.169733,-0.582361,-0.080055,0.067531,3
-0.011190,-0.070981,0.003817,0.259013,-0.287299,0.051916,-0.047017,0.036645,0.009856,0.315054,-0.320881,-0.030450,-0.051907,0.013370,-0.057512,-0.354122,0.800322,1.008185,-0.417183,-0.094735,-0.273132,0.010151,-0.850209,-0.911592,-0.744688,-0.169781,-0.581367,-0.079839,0.067208,3
-0.011121,-0.070955,0.003817,0.259013,-0.287273,0.051859,-0.047034,0.036654,0.009856,0.315088,-0.320894,-0.030472,-0.053407,0.013423,-0.057487,-0.354110,0.800406,1.008137,-0.417123,-0.094699,-0.272641,0.010151,-0.849466,-0.911724,-0.745167,-0.169828,-0.580396,-0.079695,0.066884,3
-0.011053,-0.070921,0.003817,0.259013,-0.287223,0.051772,-0.047076,0.036688,0.009856,0.315207,-0.320906,-0.030493,-0.055523,0.013477,-0.057453,-0.354122,0.800574,1.007933,-0.417147,-0.094591,-0.272042,0.010151,-0.848184,-0.911832,-0.745838,-0.169852,-0.578610,-0.079563,0.066393,3
-0.011002,-0.070904,0.003843,0.259013,-0.287189,0.051714,-0.047085,0.036696,0.009843,0.315284,-0.320911,-0.030530,-0.057063,0.013538,-0.057433,-0.354134,0.800694,1.007801,-0.417219,-0.094532,-0.271838,0.010151,-0.847189,-0.911868,-0.746234,-0.169840,-0.577700,-0.079575,0.066081,3
-0.010968,-0.070904,0.003857,0.259021,-0.287143,0.051663,-0.047085,0.036722,0.009856,0.315369,-0.320911,-0.030530,-0.058563,0.013606,-0.057419,-0.354110,0.800753,1.007730,-0.417267,-0.094484,-0.271790,0.010151,-0.846170,-0.911916,-0.746605,-0.169816,-0.576717,-0.079647,0.065793,3
-0.010951,-0.070895,0.003857,0.259013,-0.287122,0.051598,-0.047059,0.036722,0.009856,0.315429,-0.320911,-0.030530,-0.061201,0.013697,-0.057410,-0.354086,0.800837,1.007706,-0.417231,-0.094448,-0.271826,0.010175,-0.845008,-0.912023,-0.746977,-0.169757,-0.575614,-0.079719,0.065374,3
-0.010959,-0.070887,0.003857,0.259021,-0.287080,0.051555,-0.047034,0.036747,0.009856,0.315463,-0.320919,-0.030515,-0.062875,0.013766,-0.057415,-0.354134,0.800909,1.007717,-0.417159,-0.094388,-0.271814,0.010187,-0.843078,-0.912143,-0.747360,-0.169709,-0.574368,-0.079743,0.065134,3
-0.010976,-0.070861,0.003830,0.259013,-0.287055,0.051512,-0.047025,0.036756,0.009856,0.315472,-0.320919,-0.030515,-0.064268,0.013857,-0.057416,-0.354110,0.801053,1.007717,-0.417075,-0.094340,-0.271814,0.010187,-0.841868,-0.912263,-0.747828,-0.169637,-0.573134,-0.079779,0.064871,3
-0.011019,-0.070853,0.003803,0.259013,-0.287012,0.051425,-0.047017,0.036773,0.009856,0.315463,-0.320927,-0.030530,-0.065433,0.013971,-0.057412,-0.354110,0.801161,1.007742,-0.417003,-0.094292,-0.271814,0.010199,-0.840825,-0.912287,-0.748319,-0.169589,-0.571803,-0.079779,0.064655,3
-0.011028,-0.070836,0.003803,0.259013,-0.286958,0.051345,-0.047008,0.036790,0.009856,0.315438,-0.320935,-0.030544,-0.066196,0.014070,-0.057408,-0.354098,0.801245,1.007777,-0.416847,-0.094208,-0.271850,0.010211,-0.840130,-0.912275,-0.749134,-0.169589,-0.570329,-0.079755,0.064475,3
-0.011036,-0.070827,0.003803,0.259013,-0.286908,0.051273,-0.046999,0.036816,0.009843,0.315395,-0.320935,-0.030544,-0.066692,0.014177,-0.057408,-0.354110,0.801329,1.007742,-0.416727,-0.094112,-0.271862,0.010211,-0.839842,-0.912287,-0.749697,-0.169589,-0.568699,-0.079755,0.064343,3
-0.011053,-0.070836,0.003817,0.259013,-0.286853,0.051194,-0.046982,0.036841,0.009843,0.315369,-0.320927,-0.030559,-0.066959,0.014276,-0.057394,-0.354122,0.801413,1.007730,-0.416644,-0.093896,-0.271850,0.010199,-0.839938,-0.912287,-0.750189,-0.169589,-0.566171,-0.079743,0.064271,3
-0.011045,-0.070836,0.003803,0.259013,-0.286794,0.051078,-0.046974,0.036858,0.009856,0.315378,-0.320927,-0.030559,-0.067294,0.014382,-0.057385,-0.354122,0.801425,1.007706,-0.416548,-0.093717,-0.271850,0.010187,-0.840334,-0.912359,-0.750752,-0.169589,-0.564421,-0.079743,0.064235,3
-0.011011,-0.070819,0.003884,0.259013,-0.286723,0.050970,-0.046991,0.036867,0.009856,0.315421,-0.320931,-0.030580,-0.068875,0.014595,-0.057347,-0.354146,0.801485,1.007694,-0.416380,-0.093273,-0.271826,0.010199,-0.841484,-0.912527,-0.751782,-0.169589,-0.561413,-0.079755,0.064307,3
-0.010994,-0.070810,0.003857,0.259013,-0.286693,0.050933,-0.046999,0.036867,0.009856,0.315438,-0.320931,-0.030595,-0.069437,0.014679,-0.057343,-0.354194,0.801472,1.007670,-0.416308,-0.093093,-0.271814,0.010223,-0.841808,-0.912563,-0.752214,-0.169613,-0.560478,-0.079743,0.064343,3
-0.010917,-0.070768,0.003884,0.259013,-0.286593,0.050832,-0.047025,0.036918,0.009856,0.315531,-0.320935,-0.030602,-0.071419,0.014747,-0.057298,-0.354925,0.801461,1.007706,-0.416008,-0.092374,-0.271790,0.010211,-0.842635,-0.912850,-0.753616,-0.169625,-0.557698,-0.079803,0.064439,3
-0.010866,-0.070751,0.003884,0.259013,-0.286526,0.050746,-0.047076,0.036935,0.009856,0.315634,-0.320948,-0.030609,-0.072571,0.014755,-0.057313,-0.355812,0.801425,1.007742,-0.415817,-0.091751,-0.271778,0.010223,-0.842839,-0.912946,-0.755114,-0.169601,-0.556152,-0.079791,0.064475,3
-0.010806,-0.070717,0.003857,0.259004,-0.286467,0.050644,-0.047085,0.036969,0.009856,0.315736,-0.320948,-0.030609,-0.073682,0.014808,-0.057319,-0.356603,0.801437,1.007753,-0.415613,-0.091008,-0.271694,0.010247,-0.842395,-0.913042,-0.755893,-0.169589,-0.554714,-0.079767,0.064511,3
-0.010746,-0.070691,0.003817,0.259013,-0.286437,0.050565,-0.047093,0.036969,0.009856,0.315787,-0.320940,-0.030624,-0.074673,0.014869,-0.057329,-0.357202,0.801485,1.007766,-0.415469,-0.090037,-0.271563,0.010282,-0.841640,-0.913102,-0.756648,-0.169589,-0.553372,-0.079767,0.064643,3
-0.010670,-0.070657,0.003803,0.259013,-0.286387,0.050507,-0.047093,0.037012,0.009856,0.315804,-0.320923,-0.030624,-0.075477,0.015044,-0.057316,-0.357513,0.801520,1.007753,-0.415421,-0.088360,-0.271431,0.010330,-0.840921,-0.913162,-0.757331,-0.169565,-0.551514,-0.079815,0.064859,3
-0.010644,-0.070623,0.003790,0.259004,-0.286353,0.050420,-0.047085,0.037037,0.009856,0.315770,-0.320923,-0.030624,-0.076200,0.015234,-0.057272,-0.357657,0.801568,1.007730,-0.415373,-0.087101,-0.271095,0.010426,-0.840442,-0.913210,-0.758110,-0.169553,-0.550364,-0.080270,0.065158,3
-0.010619,-0.070589,0.003803,0.259013,-0.286328,0.050377,-0.047085,0.037054,0.009843,0.315727,-0.320919,-0.030617,-0.077325,0.015402,-0.057234,-0.357717,0.801556,1.007706,-0.415349,-0.085915,-0.270820,0.010678,-0.839950,-0.913246,-0.758913,-0.169565,-0.549249,-0.080666,0.065566,3
-0.010687,-0.070563,0.003857,0.259004,-0.286286,0.050334,-0.047076,0.037088,0.009856,0.315685,-0.320927,-0.030602,-0.078597,0.015607,-0.057161,-0.358256,0.801568,1.007682,-0.415361,-0.083997,-0.270304,0.011181,-0.838908,-0.913270,-0.760135,-0.169565,-0.547751,-0.080953,0.065805,3
-0.010695,-0.070512,0.003857,0.259021,-0.286278,0.050290,-0.047076,0.037139,0.009843,0.315693,-0.320923,-0.030624,-0.079695,0.015782,-0.057098,-0.358712,0.801616,1.007706,-0.415373,-0.082559,-0.269897,0.011613,-0.838536,-0.913306,-0.760843,-0.169589,-0.546864,-0.081049,0.065961,3
-0.010704,-0.070478,0.003884,0.259013,-0.286236,0.050247,-0.047085,0.037156,0.009843,0.315685,-0.320915,-0.030639,-0.080994,0.015919,-0.057059,-0.359203,0.801640,1.007742,-0.415409,-0.080846,-0.269405,0.011996,-0.838321,-0.913318,-0.761681,-0.169601,-0.546001,-0.081133,0.066093,3
-0.010695,-0.070478,0.003857,0.259038,-0.286193,0.050175,-0.047102,0.037191,0.009856,0.315702,-0.320911,-0.030646,-0.082467,0.016071,-0.057040,-0.359515,0.801700,1.007753,-0.415541,-0.079168,-0.268830,0.012308,-0.838153,-0.913330,-0.762017,-0.169589,-0.545138,-0.081205,0.066261,3
-0.010687,-0.070452,0.003857,0.259013,-0.286147,0.050095,-0.047093,0.037216,0.009843,0.315693,-0.320894,-0.030675,-0.084128,0.016216,-0.057046,-0.359754,0.801700,1.007753,-0.415673,-0.076939,-0.268171,0.012535,-0.837913,-0.913306,-0.762233,-0.169589,-0.543796,-0.081253,0.066465,3
-0.010704,-0.070452,0.003817,0.259021,-0.286096,0.050008,-0.047093,0.037242,0.009856,0.315685,-0.320882,-0.030668,-0.085989,0.016352,-0.057018,-0.359838,0.801712,1.007766,-0.415829,-0.075692,-0.267428,0.012739,-0.837709,-0.913306,-0.762424,-0.169565,-0.542909,-0.081241,0.066656,3
-0.010729,-0.070444,0.003830,0.259038,-0.285990,0.049813,-0.047085,0.037267,0.009856,0.315659,-0.320894,-0.030675,-0.088038,0.016474,-0.056979,-0.359862,0.801760,1.007742,-0.416068,-0.074686,-0.266230,0.012883,-0.837613,-0.913306,-0.762664,-0.169565,-0.542035,-0.081157,0.066788,3
-0.010755,-0.070444,0.003803,0.259047,-0.285893,0.049632,-0.047068,0.037267,0.009843,0.315642,-0.320890,-0.030653,-0.091400,0.016581,-0.056920,-0.359814,0.801820,1.007694,-0.416332,-0.073667,-0.265319,0.012883,-0.837554,-0.913306,-0.762988,-0.169589,-0.541172,-0.081025,0.066872,3
-0.010823,-0.070444,0.003830,0.259030,-0.285749,0.049415,-0.047068,0.037276,0.009843,0.315617,-0.320886,-0.030660,-0.093301,0.016748,-0.056892,-0.359826,0.801892,1.007694,-0.416584,-0.072768,-0.264468,0.012895,-0.837518,-0.913306,-0.763287,-0.169577,-0.540441,-0.080870,0.066872,3
-0.010866,-0.070435,0.003803,0.259021,-0.285592,0.049119,-0.047059,0.037284,0.009843,0.315600,-0.320882,-0.030668,-0.094855,0.016923,-0.056848,-0.359826,0.802012,1.007706,-0.416823,-0.071845,-0.263617,0.012883,-0.837554,-0.913306,-0.763515,-0.169589,-0.539734,-0.080762,0.066788,3
-0.010908,-0.070435,0.003803,0.259038,-0.285381,0.048757,-0.047051,0.037293,0.009830,0.315600,-0.320890,-0.030682,-0.096395,0.017220,-0.056766,-0.359814,0.802120,1.007730,-0.417063,-0.070875,-0.262742,0.012859,-0.837613,-0.913294,-0.763611,-0.169589,-0.539122,-0.080654,0.066728,3
-0.010925,-0.070435,0.003803,0.259013,-0.284992,0.048121,-0.047059,0.037310,0.009843,0.315608,-0.320878,-0.030704,-0.098538,0.017516,-0.056724,-0.359766,0.802299,1.007766,-0.417459,-0.069389,-0.261472,0.012883,-0.837889,-0.913306,-0.763539,-0.169601,-0.538403,-0.080534,0.066680,3
-0.010934,-0.070444,0.003803,0.259021,-0.284840,0.047861,-0.047051,0.037318,0.009830,0.315617,-0.320878,-0.030704,-0.099167,0.017600,-0.056700,-0.359730,0.802347,1.007753,-0.417518,-0.068897,-0.261040,0.012871,-0.837949,-0.913318,-0.763515,-0.169637,-0.538224,-0.080474,0.066680,3
-0.010951,-0.070444,0.003830,0.259021,-0.284328,0.047000,-0.047034,0.037310,0.009830,0.315651,-0.320907,-0.030711,-0.100895,0.017836,-0.056628,-0.359683,0.802539,1.007909,-0.417698,-0.067064,-0.259423,0.012859,-0.838165,-0.913330,-0.763515,-0.169565,-0.537744,-0.080354,0.066668,3
-0.010959,-0.070461,0.003803,0.259021,-0.283790,0.046082,-0.047025,0.037284,0.009816,0.315642,-0.320899,-0.030726,-0.101872,0.017973,-0.056589,-0.359695,0.802695,1.008221,-0.417782,-0.066237,-0.258584,0.012883,-0.838309,-0.913318,-0.763515,-0.169589,-0.537588,-0.080330,0.066644,3
-0.010985,-0.070461,0.003817,0.259021,-0.283453,0.045533,-0.047025,0.037293,0.009803,0.315634,-0.320907,-0.030711,-0.103037,0.018110,-0.056571,-0.359742,0.802815,1.008712,-0.417878,-0.065518,-0.257793,0.012979,-0.838416,-0.913306,-0.763503,-0.169601,-0.537481,-0.080330,0.066548,3
-0.010994,-0.070452,0.003790,0.259004,-0.283233,0.045172,-0.047025,0.037293,0.009816,0.315659,-0.320911,-0.030718,-0.103707,0.018323,-0.056563,-0.359802,0.802947,1.009287,-0.418010,-0.064787,-0.256978,0.013063,-0.838608,-0.913282,-0.763491,-0.169589,-0.537409,-0.080330,0.066488,3
-0.011002,-0.070478,0.003803,0.259013,-0.283119,0.045021,-0.046999,0.037284,0.009803,0.315668,-0.320911,-0.030718,-0.104296,0.018566,-0.056535,-0.359850,0.803090,1.009911,-0.418082,-0.063996,-0.256175,0.013135,-0.838764,-0.913270,-0.763479,-0.169601,-0.537373,-0.080342,0.066429,3
-0.011011,-0.070486,0.003790,0.259021,-0.283124,0.045071,-0.046974,0.037284,0.009830,0.315685,-0.320928,-0.030747,-0.105167,0.018878,-0.056504,-0.359922,0.803258,1.010905,-0.418178,-0.062630,-0.254964,0.013231,-0.839004,-0.913282,-0.763359,-0.169565,-0.537409,-0.080354,0.066333,3
-0.011011,-0.070486,0.003777,0.259030,-0.283175,0.045172,-0.046965,0.037267,0.009816,0.315685,-0.320928,-0.030747,-0.105890,0.019106,-0.056506,-0.360006,0.803414,1.011145,-0.418190,-0.061659,-0.254221,0.013267,-0.839159,-0.913294,-0.763263,-0.169577,-0.537409,-0.080342,0.066297,3
-0.010976,-0.070495,0.003803,0.259021,-0.283222,0.045295,-0.046940,0.037267,0.009830,0.315685,-0.320928,-0.030747,-0.106854,0.019350,-0.056518,-0.360150,0.803582,1.011265,-0.418178,-0.060209,-0.253227,0.013314,-0.839303,-0.913306,-0.763143,-0.169589,-0.537385,-0.080354,0.066297,3
-0.010951,-0.070495,0.003777,0.259004,-0.283260,0.045403,-0.046948,0.037267,0.009816,0.315710,-0.320919,-0.030762,-0.108180,0.019570,-0.056545,-0.360390,0.803738,1.011289,-0.418118,-0.059454,-0.252639,0.013326,-0.839387,-0.913318,-0.763072,-0.169601,-0.537397,-0.080330,0.066321,3
-0.010942,-0.070478,0.003803,0.259013,-0.283260,0.045447,-0.046948,0.037267,0.009816,0.315702,-0.320928,-0.030776,-0.110671,0.019798,-0.056568,-0.360785,0.803881,1.011313,-0.418046,-0.058962,-0.252112,0.013374,-0.839387,-0.913318,-0.763012,-0.169601,-0.537385,-0.080330,0.066357,3
-0.010925,-0.070486,0.003777,0.258996,-0.283261,0.045476,-0.046974,0.037242,0.009816,0.315710,-0.320928,-0.030776,-0.112545,0.020027,-0.056620,-0.361480,0.804001,1.011373,-0.417902,-0.058699,-0.251621,0.013434,-0.839423,-0.913318,-0.763012,-0.169589,-0.537397,-0.080318,0.066345,3
-0.010925,-0.070495,0.003763,0.259013,-0.283240,0.045468,-0.046974,0.037233,0.009803,0.315719,-0.320923,-0.030769,-0.114594,0.020126,-0.056636,-0.361960,0.804157,1.011433,-0.417734,-0.058675,-0.251117,0.013446,-0.839423,-0.913306,-0.763036,-0.169589,-0.537397,-0.080318,0.066333,3
-0.010917,-0.070495,0.003750,0.258987,-0.283215,0.045468,-0.046974,0.037242,0.009816,0.315710,-0.320924,-0.030784,-0.116871,0.020255,-0.056632,-0.362343,0.804301,1.011517,-0.417494,-0.058819,-0.250650,0.013434,-0.839435,-0.913294,-0.763036,-0.169565,-0.537397,-0.080318,0.066345,3
-0.010908,-0.070495,0.003736,0.258953,-0.283198,0.045440,-0.046974,0.037225,0.009816,0.315710,-0.320915,-0.030784,-0.118907,0.020362,-0.056653,-0.362607,0.804457,1.011552,-0.417279,-0.059058,-0.250183,0.013398,-0.839471,-0.913306,-0.763000,-0.169565,-0.537397,-0.080318,0.066333,3
-0.010900,-0.070495,0.003736,0.258970,-0.283169,0.045418,-0.046957,0.037225,0.009803,0.315685,-0.320919,-0.030776,-0.120447,0.020514,-0.056675,-0.362834,0.804600,1.011493,-0.416919,-0.059298,-0.249751,0.013362,-0.839471,-0.913306,-0.762976,-0.169589,-0.537397,-0.080342,0.066333,3
-0.010925,-0.070495,0.003669,0.258962,-0.283156,0.045396,-0.046931,0.037225,0.009803,0.315651,-0.320928,-0.030776,-0.122255,0.020750,-0.056692,-0.363278,0.804852,1.011397,-0.416596,-0.059837,-0.249056,0.013362,-0.839471,-0.913306,-0.762904,-0.169589,-0.537433,-0.080342,0.066357,3
-0.010925,-0.070495,0.003669,0.258996,-0.283147,0.045382,-0.046923,0.037242,0.009803,0.315642,-0.320928,-0.030776,-0.122683,0.020841,-0.056693,-0.363482,0.804924,1.011385,-0.416476,-0.059921,-0.248781,0.013374,-0.839471,-0.913318,-0.762892,-0.169577,-0.537409,-0.080366,0.066321,3
-0.010951,-0.070495,0.003602,0.258987,-0.283160,0.045404,-0.046889,0.037199,0.009816,0.315634,-0.320919,-0.030776,-0.123888,0.021115,-0.056646,-0.364261,0.805200,1.011373,-0.416224,-0.060101,-0.247750,0.013470,-0.839495,-0.913318,-0.762832,-0.169577,-0.537433,-0.080426,0.066333,3
-0.010985,-0.070486,0.003589,0.258996,-0.283160,0.045418,-0.046889,0.037216,0.009816,0.315651,-0.320915,-0.030798,-0.124116,0.021267,-0.056598,-0.364680,0.805415,1.011349,-0.416056,-0.060077,-0.247163,0.013494,-0.839495,-0.913318,-0.762796,-0.169565,-0.537409,-0.080474,0.066321,3
-0.010994,-0.070495,0.003576,0.259013,-0.283169,0.045432,-0.046897,0.037199,0.009816,0.315676,-0.320919,-0.030820,-0.124049,0.021442,-0.056575,-0.365255,0.805667,1.011325,-0.415948,-0.059981,-0.246516,0.013518,-0.839495,-0.913318,-0.762736,-0.169565,-0.537409,-0.080522,0.066297,3
-0.011011,-0.070486,0.003562,0.259030,-0.283177,0.045476,-0.046906,0.037199,0.009830,0.315685,-0.320907,-0.030813,-0.124063,0.021677,-0.056494,-0.365579,0.806015,1.011301,-0.415877,-0.059849,-0.245796,0.013494,-0.839507,-0.913318,-0.762700,-0.169577,-0.537433,-0.080558,0.066261,3
-0.010968,-0.070486,0.003562,0.259030,-0.283169,0.045461,-0.046914,0.037199,0.009816,0.315702,-0.320911,-0.030820,-0.124437,0.021913,-0.056461,-0.366010,0.806254,1.011217,-0.415793,-0.059741,-0.245065,0.013506,-0.839459,-0.913330,-0.762640,-0.169601,-0.537433,-0.080606,0.066237,3
-0.010925,-0.070469,0.003589,0.259013,-0.283165,0.045454,-0.046931,0.037208,0.009830,0.315727,-0.320899,-0.030827,-0.125254,0.022149,-0.056419,-0.366562,0.806434,1.011109,-0.415709,-0.059610,-0.244250,0.013470,-0.839375,-0.913318,-0.762652,-0.169553,-0.537433,-0.080606,0.066213,3
-0.010866,-0.070478,0.003643,0.258970,-0.283160,0.045447,-0.046965,0.037191,0.009830,0.315787,-0.320911,-0.030820,-0.126419,0.022377,-0.056372,-0.367257,0.806602,1.010905,-0.415625,-0.059526,-0.243388,0.013458,-0.839243,-0.913330,-0.762676,-0.169553,-0.537433,-0.080618,0.066189,3
-0.010772,-0.070469,0.003710,0.258893,-0.283156,0.045469,-0.047042,0.037225,0.009830,0.315940,-0.320911,-0.030820,-0.128402,0.022697,-0.056287,-0.368371,0.806782,1.010474,-0.415589,-0.059454,-0.241494,0.013410,-0.839076,-0.913306,-0.762760,-0.169565,-0.537457,-0.080642,0.066165,3
-0.010755,-0.070469,0.003750,0.258876,-0.283152,0.045447,-0.047076,0.037216,0.009816,0.315966,-0.320911,-0.030820,-0.128964,0.022757,-0.056248,-0.368779,0.806829,1.010342,-0.415589,-0.059454,-0.240967,0.013410,-0.839052,-0.913306,-0.762760,-0.169565,-0.537457,-0.080642,0.066153,3
-0.010704,-0.070444,0.003803,0.258800,-0.283135,0.045447,-0.047136,0.037250,0.009803,0.316068,-0.320903,-0.030849,-0.130839,0.022993,-0.056146,-0.369809,0.807081,1.009959,-0.415637,-0.059478,-0.239301,0.013338,-0.839040,-0.913306,-0.762784,-0.169565,-0.537457,-0.080786,0.066081,3
-0.010721,-0.070435,0.003790,0.258774,-0.283135,0.045447,-0.047144,0.037267,0.009803,0.316111,-0.320911,-0.030834,-0.131723,0.023176,-0.056079,-0.370624,0.807333,1.009779,-0.415721,-0.059478,-0.238007,0.013291,-0.839076,-0.913342,-0.762760,-0.169589,-0.537457,-0.080882,0.066033,3
-0.010738,-0.070393,0.003790,0.258774,-0.283135,0.045447,-0.047153,0.037284,0.009803,0.316068,-0.320907,-0.030842,-0.132540,0.023434,-0.055962,-0.371080,0.807764,1.009659,-0.415841,-0.059478,-0.236712,0.013231,-0.839112,-0.913378,-0.762760,-0.169577,-0.537457,-0.080977,0.065973,3
-0.010772,-0.070350,0.003777,0.258834,-0.283131,0.045440,-0.047119,0.037293,0.009816,0.316026,-0.320907,-0.030827,-0.133383,0.023647,-0.055875,-0.371475,0.808052,1.009623,-0.415960,-0.059454,-0.235442,0.013171,-0.839195,-0.913414,-0.762760,-0.169565,-0.537481,-0.081037,0.065913,3
-0.010772,-0.070333,0.003736,0.258893,-0.283140,0.045454,-0.047110,0.037301,0.009830,0.315974,-0.320895,-0.030820,-0.134281,0.023875,-0.055808,-0.371847,0.808327,1.009659,-0.416116,-0.059442,-0.234232,0.013147,-0.839303,-0.913438,-0.762724,-0.169553,-0.537457,-0.081121,0.065865,3
-0.010806,-0.070290,0.003750,0.258987,-0.283157,0.045483,-0.047085,0.037327,0.009830,0.315915,-0.320895,-0.030805,-0.135298,0.024118,-0.055712,-0.372242,0.808603,1.009731,-0.416296,-0.059430,-0.233009,0.013147,-0.839483,-0.913450,-0.762664,-0.169565,-0.537469,-0.081169,0.065853,3
-0.010840,-0.070273,0.003736,0.259064,-0.283173,0.045497,-0.047068,0.037327,0.009816,0.315864,-0.320891,-0.030813,-0.136396,0.024362,-0.055625,-0.372614,0.808843,1.009815,-0.416380,-0.059406,-0.231835,0.013159,-0.839663,-0.913474,-0.762532,-0.169577,-0.537457,-0.081205,0.065853,3
-0.010866,-0.070265,0.003750,0.259106,-0.283173,0.045497,-0.047059,0.037335,0.009816,0.315847,-0.320878,-0.030834,-0.137722,0.024590,-0.055539,-0.373021,0.809130,1.009863,-0.416392,-0.059406,-0.230289,0.013147,-0.839866,-0.913510,-0.762400,-0.169589,-0.537457,-0.081229,0.065889,3
-0.010925,-0.070239,0.003750,0.259123,-0.283173,0.045483,-0.047051,0.037344,0.009803,0.315813,-0.320870,-0.030849,-0.139169,0.024787,-0.055452,-0.373428,0.809526,1.009923,-0.416380,-0.059382,-0.229294,0.013135,-0.840094,-0.913545,-0.762233,-0.169589,-0.537457,-0.081229,0.065925,3
-0.011011,-0.070239,0.003736,0.259149,-0.283161,0.045505,-0.047008,0.037344,0.009803,0.315821,-0.320858,-0.030871,-0.142503,0.025107,-0.055327,-0.374183,0.810161,1.009935,-0.416332,-0.059322,-0.228072,0.013111,-0.840550,-0.913581,-0.761921,-0.169601,-0.537433,-0.081229,0.065961,3
-0.011053,-0.070239,0.003736,0.259123,-0.283157,0.045483,-0.046991,0.037361,0.009803,0.315804,-0.320858,-0.030842,-0.144378,0.025358,-0.055196,-0.374495,0.810784,1.009911,-0.416296,-0.059274,-0.227341,0.013063,-0.840693,-0.913629,-0.761609,-0.169589,-0.537397,-0.081217,0.065925,3
-0.011087,-0.070256,0.003736,0.259123,-0.283152,0.045476,-0.046999,0.037352,0.009803,0.315804,-0.320870,-0.030849,-0.146306,0.025510,-0.055109,-0.374795,0.811228,1.009887,-0.416200,-0.059214,-0.226718,0.013015,-0.840873,-0.913677,-0.761514,-0.169589,-0.537361,-0.081217,0.065913,3
-0.011155,-0.070248,0.003710,0.259106,-0.283140,0.045483,-0.046999,0.037352,0.009789,0.315796,-0.320878,-0.030834,-0.148034,0.025684,-0.055037,-0.375058,0.811707,1.009827,-0.416116,-0.059178,-0.226190,0.012943,-0.841065,-0.913701,-0.761286,-0.169565,-0.537325,-0.081217,0.065877,3
-0.011198,-0.070265,0.003710,0.259055,-0.283140,0.045497,-0.046999,0.037352,0.009816,0.315796,-0.320878,-0.030834,-0.149494,0.025829,-0.054994,-0.375310,0.812246,1.009803,-0.415865,-0.059142,-0.225687,0.012883,-0.841245,-0.913761,-0.761130,-0.169577,-0.537241,-0.081193,0.065829,3
-0.011224,-0.070273,0.003710,0.259021,-0.283144,0.045490,-0.046982,0.037361,0.009803,0.315804,-0.320866,-0.030827,-0.150806,0.025913,-0.054990,-0.375526,0.812822,1.009827,-0.415709,-0.059106,-0.225256,0.012811,-0.841436,-0.913833,-0.760974,-0.169589,-0.537049,-0.081193,0.065805,3
-0.011258,-0.070273,0.003710,0.259004,-0.283144,0.045490,-0.046991,0.037352,0.009789,0.315813,-0.320858,-0.030842,-0.151851,0.025989,-0.054991,-0.375670,0.813445,1.009959,-0.415505,-0.059082,-0.224644,0.012751,-0.841616,-0.913905,-0.760795,-0.169589,-0.536893,-0.081169,0.065757,3
-0.011266,-0.070282,0.003696,0.259030,-0.283144,0.045490,-0.046974,0.037335,0.009789,0.315787,-0.320858,-0.030871,-0.152815,0.026004,-0.055021,-0.375777,0.814104,1.010198,-0.415349,-0.059046,-0.224309,0.012679,-0.841772,-0.913977,-0.760687,-0.169565,-0.536678,-0.081133,0.065710,3
-0.011300,-0.070282,0.003602,0.259021,-0.283140,0.045483,-0.046965,0.037352,0.009816,0.315778,-0.320858,-0.030871,-0.154489,0.025996,-0.055076,-0.375897,0.815170,1.010630,-0.415170,-0.059010,-0.223781,0.012500,-0.841916,-0.914121,-0.760567,-0.169565,-0.536270,-0.081073,0.065566,3
-0.011292,-0.070282,0.003562,0.259038,-0.283140,0.045483,-0.046965,0.037352,0.009816,0.315778,-0.320866,-0.030885,-0.155292,0.025958,-0.055130,-0.376005,0.815925,1.010917,-0.415050,-0.058986,-0.223470,0.012368,-0.841940,-0.914253,-0.760531,-0.169553,-0.535947,-0.081037,0.065518,3
-0.011292,-0.070282,0.003535,0.259047,-0.283127,0.045461,-0.046948,0.037335,0.009803,0.315770,-0.320874,-0.030885,-0.156016,0.025958,-0.055140,-0.376077,0.817064,1.011181,-0.414906,-0.058962,-0.223110,0.012284,-0.841904,-0.914456,-0.760543,-0.169553,-0.535575,-0.080989,0.065422,3
-0.011283,-0.070290,0.003482,0.259047,-0.283127,0.045461,-0.046965,0.037327,0.009803,0.315804,-0.320882,-0.030885,-0.156739,0.025981,-0.055155,-0.376113,0.817855,1.011493,-0.414822,-0.058950,-0.222751,0.012140,-0.841904,-0.914588,-0.760615,-0.169565,-0.535144,-0.080941,0.065314,3
-0.011292,-0.070290,0.003415,0.259064,-0.283131,0.045469,-0.046965,0.037301,0.009803,0.315804,-0.320887,-0.030878,-0.157422,0.025989,-0.055160,-0.376125,0.818682,1.011684,-0.414702,-0.058890,-0.222367,0.012020,-0.841904,-0.914756,-0.760651,-0.169589,-0.534616,-0.080882,0.065218,3
-0.011266,-0.070290,0.003402,0.259038,-0.283136,0.045476,-0.046957,0.037301,0.009803,0.315813,-0.320887,-0.030922,-0.158091,0.026012,-0.055156,-0.376125,0.819497,1.011972,-0.414642,-0.058879,-0.221960,0.011876,-0.841916,-0.914936,-0.760675,-0.169601,-0.533658,-0.080834,0.065146,3
-0.011258,-0.070290,0.003388,0.259013,-0.283136,0.045476,-0.046965,0.037293,0.009816,0.315813,-0.320891,-0.030929,-0.158814,0.026034,-0.055141,-0.376089,0.820300,1.012284,-0.414606,-0.058831,-0.221504,0.011745,-0.841904,-0.915115,-0.760687,-0.169589,-0.532783,-0.080774,0.065038,3
-0.011241,-0.070307,0.003348,0.259013,-0.283136,0.045476,-0.046957,0.037284,0.009830,0.315830,-0.320903,-0.030950,-0.160047,0.026042,-0.055146,-0.376101,0.821163,1.012595,-0.414594,-0.058795,-0.220713,0.011565,-0.841904,-0.915331,-0.760675,-0.169601,-0.531656,-0.080690,0.064907,3
-0.011207,-0.070290,0.003348,0.259004,-0.283136,0.045476,-0.046965,0.037276,0.009789,0.315830,-0.320911,-0.030936,-0.161225,0.026042,-0.055146,-0.376137,0.822061,1.012847,-0.414570,-0.058759,-0.220114,0.011457,-0.841892,-0.915619,-0.760627,-0.169565,-0.530182,-0.080618,0.064859,3
-0.011181,-0.070307,0.003335,0.258970,-0.283123,0.045483,-0.046974,0.037276,0.009776,0.315855,-0.320907,-0.030958,-0.162497,0.026027,-0.055156,-0.376209,0.822984,1.013003,-0.414558,-0.058735,-0.219503,0.011349,-0.841904,-0.915930,-0.760591,-0.169553,-0.528492,-0.080558,0.064823,3
-0.011181,-0.070299,0.003335,0.258910,-0.283131,0.045469,-0.046965,0.037250,0.009803,0.315847,-0.320907,-0.030958,-0.163944,0.026004,-0.055160,-0.376353,0.824159,1.013062,-0.414570,-0.058663,-0.218856,0.011253,-0.841916,-0.916637,-0.760591,-0.169565,-0.526755,-0.080474,0.064775,3
-0.011172,-0.070307,0.003348,0.258859,-0.283127,0.045490,-0.046965,0.037250,0.009803,0.315847,-0.320912,-0.030965,-0.165457,0.025989,-0.055160,-0.376508,0.824938,1.013075,-0.414594,-0.058603,-0.218173,0.011169,-0.841904,-0.917285,-0.760591,-0.169565,-0.524645,-0.080438,0.064751,3
-0.011164,-0.070307,0.003361,0.258774,-0.283127,0.045490,-0.046965,0.037250,0.009816,0.315847,-0.320912,-0.030965,-0.167867,0.025996,-0.055155,-0.376616,0.826196,1.013242,-0.414654,-0.058555,-0.217022,0.011097,-0.841904,-0.918387,-0.760639,-0.169577,-0.520799,-0.080438,0.064739,3
-0.011215,-0.070299,0.003321,0.258774,-0.283127,0.045490,-0.046965,0.037250,0.009776,0.315813,-0.320912,-0.030965,-0.169715,0.025989,-0.055150,-0.376640,0.827143,1.013374,-0.414642,-0.058471,-0.216315,0.011049,-0.841904,-0.919286,-0.760639,-0.169577,-0.518246,-0.080450,0.064787,3
-0.011258,-0.070290,0.003241,0.258800,-0.283123,0.045483,-0.046948,0.037250,0.009789,0.315778,-0.320912,-0.030965,-0.171604,0.025989,-0.055120,-0.376628,0.828054,1.013482,-0.414654,-0.058435,-0.215129,0.010990,-0.841904,-0.920269,-0.760651,-0.169565,-0.514567,-0.080474,0.064859,3
-0.011275,-0.070290,0.003214,0.258808,-0.283127,0.045490,-0.046931,0.037250,0.009789,0.315778,-0.320916,-0.030987,-0.173264,0.025989,-0.055110,-0.376676,0.828976,1.013494,-0.414630,-0.058411,-0.214338,0.010930,-0.841892,-0.921167,-0.760627,-0.169577,-0.512481,-0.080486,0.064966,3
-0.011275,-0.070282,0.003134,0.258825,-0.283123,0.045483,-0.046931,0.037259,0.009803,0.315770,-0.320903,-0.030965,-0.175139,0.025951,-0.055105,-0.376784,0.829875,1.013458,-0.414606,-0.058399,-0.213499,0.010798,-0.841904,-0.921287,-0.760567,-0.169541,-0.510372,-0.080510,0.065122,3
-0.011334,-0.070273,0.003094,0.258834,-0.283111,0.045461,-0.046914,0.037259,0.009816,0.315744,-0.320924,-0.030943,-0.175876,0.025897,-0.055069,-0.376964,0.830822,1.013386,-0.414630,-0.058399,-0.212684,0.010714,-0.841904,-0.921024,-0.760531,-0.169541,-0.508215,-0.080510,0.065086,3
-0.011317,-0.070273,0.003027,0.258859,-0.283111,0.045461,-0.046940,0.037259,0.009816,0.315727,-0.320924,-0.030943,-0.176344,0.025852,-0.055039,-0.377060,0.831721,1.013350,-0.414606,-0.058375,-0.211857,0.010582,-0.841856,-0.920808,-0.760507,-0.169553,-0.506130,-0.080546,0.065002,3
-0.011326,-0.070273,0.002973,0.258868,-0.283102,0.045447,-0.046923,0.037242,0.009776,0.315719,-0.320924,-0.030943,-0.176545,0.025814,-0.055024,-0.377132,0.833039,1.013278,-0.414606,-0.058399,-0.211018,0.010438,-0.841616,-0.920904,-0.760531,-0.169553,-0.503961,-0.080570,0.064907,3
-0.011343,-0.070273,0.002906,0.258876,-0.283119,0.045476,-0.046931,0.037259,0.009789,0.315702,-0.320932,-0.030958,-0.176344,0.025768,-0.054983,-0.377096,0.834573,1.013206,-0.414606,-0.058399,-0.209772,0.010187,-0.840741,-0.921359,-0.760591,-0.169565,-0.500341,-0.080654,0.064739,3
-0.011377,-0.070273,0.002893,0.258893,-0.283111,0.045476,-0.046948,0.037259,0.009776,0.315727,-0.320920,-0.030950,-0.176144,0.025768,-0.054983,-0.377048,0.835160,1.013206,-0.414606,-0.058399,-0.209388,0.010115,-0.840394,-0.921527,-0.760567,-0.169577,-0.499071,-0.080714,0.064691,3
-0.011403,-0.070273,0.002906,0.258910,-0.283115,0.045497,-0.046948,0.037267,0.009789,0.315702,-0.320920,-0.030950,-0.175728,0.025768,-0.054973,-0.376976,0.836263,1.013230,-0.414606,-0.058399,-0.208693,0.009995,-0.839842,-0.921911,-0.760555,-0.169565,-0.495476,-0.080870,0.064679,3
-0.011360,-0.070256,0.002906,0.258876,-0.283115,0.045512,-0.046957,0.037284,0.009803,0.315710,-0.320932,-0.030972,-0.175661,0.025738,-0.054953,-0.376976,0.838048,1.013194,-0.414606,-0.058375,-0.207399,0.009863,-0.839183,-0.922282,-0.760507,-0.169601,-0.492432,-0.080953,0.064751,3
-0.011326,-0.070256,0.003000,0.258842,-0.283124,0.045512,-0.046965,0.037284,0.009803,0.315710,-0.320928,-0.030965,-0.176586,0.025700,-0.054947,-0.377048,0.839091,1.013075,-0.414606,-0.058375,-0.206884,0.009779,-0.838632,-0.922426,-0.760507,-0.169673,-0.490562,-0.080989,0.064859,3
-0.011258,-0.070239,0.003094,0.258791,-0.283123,0.045497,-0.046999,0.037301,0.009816,0.315787,-0.320928,-0.030965,-0.177443,0.025654,-0.054897,-0.377156,0.840098,1.012883,-0.414582,-0.058375,-0.206452,0.009731,-0.837997,-0.922462,-0.760555,-0.169745,-0.488705,-0.081061,0.064895,3
-0.011138,-0.070239,0.003174,0.258740,-0.283119,0.045505,-0.047051,0.037335,0.009789,0.315847,-0.320957,-0.030986,-0.178273,0.025555,-0.054861,-0.377371,0.840973,1.012595,-0.414606,-0.058399,-0.206189,0.009719,-0.837074,-0.922426,-0.760615,-0.169864,-0.486931,-0.081097,0.064931,3
-0.011104,-0.070231,0.003294,0.258680,-0.283115,0.045512,-0.047076,0.037352,0.009803,0.315932,-0.320949,-0.031001,-0.178983,0.025509,-0.054801,-0.377455,0.842159,1.012260,-0.414606,-0.058375,-0.205961,0.009743,-0.836499,-0.922306,-0.760651,-0.169936,-0.484786,-0.081181,0.064931,3
-0.011070,-0.070231,0.003388,0.258663,-0.283103,0.045519,-0.047093,0.037369,0.009803,0.316009,-0.320945,-0.030994,-0.179492,0.025433,-0.054780,-0.377419,0.842998,1.011840,-0.414618,-0.058375,-0.205817,0.009755,-0.835984,-0.922210,-0.760663,-0.169948,-0.482653,-0.081217,0.064919,3
-0.011070,-0.070222,0.003415,0.258680,-0.283099,0.045512,-0.047110,0.037404,0.009789,0.316034,-0.320949,-0.031001,-0.179907,0.025395,-0.054745,-0.377371,0.843993,1.011732,-0.414606,-0.058399,-0.205721,0.009755,-0.835456,-0.922162,-0.760651,-0.169984,-0.480424,-0.081265,0.064931,3
-0.011104,-0.070180,0.003469,0.258774,-0.283090,0.045526,-0.047110,0.037404,0.009803,0.315992,-0.320945,-0.030994,-0.180402,0.025334,-0.054714,-0.377311,0.845586,1.011732,-0.414570,-0.058399,-0.205709,0.009791,-0.834641,-0.922174,-0.760615,-0.169972,-0.476001,-0.081289,0.064943,3
-0.011138,-0.070163,0.003455,0.258800,-0.283103,0.045519,-0.047102,0.037421,0.009803,0.315940,-0.320945,-0.031008,-0.180804,0.025334,-0.054694,-0.377287,0.846713,1.011696,-0.414546,-0.058399,-0.205733,0.009803,-0.834126,-0.922222,-0.760591,-0.169960,-0.474228,-0.081337,0.064931,3
-0.011164,-0.070146,0.003428,0.258876,-0.283111,0.045505,-0.047085,0.037446,0.009816,0.315872,-0.320932,-0.031001,-0.181567,0.025327,-0.054689,-0.377287,0.847696,1.011636,-0.414510,-0.058399,-0.205757,0.009791,-0.833611,-0.922258,-0.760567,-0.169960,-0.472706,-0.081325,0.064907,3
-0.011190,-0.070103,0.003415,0.258910,-0.283119,0.045505,-0.047076,0.037455,0.009803,0.315821,-0.320936,-0.031008,-0.182157,0.025304,-0.054674,-0.377203,0.848583,1.011505,-0.414414,-0.058399,-0.205781,0.009767,-0.832868,-0.922306,-0.760591,-0.169996,-0.471567,-0.081337,0.064883,3
-0.011181,-0.070069,0.003402,0.258936,-0.283111,0.045490,-0.047076,0.037497,0.009776,0.315787,-0.320936,-0.031008,-0.182759,0.025304,-0.054684,-0.377156,0.849769,1.011397,-0.414295,-0.058411,-0.205793,0.009743,-0.832460,-0.922306,-0.760591,-0.169984,-0.470704,-0.081337,0.064895,3
-0.011172,-0.070052,0.003388,0.258953,-0.283123,0.045483,-0.047085,0.037506,0.009789,0.315770,-0.320940,-0.030972,-0.183415,0.025319,-0.054674,-0.377012,0.850608,1.011325,-0.414103,-0.058435,-0.205769,0.009743,-0.832005,-0.922282,-0.760531,-0.169996,-0.470141,-0.081325,0.064883,3
-0.011172,-0.070009,0.003361,0.258962,-0.283127,0.045461,-0.047085,0.037531,0.009789,0.315770,-0.320940,-0.030958,-0.184005,0.025304,-0.054684,-0.376856,0.851579,1.011373,-0.413851,-0.058435,-0.205745,0.009743,-0.831561,-0.922258,-0.760435,-0.169972,-0.469794,-0.081349,0.064883,3
-0.011190,-0.069984,0.003348,0.258962,-0.283127,0.045461,-0.047076,0.037548,0.009789,0.315744,-0.320924,-0.030958,-0.184594,0.025311,-0.054679,-0.376676,0.852645,1.011385,-0.413480,-0.058435,-0.205721,0.009743,-0.831106,-0.922246,-0.760375,-0.169984,-0.469602,-0.081385,0.064859,3
-0.011198,-0.069967,0.003361,0.258953,-0.283127,0.045461,-0.047076,0.037557,0.009789,0.315761,-0.320928,-0.030936,-0.185063,0.025319,-0.054674,-0.376544,0.853724,1.011397,-0.413228,-0.058435,-0.205733,0.009743,-0.830711,-0.922234,-0.760291,-0.169972,-0.469566,-0.081385,0.064787,3
-0.011207,-0.069932,0.003375,0.258927,-0.283131,0.045469,-0.047085,0.037574,0.009789,0.315719,-0.320916,-0.030958,-0.185813,0.025319,-0.054674,-0.376377,0.855198,1.011385,-0.412916,-0.058471,-0.205721,0.009767,-0.830039,-0.922234,-0.760207,-0.169936,-0.469734,-0.081373,0.064727,3
-0.011190,-0.069941,0.003388,0.258944,-0.283131,0.045469,-0.047076,0.037574,0.009789,0.315693,-0.320916,-0.030972,-0.186295,0.025319,-0.054674,-0.376281,0.856049,1.011385,-0.412737,-0.058447,-0.205721,0.009779,-0.829596,-0.922246,-0.760111,-0.169912,-0.469866,-0.081361,0.064679,3
-0.011207,-0.069932,0.003375,0.258910,-0.283131,0.045469,-0.047076,0.037583,0.009816,0.315685,-0.320907,-0.030958,-0.187098,0.025304,-0.054684,-0.376221,0.856864,1.011409,-0.412593,-0.058447,-0.205721,0.009779,-0.829153,-0.922282,-0.759980,-0.169888,-0.469961,-0.081337,0.064643,3
-0.011172,-0.069941,0.003402,0.258902,-0.283131,0.045469,-0.047068,0.037583,0.009776,0.315651,-0.320907,-0.030958,-0.187714,0.025304,-0.054684,-0.376065,0.857643,1.011409,-0.412461,-0.058471,-0.205709,0.009779,-0.828470,-0.922270,-0.759836,-0.169864,-0.470069,-0.081313,0.064631,3
-0.011164,-0.069941,0.003402,0.258893,-0.283136,0.045476,-0.047059,0.037565,0.009789,0.315642,-0.320907,-0.030958,-0.188344,0.025342,-0.054679,-0.375957,0.858841,1.011433,-0.412353,-0.058459,-0.205685,0.009767,-0.828014,-0.922258,-0.759680,-0.169852,-0.470105,-0.081277,0.064643,3
-0.011164,-0.069950,0.003388,0.258902,-0.283131,0.045469,-0.047068,0.037583,0.009789,0.315617,-0.320907,-0.030958,-0.189013,0.025334,-0.054664,-0.375849,0.859716,1.011421,-0.412257,-0.058471,-0.205673,0.009767,-0.827499,-0.922198,-0.759512,-0.169876,-0.470141,-0.081241,0.064655,3
-0.011172,-0.069950,0.003375,0.258893,-0.283131,0.045469,-0.047059,0.037565,0.009789,0.315625,-0.320912,-0.030965,-0.189790,0.025319,-0.054674,-0.375729,0.860591,1.011433,-0.412173,-0.058471,-0.205613,0.009779,-0.826912,-0.922198,-0.759380,-0.169876,-0.470105,-0.081253,0.064679,3
-0.011164,-0.069958,0.003402,0.258902,-0.283136,0.045461,-0.047042,0.037574,0.009816,0.315625,-0.320920,-0.030979,-0.191049,0.025342,-0.054679,-0.375586,0.861849,1.011469,-0.411994,-0.058459,-0.205482,0.009767,-0.825857,-0.922198,-0.759356,-0.169876,-0.470069,-0.081277,0.064691,3
-0.011172,-0.069967,0.003375,0.258910,-0.283144,0.045461,-0.047051,0.037574,0.009789,0.315625,-0.320912,-0.030965,-0.191531,0.025327,-0.054669,-0.375574,0.862280,1.011445,-0.411994,-0.058471,-0.205410,0.009767,-0.825521,-0.922222,-0.759356,-0.169876,-0.470045,-0.081241,0.064703,3
-0.011181,-0.069984,0.003388,0.258902,-0.283131,0.045469,-0.047034,0.037565,0.009789,0.315625,-0.320912,-0.030965,-0.192616,0.025311,-0.054679,-0.375598,0.863036,1.011445,-0.411982,-0.058471,-0.205218,0.009767,-0.824826,-0.922246,-0.759356,-0.169912,-0.470033,-0.081241,0.064691,3
-0.011224,-0.069992,0.003402,0.258885,-0.283140,0.045454,-0.046999,0.037548,0.009803,0.315600,-0.320932,-0.030958,-0.195160,0.025296,-0.054689,-0.375634,0.864246,1.011433,-0.411958,-0.058471,-0.204978,0.009767,-0.823784,-0.922270,-0.759356,-0.169900,-0.470033,-0.081265,0.064583,3
-0.011249,-0.070009,0.003388,0.258902,-0.283140,0.045469,-0.046957,0.037557,0.009803,0.315600,-0.320928,-0.030936,-0.196767,0.025296,-0.054689,-0.375646,0.865073,1.011421,-0.411958,-0.058471,-0.204798,0.009767,-0.822777,-0.922258,-0.759344,-0.169936,-0.470045,-0.081253,0.064463,3
-0.011266,-0.070018,0.003375,0.258902,-0.283127,0.045461,-0.046906,0.037540,0.009803,0.315582,-0.320928,-0.030950,-0.198548,0.025296,-0.054689,-0.375610,0.865984,1.011433,-0.411994,-0.058471,-0.204583,0.009767,-0.822154,-0.922246,-0.759320,-0.169960,-0.470045,-0.081265,0.064355,3
-0.011283,-0.070060,0.003348,0.258893,-0.283131,0.045440,-0.046897,0.037548,0.009776,0.315565,-0.320928,-0.030950,-0.200102,0.025311,-0.054679,-0.375586,0.867314,1.011421,-0.412018,-0.058471,-0.204379,0.009767,-0.821662,-0.922234,-0.759344,-0.169996,-0.470033,-0.081253,0.064259,3
-0.011309,-0.070086,0.003254,0.258885,-0.283110,0.045432,-0.046863,0.037540,0.009789,0.315557,-0.320940,-0.030972,-0.201387,0.025319,-0.054674,-0.375586,0.868129,1.011445,-0.412078,-0.058471,-0.204151,0.009767,-0.821315,-0.922234,-0.759368,-0.170020,-0.470033,-0.081277,0.064164,3
-0.011334,-0.070103,0.003147,0.258902,-0.283119,0.045418,-0.046821,0.037514,0.009776,0.315540,-0.320928,-0.030979,-0.202177,0.025319,-0.054674,-0.375514,0.868872,1.011505,-0.412149,-0.058471,-0.203864,0.009779,-0.821051,-0.922222,-0.759356,-0.169996,-0.470045,-0.081313,0.064104,3
-0.011386,-0.070120,0.003040,0.258902,-0.283115,0.045440,-0.046786,0.037480,0.009789,0.315540,-0.320928,-0.030994,-0.202579,0.025327,-0.054669,-0.375442,0.869555,1.011576,-0.412233,-0.058471,-0.203564,0.009791,-0.820716,-0.922222,-0.759285,-0.169972,-0.470045,-0.081361,0.064080,3
-0.011428,-0.070146,0.002933,0.258919,-0.283131,0.045469,-0.046727,0.037455,0.009789,0.315548,-0.320924,-0.030987,-0.202807,0.025311,-0.054679,-0.375334,0.870178,1.011756,-0.412305,-0.058471,-0.203049,0.009815,-0.820224,-0.922246,-0.759189,-0.169960,-0.470045,-0.081469,0.064080,3
-0.011479,-0.070180,0.002799,0.258944,-0.283136,0.045476,-0.046659,0.037404,0.009789,0.315565,-0.320940,-0.030972,-0.202927,0.025289,-0.054694,-0.375070,0.871077,1.012080,-0.412425,-0.058471,-0.202557,0.009887,-0.819397,-0.922258,-0.759129,-0.169936,-0.470045,-0.081565,0.064152,3
-0.011513,-0.070180,0.002745,0.258936,-0.283148,0.045497,-0.046624,0.037361,0.009776,0.315600,-0.320949,-0.030986,-0.202860,0.025311,-0.054699,-0.374759,0.871724,1.012308,-0.412485,-0.058471,-0.202138,0.009935,-0.818966,-0.922258,-0.759165,-0.169936,-0.470033,-0.081577,0.064188,3
-0.011530,-0.070197,0.002745,0.258927,-0.283148,0.045497,-0.046565,0.037318,0.009749,0.315557,-0.320949,-0.031001,-0.202780,0.025296,-0.054689,-0.374567,0.872827,1.012475,-0.412533,-0.058471,-0.201671,0.009923,-0.818427,-0.922234,-0.759201,-0.169924,-0.470045,-0.081565,0.064199,3
-0.011530,-0.070205,0.002759,0.258927,-0.283157,0.045512,-0.046573,0.037301,0.009723,0.315557,-0.320949,-0.031001,-0.202633,0.025319,-0.054674,-0.374471,0.873630,1.012655,-0.412593,-0.058471,-0.201179,0.009911,-0.818043,-0.922198,-0.759213,-0.169924,-0.470057,-0.081577,0.064199,3
-0.011522,-0.070214,0.002799,0.258902,-0.283140,0.045512,-0.046590,0.037259,0.009709,0.315540,-0.320949,-0.031001,-0.202459,0.025296,-0.054689,-0.374459,0.874408,1.012715,-0.412701,-0.058471,-0.200544,0.009911,-0.817660,-0.922222,-0.759213,-0.169924,-0.470057,-0.081589,0.064176,3
-0.011513,-0.070222,0.002852,0.258910,-0.283127,0.045490,-0.046607,0.037233,0.009709,0.315548,-0.320945,-0.031008,-0.202271,0.025304,-0.054684,-0.374519,0.875116,1.012799,-0.412761,-0.058495,-0.199885,0.009911,-0.817276,-0.922222,-0.759237,-0.169900,-0.470069,-0.081577,0.064164,3
-0.011488,-0.070239,0.002919,0.258876,-0.283115,0.045469,-0.046624,0.037199,0.009723,0.315548,-0.320949,-0.031015,-0.202137,0.025304,-0.054684,-0.374579,0.875679,1.012847,-0.412821,-0.058495,-0.198651,0.009935,-0.816905,-0.922246,-0.759273,-0.169900,-0.470069,-0.081565,0.064152,3
-0.011462,-0.070273,0.002986,0.258859,-0.283102,0.045476,-0.046624,0.037156,0.009709,0.315557,-0.320949,-0.031030,-0.202137,0.025304,-0.054684,-0.374603,0.876146,1.012883,-0.412869,-0.058495,-0.197800,0.009995,-0.816473,-0.922246,-0.759356,-0.169900,-0.470057,-0.081577,0.064152,3
-0.011445,-0.070282,0.003053,0.258842,-0.283107,0.045483,-0.046659,0.037131,0.009736,0.315557,-0.320949,-0.031015,-0.202579,0.025296,-0.054689,-0.374699,0.876686,1.012847,-0.412893,-0.058495,-0.196517,0.010007,-0.815706,-0.922246,-0.759560,-0.169888,-0.470069,-0.081577,0.064116,3
-0.011428,-0.070316,0.003094,0.258825,-0.283115,0.045497,-0.046727,0.037105,0.009736,0.315548,-0.320949,-0.031030,-0.202914,0.025289,-0.054674,-0.374938,0.877033,1.012787,-0.412893,-0.058495,-0.195654,0.010019,-0.814795,-0.922258,-0.759716,-0.169888,-0.470045,-0.081565,0.064104,3
-0.011428,-0.070316,0.003134,0.258825,-0.283123,0.045483,-0.046769,0.037054,0.009736,0.315557,-0.320949,-0.031030,-0.203182,0.025289,-0.054674,-0.375166,0.877680,1.012703,-0.412881,-0.058507,-0.194780,0.010019,-0.814172,-0.922162,-0.759872,-0.169888,-0.470069,-0.081565,0.064092,3
-0.011428,-0.070333,0.003160,0.258800,-0.283119,0.045476,-0.046778,0.037046,0.009709,0.315557,-0.320949,-0.031030,-0.203289,0.025281,-0.054679,-0.375286,0.877920,1.012631,-0.412881,-0.058495,-0.194360,0.010007,-0.813837,-0.922126,-0.759932,-0.169888,-0.470069,-0.081565,0.064068,3
-0.011411,-0.070342,0.003241,0.258817,-0.283127,0.045490,-0.046838,0.037012,0.009709,0.315591,-0.320953,-0.031008,-0.203570,0.025281,-0.054679,-0.375610,0.878639,1.012427,-0.412833,-0.058507,-0.192982,0.010019,-0.812962,-0.921911,-0.760135,-0.169876,-0.470069,-0.081565,0.064008,3
-0.011428,-0.070367,0.003214,0.258842,-0.283127,0.045490,-0.046872,0.037003,0.009736,0.315608,-0.320953,-0.031008,-0.203677,0.025289,-0.054674,-0.375801,0.879082,1.012319,-0.412857,-0.058519,-0.192011,0.010007,-0.812530,-0.921779,-0.760171,-0.169924,-0.470069,-0.081589,0.063984,3
-0.011437,-0.070401,0.003254,0.258851,-0.283136,0.045505,-0.046880,0.036986,0.009736,0.315625,-0.320932,-0.031030,-0.203731,0.025289,-0.054674,-0.376017,0.879430,1.012188,-0.412869,-0.058507,-0.190561,0.010007,-0.812267,-0.921659,-0.760159,-0.169936,-0.470081,-0.081589,0.063912,3
-0.011437,-0.070410,0.003241,0.258859,-0.283132,0.045497,-0.046872,0.036986,0.009736,0.315625,-0.320932,-0.031030,-0.203771,0.025281,-0.054679,-0.376137,0.879598,1.012116,-0.412869,-0.058507,-0.190118,0.010007,-0.812147,-0.921611,-0.760147,-0.169936,-0.470069,-0.081589,0.063888,3
-0.011428,-0.070444,0.003214,0.258902,-0.283140,0.045483,-0.046838,0.036977,0.009723,0.315617,-0.320924,-0.031045,-0.203744,0.025281,-0.054669,-0.376472,0.880245,1.011936,-0.412893,-0.058507,-0.188799,0.010007,-0.811512,-0.921491,-0.760076,-0.169912,-0.470093,-0.081613,0.063828,3
-0.011445,-0.070444,0.003214,0.258919,-0.283144,0.045461,-0.046821,0.036969,0.009723,0.315608,-0.320936,-0.031037,-0.203718,0.025273,-0.054664,-0.376544,0.880413,1.011840,-0.412916,-0.058531,-0.187961,0.010007,-0.811056,-0.921431,-0.760016,-0.169912,-0.470069,-0.081649,0.063840,3
-0.011454,-0.070461,0.003227,0.258953,-0.283148,0.045454,-0.046812,0.036986,0.009709,0.315582,-0.320936,-0.031023,-0.203691,0.025281,-0.054679,-0.376568,0.880952,1.011804,-0.412916,-0.058531,-0.187230,0.010019,-0.810673,-0.921156,-0.759980,-0.169912,-0.470069,-0.081649,0.063888,3
-0.011462,-0.070469,0.003268,0.258987,-0.283169,0.045418,-0.046769,0.036960,0.009736,0.315557,-0.320928,-0.031023,-0.203731,0.025296,-0.054669,-0.376592,0.881395,1.011804,-0.412893,-0.058531,-0.186415,0.009995,-0.810229,-0.920964,-0.759968,-0.169936,-0.470081,-0.081649,0.063900,3
-0.011437,-0.070469,0.003268,0.259004,-0.283164,0.045411,-0.046778,0.036969,0.009749,0.315531,-0.320924,-0.031030,-0.203718,0.025296,-0.054669,-0.376616,0.881539,1.011780,-0.412893,-0.058531,-0.186223,0.010007,-0.810074,-0.920940,-0.760016,-0.169912,-0.470081,-0.081649,0.063900,3
-0.011437,-0.070486,0.003254,0.259013,-0.283168,0.045389,-0.046769,0.036977,0.009749,0.315497,-0.320920,-0.031008,-0.203744,0.025281,-0.054679,-0.376628,0.881839,1.011756,-0.412893,-0.058567,-0.185684,0.010019,-0.809678,-0.920904,-0.760052,-0.169888,-0.470057,-0.081649,0.063900,3
-0.011445,-0.070495,0.003268,0.258996,-0.283164,0.045382,-0.046769,0.036969,0.009736,0.315497,-0.320916,-0.031001,-0.203744,0.025266,-0.054669,-0.376628,0.882054,1.011732,-0.412881,-0.058591,-0.185348,0.010031,-0.809367,-0.920820,-0.760076,-0.169912,-0.470057,-0.081637,0.063888,3
-0.011411,-0.070512,0.003268,0.258996,-0.283168,0.045389,-0.046769,0.036969,0.009736,0.315514,-0.320916,-0.031001,-0.203718,0.025296,-0.054669,-0.376616,0.882270,1.011732,-0.412916,-0.058615,-0.185264,0.010091,-0.809079,-0.920700,-0.760087,-0.169924,-0.470057,-0.081625,0.063900,3
-0.011411,-0.070521,0.003254,0.258987,-0.283185,0.045389,-0.046761,0.036977,0.009723,0.315523,-0.320920,-0.030994,-0.203691,0.025273,-0.054664,-0.376604,0.882486,1.011756,-0.412881,-0.058627,-0.185312,0.010115,-0.808576,-0.920580,-0.760076,-0.169900,-0.470045,-0.081637,0.063876,3
-0.011403,-0.070529,0.003241,0.258987,-0.283181,0.045382,-0.046778,0.036986,0.009736,0.315514,-0.320924,-0.030987,-0.203651,0.025289,-0.054674,-0.376616,0.882833,1.011732,-0.412881,-0.058639,-0.185336,0.010091,-0.808228,-0.920532,-0.760052,-0.169924,-0.470045,-0.081637,0.063864,3
-0.011386,-0.070529,0.003227,0.258996,-0.283189,0.045396,-0.046761,0.036969,0.009723,0.315540,-0.320912,-0.030979,-0.203624,0.025289,-0.054674,-0.376616,0.883025,1.011744,-0.412869,-0.058663,-0.185384,0.010115,-0.807893,-0.920568,-0.760028,-0.169924,-0.470045,-0.081625,0.063840,3
-0.011386,-0.070546,0.003227,0.258970,-0.283189,0.045396,-0.046761,0.036960,0.009723,0.315531,-0.320903,-0.030979,-0.203557,0.025296,-0.054659,-0.376604,0.883205,1.011756,-0.412857,-0.058687,-0.185480,0.010115,-0.807437,-0.920568,-0.760016,-0.169948,-0.470033,-0.081625,0.063828,3
-0.011394,-0.070563,0.003268,0.258996,-0.283206,0.045425,-0.046761,0.036969,0.009736,0.315514,-0.320891,-0.030972,-0.203517,0.025289,-0.054674,-0.376604,0.883337,1.011744,-0.412881,-0.058711,-0.185552,0.010115,-0.806922,-0.920544,-0.760040,-0.169984,-0.470033,-0.081625,0.063816,3
-0.011377,-0.070580,0.003268,0.258970,-0.283189,0.045425,-0.046752,0.036952,0.009723,0.315523,-0.320895,-0.030965,-0.203436,0.025296,-0.054669,-0.376604,0.883433,1.011744,-0.412869,-0.058735,-0.185636,0.010127,-0.806275,-0.920580,-0.760040,-0.170044,-0.470033,-0.081625,0.063804,3
-0.011351,-0.070606,0.003281,0.258979,-0.283173,0.045396,-0.046744,0.036935,0.009736,0.315514,-0.320903,-0.030979,-0.203329,0.025296,-0.054669,-0.376592,0.883564,1.011756,-0.412821,-0.058795,-0.185684,0.010139,-0.804920,-0.920616,-0.760052,-0.170080,-0.470021,-0.081625,0.063804,3
-0.011343,-0.070623,0.003308,0.258987,-0.283164,0.045382,-0.046752,0.036926,0.009723,0.315514,-0.320899,-0.030987,-0.203209,0.025281,-0.054679,-0.376604,0.883624,1.011756,-0.412785,-0.058831,-0.185672,0.010187,-0.803746,-0.920640,-0.760040,-0.170116,-0.470033,-0.081637,0.063792,3
-0.011351,-0.070640,0.003321,0.258987,-0.283168,0.045404,-0.046727,0.036901,0.009723,0.315497,-0.320899,-0.030972,-0.203115,0.025266,-0.054678,-0.376592,0.883672,1.011756,-0.412689,-0.058855,-0.185648,0.010199,-0.802056,-0.920700,-0.760028,-0.170164,-0.470021,-0.081625,0.063792,3
-0.011369,-0.070665,0.003335,0.258979,-0.283169,0.045418,-0.046727,0.036884,0.009723,0.315523,-0.320903,-0.030950,-0.203035,0.025289,-0.054674,-0.376592,0.883780,1.011744,-0.412521,-0.058890,-0.185624,0.010235,-0.801050,-0.920784,-0.760028,-0.170224,-0.470021,-0.081625,0.063792,3
-0.011377,-0.070682,0.003308,0.258996,-0.283169,0.045418,-0.046727,0.036867,0.009736,0.315540,-0.320920,-0.030950,-0.202954,0.025296,-0.054669,-0.376592,0.883852,1.011756,-0.412329,-0.058926,-0.185552,0.010247,-0.800295,-0.920820,-0.760052,-0.170260,-0.470021,-0.081637,0.063804,3
-0.011377,-0.070682,0.003321,0.258987,-0.283169,0.045418,-0.046727,0.036850,0.009723,0.315506,-0.320924,-0.030943,-0.202874,0.025281,-0.054659,-0.376568,0.883936,1.011756,-0.412197,-0.058974,-0.185468,0.010247,-0.799875,-0.920880,-0.760052,-0.170356,-0.470021,-0.081637,0.063816,3
-0.011377,-0.070717,0.003308,0.258987,-0.283168,0.045404,-0.046718,0.036824,0.009736,0.315514,-0.320911,-0.030936,-0.202780,0.025296,-0.054679,-0.376544,0.883972,1.011744,-0.412042,-0.059010,-0.185444,0.010258,-0.799803,-0.920940,-0.760052,-0.170452,-0.470057,-0.081637,0.063816,3
-0.011403,-0.070742,0.003281,0.258987,-0.283160,0.045418,-0.046727,0.036807,0.009723,0.315489,-0.320912,-0.030965,-0.202673,0.025296,-0.054669,-0.376520,0.884008,1.011756,-0.411934,-0.059046,-0.185432,0.010294,-0.800007,-0.921000,-0.760052,-0.170512,-0.470021,-0.081649,0.063816,3
-0.011394,-0.070751,0.003281,0.258979,-0.283148,0.045425,-0.046693,0.036764,0.009736,0.315489,-0.320891,-0.030972,-0.202566,0.025304,-0.054664,-0.376484,0.884008,1.011756,-0.411778,-0.059082,-0.185336,0.010318,-0.800642,-0.921060,-0.760076,-0.170607,-0.470033,-0.081684,0.063804,3
-0.011377,-0.070785,0.003281,0.258996,-0.283148,0.045440,-0.046684,0.036764,0.009736,0.315497,-0.320903,-0.030979,-0.202472,0.025304,-0.054664,-0.376472,0.883996,1.011756,-0.411706,-0.059082,-0.185324,0.010378,-0.801098,-0.921120,-0.760087,-0.170691,-0.470033,-0.081720,0.063792,3
-0.011386,-0.070802,0.003281,0.258987,-0.283148,0.045440,-0.046667,0.036739,0.009736,0.315497,-0.320903,-0.030979,-0.202419,0.025296,-0.054669,-0.376460,0.883996,1.011768,-0.411658,-0.059082,-0.185300,0.010414,-0.801325,-0.921144,-0.760111,-0.170715,-0.470033,-0.081744,0.063804,3
-0.011403,-0.070836,0.003308,0.258996,-0.283135,0.045447,-0.046642,0.036722,0.009723,0.315514,-0.320911,-0.030936,-0.202365,0.025281,-0.054679,-0.376389,0.883972,1.011756,-0.411574,-0.059106,-0.185312,0.010450,-0.801673,-0.921215,-0.760231,-0.170775,-0.470033,-0.081804,0.063828,3
-0.011403,-0.070870,0.003361,0.259004,-0.283131,0.045440,-0.046616,0.036679,0.009723,0.315514,-0.320911,-0.030936,-0.202298,0.025281,-0.054679,-0.376305,0.883972,1.011768,-0.411550,-0.059106,-0.185312,0.010522,-0.801277,-0.921347,-0.760375,-0.170775,-0.470057,-0.081852,0.063816,3
-0.011428,-0.070913,0.003348,0.258987,-0.283123,0.045454,-0.046624,0.036671,0.009736,0.315523,-0.320912,-0.030965,-0.202285,0.025289,-0.054684,-0.376185,0.883936,1.011852,-0.411526,-0.059130,-0.185312,0.010594,-0.800846,-0.921311,-0.760687,-0.170775,-0.470069,-0.081936,0.063840,3
-0.011420,-0.070930,0.003335,0.258996,-0.283140,0.045483,-0.046616,0.036637,0.009723,0.315489,-0.320899,-0.030958,-0.202258,0.025296,-0.054679,-0.376017,0.883924,1.011912,-0.411526,-0.059154,-0.185324,0.010666,-0.800570,-0.921215,-0.760986,-0.170763,-0.470069,-0.081972,0.063816,3
-0.011437,-0.070955,0.003335,0.258970,-0.283132,0.045497,-0.046616,0.036611,0.009723,0.315480,-0.320895,-0.030950,-0.202285,0.025281,-0.054679,-0.375837,0.883924,1.011984,-0.411526,-0.059178,-0.185312,0.010738,-0.800402,-0.921179,-0.761226,-0.170739,-0.470045,-0.081972,0.063804,3
-0.011437,-0.070981,0.003335,0.258987,-0.283136,0.045505,-0.046590,0.036585,0.009736,0.315497,-0.320903,-0.030950,-0.202271,0.025296,-0.054679,-0.375670,0.883924,1.012056,-0.411574,-0.059178,-0.185312,0.010822,-0.800331,-0.921215,-0.761454,-0.170727,-0.470057,-0.081996,0.063768,3
-0.011437,-0.070998,0.003321,0.258987,-0.283132,0.045497,-0.046573,0.036534,0.009736,0.315489,-0.320903,-0.030950,-0.202258,0.025296,-0.054689,-0.375538,0.883900,1.012092,-0.411610,-0.059202,-0.185324,0.010954,-0.800247,-0.921263,-0.761586,-0.170715,-0.470069,-0.082008,0.063756,3
-0.011462,-0.071032,0.003335,0.258996,-0.283127,0.045490,-0.046565,0.036526,0.009723,0.315514,-0.320903,-0.030950,-0.202258,0.025304,-0.054684,-0.375442,0.883924,1.012140,-0.411646,-0.059214,-0.185312,0.011073,-0.800175,-0.921263,-0.761693,-0.170667,-0.470081,-0.081996,0.063780,3
-0.011462,-0.071074,0.003321,0.259004,-0.283115,0.045497,-0.046548,0.036492,0.009723,0.315514,-0.320899,-0.030943,-0.202271,0.025334,-0.054714,-0.375202,0.883936,1.012236,-0.411706,-0.059238,-0.185312,0.011265,-0.800151,-0.921203,-0.761825,-0.170571,-0.470069,-0.082008,0.063816,3
-0.011462,-0.071091,0.003321,0.258996,-0.283119,0.045505,-0.046548,0.036458,0.009736,0.315514,-0.320903,-0.030950,-0.202258,0.025349,-0.054714,-0.375046,0.883960,1.012319,-0.411790,-0.059238,-0.185360,0.011409,-0.800139,-0.921203,-0.761897,-0.170548,-0.470093,-0.082008,0.063804,3
-0.011454,-0.071109,0.003308,0.258996,-0.283124,0.045512,-0.046522,0.036449,0.009723,0.315514,-0.320899,-0.030943,-0.202244,0.025357,-0.054719,-0.374879,0.883936,1.012415,-0.411862,-0.059250,-0.185372,0.011529,-0.800127,-0.921179,-0.762017,-0.170500,-0.470105,-0.081996,0.063780,3
-0.011462,-0.071117,0.003321,0.258996,-0.283140,0.045526,-0.046514,0.036432,0.009736,0.315497,-0.320895,-0.030950,-0.202231,0.025387,-0.054730,-0.374783,0.883936,1.012463,-0.411958,-0.059262,-0.185372,0.011649,-0.800151,-0.921167,-0.762209,-0.170380,-0.470093,-0.082008,0.063780,3
-0.011462,-0.071126,0.003335,0.258996,-0.283170,0.045562,-0.046531,0.036424,0.009736,0.315514,-0.320903,-0.030979,-0.202231,0.025403,-0.054740,-0.374675,0.883924,1.012451,-0.412030,-0.059250,-0.185372,0.011757,-0.800163,-0.921167,-0.762329,-0.170296,-0.470093,-0.082008,0.063768,3
-0.011454,-0.071151,0.003348,0.258987,-0.283195,0.045635,-0.046497,0.036406,0.009723,0.315514,-0.320891,-0.030958,-0.202231,0.025418,-0.054750,-0.374675,0.883936,1.012451,-0.412138,-0.059250,-0.185372,0.011840,-0.800175,-0.921156,-0.762436,-0.170200,-0.470117,-0.081996,0.063768,3
-0.011462,-0.071160,0.003321,0.258987,-0.283212,0.045649,-0.046505,0.036406,0.009723,0.315489,-0.320899,-0.030943,-0.202218,0.025418,-0.054760,-0.374675,0.883936,1.012475,-0.412209,-0.059262,-0.185384,0.011912,-0.800199,-0.921156,-0.762568,-0.170128,-0.470117,-0.081996,0.063756,3
-0.011462,-0.071168,0.003335,0.258996,-0.283238,0.045707,-0.046505,0.036389,0.009736,0.315480,-0.320899,-0.030943,-0.202204,0.025448,-0.054770,-0.374687,0.883948,1.012451,-0.412293,-0.059262,-0.185420,0.011984,-0.800247,-0.921156,-0.762664,-0.170080,-0.470117,-0.081996,0.063756,3
-0.011462,-0.071177,0.003321,0.258996,-0.283263,0.045750,-0.046505,0.036389,0.009749,0.315506,-0.320899,-0.030943,-0.202177,0.025464,-0.054780,-0.374675,0.883948,1.012427,-0.412329,-0.059274,-0.185456,0.012032,-0.800295,-0.921179,-0.762760,-0.170008,-0.470117,-0.081996,0.063768,3
-0.011437,-0.071194,0.003308,0.258970,-0.283301,0.045801,-0.046505,0.036372,0.009749,0.315523,-0.320891,-0.030958,-0.202164,0.025578,-0.054847,-0.374663,0.883936,1.012427,-0.412401,-0.059298,-0.185492,0.012032,-0.800390,-0.921239,-0.762880,-0.169888,-0.470117,-0.081996,0.063744,3
-0.011454,-0.071194,0.003335,0.258996,-0.283310,0.045844,-0.046514,0.036372,0.009736,0.315531,-0.320891,-0.030958,-0.202164,0.025585,-0.054871,-0.374699,0.883936,1.012403,-0.412437,-0.059274,-0.185504,0.012020,-0.800462,-0.921263,-0.762952,-0.169816,-0.470117,-0.081996,0.063768,3
-0.011462,-0.071194,0.003348,0.258987,-0.283339,0.045880,-0.046505,0.036364,0.009736,0.315531,-0.320895,-0.030965,-0.202151,0.025623,-0.054907,-0.374723,0.883936,1.012343,-0.412461,-0.059298,-0.185540,0.012020,-0.800558,-0.921299,-0.763012,-0.169745,-0.470117,-0.081996,0.063756,3
-0.011462,-0.071194,0.003375,0.258996,-0.283360,0.045902,-0.046505,0.036364,0.009763,0.315514,-0.320895,-0.030965,-0.202137,0.025669,-0.054927,-0.374759,0.883936,1.012272,-0.412545,-0.059310,-0.185564,0.012020,-0.800642,-0.921335,-0.763072,-0.169673,-0.470105,-0.081996,0.063732,3
-0.011462,-0.071194,0.003402,0.258987,-0.283364,0.045923,-0.046505,0.036355,0.009736,0.315514,-0.320895,-0.030965,-0.202124,0.025707,-0.054943,-0.374771,0.883924,1.012224,-0.412593,-0.059310,-0.185564,0.012008,-0.800750,-0.921335,-0.763108,-0.169637,-0.470105,-0.081996,0.063720,3
-0.011462,-0.071194,0.003402,0.258996,-0.283390,0.045952,-0.046505,0.036347,0.009723,0.315497,-0.320895,-0.030965,-0.202137,0.025738,-0.054973,-0.374807,0.883924,1.012188,-0.412629,-0.059310,-0.185600,0.012008,-0.800858,-0.921335,-0.763108,-0.169613,-0.470093,-0.081972,0.063720,3
-0.011462,-0.071194,0.003388,0.258987,-0.283394,0.045988,-0.046488,0.036347,0.009709,0.315506,-0.320895,-0.030965,-0.202124,0.025753,-0.054973,-0.374819,0.883936,1.012188,-0.412665,-0.059322,-0.185600,0.012020,-0.800966,-0.921347,-0.763131,-0.169577,-0.470093,-0.081984,0.063696,3
-0.011454,-0.071194,0.003402,0.258987,-0.283415,0.046010,-0.046488,0.036355,0.009723,0.315506,-0.320899,-0.030958,-0.202097,0.025776,-0.054998,-0.374807,0.883924,1.012176,-0.412701,-0.059322,-0.185624,0.012020,-0.801074,-0.921383,-0.763131,-0.169589,-0.470117,-0.081984,0.063684,3
-0.011454,-0.071194,0.003388,0.258987,-0.283436,0.046046,-0.046480,0.036347,0.009723,0.315506,-0.320895,-0.030950,-0.202097,0.025844,-0.055034,-0.374807,0.883912,1.012152,-0.412689,-0.059322,-0.185612,0.012032,-0.801253,-0.921407,-0.763131,-0.169565,-0.470093,-0.081972,0.063672,3
-0.011437,-0.071194,0.003388,0.258987,-0.283457,0.046082,-0.046480,0.036364,0.009723,0.315514,-0.320891,-0.030958,-0.202070,0.025913,-0.055060,-0.374807,0.883924,1.012140,-0.412677,-0.059322,-0.185636,0.012020,-0.801337,-0.921395,-0.763131,-0.169577,-0.470093,-0.081984,0.063672,3
-0.011428,-0.071194,0.003348,0.258962,-0.283474,0.046140,-0.046463,0.036347,0.009749,0.315531,-0.320895,-0.030965,-0.202070,0.025958,-0.055120,-0.374831,0.883912,1.012104,-0.412689,-0.059346,-0.185648,0.012032,-0.801421,-0.921371,-0.763108,-0.169601,-0.470105,-0.081984,0.063672,3
-0.011428,-0.071194,0.003335,0.258970,-0.283483,0.046140,-0.046463,0.036347,0.009736,0.315531,-0.320883,-0.030943,-0.202030,0.026004,-0.055141,-0.374855,0.883900,1.012092,-0.412701,-0.059370,-0.185636,0.012032,-0.801445,-0.921359,-0.763108,-0.169589,-0.470081,-0.081984,0.063672,3
-0.011428,-0.071194,0.003348,0.258953,-0.283483,0.046140,-0.046480,0.036338,0.009723,0.315514,-0.320895,-0.030950,-0.202044,0.026004,-0.055150,-0.374831,0.883876,1.012068,-0.412701,-0.059370,-0.185636,0.012032,-0.801445,-0.921371,-0.763084,-0.169613,-0.470081,-0.081972,0.063672,3
-0.011428,-0.071194,0.003348,0.258962,-0.283487,0.046162,-0.046471,0.036347,0.009736,0.315497,-0.320891,-0.030943,-0.202044,0.026034,-0.055151,-0.374843,0.883852,1.012056,-0.412725,-0.059382,-0.185636,0.012032,-0.801445,-0.921371,-0.763096,-0.169649,-0.470081,-0.081984,0.063660,3
-0.011437,-0.071194,0.003348,0.258927,-0.283500,0.046169,-0.046463,0.036347,0.009736,0.315480,-0.320887,-0.030951,-0.202030,0.026065,-0.055181,-0.374879,0.883804,1.012008,-0.412725,-0.059382,-0.185636,0.012056,-0.801445,-0.921347,-0.763072,-0.169697,-0.470093,-0.081996,0.063660,3
-0.011428,-0.071194,0.003361,0.258910,-0.283504,0.046176,-0.046454,0.036364,0.009736,0.315463,-0.320887,-0.030951,-0.202030,0.026095,-0.055201,-0.374891,0.883768,1.011984,-0.412725,-0.059406,-0.185636,0.012092,-0.801433,-0.921335,-0.763072,-0.169757,-0.470069,-0.081984,0.063660,3
-0.011428,-0.071211,0.003388,0.258927,-0.283517,0.046198,-0.046463,0.036347,0.009709,0.315455,-0.320891,-0.030958,-0.202030,0.026111,-0.055222,-0.374903,0.883744,1.011948,-0.412713,-0.059430,-0.185648,0.012104,-0.801445,-0.921311,-0.763048,-0.169816,-0.470069,-0.081996,0.063612,3
-0.011437,-0.071202,0.003361,0.258902,-0.283521,0.046205,-0.046471,0.036355,0.009723,0.315480,-0.320887,-0.030951,-0.202044,0.026149,-0.055247,-0.374926,0.883732,1.011924,-0.412725,-0.059430,-0.185612,0.012116,-0.801445,-0.921299,-0.763012,-0.169900,-0.470057,-0.082020,0.063588,3
-0.011445,-0.071202,0.003361,0.258902,-0.283529,0.046248,-0.046480,0.036355,0.009736,0.315506,-0.320895,-0.030936,-0.202017,0.026187,-0.055242,-0.374914,0.883744,1.011864,-0.412725,-0.059442,-0.185636,0.012140,-0.801421,-0.921275,-0.762988,-0.169996,-0.470069,-0.082044,0.063588,3
-0.011454,-0.071202,0.003361,0.258885,-0.283546,0.046292,-0.046471,0.036364,0.009736,0.315489,-0.320887,-0.030936,-0.202017,0.026217,-0.055253,-0.374950,0.883756,1.011816,-0.412725,-0.059454,-0.185648,0.012164,-0.801445,-0.921275,-0.762988,-0.170056,-0.470069,-0.082080,0.063576,3
-0.011462,-0.071211,0.003388,0.258893,-0.283551,0.046299,-0.046480,0.036338,0.009723,0.315514,-0.320895,-0.030936,-0.202030,0.026209,-0.055258,-0.374962,0.883768,1.011816,-0.412701,-0.059442,-0.185648,0.012176,-0.801445,-0.921275,-0.762976,-0.170128,-0.470069,-0.082104,0.063564,3
-0.011479,-0.071211,0.003361,0.258868,-0.283568,0.046357,-0.046497,0.036347,0.009723,0.315540,-0.320895,-0.030950,-0.202017,0.026247,-0.055273,-0.374998,0.883792,1.011768,-0.412701,-0.059466,-0.185648,0.012224,-0.801445,-0.921287,-0.762976,-0.170224,-0.470081,-0.082188,0.063552,3
-0.011479,-0.071228,0.003335,0.258859,-0.283597,0.046407,-0.046480,0.036347,0.009723,0.315523,-0.320891,-0.030958,-0.202030,0.026263,-0.055303,-0.374986,0.883816,1.011720,-0.412701,-0.059466,-0.185636,0.012260,-0.801445,-0.921263,-0.762952,-0.170284,-0.470069,-0.082308,0.063540,3
-0.011496,-0.071211,0.003348,0.258851,-0.283597,0.046407,-0.046514,0.036338,0.009736,0.315506,-0.320879,-0.030965,-0.202003,0.026293,-0.055333,-0.375010,0.883828,1.011672,-0.412701,-0.059478,-0.185648,0.012284,-0.801433,-0.921251,-0.762976,-0.170356,-0.470069,-0.082404,0.063540,3
-0.011522,-0.071219,0.003335,0.258851,-0.283619,0.046472,-0.046488,0.036364,0.009749,0.315506,-0.320874,-0.030958,-0.202003,0.026308,-0.055353,-0.375010,0.883852,1.011612,-0.412725,-0.059478,-0.185648,0.012320,-0.801445,-0.921263,-0.762952,-0.170416,-0.470069,-0.082511,0.063540,3
-0.011530,-0.071211,0.003335,0.258834,-0.283623,0.046479,-0.046488,0.036347,0.009736,0.315497,-0.320866,-0.030958,-0.202017,0.026346,-0.055379,-0.375034,0.883888,1.011588,-0.412725,-0.059478,-0.185636,0.012344,-0.801421,-0.921263,-0.762940,-0.170452,-0.470081,-0.082631,0.063540,3
-0.011539,-0.071202,0.003335,0.258859,-0.283627,0.046516,-0.046505,0.036364,0.009723,0.315489,-0.320879,-0.030951,-0.202017,0.026392,-0.055379,-0.375034,0.883888,1.011588,-0.412725,-0.059478,-0.185636,0.012404,-0.801433,-0.921275,-0.762940,-0.170452,-0.470069,-0.082787,0.063540,3
-0.011530,-0.071211,0.003348,0.258834,-0.283628,0.046559,-0.046514,0.036347,0.009709,0.315497,-0.320879,-0.030951,-0.202017,0.026423,-0.055390,-0.375034,0.883888,1.011564,-0.412701,-0.059502,-0.185648,0.012404,-0.801445,-0.921263,-0.762940,-0.170488,-0.470069,-0.082967,0.063540,3
-0.011547,-0.071202,0.003348,0.258859,-0.283624,0.046581,-0.046505,0.036347,0.009749,0.315497,-0.320879,-0.030936,-0.202017,0.026445,-0.055385,-0.375022,0.883888,1.011552,-0.412701,-0.059502,-0.185636,0.012428,-0.801445,-0.921263,-0.762916,-0.170524,-0.470069,-0.083147,0.063552,3
-0.011547,-0.071211,0.003348,0.258834,-0.283624,0.046624,-0.046497,0.036355,0.009749,0.315480,-0.320874,-0.030929,-0.202044,0.026461,-0.055405,-0.374986,0.883900,1.011505,-0.412761,-0.059490,-0.185636,0.012464,-0.801445,-0.921275,-0.762940,-0.170524,-0.470093,-0.083518,0.063552,3
-0.011556,-0.071219,0.003348,0.258834,-0.283625,0.046653,-0.046497,0.036347,0.009709,0.315480,-0.320879,-0.030936,-0.202044,0.026468,-0.055410,-0.375034,0.883900,1.011457,-0.412785,-0.059502,-0.185636,0.012476,-0.801445,-0.921263,-0.762916,-0.170500,-0.470117,-0.083938,0.063552,3
-0.011573,-0.071211,0.003361,0.258825,-0.283625,0.046667,-0.046471,0.036338,0.009709,0.315480,-0.320870,-0.030922,-0.202017,0.026499,-0.055441,-0.375034,0.883888,1.011469,-0.412785,-0.059502,-0.185648,0.012476,-0.801421,-0.921251,-0.762916,-0.170476,-0.470105,-0.084261,0.063552,3
-0.011565,-0.071219,0.003321,0.258817,-0.283633,0.046696,-0.046471,0.036347,0.009723,0.315480,-0.320874,-0.030929,-0.201990,0.026521,-0.055446,-0.375010,0.883888,1.011445,-0.412797,-0.059490,-0.185648,0.012488,-0.801421,-0.921275,-0.762916,-0.170440,-0.470093,-0.084621,0.063552,3
-0.011565,-0.071228,0.003335,0.258817,-0.283633,0.046711,-0.046471,0.036355,0.009723,0.315489,-0.320866,-0.030914,-0.201977,0.026552,-0.055476,-0.375034,0.883888,1.011445,-0.412761,-0.059502,-0.185648,0.012500,-0.801433,-0.921299,-0.762916,-0.170404,-0.470117,-0.085028,0.063564,3
-0.011565,-0.071236,0.003308,0.258808,-0.283629,0.046732,-0.046463,0.036355,0.009736,0.315497,-0.320870,-0.030936,-0.201936,0.026567,-0.055506,-0.375022,0.883900,1.011445,-0.412761,-0.059502,-0.185672,0.012500,-0.801445,-0.921299,-0.762916,-0.170356,-0.470093,-0.085412,0.063564,3
-0.011565,-0.071228,0.003335,0.258766,-0.283617,0.046740,-0.046463,0.036347,0.009723,0.315497,-0.320858,-0.030929,-0.201936,0.026613,-0.055517,-0.375034,0.883900,1.011421,-0.412761,-0.059502,-0.185648,0.012488,-0.801433,-0.921311,-0.762916,-0.170308,-0.470093,-0.085831,0.063576,3
-0.011590,-0.071228,0.003321,0.258774,-0.283625,0.046754,-0.046454,0.036347,0.009736,0.315514,-0.320854,-0.030936,-0.201923,0.026598,-0.055526,-0.375046,0.883900,1.011421,-0.412761,-0.059514,-0.185648,0.012488,-0.801445,-0.921335,-0.762916,-0.170284,-0.470105,-0.086250,0.063576,3
-0.011573,-0.071211,0.003348,0.258748,-0.283638,0.046776,-0.046437,0.036355,0.009709,0.315506,-0.320858,-0.030929,-0.201910,0.026613,-0.055527,-0.375034,0.883888,1.011457,-0.412785,-0.059514,-0.185636,0.012500,-0.801421,-0.921335,-0.762940,-0.170188,-0.470105,-0.086730,0.063576,3
-0.011573,-0.071219,0.003375,0.258740,-0.283655,0.046819,-0.046420,0.036364,0.009709,0.315497,-0.320866,-0.030900,-0.201896,0.026636,-0.055532,-0.375034,0.883900,1.011445,-0.412761,-0.059514,-0.185648,0.012500,-0.801421,-0.921323,-0.762940,-0.170140,-0.470117,-0.087209,0.063576,3
-0.011573,-0.071211,0.003335,0.258731,-0.283664,0.046834,-0.046428,0.036338,0.009723,0.315497,-0.320866,-0.030914,-0.201923,0.026636,-0.055532,-0.375046,0.883888,1.011433,-0.412761,-0.059538,-0.185648,0.012524,-0.801421,-0.921347,-0.762940,-0.170116,-0.470093,-0.087868,0.063576,3
-0.011582,-0.071228,0.003348,0.258757,-0.283672,0.046848,-0.046437,0.036338,0.009736,0.315480,-0.320866,-0.030914,-0.201910,0.026643,-0.055537,-0.375022,0.883900,1.011457,-0.412797,-0.059514,-0.185636,0.012547,-0.801445,-0.921359,-0.762916,-0.170068,-0.470105,-0.088515,0.063576,3
-0.011565,-0.071228,0.003321,0.258731,-0.283672,0.046877,-0.046411,0.036347,0.009736,0.315514,-0.320866,-0.030914,-0.201923,0.026658,-0.055547,-0.375010,0.883900,1.011469,-0.412797,-0.059514,-0.185636,0.012559,-0.801421,-0.921359,-0.762940,-0.170056,-0.470093,-0.088935,0.063576,3
-0.011582,-0.071219,0.003321,0.258714,-0.283689,0.046877,-0.046403,0.036355,0.009723,0.315497,-0.320866,-0.030885,-0.201910,0.026666,-0.055542,-0.375046,0.883912,1.011493,-0.412785,-0.059538,-0.185636,0.012595,-0.801445,-0.921395,-0.762940,-0.170032,-0.470105,-0.089330,0.063576,3
-0.011599,-0.071228,0.003335,0.258731,-0.283697,0.046891,-0.046394,0.036364,0.009696,0.315497,-0.320866,-0.030885,-0.201910,0.026658,-0.055557,-0.375058,0.883912,1.011505,-0.412797,-0.059514,-0.185648,0.012607,-0.801433,-0.921395,-0.762916,-0.170020,-0.470081,-0.089702,0.063576,3
-0.011599,-0.071228,0.003335,0.258731,-0.283710,0.046913,-0.046394,0.036355,0.009723,0.315497,-0.320862,-0.030893,-0.201923,0.026681,-0.055552,-0.375058,0.883900,1.011528,-0.412761,-0.059538,-0.185648,0.012643,-0.801433,-0.921395,-0.762916,-0.170044,-0.470081,-0.090025,0.063576,3
-0.011616,-0.071228,0.003361,0.258731,-0.283710,0.046942,-0.046394,0.036355,0.009723,0.315472,-0.320866,-0.030885,-0.201936,0.026674,-0.055557,-0.375082,0.883900,1.011541,-0.412797,-0.059550,-0.185648,0.012679,-0.801433,-0.921419,-0.762916,-0.170068,-0.470081,-0.090349,0.063576,3
-0.011624,-0.071228,0.003335,0.258731,-0.283723,0.046935,-0.046377,0.036347,0.009736,0.315489,-0.320850,-0.030900,-0.201936,0.026681,-0.055552,-0.375082,0.883900,1.011552,-0.412797,-0.059538,-0.185648,0.012703,-0.801421,-0.921431,-0.762916,-0.170104,-0.470069,-0.090673,0.063576,3
-0.011624,-0.071211,0.003335,0.258740,-0.283732,0.046978,-0.046394,0.036347,0.009723,0.315480,-0.320854,-0.030922,-0.201936,0.026674,-0.055557,-0.375106,0.883888,1.011541,-0.412797,-0.059538,-0.185648,0.012727,-0.801421,-0.921431,-0.762916,-0.170116,-0.470069,-0.091188,0.063588,3
-0.011633,-0.071228,0.003321,0.258748,-0.283740,0.046964,-0.046386,0.036364,0.009736,0.315489,-0.320845,-0.030893,-0.201923,0.026674,-0.055557,-0.375118,0.883900,1.011552,-0.412785,-0.059550,-0.185636,0.012787,-0.801421,-0.921419,-0.762916,-0.170164,-0.470093,-0.091751,0.063588,3
-0.011641,-0.071211,0.003335,0.258740,-0.283744,0.046971,-0.046386,0.036338,0.009723,0.315489,-0.320866,-0.030885,-0.201936,0.026666,-0.055562,-0.375130,0.883900,1.011576,-0.412785,-0.059562,-0.185636,0.012799,-0.801433,-0.921419,-0.762916,-0.170200,-0.470057,-0.092195,0.063588,3
-0.011607,-0.071228,0.003348,0.258731,-0.283748,0.046993,-0.046369,0.036372,0.009723,0.315497,-0.320862,-0.030878,-0.201910,0.026658,-0.055557,-0.375130,0.883924,1.011576,-0.412785,-0.059550,-0.185636,0.012835,-0.801433,-0.921395,-0.762904,-0.170200,-0.470069,-0.092746,0.063600,3
-0.011616,-0.071228,0.003335,0.258748,-0.283765,0.047007,-0.046394,0.036347,0.009723,0.315497,-0.320866,-0.030885,-0.201936,0.026674,-0.055557,-0.375154,0.883912,1.011588,-0.412773,-0.059562,-0.185648,0.012847,-0.801445,-0.921419,-0.762892,-0.170188,-0.470021,-0.093345,0.063612,3
-0.011624,-0.071228,0.003375,0.258740,-0.283765,0.047007,-0.046360,0.036364,0.009723,0.315489,-0.320854,-0.030893,-0.201936,0.026658,-0.055567,-0.375154,0.883912,1.011588,-0.412761,-0.059586,-0.185636,0.012859,-0.801421,-0.921407,-0.762904,-0.170164,-0.470021,-0.094148,0.063600,3
-0.011624,-0.071245,0.003321,0.258740,-0.283765,0.047036,-0.046352,0.036347,0.009723,0.315497,-0.320854,-0.030893,-0.201923,0.026666,-0.055562,-0.375154,0.883924,1.011588,-0.412761,-0.059586,-0.185636,0.012859,-0.801421,-0.921383,-0.762916,-0.170128,-0.470009,-0.095131,0.063612,3
-0.011616,-0.071228,0.003348,0.258757,-0.283774,0.047051,-0.046360,0.036347,0.009736,0.315497,-0.320858,-0.030900,-0.201936,0.026643,-0.055557,-0.375166,0.883972,1.011600,-0.412773,-0.059598,-0.185648,0.012871,-0.801421,-0.921371,-0.762916,-0.170032,-0.470009,-0.096892,0.063612,3
-0.011616,-0.071245,0.003335,0.258766,-0.283791,0.047051,-0.046352,0.036355,0.009736,0.315497,-0.320858,-0.030900,-0.201923,0.026643,-0.055557,-0.375154,0.884080,1.011624,-0.412809,-0.059622,-0.185660,0.012871,-0.801421,-0.921347,-0.762940,-0.169924,-0.470009,-0.098259,0.063612,3
-0.011607,-0.071236,0.003308,0.258731,-0.283786,0.047043,-0.046335,0.036347,0.009723,0.315506,-0.320854,-0.030893,-0.201910,0.026628,-0.055567,-0.375166,0.884248,1.011624,-0.412821,-0.059634,-0.185636,0.012859,-0.801433,-0.921311,-0.762952,-0.169769,-0.470009,-0.099601,0.063576,3
-0.011607,-0.071236,0.003294,0.258740,-0.283791,0.047051,-0.046309,0.036355,0.009723,0.315523,-0.320862,-0.030893,-0.201910,0.026643,-0.055567,-0.375190,0.884511,1.011612,-0.412797,-0.059634,-0.185648,0.012859,-0.801433,-0.921299,-0.763000,-0.169577,-0.469997,-0.101542,0.063612,3
-0.011607,-0.071228,0.003308,0.258731,-0.283787,0.047072,-0.046309,0.036364,0.009723,0.315514,-0.320858,-0.030885,-0.201923,0.026651,-0.055572,-0.375190,0.884679,1.011612,-0.412773,-0.059645,-0.185636,0.012859,-0.801445,-0.921275,-0.763012,-0.169517,-0.469985,-0.102166,0.063600,3
-0.011599,-0.071228,0.003321,0.258740,-0.283787,0.047072,-0.046284,0.036347,0.009736,0.315489,-0.320850,-0.030885,-0.201936,0.026628,-0.055567,-0.375190,0.884883,1.011612,-0.412725,-0.059657,-0.185636,0.012859,-0.801433,-0.921179,-0.763096,-0.169409,-0.469961,-0.103855,0.063588,3
-0.011582,-0.071236,0.003335,0.258748,-0.283791,0.047079,-0.046275,0.036364,0.009736,0.315497,-0.320845,-0.030893,-0.201936,0.026636,-0.055562,-0.375190,0.885015,1.011612,-0.412737,-0.059657,-0.185648,0.012871,-0.801433,-0.921144,-0.763108,-0.169373,-0.469961,-0.104886,0.063588,3
-0.011582,-0.071228,0.003361,0.258748,-0.283791,0.047079,-0.046267,0.036364,0.009723,0.315514,-0.320845,-0.030893,-0.201950,0.026628,-0.055567,-0.375214,0.885086,1.011600,-0.412785,-0.059681,-0.185648,0.012859,-0.801433,-0.921108,-0.763131,-0.169373,-0.469925,-0.105737,0.063576,3
-0.011573,-0.071219,0.003348,0.258731,-0.283791,0.047079,-0.046258,0.036364,0.009736,0.315489,-0.320850,-0.030885,-0.201910,0.026651,-0.055562,-0.375190,0.885194,1.011624,-0.412797,-0.059657,-0.185648,0.012883,-0.801433,-0.921084,-0.763108,-0.169385,-0.469878,-0.106480,0.063576,3
-0.011582,-0.071228,0.003335,0.258740,-0.283795,0.047058,-0.046267,0.036355,0.009723,0.315480,-0.320858,-0.030871,-0.201896,0.026651,-0.055562,-0.375190,0.885230,1.011636,-0.412833,-0.059657,-0.185636,0.012859,-0.801421,-0.921048,-0.763108,-0.169433,-0.469854,-0.107391,0.063576,3
-0.011590,-0.071228,0.003348,0.258748,-0.283795,0.047087,-0.046241,0.036372,0.009723,0.315489,-0.320854,-0.030878,-0.201910,0.026658,-0.055547,-0.375190,0.885290,1.011636,-0.412821,-0.059657,-0.185648,0.012871,-0.801445,-0.921000,-0.763108,-0.169445,-0.469818,-0.107834,0.063576,3
-0.011565,-0.071228,0.003335,0.258731,-0.283795,0.047087,-0.046232,0.036372,0.009749,0.315497,-0.320854,-0.030878,-0.201910,0.026658,-0.055567,-0.375190,0.885338,1.011636,-0.412833,-0.059657,-0.185648,0.012859,-0.801433,-0.920952,-0.763096,-0.169469,-0.469794,-0.108421,0.063576,3
-0.011565,-0.071219,0.003335,0.258740,-0.283795,0.047087,-0.046232,0.036364,0.009723,0.315480,-0.320845,-0.030864,-0.201923,0.026658,-0.055567,-0.375214,0.885374,1.011636,-0.412809,-0.059657,-0.185636,0.012871,-0.801433,-0.920976,-0.763084,-0.169457,-0.469770,-0.109068,0.063576,3
-0.011556,-0.071211,0.003348,0.258757,-0.283795,0.047087,-0.046232,0.036355,0.009723,0.315489,-0.320845,-0.030893,-0.201910,0.026643,-0.055557,-0.375214,0.885410,1.011624,-0.412797,-0.059657,-0.185660,0.012871,-0.801421,-0.920976,-0.762940,-0.169445,-0.469746,-0.109799,0.063576,3
-0.011556,-0.071228,0.003348,0.258766,-0.283787,0.047072,-0.046232,0.036347,0.009736,0.315523,-0.320833,-0.030914,-0.201923,0.026636,-0.055562,-0.375214,0.885434,1.011612,-0.412761,-0.059657,-0.185648,0.012859,-0.801433,-0.921000,-0.762820,-0.169601,-0.469746,-0.110111,0.063588,3
-0.011565,-0.071228,0.003348,0.258774,-0.283795,0.047087,-0.046224,0.036355,0.009736,0.315523,-0.320833,-0.030900,-0.201923,0.026651,-0.055572,-0.375238,0.885458,1.011588,-0.412761,-0.059657,-0.185648,0.012871,-0.801433,-0.921000,-0.762688,-0.169876,-0.469722,-0.110363,0.063588,3
-0.011565,-0.071228,0.003335,0.258774,-0.283803,0.047072,-0.046258,0.036347,0.009723,0.315523,-0.320845,-0.030907,-0.201923,0.026628,-0.055567,-0.375226,0.885494,1.011564,-0.412749,-0.059669,-0.185636,0.012859,-0.801421,-0.921000,-0.762508,-0.170164,-0.469758,-0.110698,0.063564,3
-0.011590,-0.071228,0.003348,0.258774,-0.283799,0.047094,-0.046250,0.036338,0.009723,0.315523,-0.320850,-0.030885,-0.201910,0.026666,-0.055562,-0.375238,0.885518,1.011552,-0.412773,-0.059657,-0.185660,0.012871,-0.801433,-0.921000,-0.762341,-0.170452,-0.469746,-0.110914,0.063588,3
-0.011573,-0.071219,0.003348,0.258783,-0.283795,0.047087,-0.046241,0.036347,0.009709,0.315523,-0.320854,-0.030893,-0.201923,0.026658,-0.055567,-0.375238,0.885542,1.011541,-0.412821,-0.059657,-0.185660,0.012871,-0.801433,-0.921000,-0.762173,-0.170715,-0.469734,-0.111046,0.063588,3
-0.011565,-0.071228,0.003348,0.258757,-0.283795,0.047087,-0.046232,0.036347,0.009736,0.315497,-0.320845,-0.030893,-0.201910,0.026658,-0.055557,-0.375238,0.885566,1.011517,-0.412833,-0.059669,-0.185672,0.012871,-0.801421,-0.921000,-0.761981,-0.170991,-0.469734,-0.111202,0.063600,3
-0.011573,-0.071228,0.003348,0.258774,-0.283795,0.047087,-0.046232,0.036355,0.009723,0.315523,-0.320850,-0.030900,-0.201910,0.026643,-0.055557,-0.375250,0.885578,1.011517,-0.412821,-0.059669,-0.185648,0.012871,-0.801421,-0.921024,-0.761765,-0.171291,-0.469746,-0.111357,0.063588,3
-0.011556,-0.071219,0.003348,0.258774,-0.283799,0.047094,-0.046250,0.036347,0.009723,0.315523,-0.320845,-0.030907,-0.201923,0.026643,-0.055567,-0.375250,0.885602,1.011517,-0.412773,-0.059669,-0.185636,0.012871,-0.801433,-0.921024,-0.761418,-0.171746,-0.469758,-0.111549,0.063588,3
-0.011547,-0.071228,0.003335,0.258774,-0.283787,0.047101,-0.046241,0.036364,0.009723,0.315540,-0.320841,-0.030900,-0.201910,0.026658,-0.055557,-0.375238,0.885626,1.011493,-0.412749,-0.059669,-0.185648,0.012859,-0.801433,-0.921024,-0.761262,-0.172010,-0.469746,-0.111669,0.063624,3
-0.011565,-0.071219,0.003335,0.258766,-0.283795,0.047087,-0.046241,0.036347,0.009723,0.315506,-0.320845,-0.030893,-0.201910,0.026651,-0.055552,-0.375250,0.885638,1.011493,-0.412773,-0.059657,-0.185660,0.012859,-0.801421,-0.921036,-0.761106,-0.172393,-0.469758,-0.111789,0.063612,3
-0.011573,-0.071236,0.003348,0.258774,-0.283795,0.047087,-0.046241,0.036372,0.009736,0.315489,-0.320850,-0.030900,-0.201910,0.026643,-0.055557,-0.375250,0.885662,1.011445,-0.412785,-0.059681,-0.185636,0.012859,-0.801421,-0.921036,-0.760926,-0.172633,-0.469746,-0.111945,0.063612,3
-0.011556,-0.071219,0.003335,0.258774,-0.283795,0.047087,-0.046232,0.036355,0.009736,0.315497,-0.320850,-0.030885,-0.201910,0.026636,-0.055582,-0.375238,0.885698,1.011433,-0.412785,-0.059669,-0.185660,0.012871,-0.801421,-0.921036,-0.760771,-0.172848,-0.469758,-0.112124,0.063624,3
-0.011573,-0.071228,0.003348,0.258766,-0.283787,0.047072,-0.046232,0.036347,0.009723,0.315489,-0.320845,-0.030893,-0.201883,0.026658,-0.055567,-0.375250,0.885758,1.011421,-0.412773,-0.059669,-0.185648,0.012859,-0.801433,-0.921036,-0.760639,-0.173052,-0.469758,-0.112316,0.063612,3
-0.011565,-0.071219,0.003335,0.258766,-0.283778,0.047087,-0.046241,0.036347,0.009736,0.315497,-0.320850,-0.030914,-0.201883,0.026628,-0.055567,-0.375250,0.885782,1.011397,-0.412773,-0.059669,-0.185648,0.012871,-0.801421,-0.921048,-0.760519,-0.173244,-0.469746,-0.112520,0.063612,3
-0.011573,-0.071228,0.003335,0.258766,-0.283791,0.047079,-0.046258,0.036338,0.009723,0.315480,-0.320837,-0.030907,-0.201896,0.026643,-0.055557,-0.375250,0.885853,1.011397,-0.412773,-0.059669,-0.185636,0.012859,-0.801433,-0.921048,-0.760471,-0.173412,-0.469758,-0.112736,0.063624,3
-0.011573,-0.071228,0.003335,0.258783,-0.283782,0.047065,-0.046241,0.036355,0.009723,0.315497,-0.320833,-0.030914,-0.201910,0.026666,-0.055562,-0.375250,0.885973,1.011409,-0.412773,-0.059657,-0.185636,0.012871,-0.801433,-0.921036,-0.760471,-0.173556,-0.469758,-0.112999,0.063636,3
-0.011582,-0.071219,0.003335,0.258783,-0.283787,0.047072,-0.046241,0.036364,0.009749,0.315480,-0.320845,-0.030907,-0.201896,0.026658,-0.055557,-0.375238,0.886057,1.011385,-0.412773,-0.059669,-0.185660,0.012871,-0.801433,-0.921024,-0.760531,-0.173651,-0.469746,-0.113287,0.063648,3
-0.011582,-0.071228,0.003348,0.258774,-0.283766,0.047065,-0.046232,0.036347,0.009736,0.315497,-0.320850,-0.030914,-0.201910,0.026628,-0.055567,-0.375250,0.886249,1.011349,-0.412785,-0.059669,-0.185648,0.012859,-0.801421,-0.921024,-0.760615,-0.173795,-0.469782,-0.113802,0.063672,3
-0.011582,-0.071219,0.003335,0.258766,-0.283787,0.047072,-0.046232,0.036355,0.009723,0.315523,-0.320845,-0.030907,-0.201896,0.026628,-0.055567,-0.375250,0.886417,1.011349,-0.412785,-0.059657,-0.185660,0.012871,-0.801421,-0.921024,-0.760651,-0.173843,-0.469782,-0.114270,0.063696,3
-0.011573,-0.071236,0.003361,0.258774,-0.283774,0.047051,-0.046241,0.036372,0.009723,0.315506,-0.320845,-0.030922,-0.201910,0.026620,-0.055571,-0.375238,0.886608,1.011349,-0.412785,-0.059681,-0.185660,0.012895,-0.801421,-0.921024,-0.760651,-0.173819,-0.469770,-0.115120,0.063696,3
-0.011590,-0.071219,0.003335,0.258774,-0.283774,0.047051,-0.046250,0.036364,0.009709,0.315514,-0.320850,-0.030914,-0.201910,0.026628,-0.055557,-0.375250,0.886848,1.011325,-0.412797,-0.059669,-0.185660,0.012883,-0.801421,-0.921000,-0.760639,-0.173807,-0.469782,-0.115899,0.063756,3
-0.011590,-0.071211,0.003348,0.258766,-0.283766,0.047065,-0.046250,0.036347,0.009723,0.315489,-0.320845,-0.030907,-0.201910,0.026613,-0.055556,-0.375250,0.887124,1.011337,-0.412785,-0.059657,-0.185660,0.012883,-0.801433,-0.921000,-0.760615,-0.173783,-0.469782,-0.116858,0.063756,3
-0.011607,-0.071228,0.003348,0.258774,-0.283770,0.047072,-0.046258,0.036347,0.009736,0.315480,-0.320845,-0.030922,-0.201923,0.026620,-0.055552,-0.375250,0.887411,1.011313,-0.412785,-0.059657,-0.185660,0.012883,-0.801421,-0.921000,-0.760591,-0.173699,-0.469794,-0.118009,0.063780,3
-0.011616,-0.071245,0.003335,0.258774,-0.283757,0.047051,-0.046241,0.036355,0.009723,0.315497,-0.320854,-0.030907,-0.201910,0.026613,-0.055547,-0.375238,0.887831,1.011289,-0.412785,-0.059657,-0.185672,0.012907,-0.801421,-0.920964,-0.760567,-0.173568,-0.469782,-0.119207,0.063804,3
-0.011616,-0.071236,0.003335,0.258766,-0.283757,0.047022,-0.046241,0.036355,0.009723,0.315489,-0.320854,-0.030922,-0.201910,0.026590,-0.055541,-0.375238,0.888094,1.011265,-0.412809,-0.059657,-0.185684,0.012907,-0.801433,-0.920952,-0.760591,-0.173412,-0.469794,-0.120382,0.063852,3
-0.011616,-0.071228,0.003348,0.258791,-0.283749,0.047036,-0.046250,0.036355,0.009723,0.315497,-0.320858,-0.030929,-0.201923,0.026575,-0.055531,-0.375238,0.888334,1.011265,-0.412797,-0.059657,-0.185684,0.012907,-0.801421,-0.920964,-0.760591,-0.173244,-0.469782,-0.121424,0.063888,3
-0.011616,-0.071236,0.003348,0.258783,-0.283753,0.047014,-0.046267,0.036347,0.009723,0.315497,-0.320845,-0.030936,-0.201896,0.026567,-0.055526,-0.375250,0.888610,1.011253,-0.412773,-0.059657,-0.185696,0.012931,-0.801421,-0.920916,-0.760591,-0.172860,-0.469782,-0.122802,0.063924,3
-0.011624,-0.071236,0.003348,0.258783,-0.283757,0.047022,-0.046258,0.036347,0.009736,0.315514,-0.320850,-0.030929,-0.201896,0.026582,-0.055526,-0.375250,0.888706,1.011241,-0.412749,-0.059657,-0.185696,0.012931,-0.801421,-0.920892,-0.760591,-0.172789,-0.469794,-0.123246,0.063948,3
-0.011624,-0.071236,0.003335,0.258791,-0.283753,0.047014,-0.046258,0.036355,0.009723,0.315497,-0.320858,-0.030929,-0.201883,0.026590,-0.055511,-0.375250,0.888802,1.011241,-0.412737,-0.059657,-0.185720,0.012943,-0.801421,-0.920880,-0.760567,-0.172585,-0.469770,-0.124420,0.063960,3
-0.011641,-0.071236,0.003348,0.258783,-0.283744,0.047029,-0.046275,0.036355,0.009736,0.315497,-0.320858,-0.030900,-0.201883,0.026567,-0.055486,-0.375238,0.888921,1.011193,-0.412773,-0.059657,-0.185720,0.012943,-0.801433,-0.920880,-0.760591,-0.172273,-0.469782,-0.125583,0.063936,3
-0.011650,-0.071236,0.003348,0.258774,-0.283744,0.047029,-0.046267,0.036355,0.009723,0.315480,-0.320854,-0.030922,-0.201910,0.026544,-0.055481,-0.375250,0.888957,1.011169,-0.412797,-0.059657,-0.185732,0.012979,-0.801421,-0.920856,-0.760591,-0.172093,-0.469782,-0.126218,0.063948,3
-0.011641,-0.071236,0.003375,0.258800,-0.283753,0.047014,-0.046284,0.036372,0.009723,0.315480,-0.320854,-0.030936,-0.201910,0.026544,-0.055481,-0.375250,0.888969,1.011145,-0.412821,-0.059657,-0.185744,0.012955,-0.801433,-0.920844,-0.760615,-0.171926,-0.469758,-0.126889,0.063924,3
-0.011650,-0.071219,0.003361,0.258817,-0.283753,0.047014,-0.046284,0.036355,0.009736,0.315472,-0.320850,-0.030943,-0.201910,0.026529,-0.055481,-0.375250,0.888945,1.011145,-0.412833,-0.059657,-0.185744,0.012967,-0.801421,-0.920856,-0.760591,-0.171830,-0.469746,-0.127620,0.063924,3
-0.011658,-0.071228,0.003348,0.258800,-0.283744,0.047000,-0.046275,0.036364,0.009723,0.315480,-0.320858,-0.030929,-0.201910,0.026476,-0.055475,-0.375238,0.888921,1.011121,-0.412809,-0.059657,-0.185767,0.012979,-0.801421,-0.920844,-0.760591,-0.171806,-0.469746,-0.128387,0.063924,3
-0.011658,-0.071219,0.003335,0.258817,-0.283732,0.046978,-0.046284,0.036347,0.009723,0.315506,-0.320850,-0.030929,-0.201923,0.026483,-0.055470,-0.375226,0.888861,1.011121,-0.412773,-0.059645,-0.185803,0.012991,-0.801421,-0.920856,-0.760615,-0.171938,-0.469734,-0.129238,0.063900,3
-0.011658,-0.071228,0.003335,0.258817,-0.283727,0.046971,-0.046275,0.036355,0.009723,0.315506,-0.320854,-0.030936,-0.201896,0.026483,-0.055470,-0.375238,0.888838,1.011121,-0.412797,-0.059657,-0.185791,0.012991,-0.801433,-0.920856,-0.760615,-0.171950,-0.469734,-0.129394,0.063912,3
-0.011684,-0.071228,0.003321,0.258800,-0.283727,0.046971,-0.046284,0.036364,0.009736,0.315497,-0.320850,-0.030943,-0.201923,0.026483,-0.055470,-0.375250,0.888861,1.011109,-0.412785,-0.059657,-0.185815,0.012991,-0.801433,-0.920856,-0.760591,-0.172046,-0.469734,-0.129825,0.063876,3
-0.011684,-0.071228,0.003321,0.258800,-0.283727,0.046971,-0.046284,0.036364,0.009736,0.315497,-0.320850,-0.030943,-0.201923,0.026483,-0.055470,-0.375250,0.888861,1.011109,-0.412785,-0.059657,-0.185815,0.012991,-0.801433,-0.920856,-0.760591,-0.172046,-0.469734,-0.129825,0.063876,0
