LEFT_HIP_PITCH,LEFT_HIP_ROLL,LEFT_HIP_YAW,LEFT_KNEE,LEFT_ANKLE_PITCH,LEFT_ANKLE_ROLL,RIGHT_HIP_PITCH,RIGHT_HIP_ROLL,RIGHT_HIP_YAW,RIGHT_KNEE,RIGHT_ANKLE_PITCH,RIGHT_ANKLE_ROLL,WAIST_YAW,WAIST_ROLL,WAIST_PITCH,LEFT_SHOULDER_PITCH,LEFT_SHOULDER_ROLL,LEFT_SHOULDER_YAW,LEFT_ELBOW,LEFT_WRIST_ROLL,LEFT_WRIST_PITCH,LEFT_WRIST_YAW,RIGHT_SHOULDER_PITCH,RIGHT_SHOULDER_ROLL,RIGHT_SHOULDER_YAW,RIGHT_ELBOW,RIGHT_WRIST_ROLL,RIGHT_WRIST_PITCH,RIGHT_WRIST_YAW,FLAG
0.108776,-0.139626,-0.024547,0.171277,-0.235519,0.082308,0.003929,0.018902,-0.017463,0.385506,-0.409317,-0.002534,-0.171738,-0.025413,-0.014636,0.128531,1.394476,1.639322,1.481286,1.766906,0.096149,-0.187517,0.103568,-1.401028,-1.735136,1.290449,-1.656400,-0.030524,0.044521,0
0.108793,-0.139626,-0.024588,0.171277,-0.235519,0.082308,0.003929,0.018894,-0.017463,0.385506,-0.409321,-0.002526,-0.171711,-0.025391,-0.014641,0.128531,1.394452,1.639346,1.481262,1.766906,0.096161,-0.187505,0.103544,-1.401028,-1.735172,1.285188,-1.656400,-0.030536,0.044677,1
0.108810,-0.139618,-0.024561,0.171295,-0.235519,0.082308,0.003937,0.018911,-0.017476,0.385515,-0.409317,-0.002534,-0.171738,-0.025421,-0.014651,0.128531,1.394392,1.639346,1.481262,1.766906,0.096197,-0.187517,0.103544,-1.401028,-1.735172,1.281533,-1.656388,-0.030524,0.044881,1
0.108793,-0.139618,-0.024574,0.171286,-0.235519,0.082294,0.003937,0.018911,-0.017476,0.385515,-0.409317,-0.002519,-0.171738,-0.025421,-0.014661,0.128531,1.394356,1.639346,1.481274,1.766894,0.096221,-0.187517,0.103544,-1.401028,-1.735184,1.278237,-1.656400,-0.030524,0.045097,1
0.108793,-0.139609,-0.024534,0.171286,-0.235515,0.082301,0.003937,0.018902,-0.017476,0.385515,-0.409317,-0.002534,-0.171778,-0.025413,-0.014646,0.128531,1.394296,1.639346,1.481286,1.766894,0.096257,-0.187529,0.103544,-1.401004,-1.735172,1.274858,-1.656400,-0.030536,0.045492,1
0.108810,-0.139609,-0.024547,0.171312,-0.235519,0.082308,0.003929,0.018902,-0.017490,0.385523,-0.409313,-0.002526,-0.171738,-0.025444,-0.014656,0.128555,1.394248,1.639346,1.481298,1.766894,0.096269,-0.187541,0.103520,-1.401004,-1.735172,1.271263,-1.656412,-0.030524,0.045768,1
0.108836,-0.139609,-0.024561,0.171320,-0.235519,0.082294,0.003903,0.018911,-0.017476,0.385523,-0.409321,-0.002512,-0.171738,-0.025444,-0.014675,0.128555,1.394164,1.639346,1.481310,1.766906,0.096293,-0.187517,0.103520,-1.401004,-1.735184,1.266337,-1.656412,-0.030560,0.046295,1
0.108827,-0.139618,-0.024574,0.171312,-0.235515,0.082301,0.003903,0.018911,-0.017490,0.385523,-0.409321,-0.002526,-0.171738,-0.025451,-0.014680,0.128567,1.394128,1.639346,1.481310,1.766906,0.096305,-0.187517,0.103532,-1.401004,-1.735196,1.264611,-1.656400,-0.030524,0.046535,1
0.108870,-0.139609,-0.024561,0.171295,-0.235519,0.082294,0.003861,0.018911,-0.017463,0.385515,-0.409313,-0.002526,-0.171764,-0.025451,-0.014680,0.128567,1.394032,1.639346,1.481322,1.766906,0.096365,-0.187493,0.103544,-1.401040,-1.735196,1.259770,-1.656376,-0.030536,0.047242,1
0.108870,-0.139609,-0.024561,0.171312,-0.235511,0.082294,0.003843,0.018911,-0.017490,0.385506,-0.409317,-0.002534,-0.171751,-0.025482,-0.014691,0.128543,1.393996,1.639358,1.481334,1.766894,0.096389,-0.187517,0.103556,-1.401052,-1.735196,1.255443,-1.656388,-0.030500,0.047697,1
0.108904,-0.139609,-0.024534,0.171312,-0.235511,0.082294,0.003843,0.018902,-0.017476,0.385523,-0.409313,-0.002541,-0.171764,-0.025474,-0.014676,0.128567,1.393973,1.639370,1.481334,1.766882,0.096425,-0.187529,0.103544,-1.401064,-1.735220,1.252040,-1.656388,-0.030524,0.048129,1
0.108904,-0.139601,-0.024561,0.171303,-0.235519,0.082294,0.003818,0.018928,-0.017476,0.385523,-0.409317,-0.002534,-0.171764,-0.025482,-0.014691,0.128567,1.393913,1.639370,1.481322,1.766894,0.096437,-0.187517,0.103532,-1.401052,-1.735256,1.248936,-1.656424,-0.030488,0.048524,1
0.108930,-0.139601,-0.024547,0.171312,-0.235511,0.082308,0.003801,0.018911,-0.017490,0.385523,-0.409313,-0.002526,-0.171778,-0.025489,-0.014696,0.128543,1.393865,1.639370,1.481346,1.766906,0.096461,-0.187517,0.103544,-1.401064,-1.735280,1.245616,-1.656412,-0.030452,0.048992,1
0.108964,-0.139601,-0.024588,0.171312,-0.235515,0.082286,0.003792,0.018911,-0.017476,0.385523,-0.409317,-0.002534,-0.171791,-0.025474,-0.014705,0.128543,1.393805,1.639370,1.481346,1.766894,0.096497,-0.187529,0.103556,-1.401064,-1.735340,1.242333,-1.656400,-0.030440,0.050094,1
0.109006,-0.139584,-0.024588,0.171312,-0.235515,0.082301,0.003767,0.018902,-0.017476,0.385523,-0.409317,-0.002534,-0.171858,-0.025497,-0.014701,0.128567,1.393745,1.639358,1.481358,1.766882,0.096533,-0.187517,0.103544,-1.401088,-1.735340,1.239468,-1.656412,-0.030452,0.050897,1
0.109023,-0.139592,-0.024561,0.171329,-0.235515,0.082286,0.003775,0.018902,-0.017490,0.385523,-0.409321,-0.002526,-0.171831,-0.025497,-0.014710,0.128555,1.393673,1.639346,1.481346,1.766906,0.096557,-0.187529,0.103544,-1.401291,-1.735364,1.236868,-1.656400,-0.030428,0.051796,1
0.109040,-0.139592,-0.024561,0.171320,-0.235511,0.082294,0.003758,0.018902,-0.017476,0.385515,-0.409321,-0.002526,-0.171845,-0.025527,-0.014711,0.128555,1.393613,1.639358,1.481346,1.766906,0.096569,-0.187529,0.103544,-1.401651,-1.735364,1.234064,-1.656412,-0.030404,0.052647,1
0.109092,-0.139575,-0.024561,0.171337,-0.235506,0.082286,0.003758,0.018902,-0.017476,0.385498,-0.409317,-0.002534,-0.171898,-0.025550,-0.014726,0.128567,1.393541,1.639370,1.481406,1.766894,0.096593,-0.187517,0.103568,-1.402382,-1.735376,1.228024,-1.656388,-0.030368,0.053869,1
0.109126,-0.139575,-0.024561,0.171354,-0.235510,0.082279,0.003758,0.018911,-0.017450,0.385498,-0.409317,-0.002534,-0.171872,-0.025565,-0.014736,0.128567,1.393493,1.639370,1.481394,1.766894,0.096605,-0.187517,0.103556,-1.402921,-1.735388,1.224920,-1.656400,-0.030356,0.054720,1
0.109160,-0.139575,-0.024561,0.171337,-0.235511,0.082294,0.003741,0.018902,-0.017463,0.385523,-0.409317,-0.002519,-0.171872,-0.025558,-0.014750,0.128555,1.393469,1.639358,1.481394,1.766894,0.096617,-0.187517,0.103544,-1.403461,-1.735412,1.221888,-1.656424,-0.030308,0.055715,1
0.109185,-0.139567,-0.024574,0.171346,-0.235506,0.082301,0.003750,0.018902,-0.017476,0.385523,-0.409309,-0.002519,-0.171925,-0.025596,-0.014755,0.128567,1.393457,1.639370,1.481418,1.766906,0.096641,-0.187541,0.103568,-1.403940,-1.735424,1.219167,-1.656424,-0.030284,0.056853,1
0.109202,-0.139558,-0.024574,0.171346,-0.235515,0.082301,0.003758,0.018911,-0.017490,0.385523,-0.409313,-0.002526,-0.171979,-0.025626,-0.014775,0.128555,1.393445,1.639382,1.481418,1.766894,0.096677,-0.187529,0.103556,-1.404407,-1.735436,1.216615,-1.656412,-0.030248,0.058651,1
0.109228,-0.139558,-0.024561,0.171346,-0.235523,0.082301,0.003741,0.018902,-0.017463,0.385532,-0.409313,-0.002526,-0.172032,-0.025641,-0.014805,0.128555,1.393433,1.639382,1.481430,1.766906,0.096689,-0.187541,0.103616,-1.404923,-1.735460,1.213690,-1.656400,-0.030200,0.059825,1
0.109262,-0.139550,-0.024588,0.171329,-0.235511,0.082294,0.003741,0.018902,-0.017476,0.385541,-0.409313,-0.002526,-0.172072,-0.025687,-0.014835,0.128567,1.393421,1.639382,1.481442,1.766894,0.096749,-0.187541,0.103628,-1.405786,-1.735472,1.210766,-1.656388,-0.030140,0.061024,1
0.109288,-0.139533,-0.024601,0.171329,-0.235510,0.082279,0.003750,0.018894,-0.017476,0.385523,-0.409321,-0.002526,-0.172099,-0.025710,-0.014850,0.128567,1.393433,1.639406,1.481454,1.766882,0.096773,-0.187553,0.103628,-1.406469,-1.735496,1.208010,-1.656388,-0.030104,0.062258,1
0.109322,-0.139516,-0.024588,0.171329,-0.235519,0.082279,0.003724,0.018894,-0.017476,0.385523,-0.409317,-0.002534,-0.172113,-0.025755,-0.014860,0.128567,1.393409,1.639382,1.481502,1.766906,0.096821,-0.187553,0.103640,-1.407643,-1.735543,1.203180,-1.656388,-0.030020,0.064439,1
0.109339,-0.139516,-0.024574,0.171337,-0.235511,0.082294,0.003707,0.018902,-0.017463,0.385523,-0.409317,-0.002534,-0.172139,-0.025793,-0.014875,0.128555,1.393433,1.639406,1.481502,1.766906,0.096868,-0.187553,0.103640,-1.408566,-1.735556,1.198986,-1.656388,-0.029997,0.066045,1
0.109347,-0.139499,-0.024574,0.171354,-0.235515,0.082286,0.003724,0.018911,-0.017476,0.385523,-0.409317,-0.002534,-0.172180,-0.025824,-0.014905,0.128567,1.393409,1.639382,1.481514,1.766894,0.096916,-0.187553,0.103664,-1.409489,-1.735556,1.196385,-1.656400,-0.029973,0.067723,1
0.109356,-0.139499,-0.024588,0.171346,-0.235514,0.082272,0.003716,0.018928,-0.017476,0.385532,-0.409317,-0.002534,-0.172220,-0.025846,-0.014920,0.128579,1.393385,1.639406,1.481538,1.766882,0.097024,-0.187553,0.103688,-1.410400,-1.735556,1.193713,-1.656412,-0.029877,0.069389,1
0.109398,-0.139481,-0.024547,0.171337,-0.235514,0.082272,0.003716,0.018919,-0.017490,0.385566,-0.409317,-0.002534,-0.172233,-0.025862,-0.014930,0.128567,1.393385,1.639382,1.481526,1.766906,0.097084,-0.187565,0.103723,-1.411202,-1.735579,1.191292,-1.656388,-0.029805,0.071845,1
0.109398,-0.139473,-0.024601,0.171329,-0.235506,0.082286,0.003690,0.018928,-0.017463,0.385583,-0.409317,-0.002534,-0.172287,-0.025892,-0.014950,0.128591,1.393385,1.639406,1.481514,1.766882,0.097144,-0.187565,0.103735,-1.411850,-1.735567,1.188907,-1.656412,-0.029757,0.073391,1
0.109432,-0.139439,-0.024588,0.171329,-0.235511,0.082294,0.003690,0.018928,-0.017476,0.385617,-0.409317,-0.002534,-0.172300,-0.025900,-0.014955,0.128591,1.393385,1.639406,1.481526,1.766882,0.097216,-0.187565,0.103783,-1.412401,-1.735579,1.186007,-1.656424,-0.029697,0.075033,1
0.109467,-0.139430,-0.024614,0.171346,-0.235506,0.082286,0.003665,0.018936,-0.017463,0.385668,-0.409313,-0.002541,-0.172367,-0.025922,-0.014970,0.128567,1.393361,1.639406,1.481514,1.766894,0.097264,-0.187553,0.103771,-1.413372,-1.735579,1.183262,-1.656424,-0.029685,0.076651,1
0.109492,-0.139413,-0.024601,0.171354,-0.235515,0.082286,0.003656,0.018945,-0.017476,0.385702,-0.409309,-0.002519,-0.172380,-0.025922,-0.014970,0.128591,1.393349,1.639406,1.481538,1.766894,0.097360,-0.187553,0.103783,-1.414270,-1.735579,1.180890,-1.656412,-0.029697,0.078281,1
0.109518,-0.139379,-0.024614,0.171337,-0.235511,0.082294,0.003647,0.018945,-0.017490,0.385788,-0.409309,-0.002519,-0.172421,-0.025922,-0.014970,0.128591,1.393337,1.639406,1.481538,1.766882,0.097468,-0.187541,0.103819,-1.415852,-1.735591,1.176156,-1.656412,-0.029685,0.081061,1
0.109552,-0.139371,-0.024641,0.171337,-0.235514,0.082272,0.003665,0.018928,-0.017476,0.385822,-0.409321,-0.002526,-0.172421,-0.025915,-0.014984,0.128603,1.393337,1.639418,1.481538,1.766906,0.097504,-0.187565,0.103843,-1.416895,-1.735591,1.173579,-1.656388,-0.029697,0.082907,1
0.109560,-0.139362,-0.024628,0.171329,-0.235511,0.082294,0.003630,0.018945,-0.017503,0.385881,-0.409317,-0.002534,-0.172447,-0.025945,-0.014985,0.128603,1.393361,1.639430,1.481526,1.766906,0.097576,-0.187553,0.103831,-1.417842,-1.735591,1.171206,-1.656376,-0.029673,0.084693,1
0.109560,-0.139345,-0.024601,0.171346,-0.235511,0.082294,0.003630,0.018945,-0.017490,0.385907,-0.409313,-0.002526,-0.172447,-0.025938,-0.014980,0.128615,1.393361,1.639430,1.481538,1.766906,0.097623,-0.187541,0.103867,-1.418788,-1.735603,1.168762,-1.656388,-0.029685,0.086574,1
0.109594,-0.139337,-0.024574,0.171320,-0.235506,0.082286,0.003622,0.018962,-0.017476,0.385933,-0.409313,-0.002526,-0.172501,-0.025945,-0.014985,0.128603,1.393373,1.639430,1.481538,1.766906,0.097695,-0.187541,0.103843,-1.419771,-1.735615,1.165921,-1.656424,-0.029697,0.089450,1
0.109620,-0.139302,-0.024601,0.171346,-0.235514,0.082272,0.003613,0.018970,-0.017476,0.385967,-0.409313,-0.002526,-0.172541,-0.025945,-0.014985,0.128615,1.393373,1.639430,1.481538,1.766894,0.097827,-0.187529,0.103855,-1.420838,-1.735627,1.163117,-1.656424,-0.029697,0.091536,1
0.109646,-0.139277,-0.024641,0.171354,-0.235510,0.082279,0.003605,0.018987,-0.017476,0.385975,-0.409317,-0.002534,-0.172555,-0.025930,-0.014984,0.128627,1.393409,1.639430,1.481526,1.766882,0.097911,-0.187541,0.103855,-1.422552,-1.735639,1.160648,-1.656424,-0.029697,0.093753,1
0.109654,-0.139268,-0.024628,0.171346,-0.235506,0.082286,0.003588,0.018987,-0.017476,0.385992,-0.409317,-0.002548,-0.172622,-0.025960,-0.014995,0.128615,1.393409,1.639418,1.481526,1.766894,0.098007,-0.187541,0.103867,-1.423678,-1.735663,1.158180,-1.656412,-0.029697,0.095994,1
0.109663,-0.139234,-0.024641,0.171329,-0.235510,0.082279,0.003571,0.019004,-0.017463,0.385992,-0.409325,-0.002533,-0.172622,-0.025968,-0.015000,0.128615,1.393445,1.639430,1.481550,1.766906,0.098079,-0.187553,0.103843,-1.424757,-1.735699,1.155567,-1.656400,-0.029685,0.098247,1
0.109671,-0.139209,-0.024641,0.171337,-0.235510,0.082279,0.003562,0.019004,-0.017476,0.386018,-0.409309,-0.002548,-0.172688,-0.025991,-0.015014,0.128627,1.393457,1.639430,1.481526,1.766906,0.098151,-0.187541,0.103831,-1.425799,-1.735723,1.152139,-1.656400,-0.029685,0.100632,1
0.109697,-0.139166,-0.024681,0.171337,-0.235511,0.082294,0.003545,0.019038,-0.017476,0.386035,-0.409317,-0.002519,-0.172688,-0.026051,-0.015045,0.128627,1.393481,1.639418,1.481526,1.766894,0.098247,-0.187541,0.103843,-1.427573,-1.735735,1.149311,-1.656388,-0.029673,0.104311,1
0.109739,-0.139141,-0.024681,0.171320,-0.235506,0.082286,0.003537,0.019047,-0.017463,0.386043,-0.409305,-0.002526,-0.172729,-0.026051,-0.015054,0.128627,1.393457,1.639430,1.481502,1.766894,0.098331,-0.187529,0.103855,-1.429059,-1.735759,1.147190,-1.656436,-0.029685,0.106791,1
0.109739,-0.139115,-0.024668,0.171329,-0.235511,0.082294,0.003528,0.019072,-0.017476,0.386069,-0.409309,-0.002519,-0.172755,-0.026105,-0.015099,0.128627,1.393469,1.639430,1.481526,1.766906,0.098379,-0.187517,0.103879,-1.430809,-1.735759,1.145069,-1.656424,-0.029673,0.110614,1
0.109731,-0.139072,-0.024668,0.171329,-0.235511,0.082294,0.003520,0.019090,-0.017463,0.386094,-0.409313,-0.002541,-0.172782,-0.026196,-0.015139,0.128615,1.393469,1.639430,1.481514,1.766882,0.098414,-0.187517,0.103855,-1.432570,-1.735771,1.143199,-1.656448,-0.029673,0.113203,1
0.109756,-0.139021,-0.024668,0.171337,-0.235511,0.082294,0.003537,0.019115,-0.017476,0.386103,-0.409313,-0.002541,-0.172796,-0.026302,-0.015219,0.128615,1.393505,1.639430,1.481490,1.766906,0.098426,-0.187517,0.103855,-1.434703,-1.735795,1.141557,-1.656424,-0.029637,0.115732,1
0.109773,-0.138996,-0.024695,0.171337,-0.235506,0.082301,0.003503,0.019141,-0.017476,0.386111,-0.409313,-0.002555,-0.172809,-0.026386,-0.015274,0.128627,1.393493,1.639430,1.481502,1.766882,0.098438,-0.187505,0.103855,-1.435986,-1.735831,1.140179,-1.656448,-0.029577,0.118260,1
0.109782,-0.138953,-0.024721,0.171346,-0.235510,0.082279,0.003520,0.019158,-0.017436,0.386111,-0.409317,-0.002534,-0.172809,-0.026439,-0.015309,0.128627,1.393493,1.639442,1.481502,1.766894,0.098450,-0.187541,0.103855,-1.437268,-1.735903,1.138753,-1.656448,-0.029493,0.120825,1
0.109790,-0.138919,-0.024735,0.171329,-0.235506,0.082286,0.003520,0.019183,-0.017476,0.386111,-0.409317,-0.002534,-0.172809,-0.026492,-0.015344,0.128603,1.393493,1.639430,1.481490,1.766882,0.098462,-0.187529,0.103867,-1.438766,-1.735939,1.136560,-1.656472,-0.029409,0.123402,1
0.109799,-0.138893,-0.024735,0.171320,-0.235515,0.082301,0.003511,0.019200,-0.017476,0.386120,-0.409301,-0.002548,-0.172849,-0.026545,-0.015378,0.128615,1.393505,1.639430,1.481490,1.766882,0.098498,-0.187517,0.103879,-1.440564,-1.735975,1.135110,-1.656520,-0.029301,0.126026,1
0.109807,-0.138842,-0.024762,0.171337,-0.235506,0.082286,0.003520,0.019226,-0.017476,0.386120,-0.409313,-0.002541,-0.172822,-0.026598,-0.015394,0.128639,1.393505,1.639442,1.481502,1.766906,0.098498,-0.187529,0.103891,-1.442457,-1.736023,1.133839,-1.656532,-0.029206,0.128627,1
0.109833,-0.138800,-0.024748,0.171329,-0.235515,0.082301,0.003520,0.019243,-0.017476,0.386129,-0.409301,-0.002519,-0.172836,-0.026659,-0.015434,0.128651,1.393481,1.639442,1.481490,1.766894,0.098498,-0.187517,0.103879,-1.445190,-1.736095,1.132234,-1.656520,-0.028894,0.134223,1
0.109833,-0.138757,-0.024802,0.171337,-0.235515,0.082301,0.003520,0.019269,-0.017476,0.386146,-0.409309,-0.002519,-0.172836,-0.026705,-0.015444,0.128699,1.393517,1.639442,1.481478,1.766894,0.098486,-0.187529,0.103915,-1.446927,-1.736167,1.131275,-1.656496,-0.028690,0.136968,1
0.109850,-0.138740,-0.024815,0.171312,-0.235515,0.082286,0.003503,0.019294,-0.017463,0.386163,-0.409309,-0.002519,-0.172863,-0.026773,-0.015460,0.128723,1.393517,1.639442,1.481490,1.766882,0.098498,-0.187517,0.103879,-1.448857,-1.736239,1.130160,-1.656520,-0.028451,0.139676,1
0.109825,-0.138672,-0.024788,0.171346,-0.235502,0.082293,0.003520,0.019320,-0.017490,0.386137,-0.409313,-0.002541,-0.172863,-0.026834,-0.015480,0.128735,1.393493,1.639454,1.481466,1.766894,0.098510,-0.187517,0.103939,-1.451793,-1.736310,1.128902,-1.656543,-0.028163,0.142361,1
0.109850,-0.138629,-0.024802,0.171354,-0.235511,0.082294,0.003520,0.019337,-0.017476,0.386163,-0.409317,-0.002534,-0.172863,-0.026910,-0.015501,0.128759,1.393493,1.639430,1.481478,1.766882,0.098522,-0.187529,0.103975,-1.453818,-1.736370,1.127620,-1.656543,-0.027863,0.144973,1
0.109842,-0.138587,-0.024788,0.171354,-0.235506,0.082272,0.003520,0.019354,-0.017490,0.386188,-0.409309,-0.002548,-0.172836,-0.026978,-0.015516,0.128759,1.393481,1.639454,1.481502,1.766894,0.098522,-0.187517,0.103975,-1.455796,-1.736418,1.125702,-1.656543,-0.027492,0.147502,1
0.109850,-0.138578,-0.024802,0.171346,-0.235506,0.082301,0.003520,0.019371,-0.017490,0.386197,-0.409305,-0.002556,-0.172836,-0.027031,-0.015522,0.128794,1.393457,1.639430,1.481478,1.766894,0.098522,-0.187529,0.103975,-1.457785,-1.736454,1.124504,-1.656543,-0.027108,0.150258,1
0.109850,-0.138527,-0.024788,0.171346,-0.235506,0.082286,0.003511,0.019362,-0.017463,0.386197,-0.409313,-0.002555,-0.172863,-0.027076,-0.015523,0.128806,1.393469,1.639442,1.481502,1.766906,0.098522,-0.187529,0.103999,-1.460062,-1.736478,1.123449,-1.656543,-0.026593,0.153051,1
0.109842,-0.138476,-0.024788,0.171329,-0.235502,0.082293,0.003511,0.019388,-0.017463,0.386222,-0.409309,-0.002548,-0.172836,-0.027137,-0.015514,0.128818,1.393457,1.639442,1.481502,1.766894,0.098522,-0.187517,0.104023,-1.463466,-1.736454,1.122035,-1.656532,-0.025335,0.157017,1
0.109842,-0.138459,-0.024788,0.171337,-0.235506,0.082286,0.003511,0.019396,-0.017476,0.386239,-0.409305,-0.002526,-0.172836,-0.027190,-0.015510,0.128830,1.393457,1.639430,1.481490,1.766882,0.098522,-0.187517,0.104023,-1.464568,-1.736454,1.121640,-1.656543,-0.024951,0.159786,1
0.109859,-0.138416,-0.024788,0.171346,-0.235506,0.082286,0.003503,0.019405,-0.017476,0.386248,-0.409309,-0.002534,-0.172849,-0.027258,-0.015477,0.128866,1.393397,1.639442,1.481490,1.766906,0.098534,-0.187505,0.104071,-1.468140,-1.736370,1.120561,-1.656543,-0.023621,0.163728,1
0.109842,-0.138365,-0.024802,0.171354,-0.235506,0.082301,0.003520,0.019422,-0.017476,0.386256,-0.409309,-0.002548,-0.172863,-0.027296,-0.015443,0.128854,1.393373,1.639442,1.481490,1.766882,0.098534,-0.187529,0.104131,-1.472106,-1.736275,1.119866,-1.656520,-0.022554,0.166341,1
0.109850,-0.138331,-0.024802,0.171363,-0.235511,0.082294,0.003511,0.019430,-0.017490,0.386265,-0.409309,-0.002534,-0.172863,-0.027326,-0.015424,0.128842,1.393361,1.639442,1.481490,1.766894,0.098570,-0.187517,0.104155,-1.474491,-1.736059,1.119195,-1.656556,-0.021368,0.168954,1
0.109842,-0.138305,-0.024802,0.171363,-0.235502,0.082293,0.003520,0.019439,-0.017490,0.386273,-0.409305,-0.002541,-0.172836,-0.027357,-0.015395,0.128842,1.393337,1.639442,1.481502,1.766894,0.098546,-0.187517,0.104179,-1.476960,-1.735879,1.118140,-1.656543,-0.020074,0.171722,1
0.109850,-0.138271,-0.024802,0.171354,-0.235510,0.082279,0.003511,0.019447,-0.017476,0.386307,-0.409313,-0.002526,-0.172849,-0.027410,-0.015362,0.128842,1.393337,1.639442,1.481502,1.766918,0.098558,-0.187517,0.104203,-1.479584,-1.735687,1.117361,-1.656532,-0.018755,0.174538,1
0.109850,-0.138254,-0.024815,0.171346,-0.235506,0.082286,0.003520,0.019456,-0.017476,0.386299,-0.409297,-0.002541,-0.172809,-0.027463,-0.015339,0.128818,1.393325,1.639442,1.481502,1.766894,0.098570,-0.187517,0.104215,-1.482485,-1.735496,1.116630,-1.656543,-0.017305,0.177391,1
0.109842,-0.138220,-0.024829,0.171346,-0.235506,0.082286,0.003511,0.019456,-0.017463,0.386307,-0.409309,-0.002534,-0.172836,-0.027546,-0.015296,0.128818,1.393277,1.639442,1.481502,1.766882,0.098558,-0.187529,0.104203,-1.485181,-1.735316,1.115911,-1.656543,-0.015040,0.180147,1
0.109850,-0.138186,-0.024869,0.171354,-0.235506,0.082286,0.003520,0.019473,-0.017476,0.386316,-0.409313,-0.002541,-0.172876,-0.027621,-0.015258,0.128806,1.393218,1.639442,1.481502,1.766882,0.098570,-0.187517,0.104203,-1.488117,-1.735148,1.115396,-1.656556,-0.013458,0.184317,1
0.109850,-0.138143,-0.024842,0.171346,-0.235506,0.082301,0.003511,0.019482,-0.017463,0.386316,-0.409305,-0.002556,-0.172849,-0.027674,-0.015225,0.128794,1.393206,1.639442,1.481502,1.766894,0.098546,-0.187529,0.104215,-1.491257,-1.735064,1.115048,-1.656603,-0.011792,0.186894,1
0.109842,-0.138135,-0.024869,0.171346,-0.235511,0.082308,0.003503,0.019482,-0.017476,0.386325,-0.409309,-0.002534,-0.172849,-0.027758,-0.015172,0.128806,1.393158,1.639442,1.481502,1.766882,0.098534,-0.187517,0.104251,-1.493870,-1.735040,1.114892,-1.656639,-0.010187,0.189590,1
0.109850,-0.138092,-0.024855,0.171337,-0.235502,0.082293,0.003520,0.019507,-0.017490,0.386342,-0.409313,-0.002555,-0.172849,-0.027841,-0.015111,0.128794,1.393050,1.639454,1.481490,1.766894,0.098522,-0.187517,0.104287,-1.499310,-1.735064,1.114988,-1.656687,-0.007874,0.193893,1
0.109842,-0.138050,-0.024882,0.171337,-0.235506,0.082301,0.003520,0.019507,-0.017476,0.386333,-0.409308,-0.002563,-0.172849,-0.027901,-0.015073,0.128794,1.392990,1.639466,1.481514,1.766894,0.098522,-0.187529,0.104311,-1.502570,-1.735100,1.115372,-1.656723,-0.006436,0.196853,1
0.109816,-0.138033,-0.024909,0.171346,-0.235502,0.082293,0.003528,0.019507,-0.017476,0.386367,-0.409301,-0.002548,-0.172863,-0.028007,-0.015006,0.128782,1.392918,1.639466,1.481514,1.766882,0.098522,-0.187517,0.104371,-1.505518,-1.735124,1.115707,-1.656831,-0.004985,0.199885,1
0.109833,-0.138016,-0.024909,0.171329,-0.235502,0.082293,0.003520,0.019507,-0.017476,0.386376,-0.409309,-0.002548,-0.172863,-0.028113,-0.014940,0.128782,1.392822,1.639442,1.481502,1.766882,0.098522,-0.187553,0.104431,-1.508982,-1.735124,1.115995,-1.656987,-0.003308,0.203025,1
0.109833,-0.138007,-0.024896,0.171346,-0.235506,0.082301,0.003520,0.019507,-0.017517,0.386401,-0.409305,-0.002556,-0.172849,-0.028196,-0.014897,0.128782,1.392750,1.639442,1.481502,1.766870,0.098510,-0.187505,0.104514,-1.512277,-1.735124,1.116259,-1.657023,-0.000755,0.206033,1
0.109833,-0.137982,-0.024922,0.171346,-0.235502,0.082293,0.003520,0.019524,-0.017463,0.386418,-0.409313,-0.002541,-0.172863,-0.028272,-0.014840,0.128794,1.392654,1.639466,1.481502,1.766882,0.098510,-0.187529,0.104598,-1.515321,-1.735064,1.116450,-1.657023,0.001079,0.210407,1
0.109842,-0.137947,-0.024909,0.171346,-0.235502,0.082293,0.003511,0.019533,-0.017476,0.386435,-0.409305,-0.002556,-0.172876,-0.028355,-0.014788,0.128794,1.392570,1.639466,1.481478,1.766882,0.098510,-0.187517,0.104670,-1.518222,-1.735004,1.116534,-1.656999,0.002948,0.213535,1
0.109833,-0.137947,-0.024909,0.171337,-0.235506,0.082301,0.003520,0.019541,-0.017476,0.386452,-0.409301,-0.002548,-0.172903,-0.028431,-0.014731,0.128782,1.392475,1.639466,1.481502,1.766882,0.098522,-0.187529,0.104814,-1.521194,-1.734860,1.116582,-1.657011,0.004866,0.216699,1
0.109842,-0.137905,-0.024922,0.171346,-0.235506,0.082301,0.003528,0.019558,-0.017476,0.386444,-0.409297,-0.002556,-0.172889,-0.028507,-0.014693,0.128771,1.392319,1.639442,1.481502,1.766870,0.098546,-0.187517,0.104922,-1.525664,-1.734597,1.116534,-1.657023,0.006831,0.220102,1
0.109842,-0.137896,-0.024896,0.171354,-0.235498,0.082301,0.003528,0.019584,-0.017463,0.386461,-0.409301,-0.002548,-0.172889,-0.028620,-0.014632,0.128735,1.392175,1.639466,1.481502,1.766870,0.098522,-0.187517,0.105042,-1.530386,-1.733926,1.116414,-1.657011,0.009671,0.224956,1
0.109833,-0.137879,-0.024936,0.171337,-0.235511,0.082294,0.003528,0.019584,-0.017476,0.386486,-0.409293,-0.002548,-0.172889,-0.028726,-0.014575,0.128687,1.392079,1.639466,1.481478,1.766882,0.098534,-0.187529,0.105066,-1.533549,-1.733554,1.116343,-1.657035,0.011349,0.228252,1
0.109816,-0.137871,-0.024909,0.171346,-0.235498,0.082286,0.003528,0.019592,-0.017476,0.386503,-0.409305,-0.002556,-0.172863,-0.028786,-0.014527,0.128615,1.391983,1.639466,1.481502,1.766894,0.098534,-0.187493,0.105102,-1.536390,-1.733147,1.116343,-1.657035,0.012751,0.231535,1
0.109833,-0.137871,-0.024922,0.171346,-0.235502,0.082293,0.003537,0.019601,-0.017476,0.386521,-0.409301,-0.002548,-0.172876,-0.028877,-0.014490,0.128579,1.391887,1.639490,1.481490,1.766870,0.098498,-0.187529,0.105102,-1.539506,-1.732787,1.116379,-1.657035,0.014153,0.234891,1
0.109842,-0.137854,-0.024922,0.171354,-0.235502,0.082293,0.003520,0.019601,-0.017490,0.386555,-0.409301,-0.002548,-0.172889,-0.028953,-0.014442,0.128591,1.391791,1.639502,1.481478,1.766858,0.098450,-0.187517,0.105126,-1.542849,-1.732488,1.116414,-1.657047,0.014669,0.238426,1
0.109833,-0.137828,-0.024909,0.171354,-0.235511,0.082308,0.003511,0.019609,-0.017490,0.386555,-0.409305,-0.002541,-0.172903,-0.029029,-0.014405,0.128603,1.391708,1.639490,1.481478,1.766834,0.098390,-0.187517,0.105138,-1.546193,-1.732164,1.116474,-1.657047,0.015316,0.243699,1
0.109842,-0.137828,-0.024896,0.171346,-0.235511,0.082308,0.003494,0.019609,-0.017490,0.386555,-0.409301,-0.002548,-0.172916,-0.029104,-0.014357,0.128591,1.391624,1.639502,1.481502,1.766858,0.098367,-0.187517,0.105126,-1.549776,-1.731900,1.116510,-1.657179,0.016346,0.247366,1
0.109825,-0.137828,-0.024936,0.171346,-0.235502,0.082293,0.003520,0.019626,-0.017463,0.386563,-0.409293,-0.002548,-0.172943,-0.029180,-0.014320,0.128579,1.391516,1.639490,1.481502,1.766858,0.098367,-0.187517,0.105126,-1.554402,-1.731732,1.116474,-1.657334,0.017485,0.250830,1
0.109825,-0.137828,-0.024909,0.171346,-0.235502,0.082293,0.003511,0.019652,-0.017490,0.386580,-0.409293,-0.002548,-0.172916,-0.029240,-0.014272,0.128555,1.391468,1.639502,1.481502,1.766858,0.098379,-0.187541,0.105162,-1.557338,-1.731673,1.116450,-1.657406,0.018635,0.254389,1
0.109807,-0.137828,-0.024936,0.171329,-0.235515,0.082315,0.003520,0.019652,-0.017463,0.386606,-0.409305,-0.002556,-0.172956,-0.029377,-0.014187,0.128663,1.391396,1.639550,1.481478,1.766846,0.098355,-0.187517,0.105210,-1.561581,-1.731732,1.116498,-1.657406,0.020457,0.260046,1
0.109816,-0.137811,-0.024936,0.171337,-0.235511,0.082294,0.003528,0.019669,-0.017463,0.386606,-0.409301,-0.002548,-0.173063,-0.029460,-0.014154,0.128711,1.391324,1.639550,1.481490,1.766834,0.098295,-0.187517,0.105245,-1.564277,-1.731697,1.116534,-1.657418,0.021584,0.263881,1
0.109816,-0.137811,-0.024936,0.171354,-0.235511,0.082308,0.003511,0.019686,-0.017490,0.386606,-0.409308,-0.002563,-0.173171,-0.029513,-0.014101,0.128759,1.391288,1.639550,1.481478,1.766834,0.098259,-0.187529,0.105293,-1.567309,-1.731613,1.116570,-1.657430,0.022734,0.267644,1
0.109825,-0.137803,-0.024909,0.171337,-0.235506,0.082301,0.003520,0.019695,-0.017450,0.386589,-0.409308,-0.002563,-0.173251,-0.029603,-0.014054,0.128747,1.391240,1.639550,1.481502,1.766834,0.098414,-0.187541,0.105293,-1.570557,-1.731445,1.116570,-1.657418,0.024520,0.271299,1
0.109825,-0.137803,-0.024922,0.171371,-0.235515,0.082301,0.003537,0.019712,-0.017463,0.386606,-0.409305,-0.002541,-0.173305,-0.029672,-0.014002,0.128711,1.391192,1.639538,1.481490,1.766834,0.098534,-0.187529,0.105305,-1.573852,-1.731229,1.116522,-1.657418,0.025778,0.276955,1
0.109825,-0.137794,-0.024936,0.171354,-0.235515,0.082301,0.003537,0.019712,-0.017476,0.386606,-0.409301,-0.002548,-0.173318,-0.029800,-0.013921,0.128687,1.391180,1.639526,1.481478,1.766834,0.098570,-0.187517,0.105293,-1.576836,-1.730989,1.116462,-1.657406,0.027072,0.280719,1
0.109833,-0.137803,-0.024936,0.171354,-0.235506,0.082286,0.003554,0.019737,-0.017476,0.386614,-0.409293,-0.002534,-0.173358,-0.029899,-0.013879,0.128651,1.391156,1.639550,1.481478,1.766834,0.098558,-0.187517,0.105293,-1.581642,-1.730738,1.116450,-1.657406,0.028379,0.284661,1
0.109825,-0.137811,-0.024909,0.171346,-0.235502,0.082293,0.003545,0.019746,-0.017476,0.386623,-0.409293,-0.002534,-0.173345,-0.029967,-0.013846,0.128651,1.391132,1.639550,1.481478,1.766834,0.098558,-0.187517,0.105281,-1.584758,-1.730534,1.116450,-1.657406,0.029565,0.288724,1
0.109833,-0.137820,-0.024909,0.171329,-0.235502,0.082293,0.003545,0.019754,-0.017476,0.386631,-0.409289,-0.002556,-0.173452,-0.030042,-0.013799,0.128651,1.391108,1.639550,1.481490,1.766822,0.098522,-0.187517,0.105305,-1.590007,-1.730055,1.116450,-1.657406,0.030919,0.294608,1
0.109807,-0.137811,-0.024882,0.171337,-0.235502,0.082293,0.003545,0.019763,-0.017463,0.386640,-0.409293,-0.002548,-0.173519,-0.030057,-0.013799,0.128675,1.391108,1.639550,1.481490,1.766822,0.098546,-0.187517,0.105293,-1.593255,-1.729815,1.116474,-1.657418,0.031542,0.298755,1
0.109825,-0.137811,-0.024882,0.171320,-0.235502,0.082293,0.003545,0.019780,-0.017476,0.386623,-0.409293,-0.002563,-0.173559,-0.030073,-0.013790,0.128687,1.391096,1.639550,1.481502,1.766834,0.098558,-0.187529,0.105305,-1.594645,-1.729695,1.116474,-1.657418,0.031734,0.300816,1
0.109816,-0.137803,-0.024909,0.171346,-0.235511,0.082294,0.003545,0.019805,-0.017476,0.386623,-0.409304,-0.002570,-0.173680,-0.030088,-0.013761,0.128699,1.391096,1.639550,1.481490,1.766834,0.098534,-0.187529,0.105317,-1.599259,-1.729264,1.116546,-1.657418,0.032034,0.306964,1
0.109825,-0.137811,-0.024882,0.171329,-0.235511,0.082308,0.003545,0.019814,-0.017476,0.386631,-0.409304,-0.002570,-0.173800,-0.030103,-0.013732,0.128675,1.391072,1.639574,1.481478,1.766846,0.098534,-0.187529,0.105305,-1.602315,-1.728928,1.116558,-1.657406,0.032070,0.312968,1
0.109807,-0.137811,-0.024922,0.171337,-0.235511,0.082308,0.003562,0.019831,-0.017463,0.386631,-0.409305,-0.002556,-0.173840,-0.030163,-0.013714,0.128699,1.391060,1.639550,1.481502,1.766822,0.098546,-0.187529,0.105293,-1.605706,-1.728617,1.116510,-1.657466,0.032537,0.317055,1
0.109807,-0.137811,-0.024936,0.171329,-0.235502,0.082293,0.003554,0.019848,-0.017476,0.386631,-0.409305,-0.002541,-0.173921,-0.030216,-0.013680,0.128675,1.391060,1.639550,1.481478,1.766846,0.098546,-0.187541,0.105293,-1.609481,-1.728257,1.116450,-1.657538,0.033088,0.321153,1
0.109816,-0.137820,-0.024909,0.171346,-0.235502,0.082293,0.003537,0.019882,-0.017463,0.386640,-0.409301,-0.002548,-0.173974,-0.030239,-0.013666,0.128687,1.391060,1.639550,1.481490,1.766822,0.098534,-0.187517,0.105305,-1.614179,-1.727910,1.116438,-1.657622,0.033592,0.325420,1
0.109816,-0.137820,-0.024869,0.171354,-0.235511,0.082308,0.003537,0.019891,-0.017476,0.386623,-0.409304,-0.002570,-0.174068,-0.030254,-0.013667,0.128711,1.391060,1.639574,1.481514,1.766834,0.098534,-0.187529,0.105281,-1.617139,-1.727406,1.116486,-1.657634,0.033999,0.329710,1
0.109816,-0.137828,-0.024855,0.171354,-0.235502,0.082308,0.003545,0.019899,-0.017476,0.386623,-0.409308,-0.002563,-0.174175,-0.030262,-0.013672,0.128782,1.391036,1.639586,1.481526,1.766822,0.098534,-0.187553,0.105293,-1.620363,-1.727047,1.116486,-1.657598,0.034251,0.334048,1
0.109825,-0.137811,-0.024882,0.171363,-0.235506,0.082286,0.003537,0.019925,-0.017490,0.386623,-0.409305,-0.002556,-0.174282,-0.030246,-0.013671,0.128818,1.391024,1.639574,1.481526,1.766822,0.098498,-0.187517,0.105293,-1.623623,-1.726663,1.116414,-1.657658,0.034479,0.338123,1
0.109833,-0.137828,-0.024909,0.171363,-0.235506,0.082301,0.003537,0.019942,-0.017476,0.386606,-0.409309,-0.002548,-0.174416,-0.030284,-0.013657,0.128830,1.391012,1.639574,1.481538,1.766822,0.098606,-0.187541,0.105293,-1.629160,-1.726004,1.116331,-1.657670,0.034994,0.344379,1
0.109833,-0.137837,-0.024896,0.171346,-0.235506,0.082301,0.003537,0.019950,-0.017490,0.386623,-0.409301,-0.002548,-0.174510,-0.030292,-0.013643,0.128818,1.390941,1.639586,1.481538,1.766834,0.098654,-0.187517,0.105293,-1.632671,-1.725537,1.116283,-1.657694,0.035150,0.348393,1
0.109833,-0.137837,-0.024882,0.171346,-0.235511,0.082308,0.003545,0.019976,-0.017476,0.386614,-0.409305,-0.002556,-0.174590,-0.030307,-0.013633,0.128830,1.390749,1.639586,1.481538,1.766834,0.098630,-0.187529,0.105293,-1.635787,-1.725009,1.116367,-1.657682,0.035234,0.354757,1
0.109850,-0.137837,-0.024882,0.171354,-0.235506,0.082286,0.003528,0.019984,-0.017490,0.386614,-0.409301,-0.002534,-0.174697,-0.030299,-0.013628,0.128818,1.390449,1.639598,1.481526,1.766822,0.098642,-0.187517,0.105269,-1.638867,-1.724422,1.116558,-1.657682,0.035294,0.359143,1
0.109842,-0.137828,-0.024882,0.171363,-0.235502,0.082293,0.003537,0.019993,-0.017476,0.386623,-0.409301,-0.002534,-0.174751,-0.030299,-0.013628,0.128818,1.389862,1.639574,1.481586,1.766810,0.098666,-0.187517,0.105281,-1.643613,-1.723835,1.116714,-1.657694,0.035329,0.363254,1
0.109842,-0.137828,-0.024869,0.171354,-0.235502,0.082293,0.003554,0.020010,-0.017463,0.386606,-0.409297,-0.002541,-0.174791,-0.030307,-0.013633,0.128806,1.389490,1.639598,1.481622,1.766822,0.098702,-0.187529,0.105269,-1.647100,-1.723056,1.116810,-1.657682,0.035329,0.367293,1
0.109850,-0.137845,-0.024855,0.171354,-0.235502,0.082279,0.003545,0.020018,-0.017463,0.386614,-0.409301,-0.002563,-0.174831,-0.030307,-0.013633,0.128806,1.389179,1.639598,1.481682,1.766822,0.098738,-0.187517,0.105293,-1.650743,-1.722660,1.116870,-1.657694,0.035306,0.371583,1
0.109850,-0.137837,-0.024855,0.171363,-0.235498,0.082286,0.003537,0.020027,-0.017476,0.386614,-0.409305,-0.002556,-0.174845,-0.030314,-0.013638,0.128794,1.388903,1.639586,1.481682,1.766822,0.098750,-0.187529,0.105257,-1.654027,-1.722361,1.116930,-1.657706,0.035258,0.375945,1
0.109850,-0.137845,-0.024869,0.171363,-0.235502,0.082293,0.003545,0.020035,-0.017490,0.386623,-0.409308,-0.002563,-0.174912,-0.030299,-0.013638,0.128818,1.388687,1.639586,1.481682,1.766822,0.098726,-0.187553,0.105257,-1.657179,-1.722217,1.117002,-1.657718,0.035258,0.380188,1
0.109833,-0.137845,-0.024869,0.171363,-0.235511,0.082308,0.003545,0.020035,-0.017463,0.386614,-0.409296,-0.002570,-0.174952,-0.030307,-0.013643,0.128806,1.388472,1.639586,1.481718,1.766798,0.098726,-0.187553,0.105233,-1.660486,-1.722181,1.117062,-1.657718,0.035246,0.384310,1
0.109850,-0.137854,-0.024882,0.171363,-0.235502,0.082293,0.003562,0.020035,-0.017450,0.386623,-0.409297,-0.002541,-0.174992,-0.030299,-0.013638,0.128794,1.388196,1.639598,1.481754,1.766810,0.098738,-0.187565,0.105233,-1.663554,-1.722217,1.117122,-1.657742,0.035198,0.390518,1
0.109842,-0.137862,-0.024869,0.171346,-0.235511,0.082294,0.003545,0.020061,-0.017436,0.386640,-0.409301,-0.002548,-0.175005,-0.030299,-0.013648,0.128735,1.387765,1.639610,1.481814,1.766810,0.098726,-0.187601,0.105198,-1.668947,-1.722397,1.117253,-1.657790,0.035126,0.396894,1
0.109833,-0.137862,-0.024869,0.171346,-0.235511,0.082294,0.003545,0.020070,-0.017476,0.386640,-0.409305,-0.002556,-0.175059,-0.030284,-0.013648,0.128711,1.387357,1.639598,1.481825,1.766810,0.098714,-0.187613,0.105198,-1.673837,-1.722529,1.117409,-1.657850,0.035078,0.401064,1
0.109833,-0.137862,-0.024869,0.171337,-0.235506,0.082301,0.003554,0.020078,-0.017490,0.386657,-0.409304,-0.002570,-0.175059,-0.030277,-0.013643,0.128699,1.387094,1.639586,1.481873,1.766822,0.098702,-0.187589,0.105162,-1.677216,-1.722708,1.117541,-1.657886,0.035054,0.405079,1
0.109842,-0.137862,-0.024869,0.171346,-0.235502,0.082293,0.003537,0.020087,-0.017476,0.386665,-0.409305,-0.002556,-0.175099,-0.030261,-0.013662,0.128639,1.386806,1.639610,1.481909,1.766810,0.098702,-0.187601,0.105138,-1.680332,-1.722756,1.117649,-1.657934,0.034970,0.409165,1
0.109842,-0.137854,-0.024869,0.171329,-0.235502,0.082293,0.003528,0.020104,-0.017476,0.386674,-0.409305,-0.002556,-0.175059,-0.030269,-0.013667,0.128567,1.386494,1.639610,1.481969,1.766798,0.098690,-0.187613,0.105138,-1.683412,-1.722768,1.117841,-1.657970,0.034910,0.413192,1
0.109842,-0.137854,-0.024855,0.171354,-0.235506,0.082301,0.003528,0.020095,-0.017463,0.386674,-0.409305,-0.002541,-0.175072,-0.030254,-0.013657,0.128519,1.386183,1.639610,1.482005,1.766822,0.098666,-0.187601,0.105102,-1.686924,-1.722756,1.117996,-1.658030,0.034826,0.417387,1
0.109833,-0.137862,-0.024869,0.171346,-0.235506,0.082301,0.003537,0.020112,-0.017463,0.386682,-0.409301,-0.002548,-0.175086,-0.030254,-0.013667,0.128459,1.385823,1.639610,1.482041,1.766798,0.098654,-0.187613,0.105066,-1.690039,-1.722720,1.118176,-1.658041,0.034730,0.421593,1
0.109842,-0.137862,-0.024896,0.171363,-0.235506,0.082301,0.003537,0.020095,-0.017490,0.386682,-0.409300,-0.002578,-0.175072,-0.030262,-0.013672,0.128411,1.385464,1.639610,1.482065,1.766798,0.098630,-0.187601,0.105042,-1.693047,-1.722672,1.118308,-1.658090,0.034670,0.427717,1
0.109825,-0.137862,-0.024869,0.171363,-0.235511,0.082308,0.003554,0.020112,-0.017476,0.386682,-0.409308,-0.002563,-0.175072,-0.030246,-0.013671,0.128387,1.385140,1.639610,1.482065,1.766798,0.098630,-0.187601,0.105006,-1.696403,-1.722649,1.118404,-1.658137,0.034598,0.431768,1
0.109842,-0.137862,-0.024869,0.171371,-0.235502,0.082293,0.003554,0.020095,-0.017463,0.386699,-0.409305,-0.002556,-0.175086,-0.030246,-0.013671,0.128291,1.384709,1.639610,1.482089,1.766810,0.098594,-0.187601,0.104958,-1.703330,-1.722625,1.118524,-1.658173,0.034455,0.437868,1
0.109833,-0.137862,-0.024882,0.171354,-0.235506,0.082301,0.003537,0.020112,-0.017463,0.386708,-0.409301,-0.002548,-0.175072,-0.030239,-0.013686,0.128267,1.384517,1.639634,1.482089,1.766798,0.098558,-0.187601,0.104910,-1.707021,-1.722625,1.118656,-1.658197,0.034371,0.441966,1
0.109842,-0.137862,-0.024882,0.171363,-0.235506,0.082286,0.003511,0.020112,-0.017476,0.386717,-0.409289,-0.002556,-0.175086,-0.030239,-0.013686,0.128219,1.384313,1.639610,1.482125,1.766798,0.098522,-0.187601,0.104886,-1.710508,-1.722649,1.118847,-1.658197,0.034311,0.445885,1
0.109842,-0.137854,-0.024869,0.171354,-0.235506,0.082286,0.003537,0.020112,-0.017476,0.386734,-0.409289,-0.002556,-0.175086,-0.030231,-0.013681,0.128195,1.384050,1.639610,1.482173,1.766798,0.098498,-0.187601,0.104862,-1.713600,-1.722660,1.119039,-1.658197,0.034215,0.450032,1
0.109850,-0.137854,-0.024869,0.171346,-0.235506,0.082286,0.003520,0.020121,-0.017490,0.386734,-0.409297,-0.002556,-0.175072,-0.030246,-0.013671,0.128159,1.383786,1.639610,1.482185,1.766774,0.098498,-0.187589,0.104802,-1.716944,-1.722684,1.119267,-1.658209,0.034119,0.454094,1
0.109850,-0.137854,-0.024882,0.171346,-0.235515,0.082301,0.003528,0.020138,-0.017476,0.386734,-0.409308,-0.002563,-0.175086,-0.030239,-0.013676,0.128159,1.383510,1.639610,1.482233,1.766786,0.098486,-0.187601,0.104802,-1.720036,-1.722708,1.119578,-1.658209,0.033975,0.458265,1
0.109859,-0.137862,-0.024869,0.171354,-0.235511,0.082308,0.003537,0.020129,-0.017463,0.386734,-0.409300,-0.002578,-0.175086,-0.030231,-0.013681,0.128147,1.383271,1.639610,1.482293,1.766762,0.098474,-0.187601,0.104766,-1.723080,-1.722684,1.119878,-1.658209,0.033951,0.462315,1
0.109850,-0.137862,-0.024896,0.171346,-0.235515,0.082301,0.003528,0.020129,-0.017463,0.386734,-0.409292,-0.002578,-0.175099,-0.030246,-0.013681,0.128159,1.382959,1.639610,1.482341,1.766750,0.098450,-0.187625,0.104754,-1.727658,-1.722672,1.120357,-1.658221,0.033927,0.470081,1
0.109867,-0.137854,-0.024922,0.171337,-0.235502,0.082293,0.003528,0.020146,-0.017490,0.386734,-0.409293,-0.002548,-0.175166,-0.030246,-0.013681,0.128147,1.382815,1.639610,1.482365,1.766774,0.098450,-0.187589,0.104754,-1.730606,-1.722660,1.120693,-1.658221,0.033927,0.473952,1
0.109867,-0.137862,-0.024896,0.171329,-0.235506,0.082301,0.003520,0.020146,-0.017476,0.386759,-0.409301,-0.002548,-0.175179,-0.030254,-0.013676,0.128171,1.382564,1.639610,1.482449,1.766774,0.098450,-0.187601,0.104754,-1.735292,-1.722649,1.121076,-1.658221,0.033903,0.477991,1
0.109859,-0.137845,-0.024869,0.171346,-0.235506,0.082301,0.003520,0.020146,-0.017476,0.386768,-0.409301,-0.002548,-0.175166,-0.030254,-0.013676,0.128183,1.382420,1.639610,1.482497,1.766786,0.098450,-0.187613,0.104766,-1.738803,-1.722625,1.121508,-1.658233,0.033891,0.482089,1
0.109850,-0.137854,-0.024882,0.171329,-0.235506,0.082286,0.003528,0.020155,-0.017476,0.386785,-0.409293,-0.002563,-0.175220,-0.030269,-0.013647,0.128183,1.382240,1.639610,1.482605,1.766774,0.098450,-0.187589,0.104742,-1.742279,-1.722672,1.122299,-1.658233,0.033891,0.486188,1
0.109859,-0.137854,-0.024882,0.171346,-0.235506,0.082286,0.003537,0.020163,-0.017476,0.386776,-0.409305,-0.002556,-0.175246,-0.030277,-0.013652,0.128219,1.382120,1.639598,1.482664,1.766786,0.098450,-0.187613,0.104742,-1.745874,-1.722649,1.122874,-1.658257,0.033927,0.490203,1
0.109850,-0.137862,-0.024869,0.171346,-0.235511,0.082308,0.003520,0.020172,-0.017450,0.386793,-0.409293,-0.002563,-0.175273,-0.030292,-0.013643,0.128231,1.381940,1.639610,1.482736,1.766774,0.098486,-0.187613,0.104766,-1.749074,-1.722672,1.123437,-1.658245,0.033963,0.494074,1
0.109850,-0.137871,-0.024896,0.171346,-0.235515,0.082301,0.003520,0.020172,-0.017476,0.386802,-0.409285,-0.002549,-0.175300,-0.030314,-0.013629,0.128279,1.381785,1.639598,1.482808,1.766774,0.098510,-0.187613,0.104730,-1.752142,-1.722660,1.124084,-1.658257,0.033939,0.499622,1
0.109842,-0.137837,-0.024882,0.171363,-0.235502,0.082293,0.003520,0.020206,-0.017463,0.386802,-0.409296,-0.002570,-0.175327,-0.030337,-0.013624,0.128315,1.381593,1.639610,1.482880,1.766798,0.098522,-0.187625,0.104718,-1.754982,-1.722660,1.124887,-1.658257,0.033963,0.503421,1
0.109850,-0.137845,-0.024922,0.171363,-0.235506,0.082301,0.003520,0.020206,-0.017463,0.386819,-0.409305,-0.002556,-0.175367,-0.030337,-0.013624,0.128303,1.381389,1.639610,1.482928,1.766774,0.098534,-0.187613,0.104718,-1.757750,-1.722672,1.125750,-1.658281,0.033963,0.507065,1
0.109850,-0.137828,-0.024936,0.171371,-0.235502,0.082293,0.003511,0.020240,-0.017476,0.386819,-0.409304,-0.002570,-0.175407,-0.030337,-0.013624,0.128363,1.381078,1.639610,1.483000,1.766786,0.098570,-0.187613,0.104718,-1.761921,-1.722672,1.126589,-1.658257,0.033975,0.510756,1
0.109842,-0.137845,-0.024896,0.171354,-0.235502,0.082293,0.003520,0.020266,-0.017476,0.386819,-0.409305,-0.002556,-0.175434,-0.030337,-0.013615,0.128411,1.380766,1.639586,1.483132,1.766774,0.098570,-0.187613,0.104718,-1.766966,-1.722660,1.127787,-1.658257,0.033999,0.516173,1
0.109859,-0.137828,-0.024896,0.171337,-0.235502,0.082293,0.003520,0.020274,-0.017476,0.386819,-0.409293,-0.002548,-0.175447,-0.030382,-0.013596,0.128459,1.380562,1.639610,1.483216,1.766798,0.098582,-0.187613,0.104718,-1.770106,-1.722660,1.129046,-1.658257,0.033999,0.519744,1
0.109842,-0.137828,-0.024936,0.171346,-0.235502,0.082293,0.003520,0.020291,-0.017490,0.386819,-0.409301,-0.002548,-0.175487,-0.030405,-0.013582,0.128531,1.380347,1.639598,1.483288,1.766774,0.098594,-0.187613,0.104718,-1.772910,-1.722660,1.129945,-1.658293,0.034011,0.523495,1
0.109850,-0.137837,-0.024922,0.171363,-0.235489,0.082272,0.003520,0.020291,-0.017476,0.386836,-0.409301,-0.002548,-0.175487,-0.030428,-0.013568,0.128591,1.380155,1.639598,1.483383,1.766798,0.098618,-0.187613,0.104694,-1.775846,-1.722660,1.130784,-1.658281,0.034011,0.527054,1
0.109867,-0.137828,-0.024922,0.171346,-0.235498,0.082286,0.003520,0.020334,-0.017476,0.386836,-0.409293,-0.002563,-0.175528,-0.030481,-0.013554,0.128651,1.379927,1.639598,1.483479,1.766774,0.098654,-0.187649,0.104694,-1.778615,-1.722660,1.131539,-1.658281,0.033987,0.530697,1
0.109850,-0.137837,-0.024909,0.171346,-0.235502,0.082293,0.003528,0.020351,-0.017490,0.386836,-0.409296,-0.002570,-0.175528,-0.030488,-0.013520,0.128687,1.379711,1.639598,1.483575,1.766774,0.098702,-0.187601,0.104670,-1.781443,-1.722660,1.132378,-1.658281,0.033963,0.536018,1
0.109876,-0.137837,-0.024896,0.171354,-0.235506,0.082286,0.003520,0.020359,-0.017476,0.386836,-0.409297,-0.002556,-0.175514,-0.030541,-0.013497,0.128735,1.379472,1.639598,1.483695,1.766774,0.098726,-0.187637,0.104658,-1.784619,-1.722660,1.133228,-1.658281,0.033951,0.539458,1
0.109842,-0.137828,-0.024922,0.171329,-0.235506,0.082301,0.003537,0.020385,-0.017476,0.386827,-0.409296,-0.002570,-0.175541,-0.030587,-0.013488,0.128759,1.379076,1.639586,1.483839,1.766774,0.098726,-0.187601,0.104634,-1.787771,-1.722672,1.134307,-1.658281,0.033963,0.542945,1
0.109842,-0.137837,-0.024909,0.171346,-0.235502,0.082293,0.003528,0.020410,-0.017476,0.386844,-0.409288,-0.002570,-0.175554,-0.030594,-0.013473,0.128794,1.378741,1.639586,1.483995,1.766786,0.098726,-0.187601,0.104598,-1.791762,-1.722660,1.135541,-1.658293,0.033975,0.546505,1
0.109833,-0.137820,-0.024909,0.171337,-0.235511,0.082294,0.003537,0.020436,-0.017476,0.386861,-0.409296,-0.002570,-0.175554,-0.030662,-0.013441,0.128878,1.378141,1.639586,1.484282,1.766786,0.098762,-0.187589,0.104574,-1.795896,-1.722660,1.137423,-1.658341,0.033987,0.551862,1
0.109842,-0.137837,-0.024922,0.171337,-0.235506,0.082301,0.003520,0.020470,-0.017476,0.386853,-0.409293,-0.002548,-0.175541,-0.030677,-0.013431,0.128914,1.377734,1.639586,1.484654,1.766774,0.098810,-0.187565,0.104550,-1.798664,-1.722672,1.139101,-1.658365,0.033975,0.555217,1
0.109833,-0.137828,-0.024896,0.171354,-0.235515,0.082286,0.003520,0.020487,-0.017476,0.386853,-0.409297,-0.002556,-0.175541,-0.030708,-0.013422,0.128986,1.377255,1.639586,1.484929,1.766774,0.098846,-0.187553,0.104526,-1.801661,-1.722660,1.140263,-1.658413,0.033963,0.558405,1
0.109833,-0.137837,-0.024909,0.171354,-0.235502,0.082293,0.003528,0.020513,-0.017490,0.386853,-0.409301,-0.002563,-0.175554,-0.030738,-0.013393,0.129106,1.376763,1.639574,1.485313,1.766786,0.098906,-0.187553,0.104502,-1.804992,-1.722660,1.141414,-1.658449,0.033963,0.561557,1
0.109850,-0.137828,-0.024922,0.171337,-0.235502,0.082293,0.003537,0.020530,-0.017476,0.386861,-0.409293,-0.002563,-0.175554,-0.030776,-0.013389,0.129214,1.376308,1.639562,1.485684,1.766774,0.098954,-0.187541,0.104490,-1.808000,-1.722672,1.142828,-1.658485,0.033975,0.566458,1
0.109850,-0.137828,-0.024936,0.171354,-0.235511,0.082308,0.003520,0.020555,-0.017490,0.386853,-0.409293,-0.002548,-0.175541,-0.030829,-0.013356,0.129298,1.375876,1.639574,1.486116,1.766786,0.099002,-0.187517,0.104478,-1.810385,-1.722660,1.144386,-1.658521,0.033963,0.569886,1
0.109850,-0.137837,-0.024909,0.171346,-0.235515,0.082301,0.003528,0.020581,-0.017490,0.386853,-0.409296,-0.002570,-0.175541,-0.030904,-0.013318,0.129442,1.375493,1.639550,1.486607,1.766774,0.099074,-0.187529,0.104419,-1.812626,-1.722660,1.146016,-1.658545,0.033939,0.573253,1
0.109850,-0.137828,-0.024855,0.171346,-0.235506,0.082301,0.003545,0.020615,-0.017463,0.386870,-0.409296,-0.002570,-0.175568,-0.030957,-0.013285,0.129549,1.375097,1.639550,1.487146,1.766762,0.099134,-0.187517,0.104383,-1.816761,-1.722636,1.147609,-1.658581,0.033951,0.576501,1
0.109850,-0.137828,-0.024936,0.171337,-0.235502,0.082293,0.003545,0.020632,-0.017450,0.386870,-0.409288,-0.002570,-0.175554,-0.031010,-0.013281,0.129681,1.375073,1.639550,1.487794,1.766774,0.099193,-0.187529,0.104347,-1.819733,-1.722660,1.148916,-1.658593,0.033951,0.579449,1
0.109833,-0.137828,-0.024936,0.171346,-0.235511,0.082308,0.003537,0.020658,-0.017476,0.386870,-0.409293,-0.002563,-0.175554,-0.031078,-0.013249,0.129921,1.375385,1.639550,1.489376,1.766786,0.099241,-0.187517,0.104275,-1.824658,-1.722636,1.151372,-1.658629,0.033951,0.583560,1
0.109816,-0.137828,-0.024922,0.171363,-0.235502,0.082308,0.003554,0.020683,-0.017490,0.386870,-0.409292,-0.002578,-0.175541,-0.031124,-0.013249,0.130101,1.375733,1.639550,1.490191,1.766774,0.099289,-0.187517,0.104239,-1.827846,-1.722649,1.152990,-1.658665,0.033939,0.586256,1
0.109833,-0.137828,-0.024909,0.171363,-0.235511,0.082308,0.003537,0.020734,-0.017490,0.386861,-0.409297,-0.002556,-0.175528,-0.031139,-0.013221,0.130340,1.376176,1.639550,1.491089,1.766774,0.099361,-0.187529,0.104191,-1.830734,-1.722636,1.154908,-1.658689,0.033939,0.589121,1
0.109842,-0.137828,-0.024936,0.171354,-0.235511,0.082308,0.003537,0.020734,-0.017463,0.386853,-0.409296,-0.002570,-0.175541,-0.031169,-0.013202,0.130604,1.376571,1.639550,1.491976,1.766774,0.099445,-0.187529,0.104143,-1.833431,-1.722636,1.156837,-1.658725,0.033927,0.592153,1
0.109833,-0.137828,-0.024922,0.171346,-0.235506,0.082301,0.003537,0.020768,-0.017503,0.386861,-0.409300,-0.002578,-0.175541,-0.031169,-0.013202,0.130880,1.376919,1.639550,1.492923,1.766762,0.099517,-0.187529,0.104107,-1.836115,-1.722589,1.158707,-1.658737,0.033915,0.596455,1
0.109833,-0.137828,-0.024936,0.171354,-0.235511,0.082308,0.003554,0.020794,-0.017476,0.386853,-0.409300,-0.002578,-0.175554,-0.031192,-0.013187,0.131371,1.377279,1.639550,1.493906,1.766774,0.099505,-0.187529,0.104119,-1.838572,-1.722577,1.160480,-1.658749,0.033927,0.599163,1
0.109833,-0.137837,-0.024909,0.171346,-0.235511,0.082308,0.003545,0.020845,-0.017490,0.386827,-0.409300,-0.002578,-0.175541,-0.031192,-0.013187,0.131719,1.377818,1.639550,1.494960,1.766762,0.099517,-0.187517,0.104083,-1.842251,-1.722541,1.162506,-1.658761,0.033927,0.601536,1
0.109833,-0.137828,-0.024936,0.171354,-0.235502,0.082308,0.003528,0.020862,-0.017503,0.386827,-0.409296,-0.002570,-0.175528,-0.031192,-0.013187,0.132126,1.378285,1.639550,1.495919,1.766750,0.099517,-0.187517,0.104083,-1.844720,-1.722517,1.164723,-1.658761,0.033927,0.603933,1
0.109833,-0.137828,-0.024949,0.171346,-0.235502,0.082293,0.003528,0.020879,-0.017476,0.386827,-0.409305,-0.002556,-0.175554,-0.031215,-0.013193,0.132558,1.378824,1.639550,1.497453,1.766738,0.099505,-0.187517,0.104083,-1.847332,-1.722517,1.167947,-1.658797,0.033915,0.606246,1
0.109833,-0.137837,-0.024922,0.171346,-0.235502,0.082293,0.003545,0.020896,-0.017450,0.386827,-0.409297,-0.002556,-0.175528,-0.031222,-0.013188,0.133097,1.379448,1.639550,1.498699,1.766726,0.099505,-0.187517,0.104059,-1.849969,-1.722517,1.169852,-1.658785,0.033915,0.608607,1
0.109833,-0.137828,-0.024936,0.171346,-0.235498,0.082301,0.003511,0.020913,-0.017476,0.386810,-0.409301,-0.002548,-0.175541,-0.031252,-0.013189,0.133756,1.380143,1.639574,1.500149,1.766714,0.099505,-0.187481,0.104047,-1.852677,-1.722517,1.171758,-1.658773,0.033855,0.611184,1
0.109825,-0.137837,-0.024936,0.171346,-0.235506,0.082301,0.003520,0.020947,-0.017490,0.386785,-0.409300,-0.002578,-0.175528,-0.031237,-0.013169,0.134942,1.381173,1.639550,1.502510,1.766679,0.099493,-0.187445,0.104011,-1.856584,-1.722517,1.175089,-1.658808,0.033760,0.614851,1
0.109833,-0.137845,-0.024922,0.171346,-0.235498,0.082301,0.003503,0.020956,-0.017476,0.386768,-0.409304,-0.002570,-0.175541,-0.031252,-0.013159,0.135997,1.381928,1.639550,1.504164,1.766643,0.099493,-0.187361,0.103999,-1.859089,-1.722517,1.177438,-1.658821,0.033748,0.618362,1
0.109833,-0.137837,-0.024909,0.171346,-0.235502,0.082308,0.003486,0.020990,-0.017476,0.386751,-0.409300,-0.002578,-0.175541,-0.031268,-0.013169,0.137543,1.382863,1.639550,1.505938,1.766631,0.099481,-0.187277,0.103939,-1.862061,-1.722517,1.179607,-1.658832,0.033712,0.620327,1
0.109833,-0.137854,-0.024909,0.171363,-0.235511,0.082308,0.003469,0.021024,-0.017490,0.386742,-0.409308,-0.002563,-0.175541,-0.031275,-0.013174,0.138430,1.384433,1.639550,1.508035,1.766607,0.099445,-0.187146,0.103879,-1.866207,-1.722505,1.181848,-1.658844,0.033604,0.622125,1
0.109833,-0.137854,-0.024896,0.171354,-0.235507,0.082315,0.003460,0.021058,-0.017463,0.386717,-0.409301,-0.002548,-0.175554,-0.031260,-0.013164,0.139209,1.385548,1.639574,1.510372,1.766595,0.099409,-0.187014,0.103831,-1.868700,-1.722517,1.184509,-1.658832,0.033508,0.623827,1
0.109833,-0.137837,-0.024882,0.171346,-0.235502,0.082308,0.003426,0.021067,-0.017476,0.386708,-0.409301,-0.002563,-0.175554,-0.031252,-0.013159,0.139724,1.386626,1.639598,1.513608,1.766559,0.099373,-0.186810,0.103783,-1.871253,-1.722541,1.188655,-1.658844,0.033412,0.625385,1
0.109833,-0.137845,-0.024882,0.171346,-0.235507,0.082315,0.003392,0.021075,-0.017463,0.386674,-0.409297,-0.002556,-0.175541,-0.031237,-0.013149,0.140072,1.387777,1.639574,1.515849,1.766547,0.099385,-0.186654,0.103688,-1.873829,-1.722553,1.191232,-1.658821,0.033364,0.626943,1
0.109842,-0.137845,-0.024896,0.171363,-0.235511,0.082322,0.003366,0.021109,-0.017476,0.386665,-0.409300,-0.002578,-0.175541,-0.031230,-0.013164,0.140359,1.388963,1.639550,1.518222,1.766547,0.099361,-0.186594,0.103592,-1.876466,-1.722577,1.193988,-1.658821,0.033328,0.628537,1
0.109850,-0.137845,-0.024896,0.171354,-0.235511,0.082308,0.003332,0.021126,-0.017476,0.386631,-0.409301,-0.002563,-0.175541,-0.031215,-0.013183,0.140767,1.390281,1.639526,1.520654,1.766547,0.099313,-0.186618,0.103508,-1.878695,-1.722613,1.196889,-1.658832,0.033244,0.630119,1
0.109833,-0.137845,-0.024896,0.171346,-0.235503,0.082322,0.003290,0.021152,-0.017463,0.386623,-0.409296,-0.002570,-0.175487,-0.031184,-0.013212,0.141582,1.392199,1.639610,1.524274,1.766511,0.099469,-0.186666,0.103376,-1.882866,-1.722649,1.201335,-1.658832,0.033232,0.633438,1
0.109850,-0.137854,-0.024896,0.171346,-0.235507,0.082315,0.003298,0.021169,-0.017490,0.386572,-0.409301,-0.002548,-0.175447,-0.031162,-0.013216,0.142588,1.393481,1.639646,1.526790,1.766511,0.099769,-0.186726,0.103184,-1.885298,-1.722660,1.204535,-1.658857,0.033280,0.634888,1
0.109833,-0.137862,-0.024909,0.171354,-0.235507,0.082315,0.003272,0.021195,-0.017490,0.386555,-0.409301,-0.002563,-0.175407,-0.031131,-0.013225,0.143415,1.394859,1.639634,1.529595,1.766523,0.100152,-0.186822,0.103076,-1.887515,-1.722660,1.207650,-1.658892,0.033412,0.636207,1
0.109850,-0.137862,-0.024922,0.171363,-0.235507,0.082315,0.003264,0.021203,-0.017503,0.386512,-0.409308,-0.002563,-0.175367,-0.031116,-0.013244,0.144302,1.397160,1.639622,1.532459,1.766511,0.100572,-0.186918,0.102956,-1.890907,-1.722649,1.210563,-1.658964,0.033640,0.637381,1
0.109850,-0.137862,-0.024922,0.171363,-0.235499,0.082329,0.003264,0.021229,-0.017490,0.386478,-0.409301,-0.002563,-0.175327,-0.031131,-0.013245,0.145237,1.398814,1.639646,1.535083,1.766487,0.100931,-0.186954,0.102837,-1.893579,-1.722625,1.213619,-1.659012,0.033796,0.638472,1
0.109833,-0.137862,-0.024909,0.171354,-0.235503,0.082322,0.003272,0.021220,-0.017503,0.386435,-0.409300,-0.002578,-0.175313,-0.031116,-0.013244,0.146160,1.400432,1.639646,1.539470,1.766439,0.101207,-0.186954,0.102765,-1.896096,-1.722636,1.218065,-1.659036,0.033879,0.639406,1
0.109833,-0.137862,-0.024949,0.171346,-0.235498,0.082315,0.003281,0.021220,-0.017490,0.386435,-0.409304,-0.002570,-0.175313,-0.031116,-0.013244,0.147106,1.401966,1.639646,1.542574,1.766451,0.101375,-0.186954,0.102657,-1.898349,-1.722636,1.221276,-1.659060,0.033987,0.640221,1
0.109816,-0.137862,-0.024909,0.171346,-0.235507,0.082315,0.003272,0.021220,-0.017476,0.386401,-0.409305,-0.002556,-0.175313,-0.031101,-0.013244,0.148065,1.403596,1.639670,1.545773,1.766451,0.101494,-0.186930,0.102585,-1.900914,-1.722625,1.224848,-1.659048,0.034059,0.640916,1
0.109833,-0.137862,-0.024896,0.171354,-0.235507,0.082315,0.003264,0.021212,-0.017476,0.386401,-0.409305,-0.002556,-0.175313,-0.031094,-0.013259,0.148916,1.405465,1.639646,1.549464,1.766439,0.101650,-0.186750,0.102513,-1.903574,-1.722660,1.228395,-1.659048,0.034071,0.641755,1
0.109833,-0.137862,-0.024922,0.171354,-0.235507,0.082315,0.003264,0.021229,-0.017463,0.386393,-0.409305,-0.002556,-0.175313,-0.031078,-0.013268,0.149695,1.407455,1.639646,1.553108,1.766451,0.101794,-0.186606,0.102405,-1.906067,-1.722649,1.231799,-1.659060,0.034071,0.642211,1
0.109842,-0.137862,-0.024909,0.171354,-0.235503,0.082322,0.003264,0.021220,-0.017476,0.386359,-0.409305,-0.002556,-0.175300,-0.031048,-0.013277,0.150821,1.410487,1.639670,1.557961,1.766439,0.102142,-0.186403,0.102130,-1.909219,-1.722708,1.237132,-1.659036,0.034035,0.642918,1
0.109825,-0.137871,-0.024896,0.171354,-0.235503,0.082322,0.003264,0.021229,-0.017490,0.386325,-0.409305,-0.002556,-0.175260,-0.031033,-0.013287,0.151469,1.413483,1.639634,1.561724,1.766439,0.102417,-0.186367,0.101974,-1.912527,-1.722756,1.240847,-1.659024,0.034047,0.643433,1
0.109842,-0.137879,-0.024909,0.171354,-0.235503,0.082322,0.003264,0.021237,-0.017490,0.386316,-0.409305,-0.002556,-0.175260,-0.031048,-0.013297,0.152260,1.415424,1.639670,1.565367,1.766439,0.102657,-0.186475,0.101818,-1.914696,-1.722840,1.245113,-1.659048,0.034047,0.643972,1
0.109833,-0.137879,-0.024896,0.171346,-0.235499,0.082329,0.003281,0.021229,-0.017463,0.386299,-0.409305,-0.002556,-0.175220,-0.031056,-0.013302,0.153170,1.417414,1.639730,1.571348,1.766427,0.102897,-0.186630,0.101626,-1.916769,-1.722924,1.250949,-1.659036,0.034047,0.644428,1
0.109833,-0.137879,-0.024922,0.171346,-0.235507,0.082329,0.003281,0.021229,-0.017476,0.386282,-0.409305,-0.002556,-0.175206,-0.031063,-0.013287,0.154357,1.419403,1.639790,1.575147,1.766427,0.103232,-0.186762,0.101422,-1.918794,-1.722936,1.254904,-1.659060,0.034083,0.644763,1
0.109833,-0.137879,-0.024882,0.171354,-0.235507,0.082329,0.003298,0.021237,-0.017490,0.386265,-0.409301,-0.002548,-0.175166,-0.031033,-0.013287,0.155747,1.421524,1.639825,1.578790,1.766415,0.103711,-0.186738,0.101315,-1.920904,-1.722960,1.258715,-1.659072,0.034191,0.645015,1
0.109833,-0.137879,-0.024936,0.171346,-0.235503,0.082336,0.003307,0.021237,-0.017476,0.386273,-0.409301,-0.002548,-0.175179,-0.031056,-0.013282,0.157281,1.423813,1.639825,1.582577,1.766403,0.104550,-0.186690,0.101219,-1.922953,-1.722948,1.262862,-1.659072,0.034323,0.645171,1
0.109833,-0.137879,-0.024909,0.171346,-0.235507,0.082329,0.003315,0.021246,-0.017476,0.386273,-0.409309,-0.002548,-0.175179,-0.031033,-0.013287,0.158791,1.426078,1.639825,1.586424,1.766415,0.105186,-0.186606,0.101207,-1.924918,-1.722936,1.267536,-1.659084,0.034395,0.645303,1
0.109859,-0.137879,-0.024896,0.171363,-0.235507,0.082329,0.003315,0.021237,-0.017476,0.386282,-0.409309,-0.002548,-0.175166,-0.031048,-0.013277,0.160049,1.428427,1.639825,1.590750,1.766403,0.105917,-0.186570,0.101171,-1.926884,-1.722924,1.271706,-1.659060,0.034359,0.645339,1
0.109842,-0.137896,-0.024909,0.171354,-0.235499,0.082344,0.003341,0.021237,-0.017476,0.386282,-0.409305,-0.002556,-0.175166,-0.031041,-0.013292,0.161392,1.430716,1.639825,1.594885,1.766403,0.106660,-0.186558,0.101171,-1.928765,-1.722900,1.275949,-1.659060,0.034323,0.645362,1
0.109833,-0.137905,-0.024896,0.171371,-0.235507,0.082329,0.003324,0.021220,-0.017476,0.386273,-0.409308,-0.002563,-0.175139,-0.031025,-0.013291,0.162159,1.435390,1.639849,1.600901,1.766415,0.107690,-0.186570,0.101159,-1.932924,-1.722876,1.281641,-1.659084,0.034239,0.645303,1
0.109833,-0.137896,-0.024909,0.171363,-0.235503,0.082322,0.003324,0.021220,-0.017476,0.386265,-0.409308,-0.002563,-0.175139,-0.031033,-0.013296,0.162362,1.437835,1.639849,1.606797,1.766403,0.108242,-0.186582,0.101171,-1.935045,-1.722888,1.287789,-1.659060,0.034263,0.645255,1
0.109833,-0.137896,-0.024882,0.171363,-0.235503,0.082322,0.003341,0.021212,-0.017476,0.386273,-0.409305,-0.002556,-0.175139,-0.031018,-0.013296,0.162362,1.440184,1.639790,1.611243,1.766439,0.108685,-0.186630,0.101171,-1.937010,-1.722888,1.291899,-1.659060,0.034263,0.645123,1
0.109833,-0.137896,-0.024909,0.171354,-0.235503,0.082322,0.003341,0.021203,-0.017490,0.386273,-0.409305,-0.002556,-0.175112,-0.031003,-0.013296,0.162602,1.442688,1.639646,1.615354,1.766499,0.108973,-0.186666,0.101195,-1.939024,-1.722900,1.296310,-1.659060,0.034239,0.645003,1
0.109833,-0.137888,-0.024869,0.171346,-0.235503,0.082336,0.003349,0.021195,-0.017476,0.386273,-0.409301,-0.002548,-0.175086,-0.031010,-0.013281,0.162985,1.445229,1.639610,1.619584,1.766463,0.109212,-0.186654,0.101111,-1.941157,-1.722960,1.300576,-1.659060,0.034179,0.644895,1
0.109833,-0.137896,-0.024882,0.171346,-0.235499,0.082329,0.003383,0.021186,-0.017490,0.386273,-0.409301,-0.002548,-0.175019,-0.031003,-0.013296,0.163513,1.447698,1.639646,1.623623,1.766451,0.109308,-0.186606,0.100919,-1.943134,-1.723068,1.304902,-1.659060,0.034119,0.644847,1
0.109825,-0.137896,-0.024869,0.171346,-0.235507,0.082329,0.003400,0.021169,-0.017476,0.386256,-0.409301,-0.002548,-0.174858,-0.031003,-0.013315,0.164148,1.450107,1.639706,1.628069,1.766451,0.109464,-0.186642,0.100596,-1.944896,-1.723248,1.309205,-1.659084,0.034179,0.644835,1
0.109833,-0.137905,-0.024922,0.171346,-0.235495,0.082336,0.003434,0.021143,-0.017463,0.386256,-0.409301,-0.002548,-0.174804,-0.030973,-0.013325,0.165262,1.452372,1.639730,1.632707,1.766451,0.110135,-0.186642,0.099900,-1.946514,-1.723439,1.313867,-1.659156,0.034359,0.644799,1
0.109842,-0.137905,-0.024855,0.171354,-0.235499,0.082344,0.003426,0.021118,-0.017463,0.386256,-0.409309,-0.002534,-0.174751,-0.030942,-0.013353,0.165946,1.456087,1.639706,1.636865,1.766451,0.111034,-0.186582,0.099421,-1.948587,-1.723571,1.318109,-1.659240,0.034670,0.644775,1
0.109850,-0.137913,-0.024869,0.171354,-0.235507,0.082344,0.003494,0.021109,-0.017490,0.386256,-0.409297,-0.002541,-0.174778,-0.030942,-0.013382,0.167192,1.459598,1.639742,1.644943,1.766439,0.112340,-0.186522,0.098846,-1.950517,-1.723727,1.327025,-1.659360,0.035030,0.644751,1
0.109833,-0.137930,-0.024869,0.171371,-0.235499,0.082358,0.003503,0.021092,-0.017490,0.386256,-0.409301,-0.002548,-0.174764,-0.030920,-0.013377,0.168151,1.462163,1.639730,1.649593,1.766451,0.113167,-0.186475,0.098582,-1.951883,-1.723727,1.331507,-1.659432,0.035114,0.644703,1
0.109850,-0.137930,-0.024842,0.171388,-0.235503,0.082336,0.003520,0.021058,-0.017490,0.386256,-0.409309,-0.002548,-0.174737,-0.030912,-0.013382,0.169026,1.464739,1.639730,1.653907,1.766451,0.114030,-0.186475,0.098414,-1.953441,-1.723715,1.336181,-1.659408,0.035030,0.644679,1
0.109850,-0.137947,-0.024869,0.171380,-0.235495,0.082351,0.003528,0.021041,-0.017463,0.386256,-0.409309,-0.002548,-0.174711,-0.030889,-0.013377,0.169709,1.467268,1.639682,1.658425,1.766451,0.115216,-0.186499,0.098331,-1.954951,-1.723727,1.340639,-1.659396,0.034970,0.644667,1
0.109816,-0.137965,-0.024855,0.171380,-0.235499,0.082329,0.003528,0.021024,-0.017476,0.386239,-0.409309,-0.002548,-0.174671,-0.030874,-0.013386,0.170260,1.469653,1.639670,1.662871,1.766451,0.115983,-0.186558,0.098259,-1.956533,-1.723787,1.345457,-1.659420,0.034994,0.644619,1
0.109850,-0.137973,-0.024829,0.171371,-0.235499,0.082344,0.003520,0.020981,-0.017476,0.386239,-0.409305,-0.002541,-0.174590,-0.030844,-0.013395,0.170835,1.472050,1.639670,1.667497,1.766451,0.116630,-0.186522,0.098235,-1.958079,-1.723823,1.349987,-1.659420,0.034994,0.644572,1
0.109825,-0.137982,-0.024869,0.171371,-0.235499,0.082329,0.003528,0.020964,-0.017490,0.386256,-0.409305,-0.002541,-0.174537,-0.030791,-0.013438,0.171710,1.474686,1.639682,1.672075,1.766451,0.117122,-0.186403,0.098235,-1.959708,-1.723859,1.355008,-1.659408,0.034958,0.644512,1
0.109850,-0.138007,-0.024842,0.171363,-0.235495,0.082336,0.003537,0.020939,-0.017476,0.386239,-0.409293,-0.002534,-0.174510,-0.030776,-0.013467,0.172369,1.478857,1.639670,1.676066,1.766439,0.117385,-0.186283,0.098211,-1.961902,-1.723907,1.359610,-1.659420,0.034958,0.644452,1
0.109825,-0.137999,-0.024855,0.171380,-0.235499,0.082344,0.003545,0.020913,-0.017476,0.386256,-0.409297,-0.002541,-0.174483,-0.030753,-0.013500,0.173136,1.481757,1.639670,1.680332,1.766439,0.117469,-0.186139,0.098187,-1.963028,-1.723967,1.364524,-1.659420,0.035006,0.644332,1
0.109833,-0.138016,-0.024829,0.171371,-0.235490,0.082329,0.003545,0.020905,-0.017463,0.386239,-0.409301,-0.002534,-0.174483,-0.030708,-0.013509,0.174083,1.484633,1.639670,1.684335,1.766439,0.117421,-0.185995,0.098151,-1.963879,-1.724003,1.368946,-1.659432,0.035042,0.644212,1
0.109833,-0.138016,-0.024815,0.171354,-0.235503,0.082336,0.003596,0.020879,-0.017476,0.386248,-0.409305,-0.002541,-0.174456,-0.030640,-0.013532,0.175821,1.488780,1.639682,1.693790,1.766439,0.117829,-0.185983,0.097995,-1.965257,-1.724039,1.378605,-1.659432,0.035102,0.643984,1
0.109850,-0.138007,-0.024829,0.171363,-0.235499,0.082344,0.003605,0.020871,-0.017490,0.386239,-0.409301,-0.002534,-0.174416,-0.030640,-0.013571,0.177103,1.491117,1.639682,1.698572,1.766439,0.118176,-0.186055,0.097887,-1.966491,-1.724039,1.383747,-1.659432,0.035138,0.643781,1
0.109850,-0.138033,-0.024855,0.171354,-0.235499,0.082344,0.003622,0.020845,-0.017476,0.386239,-0.409305,-0.002556,-0.174429,-0.030595,-0.013571,0.178409,1.493310,1.639694,1.703042,1.766439,0.118512,-0.186103,0.097791,-1.967834,-1.724039,1.388361,-1.659432,0.035150,0.643445,1
0.109859,-0.138041,-0.024829,0.171363,-0.235490,0.082343,0.003639,0.020828,-0.017476,0.386239,-0.409305,-0.002541,-0.174416,-0.030587,-0.013585,0.179847,1.495623,1.639682,1.708064,1.766463,0.118512,-0.185983,0.097731,-1.969164,-1.724039,1.392831,-1.659432,0.035126,0.642594,1
0.109850,-0.138050,-0.024788,0.171363,-0.235499,0.082358,0.003656,0.020820,-0.017476,0.386239,-0.409297,-0.002541,-0.174443,-0.030564,-0.013589,0.181813,1.498163,1.639670,1.712642,1.766439,0.118380,-0.185851,0.097588,-1.970410,-1.724039,1.397409,-1.659408,0.035078,0.641863,1
0.109850,-0.138067,-0.024775,0.171363,-0.235503,0.082336,0.003665,0.020768,-0.017463,0.386239,-0.409313,-0.002555,-0.174443,-0.030587,-0.013585,0.183011,1.502454,1.639670,1.716956,1.766451,0.118200,-0.185755,0.097492,-1.971860,-1.724087,1.402502,-1.659408,0.035030,0.641132,1
0.109833,-0.138075,-0.024788,0.171380,-0.235490,0.082343,0.003656,0.020768,-0.017476,0.386239,-0.409305,-0.002541,-0.174443,-0.030572,-0.013575,0.184102,1.505402,1.639670,1.721031,1.766463,0.118093,-0.185672,0.097384,-1.972544,-1.724123,1.407164,-1.659408,0.035018,0.640377,1
0.109850,-0.138075,-0.024762,0.171388,-0.235486,0.082351,0.003639,0.020751,-0.017503,0.386239,-0.409305,-0.002541,-0.174376,-0.030579,-0.013580,0.185276,1.508254,1.639670,1.727670,1.766439,0.118093,-0.185564,0.097276,-1.973035,-1.724159,1.414163,-1.659408,0.035006,0.639670,1
0.109850,-0.138092,-0.024762,0.171388,-0.235499,0.082358,0.003639,0.020751,-0.017490,0.386239,-0.409301,-0.002548,-0.174362,-0.030572,-0.013575,0.187182,1.511945,1.639670,1.734033,1.766439,0.118081,-0.185492,0.097036,-1.973982,-1.724230,1.421713,-1.659408,0.034922,0.638448,1
0.109850,-0.138101,-0.024788,0.171405,-0.235504,0.082365,0.003656,0.020726,-0.017463,0.386239,-0.409313,-0.002541,-0.174336,-0.030572,-0.013575,0.188572,1.514594,1.639706,1.738695,1.766427,0.117961,-0.185516,0.096797,-1.974809,-1.724278,1.426806,-1.659408,0.034874,0.637657,1
0.109859,-0.138109,-0.024788,0.171397,-0.235495,0.082365,0.003639,0.020709,-0.017476,0.386239,-0.409305,-0.002541,-0.174282,-0.030587,-0.013575,0.189914,1.517482,1.639730,1.743297,1.766403,0.117793,-0.185636,0.096509,-1.975899,-1.724338,1.431803,-1.659408,0.034958,0.636758,1
0.109850,-0.138143,-0.024788,0.171422,-0.235495,0.082351,0.003656,0.020700,-0.017490,0.386239,-0.409309,-0.002534,-0.174202,-0.030572,-0.013575,0.191100,1.520478,1.639730,1.748510,1.766427,0.117529,-0.185744,0.096197,-1.976918,-1.724338,1.436202,-1.659384,0.034994,0.635200,1
0.109850,-0.138152,-0.024775,0.171414,-0.235487,0.082365,0.003656,0.020683,-0.017490,0.386256,-0.409309,-0.002534,-0.174148,-0.030587,-0.013585,0.192910,1.523654,1.639730,1.753076,1.766403,0.117302,-0.185720,0.095694,-1.978068,-1.724338,1.441031,-1.659408,0.034994,0.634037,1
0.109850,-0.138161,-0.024762,0.171448,-0.235491,0.082372,0.003647,0.020683,-0.017476,0.386239,-0.409309,-0.002519,-0.174095,-0.030579,-0.013570,0.194240,1.526650,1.639730,1.757463,1.766403,0.117170,-0.185624,0.095263,-1.979315,-1.724338,1.445837,-1.659396,0.034994,0.632851,1
0.109850,-0.138178,-0.024762,0.171473,-0.235491,0.082386,0.003665,0.020666,-0.017463,0.386256,-0.409301,-0.002534,-0.174001,-0.030579,-0.013570,0.195583,1.530725,1.639730,1.761705,1.766391,0.117110,-0.185492,0.094795,-1.981112,-1.724338,1.450535,-1.659408,0.034970,0.631712,1
0.109850,-0.138178,-0.024775,0.171516,-0.235495,0.082379,0.003673,0.020649,-0.017476,0.386239,-0.409297,-0.002541,-0.173947,-0.030579,-0.013570,0.196949,1.533002,1.639706,1.766055,1.766403,0.117098,-0.185372,0.094316,-1.982287,-1.724338,1.455556,-1.659408,0.034982,0.630682,1
0.109842,-0.138195,-0.024762,0.171550,-0.235487,0.082379,0.003656,0.020624,-0.017476,0.386239,-0.409313,-0.002541,-0.173813,-0.030579,-0.013570,0.198219,1.535207,1.639730,1.772431,1.766403,0.117074,-0.185228,0.093848,-1.983257,-1.724362,1.463262,-1.659384,0.034982,0.629759,1
0.109842,-0.138195,-0.024762,0.171593,-0.235487,0.082379,0.003656,0.020606,-0.017476,0.386239,-0.409305,-0.002541,-0.173720,-0.030587,-0.013585,0.199370,1.537723,1.639706,1.776362,1.766403,0.117062,-0.185168,0.093405,-1.983989,-1.724362,1.468211,-1.659420,0.034982,0.628728,1
0.109833,-0.138220,-0.024695,0.171635,-0.235487,0.082379,0.003665,0.020589,-0.017463,0.386239,-0.409309,-0.002534,-0.173639,-0.030579,-0.013580,0.200436,1.540683,1.639730,1.780484,1.766415,0.117002,-0.185192,0.092974,-1.984456,-1.724374,1.473305,-1.659408,0.034946,0.627590,1
0.109825,-0.138237,-0.024735,0.171695,-0.235483,0.082386,0.003673,0.020547,-0.017450,0.386231,-0.409309,-0.002534,-0.173465,-0.030587,-0.013585,0.201802,1.545321,1.639706,1.787387,1.766391,0.116834,-0.185336,0.092398,-1.984756,-1.724422,1.480471,-1.659408,0.034898,0.625205,1
0.109842,-0.138246,-0.024748,0.171721,-0.235479,0.082394,0.003639,0.020521,-0.017463,0.386214,-0.409305,-0.002526,-0.173278,-0.030610,-0.013590,0.202977,1.548210,1.639646,1.791510,1.766415,0.116774,-0.185336,0.091823,-1.984684,-1.724482,1.485133,-1.659396,0.034850,0.623827,1
0.109816,-0.138254,-0.024721,0.171772,-0.235466,0.082401,0.003656,0.020504,-0.017463,0.386231,-0.409305,-0.002541,-0.173171,-0.030595,-0.013580,0.203684,1.550642,1.639610,1.795513,1.766415,0.116822,-0.185300,0.091488,-1.984480,-1.724542,1.489807,-1.659396,0.034838,0.622329,1
0.109842,-0.138280,-0.024735,0.171789,-0.235475,0.082401,0.003647,0.020470,-0.017490,0.386222,-0.409317,-0.002534,-0.173037,-0.030557,-0.013584,0.204439,1.553974,1.639562,1.799324,1.766403,0.116966,-0.185276,0.091176,-1.983917,-1.724614,1.494445,-1.659384,0.034850,0.620879,1
0.109842,-0.138305,-0.024708,0.171823,-0.235475,0.082401,0.003656,0.020445,-0.017463,0.386248,-0.409309,-0.002548,-0.172863,-0.030572,-0.013594,0.205170,1.556359,1.639526,1.803146,1.766403,0.117182,-0.185300,0.090924,-1.983449,-1.724794,1.499191,-1.659396,0.034898,0.619441,1
0.109842,-0.138322,-0.024695,0.171857,-0.235475,0.082415,0.003682,0.020410,-0.017463,0.386248,-0.409305,-0.002541,-0.172729,-0.030557,-0.013584,0.205925,1.558959,1.639538,1.808863,1.766403,0.117397,-0.185360,0.090709,-1.982898,-1.724902,1.506333,-1.659408,0.034970,0.617931,1
0.109842,-0.138322,-0.024708,0.171866,-0.235471,0.082408,0.003699,0.020393,-0.017476,0.386239,-0.409301,-0.002519,-0.172581,-0.030595,-0.013590,0.206704,1.561812,1.639550,1.812494,1.766403,0.117541,-0.185456,0.090613,-1.982359,-1.725045,1.511319,-1.659408,0.035066,0.616361,1
0.109850,-0.138340,-0.024708,0.171857,-0.235471,0.082422,0.003682,0.020359,-0.017476,0.386214,-0.409305,-0.002512,-0.172407,-0.030572,-0.013594,0.207399,1.564556,1.639526,1.816269,1.766403,0.117601,-0.185516,0.090577,-1.982155,-1.725201,1.515861,-1.659408,0.035126,0.614635,1
0.109850,-0.138365,-0.024708,0.171857,-0.235462,0.082408,0.003690,0.020334,-0.017463,0.386137,-0.409313,-0.002526,-0.172180,-0.030587,-0.013585,0.208466,1.568643,1.639466,1.821722,1.766403,0.117793,-0.185480,0.090613,-1.982538,-1.725453,1.522488,-1.659396,0.035138,0.612106,1
0.109842,-0.138365,-0.024668,0.171848,-0.235463,0.082436,0.003699,0.020300,-0.017476,0.386094,-0.409305,-0.002541,-0.171992,-0.030572,-0.013575,0.208801,1.569733,1.639442,1.823903,1.766427,0.117841,-0.185468,0.090625,-1.982706,-1.725549,1.524561,-1.659408,0.035138,0.610464,1
0.109842,-0.138399,-0.024654,0.171840,-0.235471,0.082422,0.003699,0.020300,-0.017476,0.385915,-0.409317,-0.002534,-0.171805,-0.030572,-0.013575,0.210239,1.572837,1.639346,1.829656,1.766427,0.117997,-0.185432,0.090649,-1.983042,-1.725812,1.530949,-1.659408,0.035198,0.608104,1
0.109842,-0.138425,-0.024695,0.171823,-0.235459,0.082429,0.003699,0.020240,-0.017463,0.385788,-0.409297,-0.002512,-0.171684,-0.030557,-0.013575,0.211030,1.575462,1.639298,1.833047,1.766427,0.118069,-0.185372,0.090685,-1.983054,-1.726004,1.535203,-1.659408,0.035210,0.606665,1
0.109842,-0.138467,-0.024654,0.171823,-0.235471,0.082422,0.003707,0.020206,-0.017476,0.385677,-0.409305,-0.002512,-0.171564,-0.030595,-0.013600,0.211833,1.577223,1.639286,1.836523,1.766427,0.118105,-0.185324,0.090709,-1.982886,-1.726196,1.539625,-1.659408,0.035174,0.605311,1
0.109842,-0.138501,-0.024654,0.171823,-0.235463,0.082436,0.003690,0.020163,-0.017476,0.385583,-0.409305,-0.002526,-0.171456,-0.030587,-0.013604,0.212696,1.579428,1.639286,1.839327,1.766427,0.118105,-0.185336,0.090673,-1.982658,-1.726555,1.543664,-1.659396,0.035150,0.603849,1
0.109833,-0.138544,-0.024641,0.171806,-0.235463,0.082436,0.003699,0.020138,-0.017476,0.385421,-0.409309,-0.002534,-0.171376,-0.030595,-0.013609,0.213631,1.581933,1.639346,1.843881,1.766427,0.118081,-0.185384,0.090685,-1.982419,-1.726915,1.549740,-1.659420,0.035150,0.602339,1
0.109833,-0.138561,-0.024654,0.171806,-0.235459,0.082429,0.003699,0.020095,-0.017476,0.385259,-0.409317,-0.002534,-0.171349,-0.030587,-0.013604,0.214625,1.584414,1.639370,1.846937,1.766427,0.118021,-0.185420,0.090697,-1.982203,-1.727250,1.553779,-1.659408,0.035150,0.600889,1
0.109833,-0.138595,-0.024641,0.171806,-0.235446,0.082436,0.003682,0.020070,-0.017476,0.385123,-0.409305,-0.002526,-0.171296,-0.030564,-0.013589,0.215632,1.586751,1.639406,1.849765,1.766415,0.117841,-0.185432,0.090709,-1.982071,-1.727682,1.557829,-1.659408,0.035114,0.599451,1
0.109825,-0.138621,-0.024641,0.171797,-0.235446,0.082450,0.003690,0.020027,-0.017476,0.385004,-0.409313,-0.002512,-0.171323,-0.030572,-0.013575,0.216495,1.588848,1.639406,1.852809,1.766391,0.117625,-0.185492,0.090697,-1.982023,-1.728209,1.562132,-1.659396,0.035090,0.597222,1
0.109833,-0.138672,-0.024628,0.171780,-0.235446,0.082450,0.003682,0.019984,-0.017476,0.384876,-0.409309,-0.002519,-0.171363,-0.030534,-0.013579,0.217873,1.591473,1.639406,1.857651,1.766415,0.117290,-0.185480,0.090709,-1.982047,-1.729192,1.568052,-1.659420,0.035126,0.594849,1
0.109833,-0.138723,-0.024614,0.171797,-0.235442,0.082443,0.003690,0.019933,-0.017476,0.384833,-0.409305,-0.002512,-0.171443,-0.030542,-0.013584,0.218472,1.593809,1.639406,1.860539,1.766427,0.117086,-0.185432,0.090709,-1.982167,-1.729959,1.572414,-1.659408,0.035162,0.593363,1
0.109833,-0.138791,-0.024628,0.171806,-0.235446,0.082450,0.003690,0.019857,-0.017476,0.384756,-0.409313,-0.002526,-0.171523,-0.030542,-0.013594,0.219120,1.595296,1.639394,1.863943,1.766415,0.116942,-0.185360,0.090733,-1.982239,-1.730846,1.576741,-1.659408,0.035174,0.591973,1
0.109833,-0.138868,-0.024574,0.171814,-0.235438,0.082450,0.003673,0.019822,-0.017476,0.384688,-0.409321,-0.002526,-0.171564,-0.030557,-0.013594,0.219755,1.596949,1.639322,1.868484,1.766391,0.116882,-0.185312,0.090709,-1.982287,-1.732308,1.582948,-1.659420,0.035246,0.590667,1
0.109825,-0.138910,-0.024507,0.171797,-0.235451,0.082458,0.003673,0.019754,-0.017463,0.384629,-0.409321,-0.002526,-0.171577,-0.030564,-0.013589,0.220438,1.598807,1.639322,1.871013,1.766391,0.116906,-0.185312,0.090709,-1.982299,-1.733566,1.586699,-1.659408,0.035401,0.589540,1
0.109833,-0.138987,-0.024494,0.171806,-0.235438,0.082465,0.003673,0.019720,-0.017476,0.384603,-0.409317,-0.002534,-0.171550,-0.030572,-0.013594,0.221157,1.600904,1.639370,1.873578,1.766379,0.116966,-0.185324,0.090733,-1.982263,-1.734872,1.590534,-1.659432,0.035653,0.588473,1
0.109825,-0.139055,-0.024467,0.171823,-0.235430,0.082465,0.003647,0.019678,-0.017476,0.384586,-0.409313,-0.002526,-0.171537,-0.030557,-0.013604,0.221948,1.603025,1.639406,1.876094,1.766355,0.116990,-0.185336,0.090733,-1.982239,-1.736310,1.594501,-1.659408,0.036204,0.587227,1
0.109850,-0.139115,-0.024454,0.171823,-0.235422,0.082493,0.003630,0.019618,-0.017476,0.384569,-0.409321,-0.002526,-0.171510,-0.030542,-0.013604,0.222823,1.605135,1.639406,1.878192,1.766355,0.117014,-0.185336,0.090733,-1.982227,-1.737749,1.598696,-1.659408,0.036648,0.586017,1
0.109833,-0.139209,-0.024387,0.171823,-0.235409,0.082500,0.003622,0.019575,-0.017476,0.384543,-0.409313,-0.002526,-0.171443,-0.030519,-0.013589,0.223722,1.607112,1.639442,1.880397,1.766307,0.117038,-0.185348,0.090697,-1.982191,-1.739115,1.602638,-1.659408,0.037187,0.584363,1
0.109825,-0.139294,-0.024360,0.171806,-0.235422,0.082493,0.003605,0.019533,-0.017463,0.384535,-0.409317,-0.002519,-0.171403,-0.030511,-0.013593,0.225112,1.609053,1.639442,1.882997,1.766307,0.117038,-0.185444,0.090721,-1.982203,-1.740673,1.606102,-1.659408,0.037822,0.583188,1
0.109833,-0.139499,-0.024333,0.171806,-0.235418,0.082500,0.003605,0.019439,-0.017476,0.384535,-0.409317,-0.002519,-0.171389,-0.030489,-0.013627,0.226298,1.612289,1.639430,1.886952,1.766307,0.116966,-0.185648,0.090745,-1.982203,-1.743153,1.611411,-1.659384,0.038937,0.581511,1
0.109833,-0.139609,-0.024266,0.171831,-0.235418,0.082500,0.003596,0.019405,-0.017476,0.384509,-0.409325,-0.002533,-0.171416,-0.030496,-0.013632,0.227029,1.613691,1.639430,1.889349,1.766295,0.116906,-0.185779,0.090781,-1.982155,-1.745574,1.615318,-1.659384,0.039764,0.580408,1
0.109833,-0.139695,-0.024239,0.171831,-0.235422,0.082493,0.003605,0.019362,-0.017463,0.384518,-0.409317,-0.002534,-0.171349,-0.030489,-0.013646,0.227700,1.615034,1.639382,1.892848,1.766295,0.116858,-0.185839,0.090745,-1.981951,-1.746929,1.621526,-1.659312,0.040591,0.579317,1
0.109850,-0.139797,-0.024253,0.171831,-0.235422,0.082508,0.003605,0.019320,-0.017450,0.384509,-0.409317,-0.002519,-0.171229,-0.030466,-0.013680,0.228240,1.616508,1.639310,1.895353,1.766319,0.116870,-0.185815,0.090709,-1.981735,-1.748223,1.625085,-1.659156,0.041465,0.578107,1
0.109816,-0.139882,-0.024213,0.171831,-0.235418,0.082500,0.003596,0.019294,-0.017476,0.384509,-0.409309,-0.002505,-0.171108,-0.030428,-0.013684,0.228719,1.618137,1.639262,1.897678,1.766331,0.116954,-0.185779,0.090721,-1.981448,-1.749481,1.628584,-1.659036,0.042328,0.576753,1
0.109825,-0.139959,-0.024226,0.171840,-0.235414,0.082507,0.003596,0.019260,-0.017463,0.384509,-0.409317,-0.002504,-0.170894,-0.030368,-0.013703,0.229174,1.619899,1.639226,1.900123,1.766319,0.117170,-0.185732,0.090709,-1.981112,-1.750728,1.632024,-1.658928,0.043826,0.575243,1
0.109842,-0.140035,-0.024199,0.171857,-0.235418,0.082515,0.003596,0.019226,-0.017463,0.384501,-0.409321,-0.002512,-0.170559,-0.030322,-0.013721,0.229606,1.621649,1.639202,1.902771,1.766307,0.117374,-0.185672,0.090781,-1.980573,-1.752118,1.636110,-1.658880,0.044989,0.572906,1
0.109842,-0.140112,-0.024213,0.171857,-0.235418,0.082529,0.003579,0.019192,-0.017476,0.384501,-0.409317,-0.002519,-0.170305,-0.030262,-0.013740,0.230337,1.623363,1.639190,1.905432,1.766331,0.117577,-0.185648,0.090852,-1.979998,-1.753580,1.640329,-1.658844,0.046331,0.571516,1
0.109833,-0.140189,-0.024213,0.171866,-0.235423,0.082551,0.003579,0.019158,-0.017490,0.384501,-0.409333,-0.002519,-0.169997,-0.030201,-0.013758,0.230852,1.625831,1.639214,1.907709,1.766331,0.117781,-0.185600,0.090912,-1.979183,-1.755102,1.644116,-1.658857,0.047769,0.570185,1
0.109833,-0.140231,-0.024172,0.171866,-0.235419,0.082558,0.003596,0.019132,-0.017476,0.384509,-0.409321,-0.002526,-0.169756,-0.030163,-0.013801,0.231415,1.627377,1.639202,1.909758,1.766307,0.117961,-0.185552,0.090912,-1.978799,-1.756600,1.648059,-1.658857,0.049303,0.568903,1
0.109825,-0.140248,-0.024105,0.171900,-0.235415,0.082550,0.003579,0.019090,-0.017476,0.384518,-0.409317,-0.002534,-0.169434,-0.030103,-0.013868,0.232398,1.629618,1.639274,1.913581,1.766307,0.118105,-0.185504,0.090936,-1.978224,-1.759524,1.655429,-1.658868,0.051412,0.566758,1
0.109833,-0.140240,-0.024065,0.171934,-0.235419,0.082572,0.003588,0.019081,-0.017476,0.384526,-0.409321,-0.002541,-0.169220,-0.030012,-0.013876,0.233141,1.631212,1.639310,1.915343,1.766307,0.118081,-0.185492,0.091020,-1.977817,-1.761106,1.659731,-1.658880,0.052527,0.565404,1
0.109859,-0.140223,-0.024038,0.171925,-0.235432,0.082594,0.003571,0.019038,-0.017476,0.384535,-0.409321,-0.002526,-0.169086,-0.029929,-0.013919,0.233896,1.632902,1.639310,1.916853,1.766319,0.118069,-0.185480,0.091140,-1.977385,-1.762796,1.663518,-1.658880,0.053450,0.564097,1
0.109842,-0.140197,-0.024025,0.171934,-0.235441,0.082594,0.003571,0.019021,-0.017476,0.384535,-0.409313,-0.002512,-0.168939,-0.029800,-0.013912,0.234675,1.634556,1.639286,1.918267,1.766307,0.118033,-0.185468,0.091272,-1.976858,-1.764294,1.667377,-1.658880,0.054732,0.562779,1
0.109833,-0.140180,-0.024025,0.171925,-0.235437,0.082601,0.003571,0.019004,-0.017490,0.384535,-0.409317,-0.002504,-0.168751,-0.029626,-0.013914,0.235370,1.636174,1.639262,1.919801,1.766331,0.117973,-0.185456,0.091368,-1.976175,-1.765528,1.670937,-1.658928,0.055667,0.560634,1
0.109833,-0.140138,-0.024012,0.171925,-0.235441,0.082594,0.003571,0.019004,-0.017476,0.384543,-0.409325,-0.002519,-0.168617,-0.029391,-0.013915,0.236293,1.637876,1.639262,1.921467,1.766331,0.117877,-0.185480,0.091464,-1.975372,-1.766391,1.674316,-1.658928,0.056482,0.559220,1
0.109833,-0.140129,-0.024012,0.171925,-0.235445,0.082601,0.003571,0.018996,-0.017476,0.384535,-0.409325,-0.002519,-0.168524,-0.029095,-0.013963,0.236808,1.639757,1.639250,1.923288,1.766331,0.117781,-0.185528,0.091464,-1.974521,-1.766858,1.677863,-1.658916,0.057081,0.557722,1
0.109833,-0.140129,-0.024025,0.171942,-0.235445,0.082601,0.003579,0.018996,-0.017476,0.384543,-0.409317,-0.002504,-0.168403,-0.028785,-0.013953,0.237252,1.642418,1.639226,1.925182,1.766319,0.117721,-0.185624,0.091404,-1.973035,-1.767146,1.681483,-1.658916,0.057452,0.556176,1
0.109833,-0.140129,-0.024065,0.171951,-0.235449,0.082608,0.003571,0.018987,-0.017476,0.384552,-0.409313,-0.002512,-0.168323,-0.028489,-0.014031,0.237647,1.644119,1.639130,1.926920,1.766331,0.117745,-0.185744,0.091320,-1.971836,-1.767254,1.684982,-1.658904,0.057560,0.554546,1
0.109850,-0.140163,-0.024065,0.171942,-0.235449,0.082608,0.003588,0.018970,-0.017476,0.384560,-0.409309,-0.002519,-0.168229,-0.028043,-0.014214,0.238115,1.646636,1.638999,1.930731,1.766307,0.117817,-0.185947,0.091272,-1.969871,-1.767038,1.692280,-1.658916,0.057345,0.552089,1
0.109850,-0.140146,-0.024105,0.171942,-0.235453,0.082601,0.003588,0.018970,-0.017476,0.384586,-0.409313,-0.002512,-0.168149,-0.027717,-0.014340,0.238342,1.648194,1.638927,1.932720,1.766331,0.117913,-0.185971,0.091272,-1.968637,-1.766786,1.695792,-1.658928,0.057105,0.550495,1
0.109833,-0.140146,-0.024065,0.171951,-0.235449,0.082608,0.003579,0.018970,-0.017476,0.384586,-0.409333,-0.002519,-0.168082,-0.027369,-0.014500,0.238498,1.649824,1.638867,1.934793,1.766331,0.118140,-0.185947,0.091296,-1.967570,-1.766499,1.699399,-1.658940,0.056649,0.548794,1
0.109842,-0.140172,-0.024052,0.171934,-0.235453,0.082601,0.003596,0.018979,-0.017463,0.384586,-0.409321,-0.002526,-0.168028,-0.026990,-0.014669,0.238654,1.651633,1.638843,1.936771,1.766331,0.118236,-0.185863,0.091272,-1.966504,-1.766163,1.702527,-1.658964,0.056398,0.546996,1
0.109833,-0.140172,-0.024038,0.171951,-0.235458,0.082608,0.003588,0.018970,-0.017476,0.384595,-0.409321,-0.002512,-0.167975,-0.026635,-0.014883,0.238834,1.653635,1.638867,1.938868,1.766331,0.118332,-0.185767,0.091308,-1.965245,-1.765696,1.706050,-1.658976,0.056170,0.544132,1
0.109833,-0.140172,-0.024105,0.171942,-0.235453,0.082601,0.003579,0.018970,-0.017490,0.384586,-0.409321,-0.002497,-0.167934,-0.026090,-0.015196,0.239097,1.655516,1.638891,1.941289,1.766331,0.118440,-0.185744,0.091320,-1.963855,-1.765240,1.709142,-1.658964,0.055942,0.542202,1
0.109842,-0.140172,-0.024119,0.171934,-0.235458,0.082608,0.003596,0.018953,-0.017490,0.384595,-0.409313,-0.002512,-0.167948,-0.025780,-0.015411,0.239301,1.658273,1.638903,1.943757,1.766331,0.118608,-0.185684,0.091296,-1.961398,-1.764809,1.711875,-1.658964,0.055667,0.540285,1
0.109833,-0.140163,-0.024213,0.171934,-0.235458,0.082608,0.003596,0.018979,-0.017476,0.384595,-0.409313,-0.002512,-0.167988,-0.025484,-0.015587,0.239517,1.660154,1.638939,1.945939,1.766307,0.118716,-0.185672,0.091308,-1.959672,-1.764282,1.714535,-1.658976,0.055391,0.538248,1
0.109850,-0.140155,-0.024253,0.171925,-0.235462,0.082615,0.003605,0.018970,-0.017476,0.384595,-0.409317,-0.002504,-0.167988,-0.025273,-0.015720,0.239792,1.662120,1.638927,1.948587,1.766331,0.118860,-0.185672,0.091320,-1.958138,-1.764066,1.717076,-1.658964,0.055103,0.536018,1
0.109842,-0.140155,-0.024253,0.171908,-0.235471,0.082630,0.003605,0.018979,-0.017490,0.384595,-0.409317,-0.002519,-0.168001,-0.025144,-0.015791,0.240056,1.664037,1.638927,1.950253,1.766343,0.118991,-0.185672,0.091356,-1.956892,-1.763970,1.720455,-1.658964,0.054804,0.533705,1
0.109850,-0.140163,-0.024293,0.171908,-0.235488,0.082673,0.003622,0.018987,-0.017476,0.384578,-0.409321,-0.002512,-0.167975,-0.025091,-0.015824,0.240463,1.666913,1.638867,1.952638,1.766331,0.119231,-0.185708,0.091380,-1.955238,-1.764006,1.723751,-1.658976,0.054229,0.530170,1
0.109850,-0.140155,-0.024306,0.171908,-0.235501,0.082680,0.003613,0.018987,-0.017463,0.384569,-0.409321,-0.002526,-0.167988,-0.025136,-0.015796,0.240751,1.669034,1.638867,1.954112,1.766331,0.119387,-0.185708,0.091380,-1.953908,-1.764102,1.726543,-1.658976,0.053917,0.527857,1
0.109842,-0.140180,-0.024320,0.171925,-0.235501,0.082695,0.003630,0.018987,-0.017476,0.384569,-0.409325,-0.002519,-0.167988,-0.025189,-0.015762,0.241111,1.671288,1.638891,1.955358,1.766319,0.119507,-0.185744,0.091368,-1.952242,-1.764198,1.729228,-1.658976,0.053629,0.524322,1
0.109842,-0.140172,-0.024306,0.171925,-0.235506,0.082702,0.003639,0.018987,-0.017476,0.384569,-0.409317,-0.002534,-0.167988,-0.025159,-0.015791,0.241710,1.673696,1.638927,1.956676,1.766331,0.119651,-0.185791,0.091332,-1.950397,-1.764306,1.731745,-1.658964,0.053402,0.521985,1
0.109842,-0.140189,-0.024280,0.171908,-0.235514,0.082716,0.003647,0.018979,-0.017490,0.384578,-0.409325,-0.002504,-0.168001,-0.025030,-0.015853,0.242225,1.677244,1.638951,1.958474,1.766319,0.119806,-0.185899,0.091344,-1.947580,-1.764378,1.734261,-1.658964,0.053198,0.519564,1
0.109842,-0.140197,-0.024253,0.171925,-0.235519,0.082738,0.003656,0.018970,-0.017476,0.384552,-0.409325,-0.002504,-0.167988,-0.024834,-0.015966,0.242812,1.679688,1.638951,1.960595,1.766331,0.119914,-0.186055,0.091320,-1.945771,-1.764473,1.736742,-1.658964,0.052982,0.517023,1
0.109850,-0.140206,-0.024239,0.171917,-0.235532,0.082745,0.003699,0.018962,-0.017463,0.384578,-0.409325,-0.002519,-0.168015,-0.024606,-0.016061,0.243448,1.682013,1.638963,1.962836,1.766319,0.119986,-0.186211,0.091320,-1.943901,-1.764533,1.738839,-1.658940,0.052743,0.514267,1
0.109867,-0.140231,-0.024213,0.171908,-0.235515,0.082745,0.003699,0.018953,-0.017463,0.384603,-0.409321,-0.002526,-0.168015,-0.024462,-0.016132,0.244227,1.684326,1.638939,1.965796,1.766331,0.120070,-0.186355,0.091284,-1.941972,-1.764569,1.741524,-1.658940,0.052479,0.511475,1
0.109859,-0.140274,-0.024186,0.171917,-0.235524,0.082760,0.003699,0.018936,-0.017490,0.384595,-0.409329,-0.002512,-0.168015,-0.024371,-0.016170,0.245077,1.686400,1.638927,1.967474,1.766295,0.120166,-0.186499,0.091236,-1.940114,-1.764593,1.743825,-1.658916,0.052179,0.508670,1
0.109842,-0.140368,-0.024172,0.171908,-0.235524,0.082760,0.003724,0.018885,-0.017490,0.384603,-0.409325,-0.002504,-0.168042,-0.024334,-0.016164,0.246348,1.689000,1.638903,1.969751,1.766295,0.120334,-0.186618,0.091248,-1.937466,-1.764641,1.747312,-1.658916,0.051436,0.504392,1
0.109850,-0.140402,-0.024119,0.171934,-0.235528,0.082752,0.003707,0.018825,-0.017476,0.384620,-0.409313,-0.002512,-0.168082,-0.024326,-0.016169,0.247127,1.690762,1.638903,1.971537,1.766295,0.120406,-0.186546,0.091224,-1.935656,-1.764641,1.749469,-1.658892,0.051029,0.500030,1
0.109842,-0.140462,-0.024079,0.171925,-0.235528,0.082752,0.003690,0.018740,-0.017476,0.384637,-0.409321,-0.002497,-0.168122,-0.024212,-0.016221,0.248109,1.692428,1.638903,1.973478,1.766259,0.120465,-0.186487,0.091224,-1.933667,-1.764641,1.751482,-1.658857,0.050705,0.497022,1
0.109850,-0.140513,-0.024025,0.171917,-0.235532,0.082760,0.003690,0.018646,-0.017476,0.384646,-0.409329,-0.002512,-0.168122,-0.024076,-0.016258,0.248601,1.694453,1.638927,1.975396,1.766235,0.120537,-0.186487,0.091248,-1.931390,-1.764617,1.753484,-1.658868,0.050549,0.493858,1
0.109842,-0.140581,-0.024025,0.171925,-0.235528,0.082767,0.003716,0.018527,-0.017463,0.384646,-0.409329,-0.002512,-0.168162,-0.023886,-0.016270,0.249008,1.698252,1.638903,1.977157,1.766199,0.120621,-0.186511,0.091260,-1.928106,-1.764605,1.755497,-1.658857,0.050502,0.490670,1
0.109850,-0.140623,-0.023971,0.171925,-0.235532,0.082774,0.003690,0.018433,-0.017476,0.384646,-0.409325,-0.002519,-0.168162,-0.023727,-0.016273,0.249344,1.700948,1.638891,1.979195,1.766187,0.120729,-0.186570,0.091248,-1.925661,-1.764641,1.757427,-1.658844,0.050490,0.487542,1
0.109842,-0.140692,-0.023985,0.171942,-0.235533,0.082788,0.003699,0.018357,-0.017490,0.384671,-0.409321,-0.002497,-0.168189,-0.023651,-0.016272,0.249607,1.703549,1.638879,1.982431,1.766163,0.120897,-0.186594,0.091224,-1.923001,-1.764653,1.759860,-1.658821,0.050502,0.484402,1
0.109850,-0.140768,-0.023998,0.171942,-0.235533,0.082788,0.003716,0.018254,-0.017463,0.384646,-0.409321,-0.002526,-0.168189,-0.023583,-0.016256,0.249835,1.705934,1.638903,1.984480,1.766151,0.121125,-0.186618,0.091224,-1.920364,-1.764689,1.761346,-1.658808,0.050502,0.481406,1
0.109842,-0.140871,-0.024012,0.171951,-0.235529,0.082795,0.003699,0.018195,-0.017463,0.384654,-0.409329,-0.002512,-0.168229,-0.023560,-0.016251,0.250015,1.707959,1.638879,1.986194,1.766103,0.121532,-0.186618,0.091224,-1.917895,-1.764737,1.762915,-1.658773,0.050549,0.478494,1
0.109850,-0.140964,-0.024025,0.171951,-0.235537,0.082810,0.003716,0.018135,-0.017476,0.384654,-0.409321,-0.002512,-0.168202,-0.023538,-0.016265,0.250195,1.710032,1.638927,1.987751,1.766127,0.121939,-0.186618,0.091224,-1.915834,-1.764737,1.764641,-1.658737,0.050633,0.475534,1
0.109842,-0.141084,-0.024052,0.171951,-0.235542,0.082831,0.003741,0.018050,-0.017476,0.384663,-0.409321,-0.002512,-0.168229,-0.023447,-0.016274,0.250602,1.713700,1.638927,1.989729,1.766115,0.122683,-0.186630,0.091212,-1.912551,-1.764701,1.766930,-1.658737,0.050765,0.469590,1
0.109850,-0.141160,-0.024065,0.171959,-0.235537,0.082810,0.003775,0.018007,-0.017476,0.384663,-0.409325,-0.002519,-0.168242,-0.023295,-0.016282,0.250878,1.716288,1.638903,1.990879,1.766091,0.123330,-0.186630,0.091248,-1.910321,-1.764677,1.768224,-1.658725,0.050861,0.466378,1
0.109842,-0.141288,-0.024079,0.171951,-0.235533,0.082817,0.003826,0.017948,-0.017463,0.384654,-0.409325,-0.002504,-0.168229,-0.023174,-0.016290,0.251189,1.720567,1.638891,1.991910,1.766079,0.124049,-0.186630,0.091260,-1.906822,-1.764641,1.769399,-1.658701,0.050993,0.463130,1
0.109850,-0.141373,-0.024052,0.171951,-0.235546,0.082824,0.003895,0.017939,-0.017463,0.384654,-0.409313,-0.002526,-0.168242,-0.023052,-0.016337,0.251585,1.723323,1.638903,1.992977,1.766067,0.124995,-0.186618,0.091320,-1.904042,-1.764557,1.770597,-1.658725,0.051173,0.459643,1
0.109833,-0.141459,-0.024012,0.171942,-0.235542,0.082831,0.003954,0.017905,-0.017463,0.384680,-0.409321,-0.002512,-0.168256,-0.022977,-0.016385,0.252136,1.725864,1.638903,1.994906,1.766067,0.126074,-0.186642,0.091356,-1.901010,-1.764485,1.772539,-1.658725,0.051340,0.456156,1
0.109825,-0.141518,-0.024012,0.171959,-0.235546,0.082839,0.004022,0.017871,-0.017490,0.384688,-0.409321,-0.002512,-0.168269,-0.022901,-0.016442,0.252747,1.728021,1.638927,1.996380,1.766067,0.127249,-0.186654,0.091380,-1.898253,-1.764449,1.773881,-1.658725,0.051544,0.452788,1
0.109850,-0.141578,-0.024012,0.171959,-0.235546,0.082853,0.004099,0.017854,-0.017463,0.384697,-0.409321,-0.002497,-0.168269,-0.022818,-0.016514,0.253466,1.729902,1.638939,1.997866,1.766067,0.128914,-0.186666,0.091404,-1.895665,-1.764413,1.775127,-1.658749,0.051760,0.449528,1
0.109850,-0.141655,-0.023998,0.171951,-0.235555,0.082853,0.004167,0.017820,-0.017476,0.384705,-0.409317,-0.002504,-0.168269,-0.022719,-0.016566,0.254281,1.731652,1.638939,1.999316,1.766043,0.130017,-0.186762,0.091416,-1.892920,-1.764378,1.776254,-1.658737,0.051820,0.444351,1
0.109859,-0.141706,-0.024012,0.171951,-0.235555,0.082853,0.004244,0.017820,-0.017490,0.384705,-0.409321,-0.002497,-0.168242,-0.022545,-0.016657,0.255480,1.733629,1.638951,2.000731,1.766043,0.131095,-0.186882,0.091440,-1.890212,-1.764366,1.777213,-1.658737,0.051880,0.440708,1
0.109867,-0.141782,-0.024025,0.171951,-0.235564,0.082867,0.004295,0.017803,-0.017463,0.384731,-0.409321,-0.002512,-0.168296,-0.022432,-0.016758,0.256115,1.735990,1.639047,2.002037,1.766031,0.132258,-0.187014,0.091488,-1.887504,-1.764342,1.778064,-1.658749,0.051916,0.437005,1
0.109859,-0.141842,-0.024025,0.171959,-0.235560,0.082903,0.004338,0.017811,-0.017450,0.384748,-0.409321,-0.002497,-0.168309,-0.022205,-0.016910,0.256702,1.741659,1.639190,2.003475,1.765971,0.134139,-0.187146,0.091524,-1.881332,-1.764342,1.779382,-1.658749,0.051832,0.431660,1
0.109850,-0.141910,-0.023971,0.171959,-0.235552,0.082918,0.004355,0.017803,-0.017436,0.384774,-0.409313,-0.002512,-0.168336,-0.022046,-0.017001,0.256966,1.744247,1.639166,2.004134,1.765960,0.135350,-0.187134,0.091571,-1.878240,-1.764366,1.780137,-1.658749,0.051772,0.428400,1
0.109850,-0.141944,-0.023985,0.171951,-0.235552,0.082918,0.004346,0.017811,-0.017436,0.384756,-0.409325,-0.002504,-0.168336,-0.021924,-0.017077,0.257181,1.746524,1.638999,2.005081,1.765983,0.136644,-0.187098,0.091595,-1.875423,-1.764330,1.781084,-1.658773,0.051688,0.424937,1
0.109833,-0.141987,-0.023998,0.171951,-0.235547,0.082910,0.004380,0.017820,-0.017450,0.384765,-0.409329,-0.002497,-0.168323,-0.021841,-0.017140,0.257277,1.748598,1.638843,2.005991,1.765960,0.137855,-0.187026,0.091595,-1.872427,-1.764330,1.781575,-1.658761,0.051580,0.421269,1
0.109842,-0.142013,-0.024012,0.171959,-0.235543,0.082903,0.004389,0.017811,-0.017463,0.384774,-0.409321,-0.002512,-0.168350,-0.021765,-0.017197,0.257349,1.750623,1.638723,2.007082,1.765960,0.139544,-0.187014,0.091619,-1.869527,-1.764306,1.781982,-1.658773,0.051400,0.417375,1
0.109833,-0.142038,-0.024025,0.171968,-0.235552,0.082918,0.004380,0.017828,-0.017476,0.384782,-0.409325,-0.002504,-0.168350,-0.021697,-0.017260,0.257361,1.752696,1.638711,2.008089,1.765947,0.140671,-0.187110,0.091655,-1.866771,-1.764294,1.782510,-1.658773,0.051352,0.411634,1
0.109833,-0.142038,-0.024012,0.171968,-0.235548,0.082925,0.004389,0.017837,-0.017450,0.384756,-0.409325,-0.002504,-0.168363,-0.021485,-0.017375,0.257337,1.754901,1.638711,2.009143,1.765936,0.141821,-0.187158,0.091715,-1.863799,-1.764282,1.783121,-1.658785,0.051269,0.407967,1
0.109833,-0.142064,-0.024012,0.171959,-0.235548,0.082925,0.004389,0.017837,-0.017423,0.384739,-0.409321,-0.002497,-0.168350,-0.021341,-0.017475,0.257361,1.757418,1.638735,2.010222,1.765936,0.143152,-0.187182,0.091751,-1.860515,-1.764258,1.783816,-1.658785,0.051197,0.403928,1
0.109833,-0.142089,-0.023998,0.171942,-0.235544,0.082932,0.004397,0.017845,-0.017409,0.384739,-0.409321,-0.002512,-0.168336,-0.021167,-0.017576,0.257361,1.761241,1.638819,2.011205,1.765888,0.144446,-0.187146,0.091799,-1.856321,-1.764234,1.784475,-1.658808,0.051137,0.399974,1
0.109833,-0.142123,-0.023891,0.171942,-0.235544,0.082932,0.004406,0.017854,-0.017369,0.384731,-0.409321,-0.002497,-0.168323,-0.020932,-0.017743,0.257361,1.764884,1.638927,2.012858,1.765924,0.146375,-0.187086,0.091943,-1.851743,-1.764138,1.785458,-1.658868,0.051029,0.393610,1
0.109825,-0.142149,-0.023811,0.171959,-0.235544,0.082932,0.004414,0.017862,-0.017356,0.384722,-0.409329,-0.002512,-0.168336,-0.020766,-0.017839,0.257373,1.766862,1.638903,2.013518,1.765912,0.147694,-0.186978,0.092039,-1.848543,-1.764078,1.785781,-1.658868,0.050969,0.389391,1
0.109833,-0.142200,-0.023690,0.171959,-0.235544,0.082932,0.004432,0.017828,-0.017356,0.384722,-0.409321,-0.002512,-0.168336,-0.020591,-0.017939,0.257361,1.768719,1.638867,2.014057,1.765912,0.149024,-0.186918,0.092135,-1.845151,-1.764006,1.786033,-1.658892,0.050969,0.385065,1
0.109825,-0.142243,-0.023597,0.171985,-0.235544,0.082932,0.004406,0.017820,-0.017316,0.384714,-0.409329,-0.002512,-0.168323,-0.020417,-0.018069,0.257361,1.770697,1.638807,2.014512,1.765936,0.151313,-0.186882,0.092267,-1.841616,-1.763970,1.786309,-1.658916,0.050957,0.380487,1
0.109825,-0.142268,-0.023556,0.171993,-0.235548,0.082939,0.004423,0.017803,-0.017302,0.384697,-0.409321,-0.002497,-0.168350,-0.020228,-0.018169,0.257361,1.772878,1.638747,2.014920,1.765924,0.152931,-0.186882,0.092338,-1.838344,-1.763958,1.786596,-1.658916,0.050897,0.373476,1
0.109825,-0.142311,-0.023463,0.172010,-0.235556,0.082939,0.004372,0.017786,-0.017289,0.384688,-0.409313,-0.002497,-0.168336,-0.020069,-0.018270,0.257385,1.775203,1.638687,2.015207,1.765924,0.154620,-0.186918,0.092386,-1.835492,-1.763970,1.786896,-1.658916,0.050813,0.368934,1
0.109807,-0.142345,-0.023382,0.171993,-0.235544,0.082946,0.004372,0.017786,-0.017289,0.384680,-0.409321,-0.002497,-0.168336,-0.019804,-0.018427,0.257421,1.779110,1.638639,2.015459,1.765912,0.156382,-0.186954,0.092446,-1.832544,-1.763970,1.787196,-1.658916,0.050705,0.364464,1
0.109799,-0.142430,-0.023355,0.172027,-0.235544,0.082946,0.004338,0.017769,-0.017289,0.384646,-0.409325,-0.002504,-0.168323,-0.019645,-0.018528,0.257445,1.781662,1.638639,2.015651,1.765912,0.158252,-0.186990,0.092434,-1.828301,-1.763994,1.787447,-1.658916,0.050573,0.359742,1
0.109748,-0.142490,-0.023275,0.172010,-0.235548,0.082953,0.004312,0.017769,-0.017302,0.384612,-0.409325,-0.002504,-0.168336,-0.019470,-0.018639,0.257469,1.784107,1.638687,2.015771,1.765936,0.160061,-0.186966,0.092434,-1.825173,-1.763970,1.787555,-1.658916,0.050454,0.354805,1
0.109697,-0.142566,-0.023275,0.171993,-0.235544,0.082960,0.004295,0.017769,-0.017289,0.384569,-0.409325,-0.002504,-0.168336,-0.019281,-0.018749,0.257481,1.786228,1.638723,2.015914,1.765936,0.161895,-0.186930,0.092458,-1.821782,-1.763982,1.787603,-1.658928,0.050430,0.349820,1
0.109552,-0.142626,-0.023315,0.171976,-0.235536,0.082975,0.004270,0.017769,-0.017289,0.384509,-0.409321,-0.002497,-0.168283,-0.018993,-0.018902,0.257469,1.789044,1.638699,2.015998,1.765960,0.164519,-0.186714,0.092518,-1.817108,-1.763982,1.787639,-1.658928,0.050525,0.342281,1
0.109475,-0.142669,-0.023355,0.171942,-0.235527,0.082960,0.004270,0.017769,-0.017302,0.384492,-0.409321,-0.002497,-0.168283,-0.018781,-0.018978,0.257481,1.791118,1.638663,2.016058,1.765947,0.167156,-0.186511,0.092566,-1.813657,-1.763970,1.787723,-1.658940,0.050597,0.337068,1
0.109390,-0.142703,-0.023355,0.171925,-0.235532,0.082982,0.004295,0.017760,-0.017316,0.384467,-0.409329,-0.002512,-0.168269,-0.018583,-0.019034,0.257505,1.793359,1.638627,2.016082,1.765947,0.168918,-0.186295,0.092590,-1.810493,-1.763970,1.787795,-1.658928,0.050585,0.329171,1
0.109330,-0.142762,-0.023409,0.171917,-0.235528,0.082989,0.004295,0.017777,-0.017316,0.384475,-0.409329,-0.002512,-0.168229,-0.018379,-0.019076,0.257505,1.795696,1.638579,2.016118,1.765947,0.170739,-0.186259,0.092602,-1.806981,-1.763982,1.787831,-1.658916,0.050597,0.323958,1
0.109288,-0.142822,-0.023355,0.171891,-0.235524,0.082982,0.004295,0.017786,-0.017289,0.384458,-0.409325,-0.002519,-0.168202,-0.018166,-0.019103,0.257529,1.798021,1.638555,2.016142,1.765947,0.172585,-0.186283,0.092602,-1.803326,-1.764006,1.787771,-1.658916,0.050525,0.318804,1
0.109228,-0.142890,-0.023369,0.171900,-0.235516,0.082996,0.004287,0.017786,-0.017302,0.384458,-0.409329,-0.002512,-0.168162,-0.017999,-0.019072,0.257541,1.801724,1.638531,2.016166,1.765971,0.174586,-0.186307,0.092614,-1.798149,-1.764006,1.787687,-1.658916,0.050442,0.313196,1
0.109185,-0.142958,-0.023382,0.171866,-0.235507,0.082996,0.004287,0.017777,-0.017302,0.384475,-0.409325,-0.002504,-0.168108,-0.017916,-0.019047,0.257541,1.804025,1.638555,2.016202,1.765995,0.176492,-0.186283,0.092626,-1.795105,-1.764006,1.787531,-1.658916,0.050358,0.307647,1
0.109151,-0.143027,-0.023369,0.171831,-0.235507,0.082996,0.004270,0.017769,-0.017302,0.384475,-0.409321,-0.002497,-0.168108,-0.017855,-0.018998,0.257553,1.806218,1.638603,2.016274,1.765995,0.178313,-0.186295,0.092638,-1.791941,-1.764006,1.787315,-1.658868,0.050298,0.302086,1
0.109092,-0.143095,-0.023369,0.171823,-0.235507,0.082996,0.004278,0.017769,-0.017329,0.384467,-0.409321,-0.002497,-0.168068,-0.017817,-0.018973,0.257541,1.808315,1.638627,2.016334,1.766007,0.180159,-0.186295,0.092674,-1.789137,-1.764006,1.787207,-1.658892,0.050274,0.296538,1
0.109049,-0.143163,-0.023369,0.171797,-0.235503,0.083003,0.004304,0.017777,-0.017302,0.384458,-0.409325,-0.002504,-0.168055,-0.017726,-0.018943,0.257541,1.811515,1.638627,2.016442,1.766007,0.183826,-0.186319,0.092662,-1.784655,-1.764006,1.787004,-1.658892,0.050262,0.287885,1
0.109006,-0.143197,-0.023382,0.171772,-0.235507,0.082996,0.004321,0.017777,-0.017316,0.384475,-0.409321,-0.002497,-0.168068,-0.017642,-0.018908,0.257541,1.813816,1.638579,2.016562,1.765983,0.185600,-0.186367,0.092674,-1.781491,-1.764018,1.786920,-1.658880,0.050262,0.281965,1
0.109006,-0.143240,-0.023342,0.171772,-0.235511,0.082989,0.004346,0.017786,-0.017316,0.384492,-0.409321,-0.002497,-0.168082,-0.017491,-0.018887,0.257541,1.816249,1.638531,2.016681,1.765983,0.187242,-0.186463,0.092686,-1.778687,-1.764006,1.786860,-1.658868,0.050250,0.273180,1
0.108930,-0.143282,-0.023342,0.171755,-0.235503,0.082989,0.004363,0.017786,-0.017316,0.384484,-0.409329,-0.002497,-0.168055,-0.017354,-0.018876,0.257577,1.818646,1.638471,2.016849,1.765995,0.188799,-0.186511,0.092698,-1.775727,-1.764006,1.786812,-1.658868,0.050250,0.266925,1
0.108879,-0.143359,-0.023329,0.171755,-0.235507,0.082996,0.004372,0.017803,-0.017302,0.384475,-0.409329,-0.002512,-0.168068,-0.017195,-0.018831,0.257613,1.822217,1.638375,2.017041,1.765995,0.190465,-0.186570,0.092758,-1.770945,-1.764018,1.786776,-1.658868,0.050250,0.260753,1
0.108853,-0.143410,-0.023315,0.171755,-0.235503,0.083003,0.004380,0.017811,-0.017316,0.384492,-0.409329,-0.002512,-0.168082,-0.017066,-0.018815,0.257673,1.824530,1.638136,2.017341,1.765995,0.192323,-0.186594,0.092854,-1.767457,-1.763970,1.786776,-1.658868,0.050250,0.254533,1
0.108810,-0.143453,-0.023289,0.171763,-0.235499,0.082996,0.004389,0.017845,-0.017289,0.384501,-0.409333,-0.002504,-0.168068,-0.016975,-0.018804,0.257721,1.826735,1.638016,2.017832,1.766007,0.194276,-0.186618,0.092974,-1.763646,-1.763958,1.786764,-1.658868,0.050238,0.248469,1
0.108768,-0.143504,-0.023329,0.171780,-0.235486,0.083003,0.004389,0.017820,-0.017316,0.384518,-0.409329,-0.002512,-0.168068,-0.016884,-0.018803,0.257733,1.829180,1.637908,2.018108,1.766007,0.196230,-0.186594,0.093141,-1.760195,-1.763958,1.786764,-1.658868,0.050250,0.242045,1
0.108725,-0.143564,-0.023302,0.171789,-0.235495,0.083003,0.004414,0.017820,-0.017316,0.384509,-0.409329,-0.002512,-0.168068,-0.016815,-0.018817,0.257733,1.831660,1.637932,2.018024,1.765995,0.198099,-0.186546,0.093309,-1.756851,-1.763970,1.786764,-1.658844,0.050238,0.235502,1
0.108623,-0.143657,-0.023262,0.171789,-0.235491,0.083010,0.004406,0.017803,-0.017316,0.384501,-0.409321,-0.002497,-0.168082,-0.016732,-0.018850,0.257709,1.835400,1.638040,2.017760,1.766007,0.201994,-0.186151,0.093609,-1.752381,-1.763970,1.786716,-1.658832,0.050238,0.222787,1
0.108572,-0.143717,-0.023262,0.171797,-0.235490,0.082996,0.004432,0.017820,-0.017316,0.384484,-0.409333,-0.002504,-0.168082,-0.016656,-0.018879,0.257733,1.838132,1.638088,2.017724,1.765995,0.204115,-0.185983,0.093836,-1.749517,-1.763958,1.786692,-1.658844,0.050226,0.216183,1
0.108529,-0.143785,-0.023235,0.171789,-0.235495,0.083003,0.004449,0.017811,-0.017316,0.384475,-0.409329,-0.002512,-0.168082,-0.016580,-0.018907,0.257721,1.840864,1.638112,2.017772,1.765971,0.206033,-0.185911,0.094232,-1.746749,-1.763958,1.786656,-1.658857,0.050238,0.209460,1
0.108487,-0.143879,-0.023208,0.171772,-0.235478,0.082988,0.004474,0.017811,-0.017316,0.384475,-0.409333,-0.002519,-0.168082,-0.016542,-0.018902,0.257697,1.844675,1.638124,2.017796,1.765971,0.207711,-0.185899,0.094520,-1.742399,-1.763970,1.786644,-1.658844,0.050226,0.203013,1
0.108452,-0.143921,-0.023195,0.171763,-0.235477,0.082974,0.004474,0.017820,-0.017316,0.384492,-0.409329,-0.002512,-0.168055,-0.016504,-0.018897,0.257697,1.847192,1.638124,2.017808,1.766007,0.209412,-0.185863,0.094723,-1.739486,-1.763934,1.786620,-1.658832,0.050238,0.196302,1
0.108410,-0.143973,-0.023155,0.171763,-0.235469,0.082974,0.004508,0.017811,-0.017316,0.384501,-0.409321,-0.002512,-0.168095,-0.016489,-0.018897,0.257733,1.849685,1.638028,2.017832,1.766019,0.211162,-0.185851,0.094927,-1.736394,-1.763958,1.786608,-1.658821,0.050202,0.189590,1
0.108367,-0.143990,-0.023128,0.171755,-0.235477,0.082974,0.004508,0.017820,-0.017316,0.384492,-0.409325,-0.002504,-0.168095,-0.016489,-0.018887,0.257757,1.852141,1.637908,2.017832,1.766007,0.213020,-0.185863,0.095059,-1.733015,-1.763958,1.786596,-1.658821,0.050190,0.182580,1
0.108325,-0.144058,-0.023088,0.171746,-0.235473,0.082981,0.004525,0.017820,-0.017302,0.384492,-0.409333,-0.002490,-0.168095,-0.016466,-0.018892,0.257745,1.854562,1.637824,2.017868,1.766007,0.214853,-0.185887,0.095131,-1.729468,-1.763934,1.786584,-1.658832,0.050154,0.175749,1
0.108291,-0.144092,-0.023034,0.171755,-0.235465,0.082981,0.004508,0.017811,-0.017302,0.384501,-0.409321,-0.002497,-0.168095,-0.016451,-0.018882,0.257733,1.857007,1.637812,2.017892,1.766019,0.217729,-0.185911,0.095191,-1.725633,-1.763922,1.786584,-1.658808,0.050094,0.169026,1
0.108265,-0.144126,-0.022994,0.171746,-0.235465,0.082995,0.004508,0.017837,-0.017316,0.384509,-0.409329,-0.002497,-0.168082,-0.016391,-0.018881,0.257721,1.859560,1.637884,2.017844,1.766019,0.219611,-0.185983,0.095179,-1.721869,-1.763898,1.786584,-1.658821,0.050046,0.158527,1
0.108188,-0.144203,-0.022914,0.171763,-0.235461,0.082988,0.004551,0.017837,-0.017316,0.384518,-0.409329,-0.002512,-0.168082,-0.016368,-0.018886,0.257685,1.863455,1.638112,2.017808,1.766031,0.222571,-0.185995,0.095179,-1.716944,-1.763838,1.786572,-1.658821,0.049974,0.147969,1
0.108146,-0.144262,-0.022887,0.171755,-0.235457,0.082995,0.004559,0.017837,-0.017316,0.384509,-0.409325,-0.002504,-0.168042,-0.016330,-0.018880,0.257673,1.866127,1.638256,2.017724,1.766019,0.224512,-0.185983,0.095167,-1.713828,-1.763838,1.786572,-1.658832,0.049914,0.141054,1
0.108095,-0.144331,-0.022806,0.171755,-0.235461,0.082988,0.004585,0.017854,-0.017316,0.384509,-0.409321,-0.002497,-0.168042,-0.016322,-0.018875,0.257589,1.870537,1.638363,2.017640,1.766007,0.226238,-0.185971,0.095191,-1.709849,-1.763766,1.786572,-1.658821,0.049914,0.134163,1
0.108060,-0.144382,-0.022793,0.171763,-0.235465,0.082995,0.004576,0.017854,-0.017289,0.384509,-0.409321,-0.002497,-0.168082,-0.016330,-0.018880,0.257529,1.873677,1.638435,2.017604,1.766007,0.227784,-0.185983,0.095179,-1.706937,-1.763766,1.786584,-1.658844,0.049914,0.127141,1
0.108026,-0.144458,-0.022806,0.171772,-0.235461,0.082988,0.004576,0.017871,-0.017316,0.384509,-0.409329,-0.002497,-0.168068,-0.016322,-0.018875,0.257481,1.876649,1.638387,2.017652,1.766019,0.229306,-0.185983,0.095179,-1.704037,-1.763766,1.786572,-1.658832,0.049902,0.120322,1
0.107992,-0.144527,-0.022780,0.171763,-0.235456,0.082981,0.004576,0.017879,-0.017316,0.384509,-0.409325,-0.002504,-0.168068,-0.016337,-0.018866,0.257493,1.879753,1.638232,2.017664,1.766019,0.230864,-0.185983,0.095323,-1.701065,-1.763718,1.786584,-1.658857,0.049866,0.113323,1
0.107967,-0.144569,-0.022766,0.171772,-0.235465,0.082995,0.004593,0.017871,-0.017329,0.384543,-0.409325,-0.002504,-0.168082,-0.016360,-0.018861,0.257541,1.882533,1.638028,2.017628,1.766055,0.232410,-0.185983,0.095586,-1.697805,-1.763635,1.786572,-1.658868,0.049830,0.106360,1
0.107924,-0.144612,-0.022739,0.171772,-0.235465,0.082995,0.004585,0.017888,-0.017329,0.384578,-0.409329,-0.002512,-0.168082,-0.016368,-0.018856,0.257553,1.884966,1.637848,2.017628,1.766019,0.234567,-0.185971,0.095886,-1.694210,-1.763539,1.786536,-1.658857,0.049723,0.099649,1
0.107924,-0.144646,-0.022766,0.171763,-0.235453,0.083002,0.004602,0.017896,-0.017316,0.384629,-0.409321,-0.002497,-0.168135,-0.016353,-0.018876,0.257529,1.887387,1.637728,2.017652,1.766019,0.236113,-0.185995,0.096233,-1.690543,-1.763443,1.786536,-1.658868,0.049711,0.089139,1
0.107873,-0.144706,-0.022739,0.171772,-0.235449,0.083024,0.004610,0.017939,-0.017302,0.384714,-0.409325,-0.002475,-0.168135,-0.016345,-0.018881,0.257541,1.890695,1.637656,2.017700,1.766019,0.238390,-0.186031,0.097108,-1.685054,-1.763275,1.786453,-1.658868,0.049699,0.078880,1
0.107873,-0.144765,-0.022780,0.171797,-0.235449,0.083024,0.004636,0.017965,-0.017316,0.384774,-0.409325,-0.002519,-0.168095,-0.016353,-0.018886,0.257529,1.894230,1.637680,2.017724,1.766055,0.240068,-0.186031,0.097647,-1.679925,-1.763191,1.786345,-1.658857,0.049675,0.071678,1
0.107864,-0.144842,-0.022739,0.171789,-0.235440,0.083024,0.004662,0.017948,-0.017329,0.384859,-0.409333,-0.002519,-0.168135,-0.016360,-0.018861,0.257505,1.896914,1.637824,2.017760,1.766055,0.241746,-0.186019,0.098235,-1.676929,-1.763107,1.786141,-1.658868,0.049663,0.064835,1
0.107864,-0.144927,-0.022739,0.171797,-0.235440,0.083024,0.004687,0.017948,-0.017316,0.384927,-0.409329,-0.002497,-0.168149,-0.016375,-0.018871,0.257481,1.899815,1.637944,2.017604,1.766043,0.243424,-0.186031,0.098906,-1.673957,-1.763083,1.785662,-1.658868,0.049687,0.057956,1
0.107864,-0.144978,-0.022739,0.171797,-0.235436,0.083016,0.004738,0.017948,-0.017316,0.384970,-0.409317,-0.002504,-0.168162,-0.016383,-0.018876,0.257409,1.902751,1.638088,2.017460,1.766031,0.245113,-0.186031,0.099517,-1.671416,-1.763131,1.785230,-1.658868,0.049711,0.051065,1
0.107830,-0.145012,-0.022739,0.171814,-0.235428,0.083016,0.004781,0.017965,-0.017316,0.385021,-0.409321,-0.002497,-0.168175,-0.016398,-0.018857,0.257337,1.905363,1.638196,2.017401,1.766031,0.246695,-0.186031,0.100128,-1.669031,-1.763131,1.784823,-1.658868,0.049735,0.044174,1
0.107839,-0.145046,-0.022753,0.171797,-0.235427,0.083002,0.004815,0.017990,-0.017316,0.385046,-0.409321,-0.002497,-0.168189,-0.016398,-0.018866,0.257277,1.908024,1.638268,2.017365,1.766019,0.249008,-0.186019,0.100620,-1.666706,-1.763191,1.784367,-1.658832,0.049675,0.037019,1
0.107830,-0.145098,-0.022726,0.171797,-0.235432,0.083009,0.004832,0.017973,-0.017316,0.385046,-0.409317,-0.002490,-0.168189,-0.016406,-0.018871,0.257193,1.910660,1.638280,2.017329,1.766043,0.250422,-0.185971,0.100991,-1.664369,-1.763191,1.783924,-1.658857,0.049651,0.026809,1
0.107839,-0.145149,-0.022739,0.171789,-0.235427,0.082988,0.004985,0.018007,-0.017289,0.385063,-0.409317,-0.002490,-0.168216,-0.016429,-0.018877,0.257086,1.914939,1.638268,2.017245,1.766019,0.252472,-0.185923,0.101674,-1.660762,-1.763131,1.783349,-1.658844,0.049579,0.016358,1
0.107839,-0.145200,-0.022739,0.171797,-0.235423,0.082995,0.005062,0.018041,-0.017316,0.385072,-0.409321,-0.002497,-0.168256,-0.016413,-0.018886,0.257026,1.919145,1.638220,2.017161,1.766019,0.253730,-0.185899,0.101866,-1.656496,-1.763107,1.783097,-1.658844,0.049603,0.009875,1
0.107822,-0.145217,-0.022739,0.171789,-0.235427,0.083002,0.005139,0.018058,-0.017316,0.385089,-0.409329,-0.002497,-0.168309,-0.016436,-0.018891,0.256966,1.921806,1.638100,2.017101,1.766043,0.255000,-0.185911,0.101926,-1.653152,-1.763107,1.782941,-1.658821,0.049675,0.003164,1
0.107822,-0.145225,-0.022739,0.171789,-0.235427,0.083002,0.005198,0.018092,-0.017343,0.385106,-0.409321,-0.002497,-0.168350,-0.016436,-0.018891,0.256930,1.924131,1.638028,2.017029,1.766019,0.256295,-0.185971,0.101902,-1.649796,-1.763095,1.782809,-1.658844,0.049747,-0.003487,1
0.107839,-0.145242,-0.022726,0.171772,-0.235419,0.083002,0.005250,0.018101,-0.017316,0.385140,-0.409325,-0.002475,-0.168336,-0.016413,-0.018896,0.256918,1.926384,1.638016,2.016945,1.766031,0.257685,-0.185971,0.101866,-1.646489,-1.763119,1.782450,-1.658844,0.049782,-0.010043,1
0.107847,-0.145259,-0.022713,0.171789,-0.235423,0.083009,0.005326,0.018118,-0.017316,0.385183,-0.409321,-0.002497,-0.168323,-0.016444,-0.018906,0.256918,1.928781,1.638052,2.016837,1.766067,0.259171,-0.185983,0.101890,-1.643181,-1.763143,1.782126,-1.658844,0.049687,-0.016826,1
0.107839,-0.145277,-0.022713,0.171797,-0.235423,0.082995,0.005412,0.018135,-0.017316,0.385191,-0.409321,-0.002497,-0.168323,-0.016421,-0.018901,0.256918,1.931429,1.638112,2.016622,1.766067,0.261484,-0.185971,0.101926,-1.640341,-1.763143,1.781839,-1.658857,0.049627,-0.023405,1
0.107847,-0.145311,-0.022713,0.171814,-0.235423,0.082995,0.005514,0.018144,-0.017316,0.385225,-0.409321,-0.002497,-0.168363,-0.016406,-0.018910,0.256870,1.934365,1.638184,2.016382,1.766103,0.262874,-0.185959,0.101998,-1.637584,-1.763083,1.781455,-1.658857,0.049663,-0.032789,1
0.107847,-0.145336,-0.022672,0.171806,-0.235415,0.083009,0.005548,0.018144,-0.017316,0.385276,-0.409321,-0.002497,-0.168363,-0.016436,-0.018920,0.256762,1.937241,1.638220,2.016154,1.766103,0.264264,-0.185983,0.102225,-1.634960,-1.762903,1.781000,-1.658844,0.049735,-0.039069,1
0.107847,-0.145404,-0.022672,0.171789,-0.235415,0.083009,0.005599,0.018152,-0.017316,0.385310,-0.409321,-0.002497,-0.168363,-0.016436,-0.018930,0.256630,1.940082,1.638220,2.015962,1.766103,0.265654,-0.186019,0.102393,-1.632659,-1.762652,1.780424,-1.658868,0.049806,-0.045444,1
0.107864,-0.145447,-0.022699,0.171806,-0.235419,0.082988,0.005676,0.018152,-0.017316,0.385362,-0.409317,-0.002504,-0.168376,-0.016459,-0.018945,0.256402,1.944684,1.638208,2.015651,1.766103,0.267740,-0.186067,0.102573,-1.627901,-1.762304,1.779430,-1.658844,0.049878,-0.054336,1
0.107864,-0.145481,-0.022672,0.171806,-0.235410,0.082988,0.005718,0.018169,-0.017302,0.385379,-0.409325,-0.002504,-0.168363,-0.016482,-0.018950,0.256271,1.946661,1.638172,2.015387,1.766103,0.268938,-0.186067,0.102669,-1.625804,-1.761981,1.778687,-1.658857,0.049890,-0.060269,1
0.107873,-0.145498,-0.022672,0.171814,-0.235410,0.082988,0.005787,0.018169,-0.017316,0.385413,-0.409325,-0.002504,-0.168376,-0.016505,-0.018975,0.256139,1.948818,1.638148,2.014944,1.766103,0.270065,-0.186079,0.102741,-1.624006,-1.761765,1.777201,-1.658857,0.049878,-0.066177,1
0.107864,-0.145524,-0.022646,0.171823,-0.235406,0.082980,0.005829,0.018169,-0.017329,0.385430,-0.409329,-0.002497,-0.168363,-0.016543,-0.018990,0.256019,1.951203,1.638088,2.014584,1.766139,0.271059,-0.186115,0.102777,-1.622520,-1.761621,1.776014,-1.658844,0.049866,-0.071606,1
0.107864,-0.145532,-0.022686,0.171806,-0.235397,0.082966,0.005863,0.018169,-0.017329,0.385464,-0.409325,-0.002519,-0.168363,-0.016565,-0.019005,0.255959,1.953959,1.638004,2.014093,1.766151,0.272521,-0.186151,0.102885,-1.620663,-1.761525,1.774852,-1.658844,0.049830,-0.077047,1
0.107847,-0.145558,-0.022646,0.171823,-0.235393,0.082959,0.005863,0.018178,-0.017316,0.385489,-0.409325,-0.002504,-0.168363,-0.016588,-0.019019,0.255935,1.956884,1.637860,2.013566,1.766199,0.273432,-0.186235,0.103016,-1.618170,-1.761465,1.773737,-1.658832,0.049842,-0.082463,1
0.107839,-0.145575,-0.022686,0.171789,-0.235389,0.082951,0.005872,0.018186,-0.017316,0.385506,-0.409329,-0.002512,-0.168363,-0.016596,-0.019034,0.255959,1.959652,1.637716,2.013014,1.766199,0.274355,-0.186271,0.103256,-1.615090,-1.761429,1.772743,-1.658832,0.049842,-0.090397,1
0.107805,-0.145609,-0.022646,0.171789,-0.235389,0.082966,0.005872,0.018203,-0.017316,0.385532,-0.409325,-0.002504,-0.168350,-0.016588,-0.019039,0.255935,1.962169,1.637573,2.012439,1.766211,0.275266,-0.186319,0.103496,-1.611818,-1.761418,1.771748,-1.658844,0.049842,-0.095574,1
0.107805,-0.145609,-0.022646,0.171780,-0.235393,0.082973,0.005889,0.018220,-0.017316,0.385532,-0.409321,-0.002497,-0.168309,-0.016618,-0.019039,0.255959,1.965344,1.637489,2.011876,1.766199,0.276176,-0.186331,0.103544,-1.606377,-1.761441,1.770741,-1.658821,0.049842,-0.100332,1
0.107805,-0.145617,-0.022646,0.171797,-0.235384,0.082959,0.005923,0.018229,-0.017316,0.385541,-0.409333,-0.002504,-0.168296,-0.016611,-0.019025,0.255971,1.967226,1.637477,2.011205,1.766235,0.277111,-0.186331,0.103592,-1.603034,-1.761394,1.769579,-1.658844,0.049842,-0.105174,1
0.107805,-0.145643,-0.022672,0.171814,-0.235376,0.082973,0.005974,0.018237,-0.017316,0.385566,-0.409333,-0.002519,-0.168229,-0.016626,-0.019034,0.255959,1.968748,1.637489,2.010522,1.766259,0.278046,-0.186319,0.103688,-1.600062,-1.761358,1.768452,-1.658821,0.049842,-0.109931,1
0.107779,-0.145686,-0.022632,0.171823,-0.235385,0.082973,0.006000,0.018254,-0.017329,0.385549,-0.409325,-0.002504,-0.168122,-0.016694,-0.019040,0.255971,1.970965,1.637501,2.009191,1.766379,0.279352,-0.186295,0.103855,-1.595568,-1.761250,1.765947,-1.658821,0.049854,-0.116882,1
0.107771,-0.145720,-0.022646,0.171831,-0.235380,0.082966,0.005983,0.018254,-0.017329,0.385541,-0.409325,-0.002504,-0.168108,-0.016725,-0.019060,0.255959,1.973014,1.637489,2.008436,1.766415,0.280311,-0.186283,0.103915,-1.592907,-1.761166,1.764509,-1.658832,0.049854,-0.121352,1
0.107762,-0.145745,-0.022632,0.171814,-0.235380,0.082966,0.005974,0.018246,-0.017329,0.385541,-0.409329,-0.002512,-0.168108,-0.016755,-0.019060,0.255959,1.975303,1.637501,2.007502,1.766487,0.281929,-0.186235,0.103915,-1.590259,-1.761082,1.763155,-1.658821,0.049854,-0.125822,1
0.107754,-0.145788,-0.022632,0.171831,-0.235380,0.082966,0.005983,0.018237,-0.017329,0.385549,-0.409325,-0.002504,-0.168095,-0.016801,-0.019070,0.255947,1.977820,1.637489,2.006555,1.766535,0.283151,-0.186115,0.103915,-1.587335,-1.760986,1.761765,-1.658832,0.049854,-0.132378,1
0.107754,-0.145805,-0.022632,0.171823,-0.235380,0.082966,0.005974,0.018237,-0.017329,0.385549,-0.409321,-0.002497,-0.168042,-0.016839,-0.019085,0.255935,1.980073,1.637489,2.005620,1.766559,0.284362,-0.186043,0.103927,-1.584866,-1.760866,1.760411,-1.658832,0.049854,-0.136536,1
0.107737,-0.145847,-0.022646,0.171823,-0.235380,0.082966,0.005974,0.018229,-0.017329,0.385549,-0.409321,-0.002526,-0.168015,-0.016892,-0.019091,0.255935,1.982997,1.637501,2.004661,1.766571,0.285512,-0.186043,0.103951,-1.581870,-1.760722,1.758913,-1.658832,0.049866,-0.140455,1
0.107728,-0.145856,-0.022632,0.171831,-0.235380,0.082966,0.005991,0.018229,-0.017329,0.385566,-0.409321,-0.002497,-0.167988,-0.016968,-0.019101,0.255959,1.984723,1.637537,2.003667,1.766571,0.286627,-0.186055,0.103975,-1.580060,-1.760627,1.756959,-1.658821,0.049878,-0.144206,1
0.107728,-0.145873,-0.022646,0.171823,-0.235380,0.082966,0.006008,0.018237,-0.017329,0.385566,-0.409321,-0.002497,-0.168001,-0.017051,-0.019136,0.255959,1.986281,1.637573,2.002612,1.766583,0.287657,-0.186067,0.103939,-1.578083,-1.760387,1.754754,-1.658821,0.049878,-0.147945,1
0.107711,-0.145890,-0.022619,0.171831,-0.235376,0.082958,0.006008,0.018254,-0.017329,0.385566,-0.409325,-0.002504,-0.167961,-0.017150,-0.019162,0.255935,1.988630,1.637560,2.000227,1.766583,0.289215,-0.186103,0.103903,-1.575290,-1.760195,1.750811,-1.658832,0.049914,-0.153206,1
0.107711,-0.145890,-0.022632,0.171831,-0.235372,0.082951,0.006000,0.018237,-0.017316,0.385558,-0.409325,-0.002504,-0.167975,-0.017211,-0.019182,0.255947,1.989325,1.637560,1.999628,1.766595,0.289719,-0.186127,0.103903,-1.574356,-1.760159,1.749841,-1.658832,0.049950,-0.154884,1
0.107668,-0.145916,-0.022632,0.171797,-0.235372,0.082951,0.005991,0.018237,-0.017343,0.385541,-0.409329,-0.002526,-0.167921,-0.017309,-0.019217,0.255815,1.991901,1.637608,1.997722,1.766607,0.291672,-0.186139,0.103903,-1.571372,-1.760087,1.747180,-1.658832,0.050070,-0.159594,1
0.107651,-0.145941,-0.022632,0.171806,-0.235372,0.082951,0.005983,0.018237,-0.017356,0.385532,-0.409325,-0.002519,-0.167921,-0.017385,-0.019257,0.255624,1.993819,1.637668,1.996404,1.766595,0.292463,-0.186139,0.103927,-1.568699,-1.760039,1.745347,-1.658832,0.050094,-0.164100,1
0.107617,-0.145950,-0.022632,0.171806,-0.235372,0.082951,0.005957,0.018254,-0.017343,0.385532,-0.409321,-0.002512,-0.167881,-0.017454,-0.019311,0.255276,1.995724,1.637716,1.995170,1.766607,0.293134,-0.186151,0.103999,-1.565667,-1.759979,1.743429,-1.658832,0.050154,-0.167060,1
0.107609,-0.145967,-0.022646,0.171797,-0.235372,0.082951,0.005957,0.018246,-0.017343,0.385532,-0.409321,-0.002497,-0.167881,-0.017529,-0.019360,0.255072,1.997702,1.637716,1.993852,1.766619,0.293721,-0.186127,0.104011,-1.562995,-1.759895,1.741560,-1.658844,0.050238,-0.170008,1
0.107592,-0.145984,-0.022632,0.171797,-0.235367,0.082944,0.005948,0.018254,-0.017356,0.385541,-0.409325,-0.002490,-0.167867,-0.017613,-0.019434,0.254940,2.000470,1.637668,1.992365,1.766631,0.294249,-0.186139,0.104023,-1.558932,-1.759871,1.739846,-1.658844,0.050322,-0.172836,1
0.107575,-0.145984,-0.022646,0.171797,-0.235372,0.082951,0.005948,0.018263,-0.017356,0.385541,-0.409321,-0.002497,-0.167867,-0.017674,-0.019484,0.254833,2.002148,1.637620,1.990748,1.766631,0.294764,-0.186151,0.104035,-1.556296,-1.759764,1.737940,-1.658844,0.050442,-0.175545,1
0.107566,-0.146009,-0.022632,0.171806,-0.235372,0.082951,0.005957,0.018254,-0.017329,0.385558,-0.409329,-0.002497,-0.167881,-0.017735,-0.019513,0.254797,2.003658,1.637596,1.988483,1.766631,0.295148,-0.186175,0.104047,-1.553899,-1.759680,1.734765,-1.658832,0.050525,-0.178038,1
0.107532,-0.146026,-0.022619,0.171797,-0.235372,0.082951,0.005957,0.018254,-0.017356,0.385549,-0.409329,-0.002512,-0.167854,-0.017833,-0.019558,0.254761,2.005659,1.637573,1.986134,1.766643,0.295567,-0.186247,0.104083,-1.550399,-1.759620,1.731816,-1.658844,0.050657,-0.181309,1
0.107506,-0.146043,-0.022632,0.171797,-0.235372,0.082951,0.005948,0.018246,-0.017343,0.385549,-0.409321,-0.002512,-0.167894,-0.017856,-0.019583,0.254785,2.006211,1.637584,1.985355,1.766643,0.295795,-0.186295,0.104107,-1.549249,-1.759596,1.730918,-1.658832,0.050681,-0.182352,1
0.107489,-0.146078,-0.022632,0.171789,-0.235367,0.082944,0.005940,0.018254,-0.017356,0.385532,-0.409313,-0.002497,-0.167881,-0.017955,-0.019618,0.254785,2.007685,1.637489,1.982634,1.766643,0.296190,-0.186391,0.104215,-1.545725,-1.759596,1.727957,-1.658832,0.050741,-0.186534,1
0.107464,-0.146095,-0.022646,0.171772,-0.235367,0.082930,0.005923,0.018263,-0.017356,0.385515,-0.409317,-0.002504,-0.167894,-0.018000,-0.019638,0.254785,2.008476,1.637453,1.980705,1.766643,0.296430,-0.186403,0.104287,-1.543784,-1.759608,1.725680,-1.658808,0.050813,-0.188704,1
0.107438,-0.146112,-0.022646,0.171746,-0.235363,0.082922,0.005931,0.018271,-0.017356,0.385532,-0.409321,-0.002512,-0.167881,-0.018054,-0.019663,0.254797,2.009159,1.637405,1.978967,1.766643,0.296693,-0.186379,0.104443,-1.541723,-1.759596,1.723392,-1.658808,0.050909,-0.190897,1
0.107421,-0.146120,-0.022646,0.171746,-0.235371,0.082937,0.005940,0.018254,-0.017356,0.385532,-0.409321,-0.002512,-0.167881,-0.018092,-0.019698,0.254797,2.010633,1.637393,1.977170,1.766655,0.296921,-0.186379,0.104526,-1.538091,-1.759608,1.721378,-1.658821,0.051017,-0.193042,1
0.107413,-0.146120,-0.022632,0.171729,-0.235367,0.082930,0.005940,0.018254,-0.017356,0.385532,-0.409321,-0.002512,-0.167881,-0.018099,-0.019702,0.254785,2.011807,1.637417,1.975360,1.766667,0.297161,-0.186319,0.104538,-1.535647,-1.759572,1.719568,-1.658821,0.051113,-0.194983,1
0.107387,-0.146120,-0.022632,0.171738,-0.235363,0.082937,0.005940,0.018254,-0.017356,0.385566,-0.409325,-0.002504,-0.167881,-0.018099,-0.019702,0.254785,2.013102,1.637417,1.972232,1.766667,0.297377,-0.186163,0.104550,-1.533046,-1.759560,1.716668,-1.658821,0.051209,-0.196661,1
0.107379,-0.146120,-0.022632,0.171738,-0.235363,0.082937,0.005931,0.018254,-0.017356,0.385566,-0.409321,-0.002497,-0.167894,-0.018092,-0.019707,0.254797,2.014252,1.637417,1.970123,1.766679,0.297580,-0.186031,0.104526,-1.530362,-1.759584,1.714631,-1.658808,0.051269,-0.198099,1
0.107370,-0.146120,-0.022632,0.171738,-0.235367,0.082930,0.005940,0.018254,-0.017356,0.385558,-0.409321,-0.002497,-0.167894,-0.018076,-0.019736,0.254773,2.015810,1.637465,1.967175,1.766667,0.297964,-0.185971,0.104538,-1.526179,-1.759584,1.711623,-1.658785,0.051257,-0.199969,1
0.107370,-0.146137,-0.022646,0.171729,-0.235367,0.082930,0.005923,0.018254,-0.017356,0.385558,-0.409321,-0.002497,-0.167881,-0.018122,-0.019737,0.254761,2.016265,1.637524,1.965988,1.766667,0.298024,-0.185983,0.104550,-1.524993,-1.759548,1.710724,-1.658785,0.051269,-0.200544,1
0.107362,-0.146137,-0.022632,0.171746,-0.235359,0.082930,0.005931,0.018271,-0.017329,0.385558,-0.409325,-0.002504,-0.167894,-0.018152,-0.019767,0.254737,2.017128,1.637537,1.963615,1.766679,0.298180,-0.185923,0.104550,-1.522764,-1.759572,1.708903,-1.658761,0.051269,-0.202030,1
0.107353,-0.146146,-0.022646,0.171738,-0.235355,0.082937,0.005965,0.018263,-0.017356,0.385549,-0.409329,-0.002512,-0.167894,-0.018297,-0.019841,0.254701,2.018195,1.637584,1.959780,1.766679,0.298347,-0.185947,0.104550,-1.519636,-1.759548,1.705799,-1.658773,0.051257,-0.203444,1
0.107353,-0.146137,-0.022646,0.171738,-0.235358,0.082915,0.005965,0.018271,-0.017369,0.385575,-0.409325,-0.002504,-0.167975,-0.018487,-0.019975,0.254677,2.019082,1.637620,1.957515,1.766667,0.298455,-0.186043,0.104538,-1.516903,-1.759572,1.703773,-1.658773,0.051269,-0.204343,1
0.107345,-0.146137,-0.022632,0.171729,-0.235350,0.082901,0.005948,0.018254,-0.017356,0.385592,-0.409317,-0.002519,-0.167921,-0.018661,-0.020089,0.254641,2.019513,1.637680,1.955238,1.766667,0.298503,-0.186127,0.104562,-1.515585,-1.759560,1.701880,-1.658749,0.051245,-0.205218,1
0.107345,-0.146137,-0.022632,0.171729,-0.235345,0.082894,0.005965,0.018254,-0.017356,0.385660,-0.409325,-0.002504,-0.167988,-0.018882,-0.020204,0.254593,2.019861,1.637716,1.952542,1.766667,0.298563,-0.186127,0.104538,-1.514303,-1.759548,1.700106,-1.658749,0.051209,-0.206105,1
0.107345,-0.146129,-0.022646,0.171729,-0.235341,0.082901,0.005957,0.018271,-0.017329,0.385788,-0.409325,-0.002504,-0.168001,-0.019102,-0.020348,0.254557,2.020244,1.637740,1.948755,1.766667,0.298587,-0.186115,0.104562,-1.512757,-1.759560,1.697170,-1.658749,0.051209,-0.206944,1
0.107336,-0.146120,-0.022646,0.171755,-0.235350,0.082901,0.005983,0.018254,-0.017356,0.385907,-0.409317,-0.002504,-0.168001,-0.019337,-0.020473,0.254533,2.020676,1.637752,1.946023,1.766655,0.298635,-0.186151,0.104574,-1.510767,-1.759536,1.695300,-1.658737,0.051233,-0.207866,1
0.107328,-0.146120,-0.022659,0.171729,-0.235345,0.082894,0.005991,0.018271,-0.017343,0.386026,-0.409317,-0.002504,-0.168068,-0.019550,-0.020602,0.254497,2.021059,1.637812,1.943026,1.766643,0.298647,-0.186235,0.104562,-1.508550,-1.759536,1.693719,-1.658749,0.051280,-0.208837,1
0.107328,-0.146103,-0.022686,0.171729,-0.235345,0.082894,0.005983,0.018271,-0.017343,0.386171,-0.409309,-0.002519,-0.168122,-0.019816,-0.020766,0.254377,2.021694,1.637884,1.938113,1.766667,0.298647,-0.186319,0.104586,-1.505554,-1.759488,1.691537,-1.658749,0.051280,-0.210803,1
0.107319,-0.146095,-0.022726,0.171729,-0.235341,0.082901,0.005983,0.018271,-0.017356,0.386265,-0.409313,-0.002512,-0.168122,-0.019945,-0.020860,0.254329,2.022078,1.637932,1.935560,1.766667,0.298611,-0.186319,0.104586,-1.503852,-1.759512,1.690027,-1.658749,0.051280,-0.211833,1
0.107328,-0.146103,-0.022699,0.171729,-0.235341,0.082901,0.005974,0.018263,-0.017356,0.386316,-0.409305,-0.002512,-0.168135,-0.020021,-0.020900,0.254317,2.022258,1.637968,1.934026,1.766643,0.298647,-0.186319,0.104586,-1.503074,-1.759476,1.689177,-1.658737,0.051245,-0.212313,1
0.107328,-0.146103,-0.022739,0.171729,-0.235345,0.082894,0.005974,0.018271,-0.017329,0.386452,-0.409325,-0.002519,-0.168135,-0.020173,-0.021019,0.254293,2.022905,1.638112,1.929424,1.766655,0.298647,-0.186163,0.104586,-1.499514,-1.759404,1.686852,-1.658749,0.051221,-0.213535,1
0.107328,-0.146095,-0.022753,0.171746,-0.235337,0.082894,0.005983,0.018254,-0.017356,0.386589,-0.409321,-0.002512,-0.168135,-0.020204,-0.021048,0.254257,2.023168,1.638196,1.924930,1.766690,0.298635,-0.186031,0.104574,-1.497764,-1.759284,1.684383,-1.658737,0.051245,-0.214158,1
0.107328,-0.146078,-0.022766,0.171746,-0.235341,0.082901,0.005991,0.018263,-0.017356,0.386674,-0.409321,-0.002512,-0.168149,-0.020211,-0.021053,0.254245,2.023360,1.638280,1.921407,1.766655,0.298623,-0.185983,0.104586,-1.496015,-1.759248,1.682945,-1.658725,0.051245,-0.214709,1
0.107328,-0.146069,-0.022806,0.171746,-0.235341,0.082886,0.005974,0.018263,-0.017356,0.386759,-0.409317,-0.002504,-0.168189,-0.020219,-0.021029,0.254197,2.023516,1.638315,1.917943,1.766655,0.298623,-0.186007,0.104574,-1.494385,-1.759164,1.681662,-1.658713,0.051209,-0.215105,1
0.107336,-0.146052,-0.022793,0.171755,-0.235332,0.082872,0.005965,0.018263,-0.017343,0.386836,-0.409317,-0.002519,-0.168175,-0.020219,-0.020990,0.254185,2.023612,1.638399,1.914708,1.766679,0.298611,-0.186043,0.104574,-1.492683,-1.759081,1.680320,-1.658713,0.051149,-0.215452,1
0.107336,-0.146026,-0.022833,0.171729,-0.235332,0.082872,0.005965,0.018288,-0.017356,0.386930,-0.409305,-0.002526,-0.168229,-0.020249,-0.020932,0.254137,2.023624,1.638459,1.911041,1.766679,0.298635,-0.186067,0.104586,-1.490730,-1.758997,1.678786,-1.658725,0.051065,-0.215836,1
0.107345,-0.146009,-0.022833,0.171721,-0.235332,0.082872,0.006000,0.018288,-0.017343,0.387023,-0.409313,-0.002526,-0.168229,-0.020347,-0.020840,0.254114,2.023600,1.638495,1.907589,1.766679,0.298623,-0.186031,0.104586,-1.488740,-1.758901,1.676977,-1.658701,0.051005,-0.216040,1
0.107345,-0.145975,-0.022847,0.171721,-0.235332,0.082872,0.005965,0.018271,-0.017356,0.387117,-0.409321,-0.002541,-0.168256,-0.020446,-0.020768,0.254126,2.023516,1.638495,1.903802,1.766679,0.298623,-0.186043,0.104574,-1.486176,-1.758781,1.675287,-1.658713,0.050921,-0.216136,1
0.107353,-0.145924,-0.022860,0.171738,-0.235324,0.082886,0.005965,0.018271,-0.017356,0.387219,-0.409321,-0.002541,-0.168269,-0.020628,-0.020682,0.254114,2.023432,1.638471,1.899871,1.766679,0.298623,-0.186091,0.104574,-1.484953,-1.758649,1.673861,-1.658713,0.050849,-0.216112,1
0.107345,-0.145847,-0.022914,0.171746,-0.235328,0.082865,0.005974,0.018271,-0.017356,0.387415,-0.409309,-0.002519,-0.168309,-0.020946,-0.020530,0.254126,2.023348,1.638459,1.892429,1.766667,0.298611,-0.186151,0.104586,-1.483276,-1.758302,1.671176,-1.658713,0.050741,-0.215896,1
0.107328,-0.145788,-0.022940,0.171729,-0.235332,0.082858,0.005991,0.018271,-0.017356,0.387484,-0.409309,-0.002519,-0.168350,-0.021173,-0.020425,0.254114,2.023300,1.638411,1.888462,1.766679,0.298611,-0.186115,0.104586,-1.481981,-1.758062,1.669678,-1.658725,0.050693,-0.215800,1
0.107319,-0.145737,-0.023007,0.171729,-0.235324,0.082858,0.005983,0.018288,-0.017329,0.387560,-0.409309,-0.002519,-0.168403,-0.021348,-0.020324,0.254126,2.023276,1.638399,1.884651,1.766690,0.298611,-0.186055,0.104574,-1.480435,-1.757786,1.668156,-1.658713,0.050669,-0.215788,1
0.107310,-0.145694,-0.023007,0.171729,-0.235328,0.082865,0.005965,0.018280,-0.017329,0.387611,-0.409309,-0.002519,-0.168403,-0.021499,-0.020219,0.254126,2.023096,1.638423,1.880445,1.766714,0.298611,-0.186007,0.104574,-1.478794,-1.757403,1.666622,-1.658713,0.050681,-0.215776,1
0.107328,-0.145634,-0.023061,0.171729,-0.235328,0.082865,0.005940,0.018297,-0.017356,0.387680,-0.409305,-0.002526,-0.168430,-0.021613,-0.020098,0.254114,2.022569,1.638435,1.876478,1.766690,0.298599,-0.186019,0.104562,-1.477236,-1.757007,1.665112,-1.658713,0.050681,-0.215596,1
0.107328,-0.145541,-0.023101,0.171712,-0.235328,0.082865,0.005948,0.018271,-0.017356,0.387739,-0.409305,-0.002556,-0.168457,-0.021916,-0.019906,0.254126,2.021718,1.638459,1.872092,1.766690,0.298599,-0.186031,0.104562,-1.475869,-1.756504,1.663758,-1.658713,0.050657,-0.215380,1
0.107336,-0.145464,-0.023181,0.171704,-0.235332,0.082872,0.005948,0.018280,-0.017356,0.387782,-0.409309,-0.002534,-0.168443,-0.022143,-0.019753,0.254114,2.020136,1.638495,1.868341,1.766703,0.298599,-0.186067,0.104574,-1.473784,-1.755965,1.662632,-1.658701,0.050609,-0.215141,1
0.107336,-0.145404,-0.023222,0.171712,-0.235328,0.082865,0.005957,0.018280,-0.017343,0.387841,-0.409301,-0.002548,-0.168457,-0.022461,-0.019601,0.254126,2.019034,1.638495,1.864002,1.766703,0.298599,-0.186091,0.104562,-1.472406,-1.755018,1.661661,-1.658689,0.050573,-0.214925,1
0.107336,-0.145345,-0.023262,0.171729,-0.235328,0.082865,0.005957,0.018280,-0.017343,0.387901,-0.409317,-0.002534,-0.168430,-0.022787,-0.019425,0.254090,2.017931,1.638519,1.857495,1.766703,0.298587,-0.186091,0.104574,-1.470980,-1.754227,1.660570,-1.658701,0.050525,-0.214757,1
0.107336,-0.145251,-0.023329,0.171712,-0.235323,0.082843,0.005965,0.018280,-0.017356,0.388029,-0.409313,-0.002541,-0.168457,-0.023340,-0.019202,0.253970,2.016301,1.638699,1.850616,1.766619,0.298587,-0.186127,0.104562,-1.468847,-1.752897,1.658101,-1.658677,0.050502,-0.214697,1
0.107345,-0.145149,-0.023355,0.171695,-0.235324,0.082858,0.005957,0.018280,-0.017356,0.388080,-0.409297,-0.002527,-0.168443,-0.023772,-0.019037,0.253814,2.015187,1.638927,1.846230,1.766619,0.298515,-0.186127,0.104538,-1.467528,-1.751974,1.656927,-1.658665,0.050525,-0.214745,1
0.107353,-0.145080,-0.023382,0.171712,-0.235324,0.082858,0.005940,0.018280,-0.017329,0.388114,-0.409305,-0.002526,-0.168470,-0.024295,-0.018844,0.253694,2.014000,1.639107,1.841412,1.766655,0.298455,-0.186067,0.104526,-1.466474,-1.751171,1.655932,-1.658641,0.050502,-0.214733,1
0.107379,-0.144978,-0.023396,0.171695,-0.235324,0.082858,0.005965,0.018288,-0.017356,0.388165,-0.409301,-0.002534,-0.168470,-0.024841,-0.018666,0.253586,2.012790,1.639226,1.836870,1.766679,0.298431,-0.186055,0.104538,-1.465539,-1.750308,1.655177,-1.658653,0.050514,-0.214685,1
0.107387,-0.144876,-0.023436,0.171704,-0.235328,0.082850,0.005974,0.018280,-0.017343,0.388208,-0.409309,-0.002548,-0.168510,-0.025735,-0.018299,0.253478,2.011280,1.639346,1.831969,1.766667,0.298419,-0.186091,0.104538,-1.464652,-1.749373,1.654578,-1.658629,0.050502,-0.214685,1
0.107387,-0.144740,-0.023449,0.171712,-0.235323,0.082843,0.005965,0.018288,-0.017356,0.388251,-0.409309,-0.002548,-0.168537,-0.026546,-0.018091,0.253311,2.008823,1.639442,1.827259,1.766607,0.298395,-0.186187,0.104514,-1.463166,-1.748403,1.654063,-1.658653,0.050537,-0.214769,1
0.107396,-0.144637,-0.023449,0.171704,-0.235319,0.082850,0.005965,0.018297,-0.017356,0.388276,-0.409309,-0.002534,-0.168550,-0.027311,-0.017815,0.253131,2.007074,1.639550,1.822178,1.766583,0.298371,-0.186295,0.104490,-1.461992,-1.747264,1.653643,-1.658617,0.050573,-0.214973,1
0.107404,-0.144458,-0.023436,0.171712,-0.235328,0.082850,0.005965,0.018280,-0.017356,0.388327,-0.409309,-0.002548,-0.168550,-0.028455,-0.017429,0.252927,2.004329,1.639526,1.812302,1.766559,0.298323,-0.186439,0.104359,-1.460230,-1.744496,1.653080,-1.658569,0.050585,-0.215345,1
0.107413,-0.144322,-0.023436,0.171712,-0.235324,0.082858,0.005940,0.018288,-0.017343,0.388378,-0.409305,-0.002541,-0.168577,-0.029144,-0.017231,0.252783,2.002436,1.639502,1.807161,1.766559,0.298323,-0.186427,0.104251,-1.459115,-1.742770,1.652900,-1.658437,0.050573,-0.215536,1
0.107413,-0.144203,-0.023436,0.171704,-0.235324,0.082858,0.005948,0.018288,-0.017343,0.388404,-0.409305,-0.002541,-0.168604,-0.029697,-0.017089,0.252615,2.000602,1.639526,1.801708,1.766583,0.298287,-0.186367,0.104191,-1.458109,-1.741128,1.652828,-1.658365,0.050525,-0.215692,1
0.107413,-0.144075,-0.023436,0.171712,-0.235336,0.082850,0.005957,0.018288,-0.017356,0.388421,-0.409301,-0.002548,-0.168658,-0.030122,-0.017057,0.252460,1.998756,1.639502,1.796759,1.766559,0.298275,-0.186379,0.104179,-1.457234,-1.739606,1.652804,-1.658293,0.050525,-0.215884,1
0.107404,-0.143990,-0.023396,0.171704,-0.235324,0.082858,0.005931,0.018288,-0.017356,0.388438,-0.409305,-0.002541,-0.168684,-0.030387,-0.017095,0.252256,1.996731,1.639502,1.791534,1.766559,0.298263,-0.186403,0.104203,-1.456395,-1.738252,1.652816,-1.658269,0.050549,-0.215968,1
0.107413,-0.143887,-0.023422,0.171712,-0.235319,0.082850,0.005906,0.018280,-0.017356,0.388455,-0.409305,-0.002556,-0.168751,-0.030403,-0.017242,0.252112,1.994766,1.639478,1.785877,1.766559,0.298263,-0.186391,0.104203,-1.455628,-1.736754,1.652840,-1.658281,0.050549,-0.215992,1
0.107413,-0.143734,-0.023396,0.171695,-0.235324,0.082858,0.005889,0.018306,-0.017343,0.388481,-0.409305,-0.002556,-0.168751,-0.030381,-0.017451,0.251956,1.991662,1.639478,1.780185,1.766559,0.298275,-0.186391,0.104203,-1.454406,-1.735292,1.652864,-1.658293,0.050525,-0.215944,1
0.107421,-0.143632,-0.023396,0.171712,-0.235332,0.082843,0.005897,0.018280,-0.017356,0.388498,-0.409309,-0.002534,-0.168778,-0.030245,-0.017663,0.251789,1.989517,1.639502,1.775079,1.766571,0.298263,-0.186403,0.104203,-1.453531,-1.733183,1.652924,-1.658293,0.050502,-0.215884,1
0.107438,-0.143529,-0.023422,0.171712,-0.235323,0.082843,0.005880,0.018271,-0.017356,0.388498,-0.409301,-0.002548,-0.168818,-0.030056,-0.017899,0.251609,1.987240,1.639502,1.766870,1.766583,0.298263,-0.186391,0.104203,-1.452512,-1.731960,1.653008,-1.658293,0.050466,-0.215764,1
0.107438,-0.143419,-0.023463,0.171712,-0.235319,0.082850,0.005872,0.018288,-0.017356,0.388506,-0.409305,-0.002556,-0.168818,-0.030034,-0.018079,0.251465,1.984879,1.639490,1.761202,1.766583,0.298263,-0.186367,0.104191,-1.451517,-1.730810,1.653068,-1.658305,0.050454,-0.215620,1
0.107438,-0.143308,-0.023449,0.171704,-0.235323,0.082843,0.005863,0.018288,-0.017356,0.388523,-0.409305,-0.002556,-0.168805,-0.030193,-0.018145,0.251297,1.982602,1.639490,1.755629,1.766595,0.298263,-0.186271,0.104215,-1.450583,-1.729683,1.653128,-1.658305,0.050442,-0.215416,1
0.107438,-0.143120,-0.023476,0.171712,-0.235315,0.082843,0.005838,0.018297,-0.017356,0.388532,-0.409301,-0.002563,-0.168872,-0.030822,-0.018063,0.251070,1.979078,1.639478,1.747204,1.766583,0.298263,-0.186199,0.104203,-1.449444,-1.728065,1.653200,-1.658305,0.050418,-0.214973,1
0.107421,-0.142993,-0.023503,0.171712,-0.235315,0.082843,0.005795,0.018306,-0.017369,0.388523,-0.409305,-0.002556,-0.168912,-0.031323,-0.017955,0.250830,1.976562,1.639466,1.741068,1.766607,0.298287,-0.186235,0.104167,-1.448857,-1.726927,1.653296,-1.658305,0.050394,-0.214769,1
0.107421,-0.142848,-0.023503,0.171712,-0.235311,0.082836,0.005744,0.018314,-0.017343,0.388523,-0.409305,-0.002526,-0.169006,-0.031845,-0.017862,0.250638,1.974045,1.639466,1.735400,1.766595,0.298275,-0.186271,0.104155,-1.448425,-1.725800,1.653380,-1.658293,0.050358,-0.214554,1
0.107421,-0.142660,-0.023503,0.171712,-0.235315,0.082829,0.005727,0.018314,-0.017356,0.388506,-0.409305,-0.002556,-0.169059,-0.032194,-0.017946,0.250422,1.970330,1.639466,1.729875,1.766595,0.298287,-0.186235,0.104143,-1.447994,-1.724566,1.653476,-1.658305,0.050310,-0.214338,1
0.107430,-0.142507,-0.023476,0.171695,-0.235315,0.082843,0.005701,0.018331,-0.017343,0.388498,-0.409297,-0.002541,-0.169086,-0.032384,-0.017954,0.250159,1.967633,1.639358,1.723631,1.766619,0.298275,-0.186187,0.104155,-1.447850,-1.722672,1.653559,-1.658317,0.050250,-0.214146,1
0.107447,-0.142413,-0.023476,0.171695,-0.235315,0.082829,0.005693,0.018348,-0.017356,0.388472,-0.409297,-0.002556,-0.169126,-0.032566,-0.017967,0.249847,1.964829,1.639298,1.714943,1.766643,0.298287,-0.186151,0.104167,-1.447814,-1.721498,1.653679,-1.658305,0.050166,-0.213954,1
0.107438,-0.142311,-0.023476,0.171687,-0.235319,0.082822,0.005667,0.018374,-0.017356,0.388464,-0.409317,-0.002548,-0.169113,-0.032763,-0.017961,0.249488,1.961893,1.639262,1.709118,1.766643,0.298287,-0.186151,0.104143,-1.447886,-1.720527,1.653787,-1.658293,0.050118,-0.213799,1
0.107430,-0.142200,-0.023476,0.171669,-0.235323,0.082829,0.005633,0.018442,-0.017356,0.388455,-0.409309,-0.002548,-0.169126,-0.033028,-0.017912,0.249008,1.958873,1.639202,1.702839,1.766667,0.298287,-0.186187,0.104143,-1.448018,-1.719676,1.653919,-1.658305,0.050046,-0.213655,1
0.107447,-0.142098,-0.023503,0.171678,-0.235315,0.082829,0.005616,0.018502,-0.017356,0.388421,-0.409305,-0.002556,-0.169099,-0.033346,-0.017850,0.248493,1.955757,1.639202,1.696727,1.766679,0.298287,-0.186163,0.104155,-1.448198,-1.718957,1.654063,-1.658281,0.050034,-0.213487,1
0.107438,-0.141995,-0.023489,0.171678,-0.235315,0.082829,0.005573,0.018595,-0.017329,0.388404,-0.409301,-0.002548,-0.169140,-0.033672,-0.017774,0.247954,1.952929,1.639202,1.690699,1.766726,0.298287,-0.186151,0.104155,-1.448354,-1.718286,1.654195,-1.658293,0.050022,-0.213391,1
0.107464,-0.141927,-0.023530,0.171669,-0.235315,0.082843,0.005531,0.018689,-0.017356,0.388361,-0.409297,-0.002541,-0.169140,-0.034051,-0.017654,0.246935,1.950268,1.639226,1.684095,1.766738,0.298275,-0.186139,0.104167,-1.448509,-1.717639,1.654302,-1.658305,0.050022,-0.213307,1
0.107489,-0.141774,-0.023543,0.171678,-0.235319,0.082822,0.005505,0.018851,-0.017356,0.388310,-0.409309,-0.002548,-0.169113,-0.034536,-0.017605,0.245856,1.944408,1.639226,1.674867,1.766774,0.298263,-0.186103,0.104191,-1.448737,-1.716716,1.654434,-1.658305,0.050034,-0.213211,1
0.107524,-0.141714,-0.023543,0.171678,-0.235310,0.082807,0.005497,0.018911,-0.017356,0.388276,-0.409301,-0.002548,-0.169113,-0.034869,-0.017533,0.245137,1.941124,1.639226,1.668803,1.766750,0.298275,-0.186091,0.104179,-1.448785,-1.715770,1.654506,-1.658305,0.050046,-0.213139,1
0.107541,-0.141663,-0.023489,0.171695,-0.235310,0.082807,0.005497,0.018953,-0.017343,0.388233,-0.409313,-0.002555,-0.169126,-0.035157,-0.017451,0.244466,1.937493,1.639226,1.659468,1.766774,0.298263,-0.186103,0.104155,-1.448797,-1.715218,1.654638,-1.658305,0.050034,-0.213103,1
0.107566,-0.141603,-0.023570,0.171678,-0.235319,0.082822,0.005488,0.018987,-0.017356,0.388225,-0.409305,-0.002556,-0.169086,-0.035437,-0.017364,0.243891,1.934126,1.639226,1.653392,1.766774,0.298263,-0.186115,0.104167,-1.448773,-1.714703,1.654770,-1.658293,0.050070,-0.213092,1
0.107575,-0.141552,-0.023503,0.171687,-0.235310,0.082807,0.005480,0.019030,-0.017356,0.388208,-0.409305,-0.002541,-0.169099,-0.035686,-0.017267,0.243412,1.930926,1.639262,1.646908,1.766762,0.298227,-0.186151,0.104155,-1.448737,-1.714296,1.654830,-1.658329,0.050034,-0.213068,1
0.107600,-0.141510,-0.023530,0.171678,-0.235315,0.082814,0.005454,0.019047,-0.017356,0.388182,-0.409301,-0.002548,-0.169086,-0.035883,-0.017183,0.242980,1.927810,1.639298,1.640425,1.766762,0.298203,-0.186163,0.104143,-1.448677,-1.713948,1.654890,-1.658305,0.050058,-0.213068,1
0.107643,-0.141450,-0.023530,0.171678,-0.235315,0.082814,0.005420,0.019072,-0.017356,0.388157,-0.409297,-0.002541,-0.169113,-0.036019,-0.017128,0.242633,1.924826,1.639322,1.633929,1.766750,0.298215,-0.186151,0.104167,-1.448641,-1.713708,1.654890,-1.658293,0.050046,-0.213080,1
0.107643,-0.141407,-0.023543,0.171678,-0.235310,0.082807,0.005420,0.019107,-0.017356,0.388140,-0.409309,-0.002548,-0.169113,-0.036178,-0.017077,0.242153,1.921518,1.639322,1.627386,1.766750,0.298203,-0.186175,0.104203,-1.448593,-1.713576,1.654890,-1.658329,0.050034,-0.213068,1
0.107685,-0.141390,-0.023556,0.171687,-0.235306,0.082800,0.005386,0.019124,-0.017356,0.388114,-0.409305,-0.002541,-0.169073,-0.036420,-0.016985,0.241890,1.917803,1.639322,1.620998,1.766750,0.298180,-0.186235,0.104203,-1.448509,-1.713516,1.654890,-1.658329,0.050046,-0.213056,1
0.107694,-0.141365,-0.023543,0.171721,-0.235310,0.082822,0.005352,0.019158,-0.017343,0.388080,-0.409305,-0.002541,-0.169086,-0.036723,-0.016884,0.241530,1.910720,1.639322,1.611699,1.766750,0.298180,-0.186319,0.104203,-1.448318,-1.713576,1.654890,-1.658341,0.050046,-0.213056,1
0.107702,-0.141365,-0.023570,0.171712,-0.235306,0.082814,0.005335,0.019158,-0.017356,0.388063,-0.409309,-0.002548,-0.169059,-0.036935,-0.016801,0.241290,1.907437,1.639346,1.602243,1.766714,0.298144,-0.186379,0.104203,-1.448222,-1.713660,1.654890,-1.658353,0.050034,-0.213044,1
0.107720,-0.141373,-0.023663,0.171755,-0.235306,0.082814,0.005301,0.019175,-0.017356,0.388020,-0.409305,-0.002541,-0.169046,-0.037094,-0.016731,0.241051,1.904009,1.639322,1.595712,1.766726,0.298144,-0.186403,0.104191,-1.448174,-1.713732,1.654890,-1.658341,0.050058,-0.213068,1
0.107745,-0.141348,-0.023824,0.171746,-0.235302,0.082807,0.005241,0.019175,-0.017369,0.387986,-0.409301,-0.002548,-0.169073,-0.037215,-0.016685,0.240823,1.900270,1.639322,1.589060,1.766703,0.298144,-0.186343,0.104179,-1.448174,-1.713792,1.654890,-1.658317,0.050046,-0.213092,1
0.107762,-0.141339,-0.024012,0.171755,-0.235297,0.082800,0.005198,0.019158,-0.017343,0.387969,-0.409305,-0.002556,-0.169046,-0.037359,-0.016625,0.240571,1.896183,1.639322,1.582553,1.766714,0.298132,-0.186259,0.104155,-1.448174,-1.713840,1.654854,-1.658317,0.050034,-0.213092,1
0.107779,-0.141297,-0.024159,0.171729,-0.235306,0.082814,0.005156,0.019166,-0.017369,0.387935,-0.409309,-0.002548,-0.169046,-0.037457,-0.016583,0.240296,1.892253,1.639346,1.576273,1.766726,0.298120,-0.186235,0.104155,-1.448198,-1.713852,1.654854,-1.658329,0.050010,-0.213115,1
0.107805,-0.141271,-0.024293,0.171721,-0.235310,0.082807,0.005079,0.019149,-0.017396,0.387927,-0.409305,-0.002556,-0.169059,-0.037654,-0.016499,0.239828,1.888705,1.639346,1.570077,1.766703,0.298096,-0.186283,0.104131,-1.448186,-1.713840,1.654854,-1.658329,0.050010,-0.213103,1
0.107830,-0.141194,-0.024413,0.171712,-0.235297,0.082800,0.005020,0.019141,-0.017356,0.387901,-0.409301,-0.002534,-0.169033,-0.037873,-0.016431,0.239277,1.881695,1.639346,1.560071,1.766714,0.298060,-0.186259,0.104083,-1.448210,-1.713792,1.654854,-1.658341,0.049998,-0.213139,1
0.107839,-0.141118,-0.024454,0.171712,-0.235297,0.082800,0.004951,0.019124,-0.017356,0.387884,-0.409309,-0.002548,-0.169033,-0.038002,-0.016400,0.238894,1.878063,1.639346,1.553755,1.766714,0.298048,-0.186223,0.104047,-1.448210,-1.713744,1.654830,-1.658329,0.050010,-0.213187,1
0.107839,-0.141075,-0.024534,0.171712,-0.235302,0.082807,0.004883,0.019115,-0.017369,0.387876,-0.409309,-0.002548,-0.168992,-0.038093,-0.016362,0.238450,1.874276,1.639346,1.543700,1.766703,0.298036,-0.186211,0.104011,-1.448258,-1.713744,1.654830,-1.658329,0.049962,-0.213175,1
0.107856,-0.141007,-0.024507,0.171721,-0.235306,0.082800,0.004824,0.019081,-0.017356,0.387824,-0.409317,-0.002548,-0.168992,-0.038153,-0.016315,0.237887,1.870453,1.639334,1.537396,1.766703,0.298024,-0.186223,0.103999,-1.448306,-1.713744,1.654806,-1.658353,0.049926,-0.213187,1
0.107864,-0.140939,-0.024454,0.171721,-0.235306,0.082800,0.004798,0.019090,-0.017369,0.387799,-0.409317,-0.002534,-0.168979,-0.038214,-0.016277,0.237264,1.866810,1.639322,1.531117,1.766703,0.298024,-0.186247,0.103987,-1.448366,-1.713756,1.654806,-1.658317,0.049890,-0.213175,1
0.107881,-0.140879,-0.024387,0.171704,-0.235310,0.082822,0.004721,0.019072,-0.017383,0.387790,-0.409309,-0.002548,-0.168925,-0.038297,-0.016245,0.236569,1.863011,1.639322,1.524358,1.766703,0.298024,-0.186223,0.103975,-1.448473,-1.713768,1.654794,-1.658305,0.049878,-0.213175,1
0.107873,-0.140836,-0.024333,0.171729,-0.235306,0.082800,0.004696,0.019055,-0.017356,0.387748,-0.409317,-0.002548,-0.168952,-0.038365,-0.016213,0.235862,1.859032,1.639298,1.517910,1.766703,0.298024,-0.186187,0.103999,-1.448533,-1.713768,1.654758,-1.658305,0.049866,-0.213175,1
0.107890,-0.140785,-0.024280,0.171721,-0.235306,0.082800,0.004636,0.019072,-0.017356,0.387739,-0.409317,-0.002548,-0.168925,-0.038425,-0.016185,0.235250,1.854934,1.639322,1.511846,1.766679,0.298000,-0.186223,0.103975,-1.448629,-1.713744,1.654758,-1.658317,0.049902,-0.213199,1
0.107873,-0.140751,-0.024226,0.171712,-0.235302,0.082807,0.004568,0.019064,-0.017383,0.387722,-0.409301,-0.002534,-0.168939,-0.038501,-0.016128,0.234495,1.851003,1.639322,1.504907,1.766655,0.297976,-0.186295,0.103999,-1.448689,-1.713744,1.654734,-1.658341,0.049878,-0.213187,1
0.107881,-0.140700,-0.024226,0.171738,-0.235298,0.082814,0.004517,0.019064,-0.017383,0.387705,-0.409297,-0.002541,-0.168899,-0.038569,-0.016095,0.234172,1.845299,1.639322,1.498975,1.766643,0.297952,-0.186343,0.103987,-1.448737,-1.713744,1.654734,-1.658341,0.049878,-0.213211,1
0.107873,-0.140683,-0.024213,0.171712,-0.235297,0.082800,0.004457,0.019064,-0.017396,0.387663,-0.409305,-0.002512,-0.168925,-0.038577,-0.016081,0.233884,1.841763,1.639430,1.492947,1.766631,0.297928,-0.186391,0.103975,-1.448737,-1.713720,1.654758,-1.658329,0.049842,-0.213223,1
0.107873,-0.140666,-0.024213,0.171721,-0.235297,0.082800,0.004423,0.019090,-0.017423,0.387594,-0.409305,-0.002526,-0.168899,-0.038614,-0.016077,0.233668,1.835891,1.639526,1.480112,1.766583,0.297892,-0.186427,0.103999,-1.448725,-1.713708,1.654734,-1.658341,0.049699,-0.213211,1
0.107873,-0.140649,-0.024226,0.171721,-0.235302,0.082807,0.004389,0.019081,-0.017409,0.387560,-0.409305,-0.002526,-0.168939,-0.038614,-0.016048,0.233668,1.831924,1.639502,1.473856,1.766571,0.297904,-0.186439,0.103999,-1.448677,-1.713696,1.654734,-1.658341,0.049531,-0.213199,1
0.107873,-0.140666,-0.024239,0.171729,-0.235301,0.082793,0.004355,0.019090,-0.017423,0.387509,-0.409305,-0.002541,-0.168939,-0.038622,-0.016063,0.233728,1.827969,1.639490,1.467169,1.766571,0.297880,-0.186475,0.103999,-1.448665,-1.713684,1.654734,-1.658353,0.049387,-0.213211,1
0.107873,-0.140683,-0.024239,0.171738,-0.235293,0.082807,0.004346,0.019090,-0.017409,0.387458,-0.409305,-0.002541,-0.168925,-0.038622,-0.016053,0.233788,1.824074,1.639490,1.461368,1.766571,0.297892,-0.186499,0.103999,-1.448653,-1.713684,1.654734,-1.658341,0.049183,-0.213211,1
0.107873,-0.140675,-0.024280,0.171721,-0.235302,0.082821,0.004329,0.019115,-0.017423,0.387407,-0.409309,-0.002534,-0.168925,-0.038607,-0.016043,0.233872,1.819868,1.639466,1.455664,1.766571,0.297892,-0.186558,0.104011,-1.448653,-1.713684,1.654758,-1.658341,0.049063,-0.213211,1
0.107899,-0.140683,-0.024253,0.171729,-0.235297,0.082800,0.004287,0.019107,-0.017436,0.387339,-0.409305,-0.002541,-0.168925,-0.038599,-0.016057,0.233992,1.815973,1.639406,1.449516,1.766595,0.297892,-0.186582,0.103999,-1.448677,-1.713684,1.654758,-1.658341,0.048908,-0.213175,1
0.107899,-0.140692,-0.024266,0.171738,-0.235302,0.082807,0.004295,0.019124,-0.017436,0.387288,-0.409309,-0.002534,-0.168925,-0.038607,-0.016053,0.234088,1.810137,1.639394,1.443536,1.766619,0.297904,-0.186594,0.103987,-1.448713,-1.713696,1.654758,-1.658329,0.048776,-0.213163,1
0.107941,-0.140700,-0.024320,0.171729,-0.235293,0.082807,0.004270,0.019149,-0.017463,0.387228,-0.409305,-0.002541,-0.168925,-0.038576,-0.016071,0.234184,1.806218,1.639370,1.437592,1.766595,0.297904,-0.186582,0.103975,-1.448725,-1.713684,1.654770,-1.658341,0.048644,-0.213151,1
0.107967,-0.140692,-0.024306,0.171746,-0.235302,0.082807,0.004287,0.019158,-0.017476,0.387177,-0.409309,-0.002548,-0.168925,-0.038554,-0.016066,0.234232,1.802515,1.639346,1.428172,1.766607,0.297904,-0.186594,0.103975,-1.448713,-1.713660,1.654758,-1.658341,0.048560,-0.213151,1
0.107992,-0.140709,-0.024293,0.171729,-0.235301,0.082793,0.004270,0.019200,-0.017503,0.387109,-0.409301,-0.002534,-0.168939,-0.038516,-0.016080,0.234244,1.796858,1.639370,1.419639,1.766607,0.297892,-0.186570,0.104011,-1.448713,-1.713648,1.654770,-1.658341,0.048452,-0.213139,1
0.108009,-0.140692,-0.024306,0.171746,-0.235293,0.082807,0.004278,0.019192,-0.017490,0.387092,-0.409305,-0.002526,-0.168952,-0.038508,-0.016075,0.234256,1.795049,1.639346,1.416751,1.766619,0.297904,-0.186594,0.103987,-1.448701,-1.713636,1.654770,-1.658353,0.048380,-0.213151,1
0.108043,-0.140692,-0.024293,0.171729,-0.235306,0.082800,0.004244,0.019217,-0.017476,0.387023,-0.409301,-0.002534,-0.168939,-0.038448,-0.016083,0.234232,1.789464,1.639346,1.408087,1.766619,0.297904,-0.186594,0.103987,-1.448737,-1.713600,1.654770,-1.658341,0.048260,-0.213151,1
0.108069,-0.140692,-0.024293,0.171721,-0.235301,0.082793,0.004235,0.019234,-0.017490,0.386972,-0.409301,-0.002534,-0.168912,-0.038417,-0.016102,0.234256,1.785293,1.639370,1.402622,1.766619,0.297904,-0.186582,0.103987,-1.448761,-1.713576,1.654770,-1.658341,0.048189,-0.213139,1
0.108120,-0.140709,-0.024280,0.171721,-0.235306,0.082800,0.004227,0.019260,-0.017476,0.386913,-0.409305,-0.002556,-0.168912,-0.038349,-0.016105,0.234232,1.781279,1.639334,1.397121,1.766619,0.297904,-0.186582,0.103999,-1.448761,-1.713564,1.654794,-1.658365,0.048141,-0.213139,1
0.108146,-0.140692,-0.024293,0.171746,-0.235301,0.082793,0.004210,0.019269,-0.017490,0.386870,-0.409313,-0.002526,-0.168925,-0.038296,-0.016099,0.234244,1.775370,1.639310,1.391428,1.766631,0.297892,-0.186594,0.103987,-1.448725,-1.713540,1.654794,-1.658353,0.048093,-0.213127,1
0.108205,-0.140692,-0.024293,0.171755,-0.235310,0.082807,0.004210,0.019286,-0.017476,0.386836,-0.409313,-0.002526,-0.168899,-0.038236,-0.016088,0.234244,1.771715,1.639310,1.386036,1.766643,0.297904,-0.186594,0.104011,-1.448701,-1.713505,1.654794,-1.658341,0.048045,-0.213127,1
0.108231,-0.140675,-0.024293,0.171746,-0.235306,0.082800,0.004193,0.019286,-0.017476,0.386819,-0.409305,-0.002541,-0.168899,-0.038167,-0.016082,0.234244,1.767820,1.639286,1.381014,1.766643,0.297892,-0.186594,0.104011,-1.448737,-1.713469,1.654770,-1.658353,0.048045,-0.213127,1
0.108273,-0.140700,-0.024293,0.171755,-0.235306,0.082814,0.004201,0.019286,-0.017476,0.386776,-0.409309,-0.002548,-0.168885,-0.038137,-0.016071,0.234268,1.764141,1.639286,1.373392,1.766643,0.297880,-0.186570,0.103999,-1.448881,-1.713421,1.654770,-1.658353,0.048033,-0.213127,1
0.108308,-0.140700,-0.024306,0.171755,-0.235301,0.082793,0.004184,0.019294,-0.017490,0.386759,-0.409309,-0.002534,-0.168912,-0.038054,-0.016084,0.234280,1.760198,1.639286,1.368371,1.766679,0.297880,-0.186463,0.104011,-1.449168,-1.713373,1.654758,-1.658365,0.048045,-0.213115,1
0.108359,-0.140700,-0.024293,0.171780,-0.235297,0.082800,0.004176,0.019311,-0.017476,0.386742,-0.409313,-0.002555,-0.168885,-0.037978,-0.016082,0.234316,1.754913,1.639214,1.360821,1.766726,0.297880,-0.186151,0.104011,-1.449732,-1.713253,1.654734,-1.658365,0.048033,-0.213139,1
0.108393,-0.140709,-0.024293,0.171772,-0.235302,0.082807,0.004201,0.019311,-0.017490,0.386734,-0.409309,-0.002548,-0.168885,-0.037925,-0.016106,0.234340,1.751750,1.639190,1.355907,1.766714,0.297868,-0.185851,0.104035,-1.450223,-1.713181,1.654758,-1.658365,0.048057,-0.213163,1
0.108435,-0.140717,-0.024306,0.171772,-0.235306,0.082800,0.004184,0.019303,-0.017463,0.386717,-0.409317,-0.002548,-0.168912,-0.037880,-0.016105,0.234364,1.748430,1.639166,1.350718,1.766714,0.297868,-0.185744,0.104035,-1.450678,-1.713097,1.654734,-1.658377,0.048057,-0.213175,1
0.108469,-0.140692,-0.024280,0.171780,-0.235297,0.082800,0.004159,0.019320,-0.017476,0.386717,-0.409301,-0.002534,-0.168885,-0.037827,-0.016118,0.234411,1.742965,1.639166,1.346128,1.766690,0.297868,-0.185696,0.104023,-1.451122,-1.713013,1.654734,-1.658401,0.048069,-0.213187,1
0.108512,-0.140700,-0.024306,0.171797,-0.235293,0.082807,0.004159,0.019303,-0.017476,0.386734,-0.409301,-0.002534,-0.168899,-0.037766,-0.016126,0.234471,1.738807,1.639154,1.341586,1.766690,0.297856,-0.185732,0.104023,-1.451649,-1.712905,1.654734,-1.658401,0.048105,-0.213187,1
0.108555,-0.140709,-0.024293,0.171797,-0.235301,0.082793,0.004133,0.019320,-0.017476,0.386725,-0.409309,-0.002519,-0.168885,-0.037713,-0.016140,0.234495,1.735235,1.639166,1.337452,1.766714,0.297808,-0.185767,0.104047,-1.451949,-1.712773,1.654758,-1.658425,0.048093,-0.213187,1
0.108606,-0.140692,-0.024293,0.171789,-0.235297,0.082786,0.004116,0.019311,-0.017476,0.386742,-0.409305,-0.002526,-0.168912,-0.037645,-0.016134,0.234495,1.731892,1.639142,1.330980,1.766703,0.297784,-0.185827,0.104059,-1.452201,-1.712690,1.654734,-1.658413,0.048093,-0.213163,1
0.108657,-0.140692,-0.024280,0.171797,-0.235289,0.082800,0.004108,0.019303,-0.017490,0.386742,-0.409309,-0.002548,-0.168899,-0.037584,-0.016142,0.234483,1.728536,1.639142,1.326833,1.766690,0.297772,-0.185827,0.104059,-1.452440,-1.712618,1.654698,-1.658449,0.048093,-0.213175,1
0.108725,-0.140683,-0.024266,0.171806,-0.235297,0.082800,0.004091,0.019294,-0.017476,0.386751,-0.409313,-0.002541,-0.168899,-0.037508,-0.016141,0.234495,1.725181,1.639154,1.322519,1.766690,0.297772,-0.185839,0.104059,-1.452716,-1.712546,1.654662,-1.658449,0.048081,-0.213163,1
0.108776,-0.140692,-0.024280,0.171797,-0.235297,0.082800,0.004074,0.019286,-0.017490,0.386768,-0.409301,-0.002548,-0.168912,-0.037486,-0.016155,0.234495,1.721801,1.639154,1.318588,1.766690,0.297760,-0.185791,0.104059,-1.452943,-1.712498,1.654638,-1.658449,0.048081,-0.213163,1
0.108887,-0.140692,-0.024266,0.171797,-0.235297,0.082800,0.004048,0.019294,-0.017476,0.386776,-0.409297,-0.002541,-0.168939,-0.037433,-0.016168,0.234483,1.716900,1.639154,1.312021,1.766679,0.297724,-0.185887,0.104059,-1.453411,-1.712450,1.654590,-1.658437,0.048081,-0.213187,1
0.108947,-0.140692,-0.024280,0.171797,-0.235297,0.082800,0.004039,0.019286,-0.017463,0.386802,-0.409293,-0.002534,-0.168952,-0.037402,-0.016168,0.234483,1.714059,1.639154,1.308030,1.766655,0.297700,-0.185959,0.104047,-1.453758,-1.712426,1.654554,-1.658449,0.048069,-0.213199,1
0.109006,-0.140709,-0.024266,0.171814,-0.235297,0.082800,0.004022,0.019286,-0.017450,0.386802,-0.409301,-0.002534,-0.168979,-0.037372,-0.016186,0.234495,1.709985,1.639154,1.304375,1.766667,0.297688,-0.186055,0.104083,-1.454334,-1.712378,1.654494,-1.658449,0.048057,-0.213223,1
0.109058,-0.140692,-0.024266,0.171814,-0.235297,0.082800,0.004005,0.019286,-0.017476,0.386810,-0.409297,-0.002541,-0.169006,-0.037365,-0.016211,0.234483,1.707168,1.639142,1.300972,1.766655,0.297676,-0.186139,0.104059,-1.454693,-1.712390,1.654458,-1.658461,0.048033,-0.213235,1
0.109134,-0.140709,-0.024320,0.171797,-0.235293,0.082793,0.004039,0.019286,-0.017463,0.386819,-0.409301,-0.002534,-0.168992,-0.037327,-0.016215,0.234507,1.704064,1.639130,1.295902,1.766655,0.297676,-0.186103,0.104059,-1.455041,-1.712378,1.654398,-1.658497,0.048009,-0.213295,1
0.109194,-0.140683,-0.024280,0.171814,-0.235297,0.082800,0.004022,0.019277,-0.017463,0.386836,-0.409301,-0.002534,-0.168992,-0.037296,-0.016214,0.234495,1.700613,1.639107,1.292187,1.766667,0.297688,-0.186091,0.104071,-1.455328,-1.712366,1.654338,-1.658509,0.048021,-0.213307,1
0.109228,-0.140692,-0.024293,0.171806,-0.235297,0.082800,0.004005,0.019260,-0.017476,0.386844,-0.409305,-0.002541,-0.169006,-0.037312,-0.016224,0.234507,1.697245,1.639107,1.288820,1.766643,0.297676,-0.186067,0.104071,-1.455652,-1.712378,1.654314,-1.658509,0.048033,-0.213343,1
0.109296,-0.140675,-0.024280,0.171823,-0.235297,0.082800,0.004005,0.019269,-0.017476,0.386870,-0.409301,-0.002563,-0.169046,-0.037297,-0.016234,0.234495,1.694309,1.639130,1.285452,1.766643,0.297676,-0.186079,0.104047,-1.456023,-1.712366,1.654290,-1.658521,0.048045,-0.213379,1
0.109347,-0.140700,-0.024293,0.171831,-0.235297,0.082800,0.004031,0.019243,-0.017476,0.386878,-0.409297,-0.002556,-0.169046,-0.037274,-0.016238,0.234507,1.691601,1.639130,1.282168,1.766631,0.297664,-0.186103,0.104071,-1.456395,-1.712330,1.654279,-1.658533,0.048045,-0.213439,1
0.109407,-0.140692,-0.024280,0.171831,-0.235297,0.082800,0.004031,0.019243,-0.017476,0.386870,-0.409313,-0.002541,-0.169086,-0.037259,-0.016257,0.234507,1.689012,1.639154,1.279220,1.766619,0.297652,-0.186115,0.104083,-1.456838,-1.712354,1.654279,-1.658509,0.048033,-0.213463,1
0.109450,-0.140709,-0.024280,0.171840,-0.235297,0.082800,0.004031,0.019243,-0.017476,0.386870,-0.409313,-0.002555,-0.169073,-0.037206,-0.016280,0.234495,1.684302,1.639154,1.274211,1.766619,0.297652,-0.186199,0.104083,-1.457725,-1.712354,1.654290,-1.658521,0.048021,-0.213487,1
0.109475,-0.140683,-0.024293,0.171866,-0.235293,0.082807,0.004014,0.019243,-0.017476,0.386870,-0.409305,-0.002556,-0.169099,-0.037138,-0.016313,0.234483,1.681558,1.639142,1.271059,1.766607,0.297664,-0.186235,0.104095,-1.458133,-1.712342,1.654290,-1.658521,0.048045,-0.213451,1
0.109526,-0.140692,-0.024293,0.171848,-0.235297,0.082800,0.004048,0.019243,-0.017463,0.386853,-0.409301,-0.002548,-0.169126,-0.037070,-0.016355,0.234495,1.678921,1.639142,1.268314,1.766607,0.297664,-0.186307,0.104095,-1.458480,-1.712342,1.654290,-1.658521,0.048069,-0.213451,1
0.109560,-0.140683,-0.024293,0.171866,-0.235293,0.082807,0.004039,0.019234,-0.017476,0.386853,-0.409297,-0.002541,-0.169166,-0.036986,-0.016388,0.234495,1.676273,1.639142,1.264288,1.766595,0.297640,-0.186319,0.104083,-1.458864,-1.712342,1.654290,-1.658521,0.048069,-0.213427,1
0.109586,-0.140692,-0.024266,0.171857,-0.235297,0.082800,0.004031,0.019251,-0.017476,0.386861,-0.409309,-0.002534,-0.169193,-0.036926,-0.016435,0.234483,1.673768,1.639130,1.261831,1.766571,0.297652,-0.186343,0.104083,-1.459235,-1.712330,1.654314,-1.658533,0.048069,-0.213427,1
0.109628,-0.140700,-0.024293,0.171883,-0.235297,0.082800,0.004031,0.019251,-0.017450,0.386844,-0.409305,-0.002556,-0.169233,-0.036873,-0.016459,0.234495,1.671240,1.639142,1.259614,1.766571,0.297664,-0.186343,0.104095,-1.459619,-1.712366,1.654302,-1.658545,0.048069,-0.213415,1
0.109663,-0.140692,-0.024280,0.171883,-0.235306,0.082800,0.004022,0.019243,-0.017490,0.386853,-0.409305,-0.002556,-0.169180,-0.036797,-0.016496,0.234519,1.668819,1.639154,1.257349,1.766583,0.297652,-0.186331,0.104083,-1.459954,-1.712342,1.654314,-1.658557,0.048057,-0.213379,1
0.109697,-0.140709,-0.024253,0.171900,-0.235301,0.082793,0.004022,0.019234,-0.017490,0.386853,-0.409305,-0.002541,-0.169193,-0.036752,-0.016505,0.234483,1.666398,1.639154,1.254700,1.766583,0.297664,-0.186307,0.104095,-1.460326,-1.712354,1.654338,-1.658569,0.048057,-0.213343,1
0.109739,-0.140692,-0.024253,0.171900,-0.235306,0.082800,0.004031,0.019260,-0.017490,0.386844,-0.409304,-0.002570,-0.169207,-0.036676,-0.016542,0.234495,1.663797,1.639154,1.252076,1.766559,0.297676,-0.186271,0.104095,-1.460709,-1.712354,1.654314,-1.658569,0.048057,-0.213331,1
0.109773,-0.140700,-0.024226,0.171900,-0.235306,0.082800,0.004048,0.019243,-0.017476,0.386827,-0.409317,-0.002548,-0.169193,-0.036661,-0.016542,0.234507,1.660106,1.639154,1.249811,1.766571,0.297664,-0.186259,0.104095,-1.461356,-1.712354,1.654314,-1.658581,0.048057,-0.213295,1
0.109807,-0.140692,-0.024239,0.171891,-0.235301,0.082793,0.004014,0.019243,-0.017436,0.386827,-0.409313,-0.002555,-0.169180,-0.036638,-0.016546,0.234507,1.656547,1.639190,1.246539,1.766559,0.297652,-0.186319,0.104107,-1.461932,-1.712354,1.654314,-1.658581,0.048057,-0.213307,1
0.109833,-0.140692,-0.024226,0.171883,-0.235306,0.082800,0.004014,0.019243,-0.017476,0.386819,-0.409305,-0.002556,-0.169193,-0.036631,-0.016561,0.234495,1.654522,1.639190,1.242980,1.766547,0.297640,-0.186355,0.104107,-1.462315,-1.712354,1.654350,-1.658593,0.048057,-0.213295,1
0.109850,-0.140675,-0.024226,0.171883,-0.235310,0.082793,0.004031,0.019243,-0.017490,0.386802,-0.409301,-0.002548,-0.169193,-0.036631,-0.016561,0.234471,1.652436,1.639226,1.240919,1.766535,0.297664,-0.186403,0.104107,-1.462675,-1.712354,1.654338,-1.658581,0.048069,-0.213307,1
0.109850,-0.140692,-0.024226,0.171891,-0.235310,0.082779,0.004039,0.019243,-0.017490,0.386802,-0.409309,-0.002548,-0.169193,-0.036623,-0.016556,0.234447,1.650315,1.639226,1.238797,1.766523,0.297664,-0.186475,0.104107,-1.463022,-1.712354,1.654338,-1.658581,0.048069,-0.213283,1
0.109842,-0.140692,-0.024226,0.171874,-0.235318,0.082793,0.004022,0.019243,-0.017490,0.386793,-0.409309,-0.002548,-0.169207,-0.036608,-0.016546,0.234435,1.648302,1.639214,1.236568,1.766511,0.297676,-0.186558,0.104131,-1.463406,-1.712354,1.654350,-1.658581,0.048057,-0.213259,1
0.109859,-0.140683,-0.024239,0.171891,-0.235318,0.082779,0.004031,0.019243,-0.017476,0.386776,-0.409301,-0.002548,-0.169207,-0.036600,-0.016521,0.234447,1.646229,1.639214,1.234231,1.766511,0.297664,-0.186546,0.104095,-1.463873,-1.712366,1.654350,-1.658581,0.048057,-0.213259,1
0.109867,-0.140700,-0.024226,0.171891,-0.235314,0.082771,0.004031,0.019251,-0.017476,0.386768,-0.409305,-0.002556,-0.169207,-0.036563,-0.016515,0.234459,1.643916,1.639202,1.232086,1.766499,0.297664,-0.186546,0.104143,-1.464364,-1.712342,1.654338,-1.658581,0.048033,-0.213247,1
0.109884,-0.140700,-0.024213,0.171891,-0.235322,0.082757,0.004022,0.019243,-0.017463,0.386751,-0.409305,-0.002541,-0.169193,-0.036509,-0.016480,0.234459,1.639505,1.639202,1.229594,1.766511,0.297676,-0.186558,0.104155,-1.465515,-1.712354,1.654386,-1.658593,0.048057,-0.213247,1
0.109884,-0.140709,-0.024199,0.171866,-0.235339,0.082757,0.004022,0.019251,-0.017463,0.386734,-0.409305,-0.002541,-0.169220,-0.036471,-0.016445,0.234435,1.637360,1.639226,1.228131,1.766511,0.297652,-0.186534,0.104167,-1.466258,-1.712354,1.654410,-1.658581,0.048069,-0.213247,1
0.109884,-0.140709,-0.024213,0.171866,-0.235339,0.082757,0.004014,0.019251,-0.017476,0.386717,-0.409301,-0.002548,-0.169207,-0.036448,-0.016421,0.234447,1.635515,1.639226,1.226058,1.766511,0.297676,-0.186511,0.104167,-1.467133,-1.712330,1.654446,-1.658581,0.048057,-0.213235,1
0.109876,-0.140709,-0.024213,0.171857,-0.235343,0.082750,0.004031,0.019251,-0.017476,0.386708,-0.409317,-0.002534,-0.169207,-0.036380,-0.016395,0.234459,1.633837,1.639202,1.224716,1.766511,0.297664,-0.186511,0.104191,-1.468163,-1.712330,1.654470,-1.658581,0.048045,-0.213235,1
0.109893,-0.140709,-0.024239,0.171848,-0.235347,0.082757,0.004022,0.019260,-0.017463,0.386708,-0.409305,-0.002541,-0.169207,-0.036327,-0.016379,0.234459,1.631967,1.639226,1.223541,1.766499,0.297676,-0.186499,0.104191,-1.469266,-1.712354,1.654494,-1.658593,0.048057,-0.213223,1
0.109884,-0.140709,-0.024226,0.171857,-0.235355,0.082758,0.004031,0.019260,-0.017463,0.386682,-0.409317,-0.002548,-0.169207,-0.036312,-0.016350,0.234483,1.629930,1.639226,1.222583,1.766523,0.297664,-0.186475,0.104215,-1.470369,-1.712330,1.654542,-1.658581,0.048045,-0.213187,1
0.109884,-0.140692,-0.024199,0.171857,-0.235355,0.082743,0.004031,0.019277,-0.017490,0.386665,-0.409313,-0.002541,-0.169193,-0.036274,-0.016334,0.234447,1.628144,1.639250,1.221828,1.766511,0.297676,-0.186427,0.104203,-1.471351,-1.712330,1.654566,-1.658581,0.048057,-0.213139,1
0.109859,-0.140692,-0.024186,0.171848,-0.235368,0.082751,0.004022,0.019286,-0.017476,0.386657,-0.409313,-0.002555,-0.169193,-0.036266,-0.016300,0.234471,1.626347,1.639226,1.221217,1.766499,0.297676,-0.186403,0.104203,-1.472214,-1.712330,1.654566,-1.658581,0.048069,-0.213092,1
0.109867,-0.140692,-0.024199,0.171848,-0.235372,0.082758,0.004031,0.019286,-0.017490,0.386648,-0.409313,-0.002541,-0.169220,-0.036213,-0.016284,0.234459,1.624429,1.639226,1.220677,1.766499,0.297664,-0.186391,0.104215,-1.473005,-1.712330,1.654566,-1.658581,0.048057,-0.213068,1
0.109884,-0.140666,-0.024199,0.171848,-0.235385,0.082765,0.004031,0.019286,-0.017517,0.386648,-0.409317,-0.002534,-0.169207,-0.036190,-0.016250,0.234459,1.621865,1.639250,1.220090,1.766475,0.297664,-0.186403,0.104227,-1.474048,-1.712342,1.654566,-1.658581,0.048069,-0.213068,1
0.109884,-0.140683,-0.024226,0.171848,-0.235385,0.082751,0.004014,0.019286,-0.017517,0.386648,-0.409309,-0.002548,-0.169193,-0.036129,-0.016210,0.234447,1.620283,1.639250,1.219563,1.766487,0.297676,-0.186403,0.104227,-1.474695,-1.712318,1.654590,-1.658581,0.048057,-0.213008,1
0.109884,-0.140683,-0.024159,0.171831,-0.235393,0.082751,0.004014,0.019286,-0.017503,0.386648,-0.409305,-0.002556,-0.169193,-0.036107,-0.016195,0.234447,1.618737,1.639226,1.218820,1.766487,0.297676,-0.186403,0.104215,-1.475246,-1.712294,1.654626,-1.658581,0.048057,-0.212996,1
0.109884,-0.140683,-0.024159,0.171840,-0.235406,0.082744,0.003997,0.019294,-0.017517,0.386657,-0.409309,-0.002534,-0.169207,-0.036023,-0.016159,0.234447,1.616496,1.639226,1.217969,1.766451,0.297640,-0.186403,0.104251,-1.475965,-1.712222,1.654602,-1.658593,0.048057,-0.212960,1
0.109884,-0.140683,-0.024132,0.171831,-0.235406,0.082744,0.003988,0.019311,-0.017543,0.386640,-0.409301,-0.002548,-0.169193,-0.035977,-0.016129,0.234459,1.614890,1.639250,1.217238,1.766451,0.297676,-0.186367,0.104251,-1.476480,-1.712174,1.654602,-1.658581,0.048081,-0.212972,1
0.109876,-0.140692,-0.024159,0.171823,-0.235410,0.082751,0.003971,0.019294,-0.017530,0.386648,-0.409309,-0.002548,-0.169220,-0.035932,-0.016099,0.234435,1.613320,1.639226,1.216543,1.766451,0.297664,-0.186355,0.104227,-1.476960,-1.712138,1.654602,-1.658581,0.048081,-0.212996,1
0.109901,-0.140692,-0.024119,0.171806,-0.235418,0.082737,0.003946,0.019320,-0.017530,0.386648,-0.409301,-0.002548,-0.169193,-0.035901,-0.016078,0.234435,1.611786,1.639250,1.215848,1.766463,0.297676,-0.186367,0.104239,-1.477511,-1.712078,1.654638,-1.658581,0.048093,-0.213008,1
0.109884,-0.140700,-0.024132,0.171789,-0.235431,0.082744,0.003920,0.019286,-0.017543,0.386648,-0.409313,-0.002555,-0.169193,-0.035863,-0.016053,0.234435,1.609533,1.639262,1.215189,1.766439,0.297664,-0.186367,0.104239,-1.478386,-1.712018,1.654626,-1.658569,0.048069,-0.213008,1
0.109884,-0.140709,-0.024119,0.171806,-0.235426,0.082723,0.003903,0.019303,-0.017557,0.386648,-0.409308,-0.002563,-0.169193,-0.035803,-0.016023,0.234411,1.608095,1.639286,1.214673,1.766415,0.297688,-0.186391,0.104263,-1.479057,-1.711911,1.654626,-1.658593,0.048093,-0.213032,1
0.109867,-0.140692,-0.024132,0.171806,-0.235435,0.082723,0.003878,0.019328,-0.017543,0.386648,-0.409317,-0.002548,-0.169220,-0.035772,-0.015993,0.234399,1.606740,1.639286,1.214302,1.766391,0.297676,-0.186403,0.104275,-1.479716,-1.711767,1.654626,-1.658581,0.048093,-0.213020,1
0.109876,-0.140692,-0.024119,0.171806,-0.235443,0.082723,0.003843,0.019328,-0.017570,0.386640,-0.409305,-0.002556,-0.169220,-0.035765,-0.015978,0.234411,1.605458,1.639286,1.213954,1.766367,0.297676,-0.186439,0.104287,-1.480363,-1.711671,1.654626,-1.658569,0.048117,-0.213032,1
0.109850,-0.140709,-0.024065,0.171797,-0.235443,0.082708,0.003843,0.019337,-0.017570,0.386631,-0.409309,-0.002534,-0.169233,-0.035742,-0.015954,0.234375,1.604200,1.639286,1.213870,1.766331,0.297676,-0.186439,0.104287,-1.480915,-1.711551,1.654626,-1.658581,0.048141,-0.213044,1
0.109850,-0.140700,-0.024092,0.171789,-0.235451,0.082709,0.003818,0.019354,-0.017570,0.386623,-0.409313,-0.002555,-0.169274,-0.035689,-0.015948,0.234340,1.602366,1.639286,1.213954,1.766307,0.297664,-0.186451,0.104287,-1.481514,-1.711347,1.654602,-1.658569,0.048165,-0.213044,1
0.109859,-0.140700,-0.024092,0.171772,-0.235459,0.082694,0.003767,0.019354,-0.017584,0.386614,-0.409313,-0.002555,-0.169287,-0.035681,-0.015933,0.234340,1.601204,1.639286,1.214110,1.766307,0.297652,-0.186451,0.104299,-1.481742,-1.711156,1.654602,-1.658545,0.048225,-0.213056,1
0.109850,-0.140692,-0.024092,0.171763,-0.235464,0.082701,0.003750,0.019379,-0.017584,0.386614,-0.409309,-0.002548,-0.169367,-0.035681,-0.015933,0.234292,1.600053,1.639298,1.214302,1.766307,0.297652,-0.186439,0.104311,-1.481825,-1.710964,1.654602,-1.658533,0.048248,-0.213056,1
0.109859,-0.140692,-0.024092,0.171755,-0.235463,0.082687,0.003724,0.019388,-0.017584,0.386623,-0.409309,-0.002548,-0.169381,-0.035666,-0.015932,0.234280,1.598927,1.639322,1.214481,1.766307,0.297664,-0.186439,0.104287,-1.481778,-1.710736,1.654590,-1.658557,0.048296,-0.213068,1
0.109859,-0.140692,-0.024092,0.171746,-0.235472,0.082687,0.003724,0.019413,-0.017570,0.386614,-0.409309,-0.002519,-0.169434,-0.035658,-0.015918,0.234268,1.597333,1.639346,1.214685,1.766307,0.297676,-0.186427,0.104299,-1.481526,-1.710449,1.654602,-1.658569,0.048380,-0.213068,1
0.109876,-0.140683,-0.024105,0.171755,-0.235476,0.082694,0.003699,0.019422,-0.017597,0.386631,-0.409313,-0.002541,-0.169448,-0.035666,-0.015923,0.234256,1.596374,1.639346,1.214841,1.766259,0.297664,-0.186451,0.104287,-1.481310,-1.709957,1.654578,-1.658521,0.048392,-0.213080,1
0.109884,-0.140692,-0.024079,0.171729,-0.235480,0.082687,0.003682,0.019447,-0.017597,0.386631,-0.409305,-0.002556,-0.169488,-0.035658,-0.015918,0.234256,1.595391,1.639346,1.214973,1.766235,0.297676,-0.186475,0.104299,-1.481082,-1.709514,1.654578,-1.658509,0.048440,-0.213080,1
0.109884,-0.140692,-0.024065,0.171712,-0.235480,0.082687,0.003682,0.019465,-0.017610,0.386623,-0.409317,-0.002548,-0.169541,-0.035651,-0.015922,0.234256,1.594409,1.639358,1.215105,1.766211,0.297664,-0.186511,0.104287,-1.480927,-1.709046,1.654590,-1.658509,0.048488,-0.213092,1
0.109884,-0.140683,-0.024105,0.171738,-0.235480,0.082687,0.003673,0.019516,-0.017610,0.386631,-0.409320,-0.002570,-0.169622,-0.035651,-0.015913,0.234244,1.593090,1.639370,1.215117,1.766199,0.297664,-0.186558,0.104299,-1.480747,-1.708064,1.654566,-1.658449,0.048572,-0.213092,1
0.109867,-0.140683,-0.024092,0.171729,-0.235489,0.082702,0.003665,0.019524,-0.017610,0.386631,-0.409321,-0.002555,-0.169662,-0.035658,-0.015918,0.234244,1.592707,1.639370,1.215105,1.766199,0.297664,-0.186570,0.104299,-1.480723,-1.707704,1.654566,-1.658437,0.048620,-0.213092,1
0.109867,-0.140675,-0.024052,0.171721,-0.235493,0.082709,0.003656,0.019558,-0.017610,0.386640,-0.409317,-0.002548,-0.169782,-0.035673,-0.015908,0.234256,1.591556,1.639370,1.215320,1.766199,0.297664,-0.186606,0.104299,-1.480747,-1.706506,1.654566,-1.658377,0.048764,-0.213115,1
0.109867,-0.140683,-0.024065,0.171712,-0.235493,0.082695,0.003647,0.019601,-0.017651,0.386631,-0.409317,-0.002548,-0.169849,-0.035658,-0.015918,0.234280,1.590765,1.639370,1.215800,1.766199,0.297640,-0.186642,0.104287,-1.480831,-1.705571,1.654566,-1.658365,0.048836,-0.213127,1
0.109850,-0.140683,-0.024065,0.171687,-0.235506,0.082702,0.003639,0.019643,-0.017637,0.386623,-0.409305,-0.002541,-0.169903,-0.035666,-0.015923,0.234244,1.589387,1.639370,1.216387,1.766175,0.297616,-0.186642,0.104287,-1.480939,-1.704672,1.654566,-1.658353,0.048908,-0.213103,1
0.109859,-0.140692,-0.024065,0.171704,-0.235501,0.082695,0.003622,0.019669,-0.017624,0.386614,-0.409313,-0.002541,-0.169957,-0.035643,-0.015917,0.234232,1.588381,1.639370,1.216998,1.766199,0.297640,-0.186666,0.104299,-1.481023,-1.703677,1.654566,-1.658329,0.049003,-0.213092,1
0.109867,-0.140683,-0.024065,0.171704,-0.235506,0.082702,0.003622,0.019712,-0.017651,0.386623,-0.409309,-0.002548,-0.169970,-0.035658,-0.015918,0.234244,1.587398,1.639346,1.217489,1.766199,0.297640,-0.186726,0.104299,-1.481023,-1.702323,1.654566,-1.658353,0.049099,-0.213080,1
0.109876,-0.140683,-0.024079,0.171704,-0.235514,0.082702,0.003630,0.019746,-0.017677,0.386606,-0.409301,-0.002548,-0.170010,-0.035651,-0.015913,0.234244,1.586367,1.639346,1.218101,1.766199,0.297628,-0.186810,0.104287,-1.481023,-1.701436,1.654566,-1.658341,0.049171,-0.213056,1
0.109867,-0.140692,-0.024052,0.171712,-0.235514,0.082702,0.003630,0.019780,-0.017664,0.386597,-0.409309,-0.002534,-0.170050,-0.035658,-0.015918,0.234244,1.585397,1.639358,1.218592,1.766187,0.297628,-0.186930,0.104287,-1.481023,-1.700705,1.654566,-1.658353,0.049243,-0.213044,1
0.109876,-0.140692,-0.024079,0.171712,-0.235505,0.082688,0.003622,0.019814,-0.017664,0.386597,-0.409309,-0.002548,-0.170064,-0.035674,-0.015928,0.234232,1.584594,1.639346,1.219131,1.766187,0.297616,-0.187074,0.104275,-1.480975,-1.699998,1.654566,-1.658341,0.049315,-0.213044,1
0.109876,-0.140658,-0.024092,0.171695,-0.235510,0.082695,0.003630,0.019874,-0.017691,0.386580,-0.409313,-0.002555,-0.170184,-0.035658,-0.015918,0.234244,1.583551,1.639370,1.220042,1.766187,0.297616,-0.187505,0.104287,-1.481047,-1.699004,1.654578,-1.658365,0.049351,-0.213032,1
0.109867,-0.140649,-0.024092,0.171695,-0.235514,0.082688,0.003622,0.019908,-0.017664,0.386555,-0.409317,-0.002548,-0.170184,-0.035643,-0.015917,0.234244,1.582844,1.639370,1.220641,1.766199,0.297604,-0.187685,0.104263,-1.481166,-1.698344,1.654590,-1.658365,0.049363,-0.213056,1
0.109884,-0.140632,-0.024065,0.171678,-0.235518,0.082681,0.003622,0.019950,-0.017677,0.386538,-0.409313,-0.002555,-0.170224,-0.035643,-0.015927,0.234232,1.582053,1.639346,1.221288,1.766199,0.297604,-0.187757,0.104287,-1.481370,-1.697613,1.654590,-1.658341,0.049375,-0.213032,1
0.109867,-0.140606,-0.024065,0.171678,-0.235514,0.082688,0.003622,0.020010,-0.017691,0.386538,-0.409317,-0.002534,-0.170265,-0.035620,-0.015922,0.234232,1.580687,1.639346,1.222067,1.766175,0.297616,-0.187781,0.104275,-1.481658,-1.696894,1.654566,-1.658341,0.049351,-0.213032,1
0.109884,-0.140589,-0.024092,0.171695,-0.235514,0.082688,0.003613,0.020035,-0.017677,0.386529,-0.409313,-0.002541,-0.170278,-0.035636,-0.015912,0.234256,1.579872,1.639346,1.222906,1.766175,0.297604,-0.187757,0.104275,-1.481849,-1.695816,1.654578,-1.658329,0.049351,-0.213044,1
0.109884,-0.140572,-0.024092,0.171695,-0.235510,0.082681,0.003622,0.020070,-0.017677,0.386529,-0.409297,-0.002556,-0.170318,-0.035620,-0.015912,0.234256,1.579165,1.639346,1.224416,1.766187,0.297628,-0.187685,0.104287,-1.482029,-1.695109,1.654566,-1.658317,0.049363,-0.213068,1
0.109876,-0.140547,-0.024105,0.171695,-0.235510,0.082681,0.003622,0.020121,-0.017677,0.386521,-0.409305,-0.002556,-0.170358,-0.035651,-0.015922,0.234256,1.578578,1.639358,1.225459,1.766175,0.297628,-0.187541,0.104287,-1.482209,-1.694438,1.654566,-1.658305,0.049351,-0.213068,1
0.109876,-0.140538,-0.024092,0.171695,-0.235514,0.082673,0.003622,0.020146,-0.017677,0.386521,-0.409309,-0.002548,-0.170385,-0.035651,-0.015913,0.234268,1.578026,1.639346,1.226490,1.766187,0.297616,-0.187397,0.104287,-1.482401,-1.693838,1.654566,-1.658305,0.049339,-0.213092,1
0.109867,-0.140530,-0.024132,0.171704,-0.235509,0.082666,0.003639,0.020180,-0.017677,0.386521,-0.409317,-0.002548,-0.170398,-0.035636,-0.015912,0.234280,1.577559,1.639358,1.227568,1.766175,0.297616,-0.187242,0.104299,-1.482581,-1.693407,1.654590,-1.658305,0.049351,-0.213092,1
0.109867,-0.140496,-0.024146,0.171695,-0.235518,0.082681,0.003630,0.020240,-0.017691,0.386529,-0.409313,-0.002555,-0.170398,-0.035651,-0.015913,0.234268,1.576960,1.639370,1.228695,1.766199,0.297616,-0.187038,0.104299,-1.482808,-1.693023,1.654566,-1.658305,0.049339,-0.213103,1
0.109867,-0.140496,-0.024119,0.171695,-0.235509,0.082666,0.003613,0.020274,-0.017677,0.386529,-0.409308,-0.002563,-0.170439,-0.035620,-0.015912,0.234292,1.576337,1.639370,1.229857,1.766175,0.297628,-0.186990,0.104299,-1.483024,-1.692772,1.654566,-1.658353,0.049339,-0.213103,1
0.109867,-0.140487,-0.024146,0.171678,-0.235514,0.082673,0.003622,0.020351,-0.017704,0.386546,-0.409305,-0.002556,-0.170425,-0.035636,-0.015903,0.234292,1.574958,1.639346,1.231631,1.766187,0.297616,-0.186990,0.104323,-1.483419,-1.692568,1.654566,-1.658353,0.049351,-0.213080,1
0.109859,-0.140470,-0.024132,0.171704,-0.235518,0.082681,0.003605,0.020385,-0.017691,0.386555,-0.409305,-0.002556,-0.170412,-0.035643,-0.015908,0.234292,1.574227,1.639346,1.233117,1.766199,0.297616,-0.187050,0.104347,-1.483611,-1.692592,1.654566,-1.658365,0.049339,-0.213080,1
0.109842,-0.140453,-0.024159,0.171678,-0.235518,0.082681,0.003622,0.020428,-0.017704,0.386563,-0.409309,-0.002534,-0.170412,-0.035636,-0.015903,0.234304,1.573472,1.639346,1.235298,1.766175,0.297616,-0.187098,0.104347,-1.483779,-1.692652,1.654566,-1.658353,0.049339,-0.213080,1
0.109876,-0.140453,-0.024146,0.171695,-0.235509,0.082666,0.003613,0.020462,-0.017704,0.386580,-0.409301,-0.002548,-0.170385,-0.035628,-0.015907,0.234292,1.572657,1.639346,1.236688,1.766199,0.297616,-0.187146,0.104347,-1.483899,-1.692724,1.654566,-1.658365,0.049351,-0.213080,1
0.109867,-0.140436,-0.024159,0.171695,-0.235509,0.082666,0.003605,0.020487,-0.017717,0.386580,-0.409313,-0.002541,-0.170385,-0.035651,-0.015913,0.234316,1.571854,1.639346,1.237947,1.766199,0.297604,-0.187182,0.104335,-1.483995,-1.692796,1.654566,-1.658353,0.049339,-0.213080,1
0.109876,-0.140436,-0.024199,0.171695,-0.235509,0.082666,0.003605,0.020530,-0.017704,0.386597,-0.409305,-0.002541,-0.170412,-0.035628,-0.015907,0.234292,1.571147,1.639346,1.239193,1.766187,0.297592,-0.187170,0.104347,-1.484115,-1.692880,1.654566,-1.658365,0.049363,-0.213080,1
0.109867,-0.140419,-0.024213,0.171704,-0.235509,0.082666,0.003622,0.020572,-0.017717,0.386589,-0.409301,-0.002548,-0.170385,-0.035613,-0.015917,0.234316,1.570428,1.639370,1.240571,1.766175,0.297592,-0.187134,0.104347,-1.484198,-1.692940,1.654578,-1.658353,0.049327,-0.213092,1
0.109867,-0.140410,-0.024186,0.171695,-0.235509,0.082666,0.003613,0.020598,-0.017704,0.386597,-0.409309,-0.002548,-0.170452,-0.035636,-0.015922,0.234292,1.569841,1.639358,1.241853,1.766187,0.297556,-0.187110,0.104347,-1.484318,-1.692964,1.654566,-1.658365,0.049351,-0.213103,1
0.109867,-0.140393,-0.024199,0.171695,-0.235514,0.082673,0.003622,0.020649,-0.017744,0.386623,-0.409313,-0.002555,-0.170439,-0.035628,-0.015917,0.234304,1.569170,1.639346,1.243112,1.766187,0.297568,-0.187098,0.104335,-1.484462,-1.692940,1.654566,-1.658353,0.049351,-0.213103,1
0.109867,-0.140385,-0.024226,0.171695,-0.235514,0.082673,0.003622,0.020734,-0.017717,0.386648,-0.409309,-0.002548,-0.170398,-0.035605,-0.015922,0.234292,1.567840,1.639310,1.245029,1.766187,0.297568,-0.187098,0.104335,-1.484762,-1.692868,1.654566,-1.658353,0.049363,-0.213127,1
0.109850,-0.140368,-0.024213,0.171695,-0.235509,0.082666,0.003622,0.020794,-0.017717,0.386648,-0.409313,-0.002541,-0.170385,-0.035636,-0.015912,0.234316,1.567240,1.639298,1.247030,1.766187,0.297544,-0.187086,0.104347,-1.484977,-1.692832,1.654566,-1.658365,0.049351,-0.213115,1
0.109850,-0.140368,-0.024226,0.171695,-0.235501,0.082652,0.003613,0.020837,-0.017717,0.386648,-0.409309,-0.002548,-0.170385,-0.035620,-0.015912,0.234316,1.566629,1.639298,1.248277,1.766187,0.297544,-0.187098,0.104335,-1.485193,-1.692784,1.654566,-1.658365,0.049339,-0.213115,1
0.109833,-0.140351,-0.024253,0.171704,-0.235509,0.082652,0.003622,0.020896,-0.017717,0.386648,-0.409305,-0.002556,-0.170385,-0.035628,-0.015917,0.234292,1.566054,1.639322,1.249439,1.766187,0.297532,-0.187122,0.104347,-1.485409,-1.692784,1.654566,-1.658353,0.049327,-0.213103,1
0.109859,-0.140342,-0.024293,0.171678,-0.235509,0.082666,0.003647,0.020930,-0.017744,0.386640,-0.409317,-0.002534,-0.170398,-0.035620,-0.015922,0.234304,1.565563,1.639310,1.250722,1.766187,0.297496,-0.187146,0.104347,-1.485660,-1.692820,1.654566,-1.658353,0.049339,-0.213092,1
0.109859,-0.140334,-0.024266,0.171695,-0.235501,0.082666,0.003656,0.020990,-0.017731,0.386631,-0.409313,-0.002526,-0.170412,-0.035620,-0.015922,0.234304,1.565167,1.639310,1.252028,1.766187,0.297460,-0.187170,0.104347,-1.485924,-1.692808,1.654566,-1.658365,0.049339,-0.213080,1
0.109859,-0.140325,-0.024306,0.171687,-0.235505,0.082659,0.003656,0.021050,-0.017744,0.386631,-0.409308,-0.002563,-0.170425,-0.035620,-0.015912,0.234316,1.564868,1.639286,1.253430,1.766175,0.297496,-0.187170,0.104335,-1.486248,-1.692808,1.654566,-1.658365,0.049339,-0.213068,1
0.109850,-0.140317,-0.024333,0.171695,-0.235496,0.082659,0.003639,0.021143,-0.017731,0.386648,-0.409313,-0.002555,-0.170425,-0.035636,-0.015922,0.234340,1.564652,1.639286,1.254928,1.766211,0.297496,-0.187170,0.104347,-1.486871,-1.692832,1.654566,-1.658353,0.049351,-0.213068,1
0.109859,-0.140291,-0.024306,0.171704,-0.235505,0.082659,0.003656,0.021203,-0.017744,0.386640,-0.409308,-0.002563,-0.170425,-0.035643,-0.015917,0.234364,1.564640,1.639286,1.256486,1.766187,0.297484,-0.187146,0.104323,-1.487434,-1.692820,1.654590,-1.658341,0.049327,-0.213044,1
0.109859,-0.140283,-0.024320,0.171712,-0.235501,0.082652,0.003656,0.021263,-0.017731,0.386657,-0.409313,-0.002541,-0.170452,-0.035628,-0.015917,0.234340,1.564736,1.639286,1.257792,1.766187,0.297496,-0.187146,0.104335,-1.488081,-1.692832,1.654578,-1.658365,0.049327,-0.213044,1
0.109859,-0.140240,-0.024346,0.171712,-0.235501,0.082666,0.003665,0.021365,-0.017758,0.386657,-0.409313,-0.002541,-0.170439,-0.035628,-0.015917,0.234328,1.564976,1.639286,1.260525,1.766187,0.297460,-0.187170,0.104335,-1.489100,-1.692808,1.654626,-1.658353,0.049243,-0.213008,1
0.109850,-0.140231,-0.024320,0.171695,-0.235509,0.082652,0.003665,0.021425,-0.017744,0.386648,-0.409305,-0.002556,-0.170425,-0.035620,-0.015902,0.234352,1.565131,1.639286,1.261963,1.766199,0.297460,-0.187158,0.104323,-1.489687,-1.692784,1.654590,-1.658353,0.049159,-0.213008,1
0.109842,-0.140214,-0.024373,0.171704,-0.235496,0.082659,0.003665,0.021493,-0.017731,0.386648,-0.409309,-0.002548,-0.170439,-0.035620,-0.015902,0.234340,1.565239,1.639286,1.263485,1.766211,0.297460,-0.187158,0.104347,-1.490119,-1.692796,1.654590,-1.658341,0.048968,-0.212984,1
0.109842,-0.140206,-0.024333,0.171704,-0.235501,0.082652,0.003673,0.021552,-0.017744,0.386648,-0.409309,-0.002548,-0.170492,-0.035636,-0.015903,0.234340,1.565311,1.639286,1.265103,1.766211,0.297448,-0.187146,0.104323,-1.490370,-1.692784,1.654602,-1.658353,0.048872,-0.212996,1
0.109833,-0.140189,-0.024320,0.171678,-0.235492,0.082652,0.003665,0.021621,-0.017744,0.386648,-0.409309,-0.002548,-0.170573,-0.035620,-0.015902,0.234328,1.565335,1.639286,1.266829,1.766211,0.297460,-0.187122,0.104323,-1.490418,-1.692784,1.654602,-1.658353,0.048776,-0.212996,1
0.109842,-0.140172,-0.024373,0.171695,-0.235496,0.082645,0.003665,0.021697,-0.017744,0.386648,-0.409308,-0.002563,-0.170640,-0.035628,-0.015917,0.234328,1.565203,1.639262,1.268446,1.766211,0.297460,-0.187074,0.104323,-1.490191,-1.692784,1.654602,-1.658365,0.048752,-0.213008,1
0.109850,-0.140155,-0.024360,0.171695,-0.235492,0.082652,0.003673,0.021748,-0.017744,0.386648,-0.409309,-0.002534,-0.170720,-0.035605,-0.015922,0.234328,1.565011,1.639286,1.270172,1.766223,0.297448,-0.187026,0.104323,-1.489939,-1.692820,1.654590,-1.658341,0.048740,-0.213032,1
0.109850,-0.140129,-0.024373,0.171695,-0.235488,0.082644,0.003682,0.021783,-0.017717,0.386657,-0.409309,-0.002548,-0.170827,-0.035598,-0.015917,0.234328,1.564808,1.639286,1.273168,1.766223,0.297448,-0.186918,0.104311,-1.489627,-1.692796,1.654626,-1.658365,0.048728,-0.213032,1
0.109833,-0.140129,-0.024400,0.171695,-0.235484,0.082652,0.003673,0.021842,-0.017717,0.386674,-0.409305,-0.002556,-0.170921,-0.035605,-0.015922,0.234340,1.564616,1.639286,1.275289,1.766223,0.297484,-0.186774,0.104323,-1.489352,-1.692784,1.654590,-1.658365,0.048728,-0.213068,1
0.109850,-0.140095,-0.024373,0.171687,-0.235484,0.082652,0.003682,0.021893,-0.017731,0.386682,-0.409308,-0.002563,-0.171015,-0.035636,-0.015912,0.234340,1.564568,1.639286,1.278190,1.766247,0.297460,-0.186475,0.104323,-1.489076,-1.692784,1.654590,-1.658353,0.048740,-0.213056,1
0.109842,-0.140078,-0.024413,0.171678,-0.235488,0.082644,0.003682,0.021944,-0.017717,0.386682,-0.409300,-0.002578,-0.171095,-0.035636,-0.015903,0.234340,1.564616,1.639262,1.279963,1.766235,0.297460,-0.186259,0.104335,-1.489040,-1.692784,1.654590,-1.658365,0.048764,-0.213056,1
0.109825,-0.140061,-0.024413,0.171695,-0.235484,0.082652,0.003673,0.021996,-0.017744,0.386699,-0.409309,-0.002548,-0.171189,-0.035636,-0.015903,0.234340,1.564604,1.639262,1.281845,1.766223,0.297424,-0.186151,0.104311,-1.489124,-1.692784,1.654590,-1.658341,0.048788,-0.213032,1
0.109833,-0.140052,-0.024427,0.171695,-0.235479,0.082644,0.003665,0.022038,-0.017744,0.386717,-0.409305,-0.002556,-0.171256,-0.035620,-0.015912,0.234304,1.564544,1.639262,1.283954,1.766211,0.297401,-0.186223,0.104347,-1.489256,-1.692760,1.654590,-1.658365,0.048824,-0.213056,1
0.109842,-0.140018,-0.024413,0.171695,-0.235479,0.082644,0.003665,0.022115,-0.017717,0.386717,-0.409305,-0.002556,-0.171282,-0.035628,-0.015917,0.234292,1.564448,1.639286,1.286099,1.766235,0.297377,-0.186307,0.104323,-1.489471,-1.692760,1.654566,-1.658353,0.048848,-0.213068,1
0.109850,-0.140001,-0.024440,0.171695,-0.235483,0.082637,0.003656,0.022149,-0.017717,0.386725,-0.409301,-0.002548,-0.171282,-0.035590,-0.015931,0.234292,1.564472,1.639262,1.288100,1.766223,0.297365,-0.186355,0.104335,-1.489579,-1.692748,1.654566,-1.658365,0.048872,-0.213080,1
0.109842,-0.139976,-0.024440,0.171695,-0.235479,0.082644,0.003656,0.022200,-0.017717,0.386725,-0.409305,-0.002556,-0.171323,-0.035590,-0.015902,0.234304,1.564472,1.639226,1.290174,1.766223,0.297365,-0.186355,0.104335,-1.489615,-1.692736,1.654542,-1.658365,0.048896,-0.213103,1
0.109859,-0.139967,-0.024440,0.171687,-0.235471,0.082630,0.003656,0.022243,-0.017731,0.386751,-0.409309,-0.002534,-0.171363,-0.035605,-0.015912,0.234304,1.564472,1.639226,1.293661,1.766223,0.297353,-0.186355,0.104335,-1.489603,-1.692748,1.654542,-1.658365,0.048920,-0.213127,1
0.109842,-0.139933,-0.024467,0.171678,-0.235471,0.082630,0.003673,0.022285,-0.017717,0.386751,-0.409305,-0.002556,-0.171403,-0.035605,-0.015902,0.234292,1.564484,1.639226,1.296082,1.766223,0.297365,-0.186403,0.104335,-1.489591,-1.692700,1.654530,-1.658365,0.048944,-0.213163,1
0.109842,-0.139916,-0.024507,0.171678,-0.235471,0.082630,0.003673,0.022311,-0.017731,0.386751,-0.409309,-0.002548,-0.171470,-0.035620,-0.015902,0.234292,1.564532,1.639238,1.298275,1.766235,0.297341,-0.186391,0.104323,-1.489615,-1.692724,1.654530,-1.658365,0.048956,-0.213175,1
0.109850,-0.139899,-0.024507,0.171687,-0.235471,0.082630,0.003682,0.022379,-0.017744,0.386759,-0.409305,-0.002556,-0.171537,-0.035605,-0.015912,0.234292,1.564604,1.639226,1.301571,1.766247,0.297341,-0.186391,0.104347,-1.489663,-1.692724,1.654494,-1.658365,0.048932,-0.213235,1
0.109842,-0.139882,-0.024507,0.171704,-0.235466,0.082623,0.003665,0.022405,-0.017717,0.386768,-0.409301,-0.002563,-0.171564,-0.035613,-0.015917,0.234304,1.564652,1.639238,1.304052,1.766247,0.297341,-0.186415,0.104335,-1.489711,-1.692712,1.654470,-1.658377,0.048932,-0.213247,1
0.109842,-0.139856,-0.024507,0.171712,-0.235458,0.082623,0.003682,0.022422,-0.017704,0.386776,-0.409301,-0.002534,-0.171577,-0.035605,-0.015922,0.234292,1.564736,1.639238,1.306640,1.766223,0.297341,-0.186415,0.104323,-1.489747,-1.692724,1.654446,-1.658389,0.048944,-0.213259,1
0.109833,-0.139839,-0.024547,0.171712,-0.235458,0.082623,0.003673,0.022473,-0.017704,0.386768,-0.409313,-0.002541,-0.171617,-0.035620,-0.015912,0.234292,1.564772,1.639238,1.309037,1.766235,0.297353,-0.186379,0.104335,-1.489795,-1.692700,1.654446,-1.658389,0.048944,-0.213271,1
0.109850,-0.139822,-0.024534,0.171704,-0.235466,0.082623,0.003665,0.022515,-0.017717,0.386759,-0.409305,-0.002556,-0.171657,-0.035628,-0.015898,0.234316,1.564844,1.639226,1.313100,1.766223,0.297365,-0.186307,0.104347,-1.489867,-1.692724,1.654458,-1.658365,0.048920,-0.213271,1
0.109842,-0.139788,-0.024534,0.171712,-0.235454,0.082630,0.003673,0.022550,-0.017717,0.386768,-0.409308,-0.002563,-0.171684,-0.035605,-0.015902,0.234340,1.564903,1.639226,1.315844,1.766235,0.297353,-0.186211,0.104335,-1.489915,-1.692724,1.654446,-1.658401,0.048932,-0.213271,1
0.109833,-0.139788,-0.024547,0.171695,-0.235458,0.082637,0.003682,0.022575,-0.017717,0.386785,-0.409301,-0.002534,-0.171724,-0.035598,-0.015907,0.234328,1.564952,1.639202,1.318349,1.766247,0.297341,-0.186103,0.104347,-1.489975,-1.692748,1.654458,-1.658413,0.048968,-0.213259,1
0.109850,-0.139771,-0.024534,0.171704,-0.235462,0.082615,0.003673,0.022609,-0.017704,0.386793,-0.409297,-0.002556,-0.171697,-0.035598,-0.015907,0.234352,1.565011,1.639226,1.320566,1.766247,0.297341,-0.185995,0.104335,-1.490035,-1.692724,1.654434,-1.658389,0.048932,-0.213259,1
0.109850,-0.139737,-0.024561,0.171695,-0.235458,0.082623,0.003682,0.022660,-0.017731,0.386785,-0.409301,-0.002548,-0.171738,-0.035605,-0.015912,0.234340,1.565011,1.639226,1.324113,1.766259,0.297341,-0.185935,0.104335,-1.490131,-1.692724,1.654434,-1.658401,0.048944,-0.213235,1
0.109842,-0.139712,-0.024561,0.171704,-0.235458,0.082623,0.003673,0.022686,-0.017717,0.386819,-0.409305,-0.002556,-0.171738,-0.035605,-0.015912,0.234316,1.565011,1.639250,1.326606,1.766223,0.297305,-0.185995,0.104347,-1.490191,-1.692724,1.654434,-1.658401,0.048944,-0.213247,1
0.109850,-0.139703,-0.024561,0.171704,-0.235458,0.082623,0.003673,0.022720,-0.017704,0.386802,-0.409301,-0.002548,-0.171697,-0.035598,-0.015917,0.234340,1.564976,1.639262,1.329087,1.766247,0.297257,-0.186115,0.104347,-1.490274,-1.692712,1.654434,-1.658377,0.048944,-0.213247,1
0.109850,-0.139686,-0.024547,0.171695,-0.235454,0.082615,0.003682,0.022754,-0.017717,0.386819,-0.409308,-0.002563,-0.171724,-0.035605,-0.015922,0.234316,1.564963,1.639250,1.331927,1.766223,0.297221,-0.186247,0.104323,-1.490382,-1.692712,1.654434,-1.658413,0.048944,-0.213247,1
0.109859,-0.139652,-0.024534,0.171704,-0.235445,0.082615,0.003673,0.022797,-0.017717,0.386802,-0.409308,-0.002563,-0.171711,-0.035613,-0.015917,0.234292,1.564939,1.639250,1.334827,1.766235,0.297173,-0.186403,0.104335,-1.490430,-1.692700,1.654434,-1.658413,0.048956,-0.213247,1
0.109850,-0.139626,-0.024561,0.171704,-0.235445,0.082615,0.003682,0.022831,-0.017704,0.386810,-0.409305,-0.002556,-0.171697,-0.035620,-0.015902,0.234280,1.564939,1.639238,1.338770,1.766247,0.297125,-0.186415,0.104347,-1.490490,-1.692748,1.654434,-1.658389,0.048944,-0.213235,1
0.109850,-0.139609,-0.024561,0.171704,-0.235445,0.082615,0.003682,0.022882,-0.017704,0.386810,-0.409308,-0.002563,-0.171764,-0.035628,-0.015907,0.234292,1.564963,1.639238,1.341167,1.766235,0.297077,-0.186391,0.104335,-1.490550,-1.692724,1.654434,-1.658389,0.048956,-0.213271,1
0.109850,-0.139601,-0.024561,0.171704,-0.235445,0.082615,0.003673,0.022890,-0.017717,0.386810,-0.409309,-0.002548,-0.171711,-0.035598,-0.015917,0.234292,1.564963,1.639238,1.343923,1.766223,0.297017,-0.186319,0.104311,-1.490622,-1.692724,1.654434,-1.658413,0.048944,-0.213223,1
0.109842,-0.139592,-0.024574,0.171695,-0.235441,0.082622,0.003682,0.022924,-0.017704,0.386802,-0.409305,-0.002541,-0.171751,-0.035590,-0.015911,0.234280,1.564963,1.639262,1.346739,1.766235,0.296909,-0.186307,0.104323,-1.490694,-1.692724,1.654434,-1.658389,0.048920,-0.213247,1
0.109842,-0.139558,-0.024574,0.171678,-0.235449,0.082608,0.003673,0.022959,-0.017717,0.386802,-0.409308,-0.002563,-0.171711,-0.035598,-0.015907,0.234268,1.564976,1.639250,1.350982,1.766235,0.296777,-0.186307,0.104311,-1.490754,-1.692724,1.654410,-1.658413,0.048896,-0.213247,1
0.109859,-0.139541,-0.024561,0.171695,-0.235441,0.082608,0.003690,0.022993,-0.017717,0.386802,-0.409305,-0.002556,-0.171738,-0.035605,-0.015902,0.234256,1.564963,1.639238,1.354289,1.766223,0.296693,-0.186295,0.104323,-1.490766,-1.692712,1.654410,-1.658389,0.048884,-0.213247,1
0.109850,-0.139524,-0.024601,0.171695,-0.235445,0.082601,0.003682,0.023044,-0.017691,0.386810,-0.409305,-0.002541,-0.171724,-0.035628,-0.015907,0.234268,1.564976,1.639250,1.357273,1.766235,0.296598,-0.186235,0.104323,-1.490778,-1.692712,1.654434,-1.658437,0.048860,-0.213247,1
0.109842,-0.139507,-0.024561,0.171678,-0.235437,0.082615,0.003673,0.023069,-0.017704,0.386810,-0.409297,-0.002541,-0.171724,-0.035613,-0.015917,0.234256,1.564976,1.639238,1.359802,1.766211,0.296514,-0.186163,0.104311,-1.490814,-1.692724,1.654410,-1.658401,0.048884,-0.213235,1
0.109859,-0.139490,-0.024601,0.171695,-0.235441,0.082608,0.003656,0.023095,-0.017731,0.386802,-0.409309,-0.002548,-0.171711,-0.035598,-0.015917,0.234244,1.564963,1.639238,1.363541,1.766223,0.296394,-0.186115,0.104323,-1.490850,-1.692724,1.654434,-1.658413,0.048860,-0.213247,1
0.109850,-0.139481,-0.024614,0.171678,-0.235428,0.082601,0.003682,0.023120,-0.017717,0.386802,-0.409309,-0.002548,-0.171724,-0.035598,-0.015907,0.234244,1.564963,1.639262,1.366166,1.766223,0.296238,-0.186103,0.104311,-1.490874,-1.692748,1.654410,-1.658401,0.048872,-0.213235,1
0.109850,-0.139464,-0.024628,0.171678,-0.235432,0.082594,0.003665,0.023138,-0.017704,0.386802,-0.409297,-0.002556,-0.171724,-0.035620,-0.015902,0.234232,1.564963,1.639286,1.368682,1.766235,0.295950,-0.186151,0.104299,-1.490910,-1.692724,1.654410,-1.658425,0.048872,-0.213247,1
0.109842,-0.139456,-0.024628,0.171695,-0.235428,0.082601,0.003673,0.023172,-0.017704,0.386810,-0.409313,-0.002541,-0.171724,-0.035620,-0.015912,0.234208,1.564976,1.639298,1.371666,1.766223,0.295675,-0.186343,0.104323,-1.490934,-1.692736,1.654410,-1.658401,0.048860,-0.213235,1
0.109850,-0.139439,-0.024654,0.171721,-0.235419,0.082586,0.003673,0.023197,-0.017704,0.386810,-0.409305,-0.002541,-0.171711,-0.035605,-0.015922,0.234160,1.564999,1.639298,1.374794,1.766223,0.295399,-0.186522,0.104335,-1.490934,-1.692748,1.654410,-1.658425,0.048872,-0.213223,1
0.109850,-0.139413,-0.024668,0.171712,-0.235428,0.082601,0.003673,0.023231,-0.017704,0.386793,-0.409301,-0.002548,-0.171764,-0.035598,-0.015917,0.234148,1.565035,1.639310,1.377479,1.766223,0.295112,-0.186666,0.104323,-1.490957,-1.692724,1.654386,-1.658401,0.048872,-0.213247,1
0.109842,-0.139396,-0.024614,0.171712,-0.235424,0.082594,0.003682,0.023265,-0.017704,0.386802,-0.409305,-0.002556,-0.171738,-0.035605,-0.015912,0.234148,1.565047,1.639310,1.379984,1.766211,0.294860,-0.186738,0.104323,-1.490957,-1.692724,1.654398,-1.658425,0.048860,-0.213211,1
0.109850,-0.139379,-0.024654,0.171712,-0.235428,0.082601,0.003665,0.023308,-0.017704,0.386793,-0.409309,-0.002534,-0.171697,-0.035628,-0.015898,0.234148,1.565275,1.639310,1.385149,1.766247,0.294452,-0.186714,0.104299,-1.490957,-1.692724,1.654386,-1.658401,0.048860,-0.213211,1
0.109850,-0.139362,-0.024654,0.171695,-0.235428,0.082601,0.003656,0.023334,-0.017704,0.386793,-0.409309,-0.002534,-0.171738,-0.035628,-0.015898,0.234136,1.565599,1.639286,1.387701,1.766223,0.294177,-0.186678,0.104299,-1.490981,-1.692748,1.654398,-1.658413,0.048872,-0.213223,1
0.109833,-0.139354,-0.024681,0.171704,-0.235428,0.082601,0.003656,0.023342,-0.017717,0.386768,-0.409309,-0.002548,-0.171751,-0.035620,-0.015902,0.234148,1.565934,1.639310,1.390458,1.766247,0.293865,-0.186642,0.104323,-1.490981,-1.692736,1.654410,-1.658389,0.048884,-0.213211,1
0.109833,-0.139328,-0.024695,0.171687,-0.235428,0.082601,0.003673,0.023393,-0.017704,0.386768,-0.409301,-0.002548,-0.171738,-0.035598,-0.015917,0.234148,1.566234,1.639298,1.393514,1.766235,0.293434,-0.186630,0.104323,-1.490981,-1.692748,1.654386,-1.658401,0.048884,-0.213199,1
0.109842,-0.139302,-0.024695,0.171695,-0.235428,0.082601,0.003673,0.023419,-0.017704,0.386768,-0.409301,-0.002548,-0.171738,-0.035598,-0.015917,0.234136,1.566461,1.639298,1.396270,1.766235,0.293158,-0.186618,0.104323,-1.490981,-1.692724,1.654386,-1.658401,0.048884,-0.213211,1
0.109833,-0.139311,-0.024695,0.171695,-0.235419,0.082586,0.003656,0.023461,-0.017717,0.386759,-0.409308,-0.002563,-0.171751,-0.035598,-0.015917,0.234172,1.566653,1.639286,1.398763,1.766223,0.292894,-0.186558,0.104323,-1.491017,-1.692724,1.654386,-1.658425,0.048896,-0.213199,1
0.109833,-0.139294,-0.024695,0.171695,-0.235428,0.082601,0.003656,0.023495,-0.017704,0.386751,-0.409305,-0.002556,-0.171738,-0.035613,-0.015897,0.234148,1.566917,1.639262,1.401100,1.766223,0.292631,-0.186487,0.104323,-1.491017,-1.692736,1.654386,-1.658425,0.048896,-0.213187,1
0.109833,-0.139277,-0.024681,0.171695,-0.235420,0.082601,0.003665,0.023530,-0.017691,0.386776,-0.409301,-0.002548,-0.171738,-0.035620,-0.015893,0.234136,1.567085,1.639298,1.403521,1.766247,0.292343,-0.186475,0.104311,-1.491029,-1.692748,1.654386,-1.658413,0.048896,-0.213199,1
0.109833,-0.139260,-0.024708,0.171687,-0.235424,0.082594,0.003639,0.023555,-0.017704,0.386768,-0.409289,-0.002556,-0.171724,-0.035636,-0.015912,0.234124,1.567276,1.639298,1.408147,1.766247,0.291900,-0.186570,0.104299,-1.491029,-1.692736,1.654374,-1.658437,0.048920,-0.213199,1
0.109842,-0.139251,-0.024695,0.171687,-0.235420,0.082601,0.003622,0.023564,-0.017717,0.386751,-0.409305,-0.002541,-0.171738,-0.035620,-0.015912,0.234112,1.567336,1.639298,1.409393,1.766247,0.291756,-0.186630,0.104323,-1.491041,-1.692724,1.654374,-1.658449,0.048896,-0.213211,1
0.109833,-0.139243,-0.024708,0.171678,-0.235415,0.082593,0.003622,0.023598,-0.017704,0.386734,-0.409301,-0.002548,-0.171764,-0.035605,-0.015922,0.234112,1.567408,1.639286,1.413072,1.766235,0.291265,-0.186774,0.104299,-1.491053,-1.692724,1.654386,-1.658413,0.048908,-0.213199,1
0.109825,-0.139251,-0.024721,0.171678,-0.235415,0.082593,0.003639,0.023615,-0.017677,0.386734,-0.409313,-0.002555,-0.171738,-0.035613,-0.015917,0.234100,1.567444,1.639286,1.415337,1.766235,0.291037,-0.186810,0.104299,-1.491077,-1.692760,1.654386,-1.658425,0.048884,-0.213211,1
0.109816,-0.139234,-0.024721,0.171687,-0.235415,0.082593,0.003630,0.023615,-0.017664,0.386734,-0.409301,-0.002548,-0.171764,-0.035605,-0.015912,0.234088,1.567504,1.639286,1.417398,1.766247,0.290797,-0.186774,0.104287,-1.491101,-1.692748,1.654374,-1.658449,0.048884,-0.213211,1
0.109816,-0.139234,-0.024721,0.171687,-0.235411,0.082601,0.003622,0.023632,-0.017677,0.386734,-0.409313,-0.002541,-0.171751,-0.035605,-0.015902,0.234088,1.567552,1.639286,1.419472,1.766235,0.290570,-0.186702,0.104275,-1.491125,-1.692760,1.654374,-1.658425,0.048872,-0.213199,1
0.109807,-0.139226,-0.024708,0.171695,-0.235416,0.082608,0.003622,0.023640,-0.017677,0.386734,-0.409308,-0.002563,-0.171751,-0.035620,-0.015902,0.234064,1.567576,1.639286,1.421749,1.766235,0.290318,-0.186630,0.104263,-1.491149,-1.692760,1.654374,-1.658437,0.048884,-0.213199,1
0.109807,-0.139217,-0.024721,0.171678,-0.235411,0.082601,0.003622,0.023615,-0.017704,0.386734,-0.409309,-0.002534,-0.171791,-0.035613,-0.015917,0.234004,1.567552,1.639286,1.424049,1.766235,0.290090,-0.186666,0.104251,-1.491149,-1.692760,1.654374,-1.658437,0.048848,-0.213211,1
0.109790,-0.139217,-0.024735,0.171695,-0.235407,0.082593,0.003613,0.023640,-0.017677,0.386717,-0.409301,-0.002548,-0.171751,-0.035605,-0.015912,0.233980,1.567516,1.639286,1.426063,1.766223,0.289898,-0.186654,0.104251,-1.491185,-1.692760,1.654374,-1.658413,0.048836,-0.213199,1
0.109807,-0.139226,-0.024735,0.171669,-0.235416,0.082608,0.003613,0.023640,-0.017677,0.386717,-0.409305,-0.002556,-0.171764,-0.035590,-0.015921,0.233956,1.567504,1.639286,1.429287,1.766235,0.289719,-0.186630,0.104215,-1.491209,-1.692760,1.654374,-1.658449,0.048836,-0.213199,1
0.109807,-0.139209,-0.024735,0.171678,-0.235415,0.082593,0.003613,0.023632,-0.017691,0.386717,-0.409308,-0.002563,-0.171778,-0.035590,-0.015911,0.233920,1.567480,1.639286,1.431755,1.766235,0.289539,-0.186558,0.104215,-1.491233,-1.692760,1.654398,-1.658449,0.048824,-0.213211,1
0.109782,-0.139200,-0.024721,0.171678,-0.235415,0.082593,0.003605,0.023649,-0.017677,0.386708,-0.409320,-0.002570,-0.171778,-0.035605,-0.015912,0.233908,1.567468,1.639262,1.434991,1.766247,0.289191,-0.186415,0.104203,-1.491269,-1.692760,1.654374,-1.658437,0.048788,-0.213211,1
0.109782,-0.139217,-0.024748,0.171687,-0.235407,0.082593,0.003613,0.023640,-0.017691,0.386725,-0.409309,-0.002548,-0.171791,-0.035613,-0.015907,0.233908,1.567444,1.639262,1.436825,1.766235,0.289024,-0.186295,0.104179,-1.491269,-1.692760,1.654374,-1.658449,0.048788,-0.213211,1
0.109782,-0.139209,-0.024735,0.171678,-0.235407,0.082593,0.003605,0.023649,-0.017664,0.386717,-0.409305,-0.002556,-0.171764,-0.035613,-0.015917,0.233872,1.567444,1.639286,1.438419,1.766247,0.288868,-0.186211,0.104179,-1.491281,-1.692760,1.654374,-1.658437,0.048764,-0.213211,1
0.109765,-0.139226,-0.024708,0.171678,-0.235415,0.082593,0.003605,0.023649,-0.017677,0.386725,-0.409305,-0.002556,-0.171791,-0.035613,-0.015907,0.233824,1.567408,1.639286,1.440180,1.766247,0.288652,-0.186223,0.104167,-1.491269,-1.692760,1.654374,-1.658437,0.048752,-0.213211,1
0.109782,-0.139209,-0.024721,0.171678,-0.235407,0.082593,0.003596,0.023640,-0.017677,0.386725,-0.409293,-0.002548,-0.171791,-0.035605,-0.015912,0.233788,1.567276,1.639286,1.442062,1.766247,0.288460,-0.186295,0.104131,-1.491305,-1.692784,1.654374,-1.658449,0.048776,-0.213211,1
0.109790,-0.139217,-0.024748,0.171678,-0.235411,0.082601,0.003579,0.023649,-0.017664,0.386725,-0.409301,-0.002548,-0.171805,-0.035605,-0.015922,0.233764,1.567145,1.639286,1.443931,1.766223,0.288269,-0.186403,0.104119,-1.491329,-1.692736,1.654374,-1.658449,0.048716,-0.213223,1
0.109756,-0.139209,-0.024708,0.171669,-0.235407,0.082593,0.003579,0.023640,-0.017664,0.386717,-0.409301,-0.002563,-0.171805,-0.035560,-0.015911,0.233692,1.566953,1.639286,1.446244,1.766247,0.288053,-0.186511,0.104107,-1.491329,-1.692784,1.654350,-1.658437,0.048692,-0.213223,1
0.109756,-0.139217,-0.024708,0.171678,-0.235403,0.082600,0.003579,0.023649,-0.017677,0.386717,-0.409316,-0.002577,-0.171818,-0.035583,-0.015906,0.233644,1.566809,1.639286,1.447790,1.766247,0.287849,-0.186594,0.104107,-1.491365,-1.692784,1.654374,-1.658461,0.048680,-0.213211,1
0.109765,-0.139226,-0.024748,0.171678,-0.235395,0.082600,0.003571,0.023649,-0.017664,0.386717,-0.409313,-0.002555,-0.171831,-0.035575,-0.015901,0.233597,1.566581,1.639286,1.450571,1.766247,0.287442,-0.186666,0.104083,-1.491377,-1.692772,1.654374,-1.658437,0.048632,-0.213211,1
0.109748,-0.139209,-0.024735,0.171678,-0.235407,0.082593,0.003588,0.023640,-0.017664,0.386717,-0.409313,-0.002555,-0.171845,-0.035575,-0.015901,0.233585,1.566461,1.639298,1.452332,1.766247,0.287238,-0.186666,0.104083,-1.491389,-1.692760,1.654350,-1.658461,0.048644,-0.213211,1
0.109748,-0.139209,-0.024735,0.171678,-0.235403,0.082586,0.003571,0.023640,-0.017651,0.386708,-0.409305,-0.002556,-0.171845,-0.035583,-0.015906,0.233573,1.566330,1.639286,1.453974,1.766235,0.287034,-0.186642,0.104083,-1.491401,-1.692784,1.654350,-1.658485,0.048596,-0.213235,1
0.109739,-0.139217,-0.024695,0.171678,-0.235399,0.082593,0.003579,0.023649,-0.017637,0.386717,-0.409301,-0.002563,-0.171885,-0.035583,-0.015916,0.233597,1.566222,1.639286,1.455388,1.766247,0.286854,-0.186606,0.104095,-1.491437,-1.692772,1.654374,-1.658473,0.048584,-0.213235,1
0.109739,-0.139217,-0.024708,0.171669,-0.235398,0.082579,0.003562,0.023657,-0.017651,0.386708,-0.409305,-0.002556,-0.171872,-0.035575,-0.015911,0.233597,1.566090,1.639286,1.456838,1.766247,0.286687,-0.186570,0.104083,-1.491437,-1.692772,1.654350,-1.658485,0.048560,-0.213235,1
0.109756,-0.139217,-0.024735,0.171669,-0.235407,0.082593,0.003571,0.023640,-0.017651,0.386708,-0.409313,-0.002555,-0.171898,-0.035552,-0.015916,0.233573,1.566018,1.639298,1.458396,1.766259,0.286447,-0.186582,0.104083,-1.491497,-1.692772,1.654350,-1.658473,0.048560,-0.213247,1
0.109748,-0.139217,-0.024695,0.171678,-0.235403,0.082586,0.003562,0.023640,-0.017651,0.386708,-0.409305,-0.002556,-0.171898,-0.035575,-0.015921,0.233585,1.565994,1.639286,1.460985,1.766247,0.286243,-0.186594,0.104059,-1.491521,-1.692784,1.654350,-1.658473,0.048560,-0.213259,1
0.109731,-0.139217,-0.024708,0.171669,-0.235411,0.082586,0.003571,0.023640,-0.017651,0.386682,-0.409308,-0.002563,-0.171898,-0.035583,-0.015916,0.233561,1.565994,1.639286,1.462819,1.766259,0.286063,-0.186582,0.104083,-1.491509,-1.692796,1.654350,-1.658473,0.048548,-0.213235,1
0.109731,-0.139217,-0.024721,0.171669,-0.235407,0.082593,0.003545,0.023640,-0.017651,0.386682,-0.409304,-0.002570,-0.171912,-0.035590,-0.015911,0.233573,1.566018,1.639262,1.464592,1.766259,0.285896,-0.186499,0.104071,-1.491545,-1.692796,1.654350,-1.658473,0.048536,-0.213247,1
0.109731,-0.139226,-0.024721,0.171652,-0.235415,0.082593,0.003545,0.023640,-0.017651,0.386682,-0.409313,-0.002555,-0.171898,-0.035583,-0.015906,0.233608,1.566030,1.639262,1.466138,1.766307,0.285704,-0.186331,0.104083,-1.491557,-1.692820,1.654326,-1.658473,0.048548,-0.213247,1
0.109731,-0.139226,-0.024721,0.171669,-0.235411,0.082601,0.003545,0.023640,-0.017637,0.386699,-0.409304,-0.002570,-0.171939,-0.035605,-0.015912,0.233585,1.566066,1.639262,1.468691,1.766319,0.285524,-0.185995,0.104083,-1.491581,-1.692808,1.654338,-1.658497,0.048548,-0.213235,1
0.109722,-0.139226,-0.024735,0.171669,-0.235411,0.082601,0.003537,0.023640,-0.017651,0.386682,-0.409300,-0.002578,-0.171939,-0.035598,-0.015917,0.233597,1.566066,1.639262,1.470584,1.766307,0.285452,-0.185875,0.104083,-1.491593,-1.692784,1.654338,-1.658485,0.048548,-0.213247,1
0.109739,-0.139226,-0.024721,0.171678,-0.235411,0.082601,0.003537,0.023632,-0.017651,0.386691,-0.409304,-0.002570,-0.171939,-0.035590,-0.015902,0.233585,1.566054,1.639262,1.472478,1.766307,0.285392,-0.185779,0.104059,-1.491593,-1.692796,1.654338,-1.658485,0.048548,-0.213235,1
0.109731,-0.139217,-0.024681,0.171661,-0.235415,0.082593,0.003520,0.023657,-0.017637,0.386699,-0.409309,-0.002548,-0.171965,-0.035590,-0.015902,0.233585,1.566066,1.639262,1.474168,1.766307,0.285344,-0.185732,0.104083,-1.491617,-1.692808,1.654326,-1.658485,0.048560,-0.213247,1
0.109731,-0.139226,-0.024708,0.171678,-0.235415,0.082593,0.003554,0.023640,-0.017610,0.386682,-0.409296,-0.002570,-0.171939,-0.035590,-0.015892,0.233585,1.566066,1.639238,1.475761,1.766307,0.285284,-0.185708,0.104095,-1.491641,-1.692796,1.654338,-1.658461,0.048560,-0.213247,1
0.109731,-0.139226,-0.024721,0.171669,-0.235411,0.082601,0.003545,0.023649,-0.017651,0.386682,-0.409304,-0.002570,-0.171979,-0.035598,-0.015897,0.233585,1.566030,1.639262,1.478014,1.766307,0.285249,-0.185744,0.104071,-1.491665,-1.692808,1.654314,-1.658485,0.048536,-0.213247,1
0.109731,-0.139209,-0.024695,0.171661,-0.235411,0.082601,0.003537,0.023649,-0.017637,0.386682,-0.409305,-0.002556,-0.171979,-0.035590,-0.015911,0.233573,1.566054,1.639298,1.479692,1.766295,0.285201,-0.185875,0.104083,-1.491665,-1.692808,1.654314,-1.658485,0.048560,-0.213247,1
0.109731,-0.139234,-0.024695,0.171661,-0.235411,0.082601,0.003520,0.023657,-0.017637,0.386682,-0.409308,-0.002563,-0.171979,-0.035598,-0.015907,0.233585,1.566054,1.639322,1.481490,1.766283,0.285129,-0.186019,0.104095,-1.491688,-1.692796,1.654302,-1.658485,0.048572,-0.213247,1
0.109722,-0.139226,-0.024695,0.171652,-0.235411,0.082601,0.003537,0.023657,-0.017637,0.386691,-0.409304,-0.002570,-0.171965,-0.035590,-0.015931,0.233585,1.566030,1.639346,1.483072,1.766295,0.285093,-0.186127,0.104083,-1.491677,-1.692820,1.654290,-1.658497,0.048584,-0.213247,1
0.109731,-0.139234,-0.024695,0.171669,-0.235420,0.082601,0.003528,0.023640,-0.017637,0.386682,-0.409305,-0.002556,-0.171979,-0.035583,-0.015926,0.233585,1.566054,1.639310,1.484534,1.766307,0.285093,-0.186079,0.104071,-1.491701,-1.692808,1.654290,-1.658509,0.048560,-0.213259,1
0.109722,-0.139234,-0.024681,0.171661,-0.235420,0.082615,0.003537,0.023640,-0.017651,0.386708,-0.409309,-0.002548,-0.172006,-0.035598,-0.015907,0.233573,1.566054,1.639286,1.485972,1.766307,0.285093,-0.186055,0.104083,-1.491724,-1.692820,1.654302,-1.658509,0.048560,-0.213259,1
0.109722,-0.139243,-0.024681,0.171652,-0.235407,0.082593,0.003528,0.023640,-0.017624,0.386699,-0.409308,-0.002563,-0.172019,-0.035582,-0.015887,0.233561,1.566054,1.639322,1.488417,1.766319,0.285069,-0.186079,0.104059,-1.491724,-1.692820,1.654290,-1.658485,0.048572,-0.213271,1
0.109731,-0.139234,-0.024668,0.171661,-0.235415,0.082593,0.003537,0.023649,-0.017610,0.386682,-0.409313,-0.002555,-0.172032,-0.035582,-0.015887,0.233549,1.566054,1.639322,1.490107,1.766307,0.285069,-0.186139,0.104059,-1.491748,-1.692796,1.654279,-1.658485,0.048560,-0.213271,1
0.109731,-0.139234,-0.024681,0.171669,-0.235411,0.082601,0.003528,0.023657,-0.017651,0.386682,-0.409308,-0.002563,-0.172019,-0.035598,-0.015887,0.233561,1.566054,1.639322,1.492539,1.766307,0.285057,-0.186103,0.104071,-1.491736,-1.692796,1.654290,-1.658485,0.048572,-0.213283,1
0.109722,-0.139234,-0.024668,0.171669,-0.235411,0.082601,0.003537,0.023666,-0.017624,0.386682,-0.409308,-0.002563,-0.172019,-0.035598,-0.015897,0.233561,1.566054,1.639298,1.493930,1.766295,0.285057,-0.186007,0.104071,-1.491772,-1.692820,1.654279,-1.658509,0.048560,-0.213283,1
0.109731,-0.139217,-0.024681,0.171669,-0.235411,0.082601,0.003528,0.023649,-0.017610,0.386691,-0.409313,-0.002541,-0.172006,-0.035613,-0.015907,0.233573,1.566054,1.639286,1.495308,1.766307,0.285045,-0.185911,0.104035,-1.491772,-1.692808,1.654279,-1.658485,0.048560,-0.213271,1
0.109731,-0.139226,-0.024681,0.171661,-0.235416,0.082608,0.003537,0.023640,-0.017610,0.386682,-0.409305,-0.002556,-0.172006,-0.035605,-0.015902,0.233561,1.566066,1.639286,1.496830,1.766283,0.285021,-0.185899,0.104047,-1.491784,-1.692820,1.654279,-1.658473,0.048560,-0.213283,1
0.109731,-0.139217,-0.024681,0.171661,-0.235415,0.082593,0.003545,0.023649,-0.017610,0.386682,-0.409300,-0.002578,-0.172006,-0.035613,-0.015897,0.233549,1.566054,1.639322,1.498376,1.766307,0.285021,-0.185935,0.104071,-1.491772,-1.692820,1.654290,-1.658521,0.048572,-0.213295,1
0.109731,-0.139226,-0.024681,0.171669,-0.235411,0.082601,0.003528,0.023657,-0.017610,0.386682,-0.409308,-0.002563,-0.172019,-0.035598,-0.015917,0.233561,1.566054,1.639298,1.500018,1.766307,0.285033,-0.185911,0.104059,-1.491784,-1.692832,1.654279,-1.658497,0.048560,-0.213295,1
0.109731,-0.139226,-0.024668,0.171652,-0.235415,0.082593,0.003528,0.023657,-0.017610,0.386682,-0.409301,-0.002563,-0.172019,-0.035590,-0.015902,0.233585,1.566066,1.639286,1.502606,1.766307,0.285033,-0.185815,0.104071,-1.491784,-1.692820,1.654279,-1.658485,0.048572,-0.213283,1
0.109739,-0.139226,-0.024668,0.171669,-0.235415,0.082593,0.003537,0.023657,-0.017610,0.386682,-0.409301,-0.002563,-0.172019,-0.035590,-0.015911,0.233585,1.566030,1.639250,1.504248,1.766343,0.285033,-0.185732,0.104071,-1.491808,-1.692808,1.654279,-1.658485,0.048584,-0.213283,1
0.109739,-0.139226,-0.024668,0.171669,-0.235424,0.082594,0.003520,0.023649,-0.017610,0.386682,-0.409305,-0.002541,-0.172032,-0.035605,-0.015912,0.233573,1.566054,1.639250,1.506765,1.766343,0.285021,-0.185600,0.104071,-1.491796,-1.692808,1.654279,-1.658497,0.048596,-0.213295,1
0.109739,-0.139234,-0.024681,0.171661,-0.235415,0.082593,0.003537,0.023640,-0.017610,0.386674,-0.409313,-0.002555,-0.172019,-0.035605,-0.015912,0.233585,1.566066,1.639238,1.508682,1.766343,0.285033,-0.185480,0.104059,-1.491808,-1.692796,1.654290,-1.658485,0.048596,-0.213283,1
0.109731,-0.139226,-0.024681,0.171678,-0.235428,0.082601,0.003537,0.023674,-0.017610,0.386665,-0.409308,-0.002563,-0.172019,-0.035605,-0.015902,0.233597,1.566066,1.639262,1.510731,1.766343,0.285033,-0.185372,0.104071,-1.491808,-1.692796,1.654302,-1.658485,0.048596,-0.213283,1
0.109739,-0.139234,-0.024681,0.171669,-0.235420,0.082601,0.003537,0.023649,-0.017610,0.386648,-0.409305,-0.002541,-0.172006,-0.035613,-0.015907,0.233597,1.566054,1.639250,1.512565,1.766343,0.285033,-0.185288,0.104083,-1.491808,-1.692796,1.654279,-1.658497,0.048596,-0.213295,1
0.109748,-0.139226,-0.024654,0.171669,-0.235424,0.082608,0.003537,0.023657,-0.017624,0.386648,-0.409301,-0.002548,-0.172019,-0.035613,-0.015917,0.233597,1.566054,1.639250,1.514171,1.766391,0.285021,-0.185192,0.104071,-1.491808,-1.692796,1.654279,-1.658485,0.048608,-0.213295,1
0.109748,-0.139226,-0.024614,0.171652,-0.235419,0.082586,0.003520,0.023649,-0.017610,0.386648,-0.409305,-0.002556,-0.172019,-0.035605,-0.015912,0.233620,1.566066,1.639238,1.515657,1.766379,0.285033,-0.185156,0.104071,-1.491808,-1.692808,1.654279,-1.658509,0.048608,-0.213259,1
0.109756,-0.139217,-0.024668,0.171661,-0.235419,0.082586,0.003520,0.023649,-0.017610,0.386648,-0.409309,-0.002548,-0.172006,-0.035567,-0.015935,0.233632,1.566066,1.639238,1.517203,1.766379,0.285021,-0.185192,0.104083,-1.491808,-1.692808,1.654279,-1.658509,0.048620,-0.213295,1
0.109756,-0.139226,-0.024654,0.171661,-0.235424,0.082594,0.003545,0.023640,-0.017610,0.386648,-0.409308,-0.002563,-0.172006,-0.035560,-0.015921,0.233632,1.566054,1.639250,1.518941,1.766379,0.285021,-0.185288,0.104083,-1.491808,-1.692820,1.654279,-1.658485,0.048620,-0.213283,1
0.109773,-0.139209,-0.024668,0.171661,-0.235415,0.082593,0.003545,0.023640,-0.017610,0.386648,-0.409301,-0.002548,-0.171992,-0.035560,-0.015901,0.233620,1.566066,1.639286,1.520678,1.766367,0.285009,-0.185468,0.104083,-1.491808,-1.692820,1.654279,-1.658485,0.048620,-0.213283,1
0.109756,-0.139234,-0.024668,0.171661,-0.235419,0.082586,0.003537,0.023640,-0.017610,0.386631,-0.409305,-0.002556,-0.172019,-0.035590,-0.015882,0.233632,1.566066,1.639286,1.523806,1.766391,0.285009,-0.185528,0.104071,-1.491820,-1.692808,1.654279,-1.658485,0.048632,-0.213271,1
0.109765,-0.139226,-0.024641,0.171661,-0.235419,0.082586,0.003520,0.023640,-0.017610,0.386631,-0.409301,-0.002548,-0.172019,-0.035598,-0.015887,0.233632,1.566066,1.639250,1.525184,1.766379,0.285009,-0.185492,0.104083,-1.491844,-1.692808,1.654279,-1.658485,0.048632,-0.213271,1
0.109765,-0.139209,-0.024654,0.171669,-0.235424,0.082594,0.003537,0.023666,-0.017610,0.386614,-0.409313,-0.002555,-0.171992,-0.035620,-0.015893,0.233644,1.566054,1.639226,1.526874,1.766379,0.285021,-0.185468,0.104095,-1.491844,-1.692820,1.654279,-1.658485,0.048644,-0.213271,1
0.109773,-0.139226,-0.024654,0.171669,-0.235419,0.082586,0.003545,0.023640,-0.017610,0.386614,-0.409308,-0.002563,-0.172006,-0.035613,-0.015907,0.233644,1.566054,1.639226,1.528768,1.766391,0.285021,-0.185456,0.104071,-1.491868,-1.692808,1.654279,-1.658509,0.048632,-0.213271,1
0.109773,-0.139226,-0.024641,0.171669,-0.235419,0.082586,0.003545,0.023649,-0.017610,0.386623,-0.409313,-0.002555,-0.172019,-0.035598,-0.015897,0.233644,1.566054,1.639262,1.530601,1.766379,0.285021,-0.185456,0.104071,-1.491916,-1.692820,1.654279,-1.658509,0.048620,-0.213283,1
0.109773,-0.139243,-0.024654,0.171644,-0.235419,0.082586,0.003562,0.023632,-0.017597,0.386614,-0.409313,-0.002555,-0.172006,-0.035567,-0.015896,0.233620,1.566054,1.639262,1.532315,1.766391,0.285009,-0.185432,0.104071,-1.491952,-1.692820,1.654279,-1.658485,0.048620,-0.213271,1
0.109799,-0.139226,-0.024628,0.171661,-0.235424,0.082594,0.003545,0.023632,-0.017610,0.386614,-0.409308,-0.002563,-0.172006,-0.035552,-0.015906,0.233644,1.566066,1.639238,1.533681,1.766391,0.285009,-0.185384,0.104059,-1.492012,-1.692808,1.654279,-1.658521,0.048620,-0.213271,1
0.109790,-0.139226,-0.024668,0.171644,-0.235415,0.082593,0.003554,0.023640,-0.017610,0.386614,-0.409309,-0.002548,-0.172019,-0.035552,-0.015916,0.233644,1.566054,1.639238,1.535047,1.766379,0.285021,-0.185372,0.104059,-1.492036,-1.692808,1.654279,-1.658509,0.048608,-0.213259,1
0.109790,-0.139234,-0.024628,0.171669,-0.235424,0.082579,0.003562,0.023632,-0.017610,0.386572,-0.409301,-0.002548,-0.171979,-0.035575,-0.015931,0.233644,1.566066,1.639286,1.538151,1.766367,0.284997,-0.185420,0.104047,-1.492120,-1.692820,1.654290,-1.658509,0.048596,-0.213271,1
0.109790,-0.139226,-0.024628,0.171678,-0.235424,0.082579,0.003554,0.023632,-0.017610,0.386572,-0.409301,-0.002548,-0.172032,-0.035583,-0.015916,0.233620,1.566066,1.639322,1.539949,1.766367,0.284973,-0.185468,0.104047,-1.492156,-1.692844,1.654290,-1.658485,0.048584,-0.213259,1
0.109799,-0.139226,-0.024668,0.171678,-0.235424,0.082579,0.003554,0.023623,-0.017610,0.386563,-0.409305,-0.002541,-0.171992,-0.035613,-0.015897,0.233620,1.566066,1.639322,1.541771,1.766379,0.284985,-0.185468,0.104083,-1.492204,-1.692856,1.654290,-1.658485,0.048584,-0.213259,1
0.109799,-0.139234,-0.024641,0.171644,-0.235428,0.082586,0.003545,0.023615,-0.017610,0.386555,-0.409313,-0.002555,-0.172019,-0.035605,-0.015892,0.233597,1.566054,1.639322,1.543412,1.766379,0.284985,-0.185396,0.104047,-1.492264,-1.692832,1.654279,-1.658509,0.048584,-0.213259,1
0.109790,-0.139226,-0.024641,0.171661,-0.235436,0.082587,0.003554,0.023632,-0.017610,0.386555,-0.409313,-0.002555,-0.172006,-0.035590,-0.015892,0.233620,1.566054,1.639298,1.545234,1.766367,0.284973,-0.185324,0.104035,-1.492336,-1.692844,1.654279,-1.658485,0.048584,-0.213247,1
0.109799,-0.139234,-0.024628,0.171661,-0.235428,0.082586,0.003562,0.023615,-0.017610,0.386555,-0.409316,-0.002577,-0.172006,-0.035582,-0.015897,0.233620,1.566066,1.639310,1.547211,1.766379,0.284961,-0.185240,0.104059,-1.492408,-1.692820,1.654279,-1.658509,0.048572,-0.213247,1
0.109807,-0.139234,-0.024628,0.171669,-0.235428,0.082586,0.003562,0.023623,-0.017610,0.386555,-0.409313,-0.002555,-0.172006,-0.035552,-0.015916,0.233608,1.566054,1.639298,1.549488,1.766367,0.284949,-0.185192,0.104035,-1.492491,-1.692844,1.654279,-1.658485,0.048584,-0.213259,1
0.109807,-0.139243,-0.024628,0.171661,-0.235432,0.082594,0.003545,0.023615,-0.017610,0.386555,-0.409301,-0.002563,-0.172006,-0.035560,-0.015921,0.233608,1.566030,1.639322,1.551718,1.766367,0.284949,-0.185156,0.104023,-1.492551,-1.692832,1.654279,-1.658485,0.048572,-0.213247,1
0.109807,-0.139226,-0.024641,0.171661,-0.235428,0.082601,0.003562,0.023615,-0.017597,0.386555,-0.409301,-0.002548,-0.172032,-0.035560,-0.015921,0.233585,1.566054,1.639310,1.554342,1.766355,0.284937,-0.185180,0.104035,-1.492611,-1.692832,1.654279,-1.658485,0.048560,-0.213247,1
0.109807,-0.139217,-0.024601,0.171661,-0.235441,0.082594,0.003554,0.023623,-0.017610,0.386555,-0.409301,-0.002548,-0.172006,-0.035583,-0.015926,0.233585,1.566054,1.639322,1.555888,1.766355,0.284925,-0.185168,0.104023,-1.492695,-1.692832,1.654279,-1.658485,0.048560,-0.213235,1
0.109807,-0.139234,-0.024614,0.171661,-0.235436,0.082587,0.003545,0.023606,-0.017624,0.386546,-0.409301,-0.002548,-0.172006,-0.035583,-0.015926,0.233585,1.566066,1.639346,1.557901,1.766343,0.284877,-0.185168,0.104023,-1.492827,-1.692820,1.654279,-1.658497,0.048560,-0.213235,1
0.109799,-0.139234,-0.024574,0.171669,-0.235445,0.082587,0.003571,0.023606,-0.017610,0.386563,-0.409313,-0.002541,-0.172006,-0.035590,-0.015921,0.233537,1.566054,1.639322,1.559196,1.766343,0.284853,-0.185180,0.104011,-1.492887,-1.692832,1.654279,-1.658485,0.048560,-0.213235,1
0.109807,-0.139234,-0.024601,0.171661,-0.235445,0.082601,0.003545,0.023615,-0.017610,0.386555,-0.409308,-0.002563,-0.171979,-0.035567,-0.015906,0.233513,1.566066,1.639346,1.560430,1.766319,0.284829,-0.185168,0.103999,-1.492971,-1.692832,1.654266,-1.658497,0.048536,-0.213223,1
0.109807,-0.139234,-0.024574,0.171661,-0.235453,0.082601,0.003545,0.023615,-0.017597,0.386538,-0.409301,-0.002548,-0.172032,-0.035583,-0.015916,0.233465,1.566066,1.639346,1.561461,1.766331,0.284805,-0.185180,0.103987,-1.493055,-1.692820,1.654279,-1.658485,0.048524,-0.213199,1
0.109807,-0.139243,-0.024601,0.171661,-0.235449,0.082594,0.003511,0.023606,-0.017597,0.386555,-0.409309,-0.002548,-0.172006,-0.035560,-0.015911,0.233417,1.566066,1.639346,1.562252,1.766331,0.284769,-0.185168,0.103999,-1.493175,-1.692832,1.654266,-1.658485,0.048536,-0.213187,1
0.109825,-0.139226,-0.024574,0.171644,-0.235449,0.082594,0.003545,0.023606,-0.017597,0.386563,-0.409305,-0.002556,-0.172032,-0.035567,-0.015906,0.233357,1.566054,1.639370,1.563043,1.766307,0.284697,-0.185192,0.103999,-1.493258,-1.692832,1.654279,-1.658509,0.048536,-0.213163,1
0.109807,-0.139226,-0.024574,0.171661,-0.235445,0.082587,0.003545,0.023598,-0.017610,0.386555,-0.409313,-0.002541,-0.172032,-0.035582,-0.015897,0.233321,1.566078,1.639382,1.564828,1.766307,0.284625,-0.185336,0.103987,-1.493378,-1.692844,1.654279,-1.658473,0.048512,-0.213163,1
0.109807,-0.139226,-0.024574,0.171661,-0.235445,0.082587,0.003545,0.023598,-0.017597,0.386555,-0.409301,-0.002548,-0.172072,-0.035575,-0.015921,0.233225,1.566054,1.639430,1.566386,1.766247,0.284517,-0.185564,0.103999,-1.493534,-1.692832,1.654279,-1.658485,0.048524,-0.213127,1
0.109807,-0.139234,-0.024588,0.171669,-0.235453,0.082587,0.003537,0.023606,-0.017597,0.386538,-0.409308,-0.002563,-0.172059,-0.035567,-0.015935,0.233069,1.566054,1.639442,1.568819,1.766247,0.284266,-0.185971,0.103975,-1.493738,-1.692832,1.654290,-1.658461,0.048488,-0.213127,1
0.109807,-0.139226,-0.024574,0.171669,-0.235449,0.082594,0.003528,0.023606,-0.017610,0.386529,-0.409305,-0.002556,-0.172046,-0.035552,-0.015916,0.232961,1.566054,1.639442,1.570317,1.766247,0.284170,-0.186151,0.103987,-1.493858,-1.692832,1.654290,-1.658485,0.048488,-0.213115,1
0.109799,-0.139226,-0.024614,0.171669,-0.235453,0.082587,0.003528,0.023598,-0.017597,0.386538,-0.409301,-0.002548,-0.172072,-0.035567,-0.015906,0.232889,1.566054,1.639418,1.571695,1.766259,0.284074,-0.186031,0.103963,-1.493966,-1.692844,1.654290,-1.658473,0.048488,-0.213080,1
0.109799,-0.139226,-0.024588,0.171661,-0.235453,0.082572,0.003537,0.023606,-0.017597,0.386521,-0.409305,-0.002556,-0.172113,-0.035575,-0.015911,0.232830,1.566066,1.639406,1.572846,1.766247,0.284014,-0.185875,0.103963,-1.494085,-1.692832,1.654290,-1.658497,0.048476,-0.213068,1
0.109799,-0.139234,-0.024574,0.171669,-0.235453,0.082587,0.003528,0.023598,-0.017584,0.386512,-0.409305,-0.002556,-0.172086,-0.035575,-0.015921,0.232794,1.566030,1.639430,1.573804,1.766223,0.283930,-0.185732,0.103963,-1.494229,-1.692820,1.654314,-1.658485,0.048476,-0.213056,1
0.109807,-0.139226,-0.024574,0.171652,-0.235453,0.082587,0.003545,0.023598,-0.017584,0.386503,-0.409305,-0.002541,-0.172086,-0.035567,-0.015916,0.232758,1.566030,1.639418,1.574583,1.766247,0.283882,-0.185552,0.103951,-1.494325,-1.692832,1.654314,-1.658521,0.048476,-0.213044,1
0.109807,-0.139234,-0.024547,0.171661,-0.235453,0.082587,0.003537,0.023606,-0.017597,0.386486,-0.409301,-0.002548,-0.172086,-0.035590,-0.015911,0.232722,1.566054,1.639430,1.575554,1.766247,0.283810,-0.185408,0.103939,-1.494481,-1.692832,1.654314,-1.658485,0.048464,-0.213032,1
0.109807,-0.139234,-0.024534,0.171661,-0.235457,0.082594,0.003545,0.023598,-0.017584,0.386495,-0.409309,-0.002548,-0.172099,-0.035575,-0.015921,0.232674,1.566066,1.639418,1.576381,1.766247,0.283739,-0.185312,0.103927,-1.494625,-1.692820,1.654314,-1.658485,0.048464,-0.213032,1
0.109807,-0.139234,-0.024561,0.171661,-0.235462,0.082587,0.003528,0.023606,-0.017584,0.386469,-0.409309,-0.002548,-0.172113,-0.035567,-0.015906,0.232650,1.566054,1.639430,1.577484,1.766247,0.283643,-0.185216,0.103903,-1.494804,-1.692820,1.654338,-1.658509,0.048440,-0.213020,1
0.109807,-0.139243,-0.024561,0.171661,-0.235457,0.082594,0.003528,0.023606,-0.017584,0.386478,-0.409309,-0.002548,-0.172113,-0.035575,-0.015921,0.232590,1.566054,1.639442,1.578706,1.766247,0.283499,-0.185276,0.103915,-1.494960,-1.692832,1.654326,-1.658485,0.048452,-0.213008,1
0.109807,-0.139243,-0.024534,0.171661,-0.235458,0.082608,0.003520,0.023598,-0.017584,0.386478,-0.409305,-0.002556,-0.172139,-0.035575,-0.015911,0.232362,1.566066,1.639430,1.580588,1.766247,0.283391,-0.185264,0.103903,-1.495188,-1.692832,1.654350,-1.658509,0.048452,-0.212984,1
0.109807,-0.139243,-0.024547,0.171661,-0.235466,0.082594,0.003528,0.023598,-0.017584,0.386478,-0.409313,-0.002541,-0.172139,-0.035575,-0.015911,0.232302,1.566054,1.639406,1.581702,1.766235,0.283331,-0.185180,0.103879,-1.495332,-1.692832,1.654326,-1.658521,0.048452,-0.212996,1
0.109807,-0.139243,-0.024547,0.171661,-0.235462,0.082587,0.003528,0.023589,-0.017584,0.386478,-0.409317,-0.002534,-0.172153,-0.035560,-0.015911,0.232218,1.565994,1.639430,1.582865,1.766247,0.283295,-0.185120,0.103879,-1.495559,-1.692832,1.654350,-1.658497,0.048476,-0.212972,1
0.109807,-0.139234,-0.024561,0.171661,-0.235466,0.082594,0.003520,0.023589,-0.017584,0.386469,-0.409313,-0.002526,-0.172166,-0.035560,-0.015911,0.232158,1.565886,1.639418,1.583919,1.766247,0.283271,-0.185036,0.103855,-1.495667,-1.692844,1.654374,-1.658485,0.048428,-0.212972,1
0.109825,-0.139251,-0.024547,0.171661,-0.235462,0.082587,0.003520,0.023589,-0.017570,0.386469,-0.409297,-0.002541,-0.172220,-0.035575,-0.015901,0.232087,1.565670,1.639430,1.585645,1.766247,0.283259,-0.184953,0.103831,-1.495799,-1.692832,1.654374,-1.658485,0.048428,-0.212960,1
0.109816,-0.139243,-0.024534,0.171661,-0.235462,0.082587,0.003520,0.023589,-0.017570,0.386469,-0.409313,-0.002555,-0.172180,-0.035567,-0.015916,0.231991,1.565431,1.639430,1.586927,1.766247,0.283247,-0.184881,0.103819,-1.495919,-1.692820,1.654386,-1.658485,0.048428,-0.212972,1
0.109816,-0.139243,-0.024507,0.171661,-0.235466,0.082580,0.003503,0.023581,-0.017570,0.386478,-0.409305,-0.002556,-0.172206,-0.035575,-0.015921,0.231871,1.565203,1.639430,1.588353,1.766271,0.283235,-0.184797,0.103807,-1.496039,-1.692832,1.654386,-1.658473,0.048416,-0.212948,1
0.109833,-0.139260,-0.024507,0.171644,-0.235466,0.082594,0.003503,0.023581,-0.017584,0.386478,-0.409293,-0.002534,-0.172180,-0.035575,-0.015931,0.231775,1.565011,1.639430,1.589731,1.766259,0.283211,-0.184677,0.103807,-1.496135,-1.692832,1.654386,-1.658497,0.048404,-0.212936,1
0.109833,-0.139260,-0.024507,0.171652,-0.235462,0.082587,0.003503,0.023581,-0.017570,0.386469,-0.409309,-0.002548,-0.172220,-0.035552,-0.015916,0.231667,1.564868,1.639418,1.591002,1.766235,0.283211,-0.184593,0.103783,-1.496230,-1.692820,1.654386,-1.658485,0.048392,-0.212948,1
0.109807,-0.139260,-0.024467,0.171661,-0.235470,0.082587,0.003520,0.023581,-0.017584,0.386469,-0.409301,-0.002548,-0.172193,-0.035567,-0.015906,0.231451,1.564784,1.639418,1.592020,1.766259,0.283211,-0.184533,0.103783,-1.496362,-1.692820,1.654386,-1.658497,0.048392,-0.212924,1
0.109807,-0.139268,-0.024467,0.171669,-0.235466,0.082594,0.003486,0.023564,-0.017557,0.386469,-0.409301,-0.002548,-0.172260,-0.035575,-0.015892,0.231224,1.564676,1.639430,1.593075,1.766259,0.283199,-0.184449,0.103795,-1.496566,-1.692832,1.654386,-1.658485,0.048368,-0.212912,1
0.109807,-0.139268,-0.024467,0.171669,-0.235466,0.082594,0.003477,0.023555,-0.017557,0.386452,-0.409301,-0.002563,-0.172287,-0.035598,-0.015897,0.231044,1.564604,1.639430,1.593506,1.766235,0.283199,-0.184413,0.103795,-1.496674,-1.692832,1.654410,-1.658485,0.048356,-0.212900,1
0.109825,-0.139260,-0.024480,0.171678,-0.235482,0.082580,0.003469,0.023572,-0.017557,0.386461,-0.409309,-0.002548,-0.172273,-0.035598,-0.015907,0.230864,1.564532,1.639430,1.593902,1.766235,0.283199,-0.184389,0.103783,-1.496782,-1.692844,1.654410,-1.658485,0.048356,-0.212900,1
0.109807,-0.139268,-0.024440,0.171669,-0.235470,0.082587,0.003460,0.023547,-0.017557,0.386444,-0.409309,-0.002534,-0.172273,-0.035590,-0.015911,0.230660,1.564472,1.639418,1.594226,1.766247,0.283211,-0.184353,0.103795,-1.496866,-1.692832,1.654398,-1.658485,0.048356,-0.212876,1
0.109807,-0.139268,-0.024454,0.171669,-0.235478,0.082587,0.003443,0.023555,-0.017557,0.386452,-0.409301,-0.002548,-0.172273,-0.035605,-0.015912,0.230421,1.564352,1.639418,1.594945,1.766235,0.283199,-0.184413,0.103771,-1.496974,-1.692820,1.654398,-1.658509,0.048344,-0.212876,1
0.109807,-0.139260,-0.024454,0.171652,-0.235470,0.082587,0.003460,0.023555,-0.017557,0.386444,-0.409301,-0.002548,-0.172287,-0.035575,-0.015911,0.230133,1.564173,1.639466,1.595867,1.766235,0.283151,-0.184593,0.103783,-1.497069,-1.692820,1.654410,-1.658485,0.048356,-0.212876,1
0.109825,-0.139251,-0.024454,0.171669,-0.235482,0.082580,0.003460,0.023538,-0.017570,0.386444,-0.409305,-0.002556,-0.172300,-0.035575,-0.015911,0.229714,1.563909,1.639466,1.596706,1.766223,0.283139,-0.184965,0.103807,-1.497177,-1.692820,1.654386,-1.658509,0.048332,-0.212876,1
0.109816,-0.139268,-0.024454,0.171678,-0.235478,0.082587,0.003469,0.023538,-0.017557,0.386444,-0.409301,-0.002548,-0.172287,-0.035567,-0.015896,0.229318,1.563705,1.639466,1.597473,1.766223,0.283127,-0.185144,0.103807,-1.497309,-1.692820,1.654410,-1.658485,0.048332,-0.212852,1
0.109833,-0.139268,-0.024480,0.171678,-0.235487,0.082587,0.003451,0.023547,-0.017557,0.386444,-0.409301,-0.002548,-0.172287,-0.035552,-0.015906,0.228587,1.563549,1.639442,1.598156,1.766259,0.283139,-0.185144,0.103819,-1.497429,-1.692832,1.654398,-1.658485,0.048332,-0.212888,1
0.109833,-0.139285,-0.024454,0.171661,-0.235491,0.082594,0.003469,0.023538,-0.017543,0.386461,-0.409305,-0.002541,-0.172314,-0.035560,-0.015911,0.227736,1.563406,1.639430,1.599127,1.766235,0.283127,-0.185000,0.103843,-1.497681,-1.692820,1.654386,-1.658485,0.048344,-0.212888,1
0.109842,-0.139277,-0.024440,0.171678,-0.235491,0.082594,0.003469,0.023521,-0.017543,0.386469,-0.409301,-0.002548,-0.172287,-0.035567,-0.015916,0.227101,1.563334,1.639418,1.599714,1.766259,0.283139,-0.184941,0.103855,-1.497812,-1.692832,1.654410,-1.658521,0.048344,-0.212888,1
0.109825,-0.139277,-0.024440,0.171669,-0.235491,0.082594,0.003477,0.023538,-0.017557,0.386444,-0.409305,-0.002556,-0.172314,-0.035598,-0.015917,0.226490,1.563154,1.639430,1.600625,1.766247,0.283151,-0.184917,0.103879,-1.497908,-1.692832,1.654398,-1.658497,0.048332,-0.212900,1
0.109825,-0.139277,-0.024440,0.171661,-0.235491,0.082594,0.003494,0.023538,-0.017530,0.386452,-0.409309,-0.002548,-0.172300,-0.035575,-0.015911,0.225951,1.562986,1.639406,1.601224,1.766247,0.283139,-0.184929,0.103903,-1.498028,-1.692820,1.654386,-1.658485,0.048368,-0.212900,1
0.109833,-0.139277,-0.024454,0.171669,-0.235487,0.082587,0.003486,0.023538,-0.017557,0.386444,-0.409301,-0.002548,-0.172300,-0.035560,-0.015921,0.225459,1.562770,1.639418,1.601800,1.766247,0.283151,-0.184965,0.103951,-1.498160,-1.692832,1.654410,-1.658497,0.048368,-0.212900,1
0.109833,-0.139277,-0.024427,0.171678,-0.235491,0.082594,0.003486,0.023538,-0.017557,0.386452,-0.409305,-0.002541,-0.172287,-0.035560,-0.015911,0.225040,1.562579,1.639442,1.602339,1.766235,0.283151,-0.185024,0.103951,-1.498292,-1.692820,1.654398,-1.658473,0.048392,-0.212900,1
0.109825,-0.139277,-0.024454,0.171678,-0.235491,0.082594,0.003494,0.023547,-0.017557,0.386452,-0.409313,-0.002541,-0.172287,-0.035560,-0.015901,0.224632,1.562423,1.639442,1.602854,1.766235,0.283139,-0.185024,0.103963,-1.498424,-1.692796,1.654398,-1.658485,0.048404,-0.212912,1
0.109842,-0.139277,-0.024440,0.171669,-0.235491,0.082594,0.003494,0.023538,-0.017570,0.386444,-0.409309,-0.002548,-0.172314,-0.035560,-0.015901,0.224153,1.562279,1.639442,1.603465,1.766247,0.283139,-0.185000,0.103963,-1.498567,-1.692808,1.654410,-1.658521,0.048404,-0.212900,1
0.109842,-0.139277,-0.024440,0.171669,-0.235491,0.082594,0.003503,0.023538,-0.017530,0.386469,-0.409309,-0.002534,-0.172314,-0.035552,-0.015906,0.223865,1.562063,1.639442,1.604053,1.766235,0.283115,-0.184977,0.103963,-1.498735,-1.692808,1.654386,-1.658473,0.048452,-0.212900,1
0.109833,-0.139285,-0.024413,0.171678,-0.235491,0.082594,0.003520,0.023555,-0.017530,0.386469,-0.409305,-0.002556,-0.172300,-0.035560,-0.015921,0.223602,1.561943,1.639430,1.604664,1.766247,0.283103,-0.184917,0.103927,-1.498855,-1.692832,1.654410,-1.658497,0.048440,-0.212912,1
0.109859,-0.139268,-0.024413,0.171661,-0.235491,0.082594,0.003537,0.023538,-0.017530,0.386461,-0.409305,-0.002556,-0.172314,-0.035575,-0.015931,0.223290,1.561752,1.639442,1.605886,1.766235,0.283091,-0.184797,0.103939,-1.499011,-1.692820,1.654410,-1.658497,0.048476,-0.212912,1
0.109833,-0.139285,-0.024387,0.171652,-0.235495,0.082602,0.003520,0.023538,-0.017530,0.386478,-0.409305,-0.002556,-0.172300,-0.035552,-0.015916,0.223062,1.561656,1.639442,1.606449,1.766247,0.283079,-0.184713,0.103915,-1.499119,-1.692808,1.654410,-1.658485,0.048452,-0.212900,1
0.109833,-0.139294,-0.024400,0.171678,-0.235495,0.082587,0.003554,0.023538,-0.017530,0.386469,-0.409301,-0.002548,-0.172340,-0.035537,-0.015915,0.222859,1.561596,1.639430,1.607061,1.766235,0.283031,-0.184641,0.103879,-1.499239,-1.692808,1.654386,-1.658473,0.048416,-0.212912,1
0.109825,-0.139285,-0.024373,0.171661,-0.235495,0.082602,0.003545,0.023521,-0.017557,0.386469,-0.409305,-0.002556,-0.172340,-0.035545,-0.015911,0.222703,1.561536,1.639442,1.607684,1.766247,0.283019,-0.184605,0.103855,-1.499334,-1.692820,1.654410,-1.658485,0.048368,-0.212912,1
0.109833,-0.139294,-0.024346,0.171669,-0.235500,0.082609,0.003511,0.023521,-0.017530,0.386486,-0.409305,-0.002541,-0.172367,-0.035567,-0.015896,0.222559,1.561440,1.639418,1.608355,1.766247,0.282995,-0.184605,0.103831,-1.499454,-1.692832,1.654398,-1.658485,0.048308,-0.212912,1
0.109833,-0.139294,-0.024333,0.171669,-0.235495,0.082587,0.003537,0.023513,-0.017530,0.386495,-0.409301,-0.002548,-0.172380,-0.035575,-0.015901,0.222439,1.561404,1.639430,1.608954,1.766247,0.282948,-0.184605,0.103783,-1.499562,-1.692832,1.654410,-1.658509,0.048260,-0.212924,1
0.109833,-0.139302,-0.024320,0.171661,-0.235504,0.082602,0.003545,0.023538,-0.017530,0.386478,-0.409305,-0.002556,-0.172421,-0.035567,-0.015906,0.222355,1.561332,1.639442,1.609481,1.766235,0.282888,-0.184605,0.103771,-1.499682,-1.692832,1.654410,-1.658485,0.048225,-0.212924,1
0.109833,-0.139311,-0.024320,0.171669,-0.235504,0.082602,0.003545,0.023530,-0.017517,0.386512,-0.409301,-0.002548,-0.172394,-0.035567,-0.015916,0.222331,1.561308,1.639442,1.609877,1.766247,0.282816,-0.184593,0.103759,-1.499790,-1.692820,1.654410,-1.658509,0.048177,-0.212936,1
0.109833,-0.139311,-0.024346,0.171661,-0.235504,0.082602,0.003545,0.023530,-0.017503,0.386512,-0.409309,-0.002548,-0.172434,-0.035560,-0.015921,0.222307,1.561212,1.639442,1.610740,1.766235,0.282636,-0.184629,0.103735,-1.499922,-1.692820,1.654434,-1.658485,0.048165,-0.212924,1
0.109833,-0.139311,-0.024306,0.171669,-0.235508,0.082609,0.003554,0.023530,-0.017517,0.386521,-0.409305,-0.002556,-0.172488,-0.035552,-0.015916,0.222295,1.561093,1.639442,1.611147,1.766259,0.282480,-0.184653,0.103735,-1.500006,-1.692808,1.654434,-1.658485,0.048129,-0.212912,1
0.109842,-0.139311,-0.024306,0.171669,-0.235504,0.082616,0.003537,0.023530,-0.017517,0.386521,-0.409313,-0.002555,-0.172528,-0.035545,-0.015911,0.222295,1.560997,1.639442,1.611519,1.766235,0.282240,-0.184665,0.103723,-1.500077,-1.692820,1.654458,-1.658497,0.048105,-0.212912,1
0.109833,-0.139311,-0.024320,0.171687,-0.235504,0.082616,0.003528,0.023530,-0.017517,0.386529,-0.409297,-0.002556,-0.172555,-0.035545,-0.015911,0.222295,1.560925,1.639442,1.611926,1.766235,0.282073,-0.184689,0.103711,-1.500185,-1.692820,1.654434,-1.658497,0.048081,-0.212900,1
0.109842,-0.139311,-0.024293,0.171669,-0.235508,0.082609,0.003537,0.023538,-0.017517,0.386529,-0.409313,-0.002541,-0.172608,-0.035567,-0.015906,0.222307,1.560841,1.639442,1.612298,1.766235,0.281941,-0.184701,0.103711,-1.500269,-1.692832,1.654458,-1.658461,0.048045,-0.212900,1
0.109833,-0.139311,-0.024333,0.171669,-0.235512,0.082602,0.003545,0.023513,-0.017517,0.386529,-0.409309,-0.002548,-0.172622,-0.035552,-0.015916,0.222295,1.560805,1.639442,1.612645,1.766235,0.281785,-0.184677,0.103723,-1.500329,-1.692832,1.654458,-1.658485,0.048045,-0.212900,1
0.109825,-0.139311,-0.024306,0.171669,-0.235504,0.082616,0.003537,0.023513,-0.017517,0.386529,-0.409305,-0.002541,-0.172635,-0.035560,-0.015921,0.222307,1.560709,1.639442,1.612969,1.766235,0.281641,-0.184653,0.103723,-1.500377,-1.692832,1.654458,-1.658473,0.048069,-0.212900,1
0.109842,-0.139311,-0.024293,0.171669,-0.235504,0.082616,0.003537,0.023513,-0.017517,0.386529,-0.409305,-0.002556,-0.172608,-0.035552,-0.015916,0.222307,1.560649,1.639430,1.613256,1.766247,0.281545,-0.184653,0.103735,-1.500389,-1.692808,1.654458,-1.658509,0.048057,-0.212888,1
0.109833,-0.139320,-0.024320,0.171669,-0.235512,0.082602,0.003545,0.023495,-0.017517,0.386512,-0.409301,-0.002548,-0.172635,-0.035567,-0.015906,0.222307,1.560589,1.639442,1.613616,1.766235,0.281414,-0.184641,0.103735,-1.500449,-1.692784,1.654470,-1.658509,0.048033,-0.212900,1
0.109842,-0.139311,-0.024306,0.171669,-0.235500,0.082609,0.003537,0.023513,-0.017530,0.386503,-0.409301,-0.002548,-0.172648,-0.035560,-0.015911,0.222307,1.560529,1.639442,1.613844,1.766223,0.281306,-0.184641,0.103735,-1.500497,-1.692808,1.654446,-1.658473,0.048057,-0.212888,1
0.109825,-0.139302,-0.024333,0.171669,-0.235512,0.082602,0.003545,0.023504,-0.017517,0.386503,-0.409305,-0.002556,-0.172688,-0.035545,-0.015920,0.222319,1.560493,1.639442,1.614071,1.766235,0.281186,-0.184653,0.103735,-1.500557,-1.692808,1.654470,-1.658485,0.048057,-0.212876,1
0.109833,-0.139311,-0.024320,0.171661,-0.235504,0.082616,0.003511,0.023521,-0.017530,0.386512,-0.409301,-0.002563,-0.172742,-0.035560,-0.015901,0.222319,1.560398,1.639442,1.614443,1.766235,0.281078,-0.184665,0.103735,-1.500653,-1.692796,1.654458,-1.658485,0.048045,-0.212864,1
0.109842,-0.139311,-0.024333,0.171669,-0.235504,0.082616,0.003520,0.023513,-0.017503,0.386486,-0.409305,-0.002556,-0.172742,-0.035575,-0.015901,0.222307,1.560362,1.639442,1.614719,1.766235,0.281054,-0.184653,0.103747,-1.500701,-1.692796,1.654446,-1.658485,0.048057,-0.212864,1
0.109842,-0.139311,-0.024333,0.171661,-0.235504,0.082602,0.003537,0.023513,-0.017503,0.386486,-0.409301,-0.002548,-0.172769,-0.035560,-0.015911,0.222295,1.560338,1.639442,1.615030,1.766235,0.281054,-0.184641,0.103771,-1.500713,-1.692808,1.654458,-1.658485,0.048057,-0.212876,1
0.109833,-0.139311,-0.024360,0.171644,-0.235504,0.082587,0.003537,0.023521,-0.017503,0.386512,-0.409313,-0.002541,-0.172742,-0.035583,-0.015916,0.222295,1.560338,1.639442,1.615318,1.766259,0.281054,-0.184605,0.103771,-1.500773,-1.692808,1.654470,-1.658497,0.048057,-0.212876,1
0.109842,-0.139320,-0.024333,0.171661,-0.235499,0.082594,0.003528,0.023513,-0.017503,0.386486,-0.409305,-0.002556,-0.172769,-0.035552,-0.015906,0.222307,1.560338,1.639442,1.615629,1.766235,0.281066,-0.184593,0.103783,-1.500797,-1.692784,1.654434,-1.658485,0.048069,-0.212864,1
0.109842,-0.139311,-0.024333,0.171652,-0.235500,0.082609,0.003528,0.023513,-0.017517,0.386495,-0.409313,-0.002555,-0.172782,-0.035560,-0.015921,0.222319,1.560338,1.639442,1.616133,1.766235,0.281066,-0.184557,0.103759,-1.500808,-1.692784,1.654446,-1.658497,0.048033,-0.212864,1
0.109833,-0.139311,-0.024346,0.171661,-0.235500,0.082609,0.003554,0.023521,-0.017517,0.386495,-0.409309,-0.002548,-0.172782,-0.035552,-0.015916,0.222307,1.560362,1.639442,1.616504,1.766235,0.281054,-0.184533,0.103771,-1.500856,-1.692784,1.654446,-1.658473,0.048057,-0.212876,1
0.109833,-0.139320,-0.024306,0.171644,-0.235504,0.082616,0.003520,0.023513,-0.017517,0.386495,-0.409305,-0.002556,-0.172822,-0.035560,-0.015911,0.222307,1.560398,1.639442,1.616888,1.766247,0.281078,-0.184509,0.103747,-1.500904,-1.692784,1.654446,-1.658485,0.048057,-0.212888,1
0.109833,-0.139311,-0.024387,0.171652,-0.235504,0.082616,0.003520,0.023521,-0.017517,0.386503,-0.409309,-0.002548,-0.172769,-0.035575,-0.015901,0.222307,1.560457,1.639442,1.617271,1.766259,0.281066,-0.184509,0.103771,-1.500976,-1.692784,1.654446,-1.658509,0.048057,-0.212864,1
0.109850,-0.139320,-0.024373,0.171661,-0.235508,0.082595,0.003511,0.023530,-0.017503,0.386503,-0.409305,-0.002556,-0.172822,-0.035560,-0.015911,0.222331,1.560553,1.639442,1.617715,1.766259,0.281078,-0.184521,0.103783,-1.501060,-1.692796,1.654458,-1.658485,0.048057,-0.212876,1
0.109833,-0.139320,-0.024400,0.171661,-0.235504,0.082587,0.003494,0.023513,-0.017517,0.386495,-0.409313,-0.002555,-0.172809,-0.035567,-0.015926,0.222307,1.560613,1.639442,1.617894,1.766259,0.281078,-0.184509,0.103783,-1.501096,-1.692796,1.654446,-1.658485,0.048057,-0.212876,1
0.109833,-0.139311,-0.024373,0.171669,-0.235504,0.082602,0.003494,0.023513,-0.017517,0.386495,-0.409305,-0.002541,-0.172796,-0.035545,-0.015911,0.222331,1.560709,1.639442,1.618002,1.766259,0.281066,-0.184497,0.103747,-1.501156,-1.692784,1.654458,-1.658473,0.048057,-0.212852,1
0.109816,-0.139311,-0.024346,0.171669,-0.235504,0.082602,0.003486,0.023513,-0.017503,0.386486,-0.409313,-0.002526,-0.172796,-0.035545,-0.015911,0.222331,1.560781,1.639442,1.618026,1.766247,0.281078,-0.184533,0.103759,-1.501180,-1.692772,1.654446,-1.658497,0.048069,-0.212864,1
0.109842,-0.139320,-0.024373,0.171669,-0.235491,0.082594,0.003494,0.023513,-0.017543,0.386478,-0.409301,-0.002534,-0.172822,-0.035552,-0.015896,0.222331,1.560817,1.639442,1.618194,1.766247,0.281066,-0.184533,0.103759,-1.501240,-1.692784,1.654470,-1.658485,0.048057,-0.212864,1
0.109833,-0.139294,-0.024387,0.171669,-0.235495,0.082602,0.003477,0.023513,-0.017517,0.386478,-0.409297,-0.002541,-0.172822,-0.035567,-0.015916,0.222343,1.560829,1.639442,1.618374,1.766247,0.281066,-0.184569,0.103759,-1.501300,-1.692784,1.654446,-1.658497,0.048057,-0.212852,1
0.109816,-0.139320,-0.024400,0.171661,-0.235504,0.082587,0.003477,0.023504,-0.017517,0.386486,-0.409309,-0.002534,-0.172796,-0.035590,-0.015902,0.222319,1.560829,1.639442,1.618518,1.766235,0.281066,-0.184629,0.103759,-1.501360,-1.692784,1.654446,-1.658485,0.048081,-0.212852,1
0.109842,-0.139320,-0.024413,0.171661,-0.235504,0.082587,0.003477,0.023495,-0.017517,0.386495,-0.409301,-0.002548,-0.172809,-0.035582,-0.015897,0.222343,1.560829,1.639442,1.618625,1.766235,0.281078,-0.184629,0.103783,-1.501444,-1.692796,1.654422,-1.658485,0.048069,-0.212840,1
0.109833,-0.139320,-0.024387,0.171661,-0.235491,0.082594,0.003486,0.023513,-0.017517,0.386486,-0.409308,-0.002563,-0.172809,-0.035567,-0.015896,0.222367,1.560829,1.639442,1.618709,1.766247,0.281066,-0.184617,0.103795,-1.501504,-1.692784,1.654434,-1.658485,0.048069,-0.212852,1
0.109833,-0.139320,-0.024413,0.171669,-0.235491,0.082594,0.003486,0.023513,-0.017517,0.386469,-0.409313,-0.002555,-0.172822,-0.035552,-0.015906,0.222367,1.560841,1.639442,1.618733,1.766235,0.281042,-0.184593,0.103771,-1.501588,-1.692784,1.654446,-1.658509,0.048069,-0.212864,1
0.109850,-0.139294,-0.024427,0.171669,-0.235499,0.082594,0.003494,0.023513,-0.017517,0.386435,-0.409313,-0.002555,-0.172782,-0.035560,-0.015901,0.222391,1.560841,1.639442,1.618733,1.766235,0.281078,-0.184593,0.103783,-1.501659,-1.692772,1.654458,-1.658497,0.048069,-0.212864,1
0.109816,-0.139294,-0.024400,0.171669,-0.235491,0.082580,0.003486,0.023513,-0.017517,0.386418,-0.409305,-0.002556,-0.172822,-0.035552,-0.015916,0.222403,1.560865,1.639442,1.618733,1.766235,0.281066,-0.184605,0.103771,-1.501707,-1.692796,1.654458,-1.658485,0.048069,-0.212888,1
0.109825,-0.139294,-0.024387,0.171678,-0.235491,0.082580,0.003494,0.023513,-0.017517,0.386427,-0.409309,-0.002548,-0.172809,-0.035567,-0.015906,0.222439,1.560841,1.639442,1.618709,1.766259,0.281078,-0.184605,0.103759,-1.501743,-1.692784,1.654446,-1.658485,0.048081,-0.212864,1
0.109816,-0.139311,-0.024413,0.171678,-0.235487,0.082587,0.003494,0.023487,-0.017503,0.386435,-0.409301,-0.002548,-0.172809,-0.035567,-0.015926,0.222439,1.560865,1.639442,1.618709,1.766271,0.281090,-0.184593,0.103783,-1.501803,-1.692784,1.654434,-1.658497,0.048069,-0.212888,1
0.109816,-0.139311,-0.024413,0.171669,-0.235482,0.082580,0.003477,0.023504,-0.017517,0.386427,-0.409301,-0.002548,-0.172782,-0.035545,-0.015920,0.222439,1.560853,1.639442,1.618685,1.766271,0.281090,-0.184593,0.103771,-1.501887,-1.692784,1.654458,-1.658485,0.048069,-0.212888,1
0.109833,-0.139320,-0.024427,0.171669,-0.235491,0.082594,0.003494,0.023504,-0.017517,0.386435,-0.409309,-0.002548,-0.172782,-0.035552,-0.015916,0.222451,1.560841,1.639442,1.618673,1.766247,0.281078,-0.184593,0.103783,-1.501983,-1.692796,1.654446,-1.658509,0.048069,-0.212864,1
0.109833,-0.139320,-0.024400,0.171678,-0.235487,0.082587,0.003486,0.023487,-0.017503,0.386435,-0.409309,-0.002548,-0.172809,-0.035552,-0.015916,0.222475,1.560865,1.639442,1.618649,1.766235,0.281054,-0.184593,0.103783,-1.502055,-1.692796,1.654458,-1.658485,0.048057,-0.212888,1
0.109825,-0.139294,-0.024413,0.171678,-0.235491,0.082594,0.003503,0.023504,-0.017517,0.386435,-0.409308,-0.002563,-0.172796,-0.035552,-0.015916,0.222463,1.560865,1.639442,1.618625,1.766259,0.281090,-0.184581,0.103795,-1.502115,-1.692772,1.654434,-1.658485,0.048069,-0.212876,1
0.109833,-0.139320,-0.024427,0.171678,-0.235491,0.082594,0.003477,0.023495,-0.017530,0.386427,-0.409308,-0.002563,-0.172796,-0.035552,-0.015916,0.222475,1.560889,1.639442,1.618589,1.766259,0.281066,-0.184593,0.103795,-1.502175,-1.692784,1.654458,-1.658485,0.048081,-0.212888,1
0.109833,-0.139302,-0.024413,0.171644,-0.235487,0.082587,0.003486,0.023495,-0.017503,0.386427,-0.409309,-0.002548,-0.172809,-0.035545,-0.015911,0.222487,1.560961,1.639418,1.618554,1.766259,0.281078,-0.184593,0.103807,-1.502271,-1.692784,1.654446,-1.658485,0.048081,-0.212888,1
0.109833,-0.139320,-0.024413,0.171669,-0.235491,0.082580,0.003494,0.023504,-0.017517,0.386427,-0.409305,-0.002541,-0.172809,-0.035560,-0.015901,0.222499,1.560961,1.639430,1.618554,1.766259,0.281090,-0.184593,0.103807,-1.502307,-1.692796,1.654434,-1.658509,0.048081,-0.212888,1
0.109833,-0.139294,-0.024387,0.171678,-0.235491,0.082594,0.003477,0.023504,-0.017517,0.386444,-0.409309,-0.002548,-0.172755,-0.035552,-0.015906,0.222523,1.561033,1.639430,1.618530,1.766271,0.281102,-0.184593,0.103807,-1.502414,-1.692784,1.654446,-1.658485,0.048081,-0.212876,1
0.109833,-0.139320,-0.024387,0.171661,-0.235483,0.082609,0.003477,0.023504,-0.017503,0.386435,-0.409301,-0.002563,-0.172782,-0.035575,-0.015901,0.222511,1.561141,1.639430,1.618506,1.766259,0.281078,-0.184593,0.103795,-1.502474,-1.692784,1.654446,-1.658473,0.048069,-0.212888,1
0.109833,-0.139294,-0.024413,0.171678,-0.235495,0.082587,0.003486,0.023504,-0.017503,0.386427,-0.409301,-0.002563,-0.172782,-0.035567,-0.015906,0.222547,1.561212,1.639418,1.618506,1.766259,0.281090,-0.184581,0.103807,-1.502558,-1.692784,1.654434,-1.658509,0.048081,-0.212876,1
0.109842,-0.139294,-0.024373,0.171644,-0.235491,0.082594,0.003486,0.023504,-0.017503,0.386435,-0.409301,-0.002548,-0.172782,-0.035560,-0.015911,0.222535,1.561284,1.639406,1.618530,1.766259,0.281090,-0.184581,0.103807,-1.502618,-1.692784,1.654458,-1.658509,0.048081,-0.212876,1
0.109850,-0.139311,-0.024400,0.171669,-0.235491,0.082594,0.003486,0.023495,-0.017503,0.386427,-0.409301,-0.002548,-0.172796,-0.035567,-0.015906,0.222547,1.561344,1.639430,1.618506,1.766259,0.281078,-0.184593,0.103807,-1.502666,-1.692784,1.654458,-1.658497,0.048081,-0.212912,1
0.109850,-0.139311,-0.024400,0.171661,-0.235491,0.082594,0.003494,0.023478,-0.017517,0.386444,-0.409313,-0.002541,-0.172782,-0.035552,-0.015916,0.222559,1.561428,1.639406,1.618506,1.766271,0.281102,-0.184581,0.103819,-1.502702,-1.692784,1.654446,-1.658509,0.048105,-0.212900,1
0.109850,-0.139311,-0.024387,0.171669,-0.235482,0.082580,0.003494,0.023487,-0.017503,0.386427,-0.409317,-0.002548,-0.172796,-0.035560,-0.015901,0.222547,1.561548,1.639430,1.618494,1.766259,0.281102,-0.184581,0.103819,-1.502774,-1.692772,1.654446,-1.658509,0.048093,-0.212912,1
0.109825,-0.139320,-0.024373,0.171669,-0.235487,0.082587,0.003486,0.023504,-0.017517,0.386452,-0.409313,-0.002541,-0.172782,-0.035552,-0.015906,0.222571,1.561656,1.639430,1.618494,1.766271,0.281090,-0.184581,0.103807,-1.502834,-1.692796,1.654446,-1.658509,0.048093,-0.212912,1
0.109859,-0.139320,-0.024400,0.171669,-0.235491,0.082580,0.003477,0.023495,-0.017517,0.386435,-0.409301,-0.002548,-0.172796,-0.035567,-0.015896,0.222583,1.561788,1.639430,1.618494,1.766271,0.281090,-0.184581,0.103807,-1.502906,-1.692784,1.654458,-1.658521,0.048081,-0.212900,1
0.109833,-0.139320,-0.024346,0.171669,-0.235491,0.082594,0.003477,0.023487,-0.017503,0.386410,-0.409305,-0.002556,-0.172796,-0.035567,-0.015906,0.222571,1.561872,1.639430,1.618482,1.766271,0.281090,-0.184581,0.103807,-1.502966,-1.692772,1.654446,-1.658509,0.048093,-0.212912,1
0.109833,-0.139328,-0.024373,0.171678,-0.235495,0.082587,0.003486,0.023504,-0.017517,0.386427,-0.409309,-0.002548,-0.172782,-0.035552,-0.015906,0.222571,1.561943,1.639430,1.618494,1.766283,0.281090,-0.184581,0.103795,-1.503038,-1.692772,1.654446,-1.658497,0.048117,-0.212900,1
0.109825,-0.139328,-0.024400,0.171687,-0.235491,0.082594,0.003503,0.023487,-0.017517,0.386435,-0.409301,-0.002548,-0.172782,-0.035545,-0.015920,0.222571,1.562027,1.639418,1.618470,1.766259,0.281102,-0.184593,0.103807,-1.503098,-1.692772,1.654458,-1.658521,0.048093,-0.212912,1
0.109850,-0.139328,-0.024360,0.171678,-0.235483,0.082609,0.003486,0.023487,-0.017517,0.386435,-0.409309,-0.002548,-0.172796,-0.035545,-0.015920,0.222571,1.562099,1.639418,1.618446,1.766271,0.281102,-0.184581,0.103819,-1.503145,-1.692784,1.654446,-1.658485,0.048117,-0.212912,1
0.109825,-0.139345,-0.024360,0.171678,-0.235487,0.082587,0.003494,0.023521,-0.017517,0.386444,-0.409313,-0.002555,-0.172782,-0.035552,-0.015925,0.222571,1.562219,1.639430,1.618434,1.766283,0.281090,-0.184581,0.103819,-1.503193,-1.692784,1.654434,-1.658509,0.048117,-0.212876,1
0.109850,-0.139328,-0.024400,0.171678,-0.235487,0.082587,0.003511,0.023504,-0.017517,0.386435,-0.409309,-0.002548,-0.172782,-0.035529,-0.015901,0.222571,1.562387,1.639406,1.618434,1.766259,0.281090,-0.184581,0.103819,-1.503277,-1.692772,1.654458,-1.658497,0.048105,-0.212912,1
0.109833,-0.139345,-0.024320,0.171678,-0.235487,0.082587,0.003486,0.023495,-0.017517,0.386444,-0.409305,-0.002541,-0.172782,-0.035545,-0.015920,0.222571,1.562531,1.639430,1.618410,1.766283,0.281090,-0.184581,0.103819,-1.503325,-1.692784,1.654446,-1.658509,0.048117,-0.212912,1
0.109850,-0.139328,-0.024387,0.171669,-0.235491,0.082594,0.003494,0.023478,-0.017490,0.386444,-0.409305,-0.002541,-0.172782,-0.035545,-0.015911,0.222571,1.562639,1.639430,1.618398,1.766283,0.281090,-0.184581,0.103807,-1.503409,-1.692796,1.654458,-1.658485,0.048117,-0.212924,1
0.109842,-0.139345,-0.024387,0.171661,-0.235487,0.082616,0.003486,0.023478,-0.017503,0.386427,-0.409301,-0.002548,-0.172769,-0.035537,-0.015915,0.222571,1.562818,1.639418,1.618374,1.766271,0.281102,-0.184569,0.103831,-1.503517,-1.692784,1.654434,-1.658509,0.048117,-0.212972,1
0.109833,-0.139345,-0.024400,0.171678,-0.235487,0.082587,0.003494,0.023487,-0.017517,0.386418,-0.409313,-0.002541,-0.172769,-0.035530,-0.015920,0.222559,1.562926,1.639430,1.618338,1.766283,0.281090,-0.184581,0.103819,-1.503565,-1.692772,1.654458,-1.658509,0.048117,-0.212924,1
0.109833,-0.139345,-0.024400,0.171678,-0.235483,0.082594,0.003511,0.023478,-0.017490,0.386427,-0.409301,-0.002548,-0.172782,-0.035552,-0.015916,0.222571,1.563070,1.639418,1.618314,1.766259,0.281090,-0.184581,0.103807,-1.503625,-1.692760,1.654446,-1.658497,0.048129,-0.212936,1
0.109850,-0.139354,-0.024427,0.171678,-0.235487,0.082601,0.003494,0.023487,-0.017490,0.386435,-0.409309,-0.002548,-0.172755,-0.035560,-0.015921,0.222583,1.563202,1.639406,1.618290,1.766295,0.281090,-0.184593,0.103819,-1.503685,-1.692784,1.654458,-1.658497,0.048129,-0.212936,1
0.109850,-0.139362,-0.024346,0.171678,-0.235482,0.082580,0.003503,0.023478,-0.017476,0.386427,-0.409317,-0.002548,-0.172782,-0.035560,-0.015921,0.222559,1.563334,1.639430,1.618278,1.766283,0.281102,-0.184581,0.103807,-1.503745,-1.692784,1.654458,-1.658509,0.048093,-0.212936,1
0.109842,-0.139371,-0.024373,0.171678,-0.235491,0.082594,0.003503,0.023504,-0.017517,0.386435,-0.409317,-0.002534,-0.172782,-0.035567,-0.015926,0.222571,1.563465,1.639418,1.618254,1.766283,0.281114,-0.184569,0.103807,-1.503793,-1.692772,1.654434,-1.658497,0.048129,-0.212948,1
0.109833,-0.139362,-0.024360,0.171678,-0.235483,0.082594,0.003494,0.023487,-0.017517,0.386427,-0.409305,-0.002556,-0.172809,-0.035537,-0.015915,0.222547,1.563669,1.639430,1.618254,1.766283,0.281102,-0.184581,0.103807,-1.503852,-1.692784,1.654458,-1.658509,0.048129,-0.212948,1
0.109833,-0.139379,-0.024373,0.171678,-0.235487,0.082601,0.003494,0.023495,-0.017490,0.386427,-0.409308,-0.002563,-0.172769,-0.035537,-0.015915,0.222559,1.563789,1.639430,1.618230,1.766271,0.281102,-0.184593,0.103807,-1.503912,-1.692784,1.654458,-1.658497,0.048117,-0.212960,1
0.109833,-0.139379,-0.024373,0.171678,-0.235478,0.082587,0.003503,0.023513,-0.017503,0.386427,-0.409313,-0.002555,-0.172782,-0.035545,-0.015911,0.222547,1.563933,1.639430,1.618230,1.766271,0.281114,-0.184569,0.103783,-1.503972,-1.692784,1.654446,-1.658497,0.048129,-0.212948,1
0.109842,-0.139379,-0.024373,0.171678,-0.235470,0.082601,0.003511,0.023495,-0.017490,0.386435,-0.409313,-0.002555,-0.172769,-0.035545,-0.015911,0.222547,1.564041,1.639430,1.618206,1.766271,0.281102,-0.184581,0.103807,-1.504044,-1.692796,1.654434,-1.658509,0.048129,-0.212948,1
0.109833,-0.139379,-0.024413,0.171678,-0.235479,0.082601,0.003503,0.023478,-0.017503,0.386410,-0.409301,-0.002534,-0.172782,-0.035560,-0.015901,0.222583,1.564185,1.639430,1.618170,1.766283,0.281090,-0.184593,0.103819,-1.504140,-1.692784,1.654458,-1.658521,0.048141,-0.212948,1
0.109842,-0.139396,-0.024360,0.171678,-0.235479,0.082601,0.003503,0.023470,-0.017490,0.386418,-0.409313,-0.002541,-0.172769,-0.035545,-0.015911,0.222571,1.564268,1.639430,1.618122,1.766271,0.281090,-0.184581,0.103807,-1.504236,-1.692796,1.654434,-1.658509,0.048141,-0.212948,1
0.109842,-0.139396,-0.024360,0.171678,-0.235475,0.082608,0.003503,0.023478,-0.017517,0.386427,-0.409309,-0.002534,-0.172769,-0.035545,-0.015911,0.222571,1.564304,1.639430,1.618134,1.766271,0.281090,-0.184581,0.103807,-1.504308,-1.692784,1.654434,-1.658485,0.048153,-0.212936,1
0.109842,-0.139396,-0.024387,0.171678,-0.235474,0.082594,0.003520,0.023470,-0.017490,0.386435,-0.409309,-0.002548,-0.172742,-0.035567,-0.015906,0.222571,1.564340,1.639418,1.618098,1.766283,0.281090,-0.184581,0.103807,-1.504416,-1.692784,1.654446,-1.658509,0.048153,-0.212948,1
0.109825,-0.139396,-0.024387,0.171695,-0.235479,0.082601,0.003503,0.023478,-0.017490,0.386435,-0.409304,-0.002570,-0.172755,-0.035567,-0.015906,0.222559,1.564316,1.639418,1.618098,1.766271,0.281090,-0.184581,0.103807,-1.504572,-1.692796,1.654446,-1.658497,0.048153,-0.212936,1
0.109816,-0.139422,-0.024400,0.171695,-0.235475,0.082608,0.003486,0.023470,-0.017490,0.386444,-0.409308,-0.002563,-0.172755,-0.035552,-0.015916,0.222571,1.564280,1.639430,1.618110,1.766259,0.281090,-0.184581,0.103795,-1.504727,-1.692796,1.654446,-1.658509,0.048165,-0.212924,1
0.109833,-0.139422,-0.024413,0.171678,-0.235479,0.082616,0.003520,0.023478,-0.017490,0.386427,-0.409305,-0.002556,-0.172742,-0.035552,-0.015916,0.222571,1.564268,1.639406,1.618098,1.766295,0.281102,-0.184569,0.103807,-1.504871,-1.692784,1.654434,-1.658509,0.048165,-0.212936,1
0.109842,-0.139413,-0.024440,0.171695,-0.235475,0.082608,0.003520,0.023470,-0.017503,0.386427,-0.409301,-0.002563,-0.172729,-0.035545,-0.015911,0.222571,1.564268,1.639430,1.618110,1.766271,0.281102,-0.184581,0.103819,-1.505039,-1.692772,1.654446,-1.658509,0.048177,-0.212936,1
0.109850,-0.139422,-0.024400,0.171695,-0.235462,0.082601,0.003503,0.023470,-0.017517,0.386418,-0.409305,-0.002556,-0.172729,-0.035552,-0.015916,0.222571,1.564244,1.639418,1.618110,1.766271,0.281102,-0.184593,0.103831,-1.505219,-1.692796,1.654446,-1.658509,0.048201,-0.212912,1
0.109833,-0.139439,-0.024400,0.171695,-0.235466,0.082594,0.003520,0.023478,-0.017490,0.386410,-0.409305,-0.002541,-0.172755,-0.035522,-0.015915,0.222571,1.564280,1.639430,1.618098,1.766283,0.281102,-0.184581,0.103807,-1.505602,-1.692796,1.654458,-1.658509,0.048213,-0.212924,1
0.109833,-0.139439,-0.024387,0.171695,-0.235470,0.082601,0.003537,0.023478,-0.017490,0.386410,-0.409301,-0.002548,-0.172715,-0.035514,-0.015910,0.222583,1.564280,1.639430,1.618086,1.766259,0.281090,-0.184545,0.103807,-1.505926,-1.692808,1.654458,-1.658509,0.048201,-0.212912,1
0.109816,-0.139439,-0.024440,0.171704,-0.235466,0.082594,0.003520,0.023478,-0.017490,0.386401,-0.409297,-0.002541,-0.172729,-0.035537,-0.015906,0.222571,1.564280,1.639418,1.618098,1.766259,0.281102,-0.184569,0.103819,-1.506285,-1.692820,1.654446,-1.658509,0.048213,-0.212912,1
0.109842,-0.139456,-0.024387,0.171678,-0.235470,0.082587,0.003520,0.023495,-0.017490,0.386418,-0.409301,-0.002548,-0.172729,-0.035537,-0.015915,0.222571,1.564280,1.639406,1.618110,1.766283,0.281102,-0.184581,0.103819,-1.506944,-1.692784,1.654446,-1.658497,0.048201,-0.212912,1
0.109833,-0.139456,-0.024413,0.171678,-0.235462,0.082587,0.003520,0.023478,-0.017517,0.386410,-0.409309,-0.002548,-0.172702,-0.035545,-0.015911,0.222607,1.564268,1.639406,1.618086,1.766283,0.281102,-0.184581,0.103831,-1.507424,-1.692796,1.654458,-1.658485,0.048248,-0.212912,1
0.109833,-0.139464,-0.024413,0.171695,-0.235466,0.082594,0.003528,0.023478,-0.017503,0.386427,-0.409309,-0.002548,-0.172688,-0.035529,-0.015910,0.222619,1.564268,1.639406,1.618086,1.766283,0.281090,-0.184569,0.103807,-1.508035,-1.692820,1.654458,-1.658509,0.048213,-0.212912,1
0.109816,-0.139464,-0.024400,0.171695,-0.235462,0.082587,0.003511,0.023478,-0.017476,0.386444,-0.409301,-0.002534,-0.172702,-0.035537,-0.015925,0.222631,1.564280,1.639406,1.618086,1.766271,0.281114,-0.184581,0.103819,-1.508802,-1.692808,1.654446,-1.658485,0.048237,-0.212900,1
0.109825,-0.139473,-0.024413,0.171695,-0.235466,0.082594,0.003520,0.023487,-0.017490,0.386427,-0.409305,-0.002556,-0.172702,-0.035522,-0.015925,0.222643,1.564280,1.639418,1.618086,1.766283,0.281102,-0.184569,0.103807,-1.509677,-1.692820,1.654458,-1.658497,0.048225,-0.212912,1
0.109807,-0.139473,-0.024387,0.171678,-0.235466,0.082594,0.003528,0.023487,-0.017490,0.386427,-0.409305,-0.002556,-0.172688,-0.035522,-0.015925,0.222679,1.564280,1.639406,1.618098,1.766307,0.281090,-0.184569,0.103807,-1.510576,-1.692808,1.654458,-1.658485,0.048237,-0.212900,1
0.109825,-0.139473,-0.024413,0.171669,-0.235462,0.082587,0.003520,0.023478,-0.017490,0.386418,-0.409309,-0.002548,-0.172675,-0.035530,-0.015920,0.222703,1.564268,1.639406,1.618086,1.766307,0.281102,-0.184581,0.103807,-1.511834,-1.692796,1.654446,-1.658509,0.048225,-0.212912,1
0.109825,-0.139473,-0.024427,0.171695,-0.235457,0.082594,0.003503,0.023478,-0.017476,0.386410,-0.409301,-0.002548,-0.172688,-0.035537,-0.015925,0.222739,1.564280,1.639406,1.618086,1.766331,0.281102,-0.184581,0.103795,-1.512469,-1.692808,1.654458,-1.658509,0.048225,-0.212912,1
0.109842,-0.139473,-0.024413,0.171712,-0.235453,0.082601,0.003520,0.023495,-0.017490,0.386401,-0.409301,-0.002548,-0.172688,-0.035522,-0.015925,0.222751,1.564280,1.639406,1.618086,1.766331,0.281102,-0.184605,0.103831,-1.512901,-1.692796,1.654470,-1.658485,0.048237,-0.212900,1
0.109825,-0.139473,-0.024413,0.171695,-0.235466,0.082594,0.003520,0.023478,-0.017476,0.386410,-0.409301,-0.002548,-0.172635,-0.035507,-0.015934,0.222787,1.564304,1.639358,1.618086,1.766331,0.281102,-0.184581,0.103831,-1.512901,-1.692808,1.654470,-1.658485,0.048248,-0.212912,1
0.109825,-0.139490,-0.024387,0.171687,-0.235457,0.082594,0.003520,0.023495,-0.017490,0.386401,-0.409313,-0.002526,-0.172662,-0.035499,-0.015949,0.222811,1.564304,1.639370,1.618086,1.766331,0.281102,-0.184581,0.103819,-1.512721,-1.692796,1.654494,-1.658485,0.048248,-0.212912,1
0.109825,-0.139490,-0.024400,0.171704,-0.235458,0.082608,0.003528,0.023478,-0.017490,0.386410,-0.409309,-0.002548,-0.172662,-0.035522,-0.015944,0.222847,1.564304,1.639358,1.618098,1.766331,0.281090,-0.184569,0.103819,-1.512457,-1.692820,1.654494,-1.658533,0.048248,-0.212888,1
0.109816,-0.139490,-0.024413,0.171695,-0.235458,0.082608,0.003545,0.023487,-0.017490,0.386418,-0.409301,-0.002548,-0.172662,-0.035514,-0.015939,0.222859,1.564280,1.639346,1.618086,1.766331,0.281102,-0.184581,0.103807,-1.512146,-1.692808,1.654506,-1.658497,0.048248,-0.212888,1
0.109825,-0.139499,-0.024413,0.171704,-0.235449,0.082594,0.003528,0.023478,-0.017490,0.386410,-0.409313,-0.002555,-0.172648,-0.035514,-0.015939,0.222871,1.564304,1.639322,1.618098,1.766331,0.281090,-0.184569,0.103807,-1.511846,-1.692820,1.654530,-1.658497,0.048248,-0.212888,1
0.109816,-0.139499,-0.024440,0.171704,-0.235453,0.082601,0.003520,0.023478,-0.017490,0.386410,-0.409301,-0.002548,-0.172622,-0.035514,-0.015939,0.222859,1.564280,1.639322,1.618086,1.766355,0.281102,-0.184569,0.103831,-1.511534,-1.692796,1.654506,-1.658497,0.048237,-0.212888,1
0.109825,-0.139490,-0.024440,0.171695,-0.235453,0.082601,0.003545,0.023478,-0.017490,0.386401,-0.409308,-0.002563,-0.172635,-0.035522,-0.015944,0.222871,1.564280,1.639322,1.618074,1.766343,0.281090,-0.184569,0.103807,-1.511307,-1.692808,1.654506,-1.658485,0.048248,-0.212876,1
0.109816,-0.139507,-0.024440,0.171712,-0.235453,0.082601,0.003520,0.023478,-0.017476,0.386384,-0.409301,-0.002548,-0.172622,-0.035530,-0.015939,0.222907,1.564280,1.639322,1.618062,1.766355,0.281102,-0.184557,0.103807,-1.511163,-1.692808,1.654506,-1.658509,0.048248,-0.212864,1
0.109816,-0.139507,-0.024413,0.171712,-0.235449,0.082594,0.003503,0.023470,-0.017476,0.386384,-0.409313,-0.002541,-0.172581,-0.035537,-0.015935,0.222907,1.564280,1.639322,1.618074,1.766379,0.281114,-0.184569,0.103807,-1.511199,-1.692808,1.654494,-1.658497,0.048248,-0.212888,1
0.109833,-0.139499,-0.024440,0.171695,-0.235449,0.082594,0.003537,0.023478,-0.017490,0.386376,-0.409313,-0.002541,-0.172595,-0.035552,-0.015925,0.222931,1.564280,1.639322,1.618086,1.766367,0.281114,-0.184569,0.103831,-1.511367,-1.692808,1.654494,-1.658497,0.048248,-0.212888,1
0.109807,-0.139490,-0.024400,0.171695,-0.235449,0.082594,0.003528,0.023478,-0.017490,0.386384,-0.409305,-0.002541,-0.172595,-0.035552,-0.015925,0.222931,1.564280,1.639322,1.618074,1.766355,0.281102,-0.184581,0.103807,-1.511510,-1.692832,1.654506,-1.658485,0.048248,-0.212900,1
0.109807,-0.139507,-0.024440,0.171712,-0.235453,0.082601,0.003528,0.023470,-0.017490,0.386367,-0.409301,-0.002548,-0.172581,-0.035530,-0.015930,0.222955,1.564280,1.639322,1.618074,1.766379,0.281102,-0.184557,0.103807,-1.511594,-1.692808,1.654506,-1.658473,0.048260,-0.212912,1
0.109825,-0.139507,-0.024440,0.171704,-0.235449,0.082594,0.003537,0.023478,-0.017517,0.386384,-0.409305,-0.002556,-0.172595,-0.035514,-0.015939,0.222978,1.564280,1.639322,1.618062,1.766379,0.281114,-0.184569,0.103807,-1.511642,-1.692808,1.654494,-1.658485,0.048272,-0.212888,1
0.109807,-0.139507,-0.024440,0.171704,-0.235449,0.082594,0.003528,0.023478,-0.017490,0.386401,-0.409309,-0.002548,-0.172581,-0.035530,-0.015930,0.222967,1.564280,1.639346,1.618062,1.766367,0.281102,-0.184557,0.103819,-1.511630,-1.692820,1.654506,-1.658497,0.048260,-0.212900,1
0.109807,-0.139507,-0.024440,0.171712,-0.235457,0.082594,0.003528,0.023478,-0.017476,0.386401,-0.409305,-0.002556,-0.172555,-0.035537,-0.015935,0.223014,1.564280,1.639346,1.618074,1.766379,0.281102,-0.184569,0.103807,-1.511558,-1.692820,1.654506,-1.658497,0.048272,-0.212912,1
0.109816,-0.139507,-0.024440,0.171695,-0.235445,0.082601,0.003520,0.023478,-0.017490,0.386410,-0.409309,-0.002548,-0.172568,-0.035530,-0.015939,0.223002,1.564292,1.639322,1.618086,1.766391,0.281126,-0.184545,0.103819,-1.511474,-1.692832,1.654506,-1.658509,0.048296,-0.212912,1
0.109807,-0.139507,-0.024440,0.171712,-0.235449,0.082594,0.003520,0.023495,-0.017490,0.386401,-0.409309,-0.002548,-0.172555,-0.035537,-0.015925,0.223002,1.564304,1.639322,1.618086,1.766367,0.281102,-0.184569,0.103819,-1.511415,-1.692820,1.654506,-1.658485,0.048284,-0.212912,1
0.109807,-0.139499,-0.024467,0.171695,-0.235445,0.082601,0.003528,0.023495,-0.017490,0.386401,-0.409305,-0.002556,-0.172568,-0.035530,-0.015930,0.223014,1.564280,1.639322,1.618074,1.766379,0.281102,-0.184557,0.103807,-1.511427,-1.692820,1.654494,-1.658485,0.048296,-0.212900,1
0.109816,-0.139507,-0.024480,0.171695,-0.235453,0.082601,0.003537,0.023478,-0.017503,0.386401,-0.409313,-0.002541,-0.172528,-0.035514,-0.015939,0.223026,1.564280,1.639322,1.618074,1.766379,0.281090,-0.184557,0.103831,-1.511510,-1.692820,1.654506,-1.658497,0.048296,-0.212912,1
0.109799,-0.139507,-0.024480,0.171695,-0.235441,0.082608,0.003528,0.023495,-0.017490,0.386401,-0.409313,-0.002555,-0.172501,-0.035492,-0.015934,0.223014,1.564280,1.639322,1.618062,1.766379,0.281102,-0.184557,0.103831,-1.511546,-1.692832,1.654494,-1.658497,0.048320,-0.212900,1
0.109807,-0.139507,-0.024440,0.171695,-0.235449,0.082608,0.003537,0.023504,-0.017503,0.386410,-0.409301,-0.002548,-0.172528,-0.035514,-0.015939,0.223038,1.564304,1.639322,1.618062,1.766379,0.281102,-0.184569,0.103831,-1.511558,-1.692808,1.654494,-1.658485,0.048320,-0.212912,1
0.109807,-0.139524,-0.024454,0.171695,-0.235445,0.082601,0.003537,0.023478,-0.017490,0.386410,-0.409313,-0.002541,-0.172514,-0.035545,-0.015940,0.223050,1.564328,1.639322,1.618074,1.766379,0.281102,-0.184557,0.103807,-1.511546,-1.692820,1.654506,-1.658497,0.048320,-0.212912,1
0.109807,-0.139516,-0.024440,0.171695,-0.235445,0.082601,0.003545,0.023504,-0.017490,0.386410,-0.409309,-0.002548,-0.172501,-0.035537,-0.015935,0.223026,1.564316,1.639346,1.618086,1.766379,0.281114,-0.184557,0.103807,-1.511522,-1.692856,1.654506,-1.658485,0.048332,-0.212912,1
0.109807,-0.139507,-0.024454,0.171695,-0.235445,0.082615,0.003528,0.023495,-0.017490,0.386410,-0.409305,-0.002556,-0.172488,-0.035552,-0.015925,0.223050,1.564364,1.639322,1.618062,1.766379,0.281102,-0.184569,0.103807,-1.511486,-1.692856,1.654494,-1.658509,0.048344,-0.212924,1
0.109790,-0.139516,-0.024480,0.171704,-0.235445,0.082601,0.003537,0.023478,-0.017503,0.386393,-0.409305,-0.002556,-0.172488,-0.035530,-0.015939,0.223038,1.564436,1.639322,1.618050,1.766391,0.281102,-0.184557,0.103831,-1.511474,-1.692856,1.654506,-1.658473,0.048332,-0.212924,1
0.109790,-0.139507,-0.024454,0.171704,-0.235445,0.082601,0.003554,0.023478,-0.017476,0.386393,-0.409313,-0.002541,-0.172461,-0.035522,-0.015925,0.223026,1.564532,1.639346,1.618050,1.766391,0.281102,-0.184557,0.103807,-1.511498,-1.692844,1.654494,-1.658473,0.048356,-0.212924,1
0.109782,-0.139507,-0.024467,0.171687,-0.235441,0.082594,0.003537,0.023495,-0.017490,0.386393,-0.409309,-0.002548,-0.172488,-0.035507,-0.015934,0.223062,1.564712,1.639346,1.618026,1.766379,0.281114,-0.184569,0.103807,-1.511522,-1.692844,1.654506,-1.658485,0.048368,-0.212912,1
0.109782,-0.139524,-0.024480,0.171704,-0.235437,0.082601,0.003545,0.023495,-0.017503,0.386384,-0.409305,-0.002556,-0.172488,-0.035514,-0.015939,0.223062,1.564796,1.639346,1.617990,1.766367,0.281114,-0.184569,0.103819,-1.511522,-1.692856,1.654506,-1.658473,0.048368,-0.212912,1
0.109773,-0.139524,-0.024454,0.171695,-0.235445,0.082601,0.003545,0.023504,-0.017490,0.386376,-0.409309,-0.002534,-0.172461,-0.035530,-0.015930,0.223038,1.564856,1.639322,1.617954,1.766391,0.281102,-0.184557,0.103831,-1.511510,-1.692880,1.654494,-1.658485,0.048392,-0.212924,1
0.109782,-0.139507,-0.024467,0.171704,-0.235432,0.082608,0.003545,0.023504,-0.017490,0.386393,-0.409297,-0.002527,-0.172434,-0.035537,-0.015935,0.223038,1.564868,1.639322,1.617882,1.766403,0.281102,-0.184569,0.103831,-1.511474,-1.692868,1.654494,-1.658473,0.048392,-0.212936,1
0.109782,-0.139516,-0.024454,0.171687,-0.235445,0.082601,0.003545,0.023495,-0.017476,0.386393,-0.409309,-0.002548,-0.172461,-0.035514,-0.015939,0.223050,1.564844,1.639346,1.617846,1.766367,0.281114,-0.184569,0.103795,-1.511474,-1.692856,1.654506,-1.658485,0.048392,-0.212936,1
0.109790,-0.139516,-0.024454,0.171687,-0.235432,0.082608,0.003545,0.023495,-0.017490,0.386384,-0.409305,-0.002541,-0.172447,-0.035507,-0.015944,0.223026,1.564844,1.639322,1.617787,1.766379,0.281102,-0.184557,0.103831,-1.511438,-1.692856,1.654506,-1.658473,0.048392,-0.212924,1
0.109773,-0.139524,-0.024440,0.171712,-0.235432,0.082608,0.003545,0.023487,-0.017490,0.386393,-0.409305,-0.002556,-0.172447,-0.035514,-0.015949,0.223038,1.564808,1.639346,1.617739,1.766379,0.281114,-0.184569,0.103831,-1.511462,-1.692868,1.654494,-1.658485,0.048392,-0.212936,1
0.109782,-0.139516,-0.024454,0.171704,-0.235445,0.082601,0.003545,0.023495,-0.017490,0.386401,-0.409313,-0.002541,-0.172447,-0.035492,-0.015934,0.223050,1.564832,1.639346,1.617679,1.766379,0.281102,-0.184569,0.103807,-1.511498,-1.692868,1.654494,-1.658473,0.048404,-0.212924,1
0.109765,-0.139524,-0.024454,0.171695,-0.235441,0.082622,0.003571,0.023478,-0.017490,0.386410,-0.409309,-0.002534,-0.172447,-0.035530,-0.015930,0.223038,1.564868,1.639346,1.617619,1.766391,0.281114,-0.184569,0.103807,-1.511522,-1.692868,1.654494,-1.658473,0.048404,-0.212936,1
0.109765,-0.139524,-0.024467,0.171695,-0.235441,0.082594,0.003579,0.023495,-0.017490,0.386410,-0.409305,-0.002556,-0.172461,-0.035514,-0.015939,0.223050,1.564903,1.639346,1.617535,1.766391,0.281102,-0.184557,0.103807,-1.511546,-1.692892,1.654494,-1.658461,0.048392,-0.212924,1
0.109748,-0.139524,-0.024454,0.171687,-0.235441,0.082608,0.003562,0.023478,-0.017490,0.386410,-0.409305,-0.002556,-0.172461,-0.035499,-0.015949,0.223050,1.565023,1.639322,1.617451,1.766403,0.281102,-0.184557,0.103807,-1.511546,-1.692880,1.654494,-1.658461,0.048428,-0.212924,1
0.109756,-0.139524,-0.024440,0.171695,-0.235437,0.082601,0.003579,0.023478,-0.017490,0.386401,-0.409313,-0.002541,-0.172434,-0.035499,-0.015949,0.223050,1.565071,1.639322,1.617415,1.766391,0.281090,-0.184533,0.103795,-1.511534,-1.692892,1.654506,-1.658485,0.048416,-0.212936,1
0.109765,-0.139524,-0.024440,0.171712,-0.235428,0.082601,0.003579,0.023487,-0.017490,0.386393,-0.409309,-0.002548,-0.172461,-0.035514,-0.015949,0.223050,1.565131,1.639322,1.617391,1.766391,0.281102,-0.184557,0.103807,-1.511498,-1.692868,1.654494,-1.658473,0.048416,-0.212936,1
0.109756,-0.139533,-0.024467,0.171695,-0.235437,0.082615,0.003562,0.023478,-0.017476,0.386393,-0.409305,-0.002541,-0.172474,-0.035514,-0.015920,0.223050,1.565203,1.639346,1.617391,1.766391,0.281102,-0.184557,0.103807,-1.511474,-1.692868,1.654506,-1.658485,0.048428,-0.212936,1
0.109756,-0.139533,-0.024454,0.171695,-0.235428,0.082601,0.003571,0.023495,-0.017490,0.386376,-0.409309,-0.002534,-0.172447,-0.035499,-0.015939,0.223050,1.565239,1.639322,1.617367,1.766391,0.281114,-0.184569,0.103819,-1.511474,-1.692880,1.654506,-1.658497,0.048404,-0.212936,1
0.109748,-0.139550,-0.024454,0.171695,-0.235432,0.082608,0.003579,0.023478,-0.017490,0.386384,-0.409305,-0.002556,-0.172461,-0.035514,-0.015929,0.223050,1.565323,1.639322,1.617355,1.766379,0.281114,-0.184557,0.103807,-1.511498,-1.692868,1.654506,-1.658473,0.048428,-0.212924,1
0.109756,-0.139550,-0.024467,0.171695,-0.235432,0.082594,0.003571,0.023478,-0.017490,0.386401,-0.409305,-0.002541,-0.172434,-0.035530,-0.015930,0.223062,1.565359,1.639346,1.617343,1.766391,0.281102,-0.184557,0.103807,-1.511498,-1.692880,1.654494,-1.658473,0.048416,-0.212924,1
0.109765,-0.139550,-0.024454,0.171695,-0.235432,0.082608,0.003605,0.023487,-0.017503,0.386401,-0.409301,-0.002563,-0.172434,-0.035530,-0.015930,0.223050,1.565431,1.639346,1.617307,1.766391,0.281102,-0.184557,0.103807,-1.511522,-1.692892,1.654506,-1.658473,0.048428,-0.212924,1
0.109756,-0.139575,-0.024440,0.171695,-0.235441,0.082608,0.003605,0.023478,-0.017490,0.386418,-0.409301,-0.002534,-0.172447,-0.035507,-0.015934,0.223038,1.565491,1.639322,1.617307,1.766391,0.281102,-0.184545,0.103807,-1.511510,-1.692892,1.654494,-1.658497,0.048428,-0.212936,1
0.109748,-0.139558,-0.024454,0.171712,-0.235437,0.082615,0.003579,0.023478,-0.017476,0.386418,-0.409305,-0.002541,-0.172434,-0.035499,-0.015929,0.223062,1.565563,1.639322,1.617271,1.766391,0.281114,-0.184545,0.103831,-1.511534,-1.692904,1.654494,-1.658461,0.048416,-0.212948,1
0.109748,-0.139575,-0.024440,0.171712,-0.235445,0.082601,0.003571,0.023478,-0.017503,0.386410,-0.409313,-0.002555,-0.172461,-0.035507,-0.015934,0.223050,1.565623,1.639346,1.617247,1.766391,0.281102,-0.184533,0.103807,-1.511522,-1.692892,1.654506,-1.658497,0.048428,-0.212936,1
0.109756,-0.139584,-0.024427,0.171695,-0.235441,0.082608,0.003579,0.023487,-0.017503,0.386393,-0.409301,-0.002548,-0.172434,-0.035499,-0.015939,0.223062,1.565683,1.639346,1.617247,1.766379,0.281102,-0.184533,0.103807,-1.511510,-1.692892,1.654506,-1.658485,0.048416,-0.212936,1
0.109748,-0.139575,-0.024427,0.171687,-0.235437,0.082615,0.003579,0.023478,-0.017503,0.386384,-0.409305,-0.002556,-0.172434,-0.035514,-0.015920,0.223038,1.565719,1.639346,1.617259,1.766391,0.281102,-0.184533,0.103807,-1.511498,-1.692892,1.654506,-1.658485,0.048428,-0.212948,1
0.109765,-0.139592,-0.024440,0.171695,-0.235437,0.082615,0.003571,0.023495,-0.017476,0.386376,-0.409313,-0.002555,-0.172461,-0.035507,-0.015934,0.223062,1.565778,1.639322,1.617259,1.766403,0.281114,-0.184545,0.103807,-1.511474,-1.692916,1.654494,-1.658461,0.048428,-0.212936,1
0.109756,-0.139592,-0.024440,0.171704,-0.235424,0.082594,0.003579,0.023487,-0.017503,0.386376,-0.409309,-0.002534,-0.172461,-0.035507,-0.015934,0.223038,1.565850,1.639322,1.617259,1.766391,0.281114,-0.184533,0.103807,-1.511510,-1.692904,1.654494,-1.658461,0.048416,-0.212936,1
0.109748,-0.139609,-0.024440,0.171704,-0.235432,0.082608,0.003588,0.023487,-0.017476,0.386384,-0.409308,-0.002563,-0.172447,-0.035507,-0.015915,0.223038,1.565886,1.639322,1.617259,1.766391,0.281102,-0.184557,0.103807,-1.511522,-1.692880,1.654506,-1.658461,0.048428,-0.212936,1
0.109765,-0.139609,-0.024427,0.171695,-0.235432,0.082608,0.003596,0.023504,-0.017476,0.386393,-0.409313,-0.002541,-0.172447,-0.035507,-0.015934,0.223050,1.565898,1.639322,1.617259,1.766391,0.281090,-0.184545,0.103795,-1.511510,-1.692880,1.654506,-1.658473,0.048404,-0.212924,1
0.109756,-0.139609,-0.024427,0.171695,-0.235437,0.082601,0.003596,0.023504,-0.017490,0.386401,-0.409301,-0.002548,-0.172447,-0.035492,-0.015934,0.223026,1.565922,1.639346,1.617271,1.766379,0.281114,-0.184533,0.103807,-1.511510,-1.692904,1.654506,-1.658473,0.048416,-0.212936,1
0.109756,-0.139626,-0.024440,0.171712,-0.235428,0.082601,0.003588,0.023487,-0.017490,0.386384,-0.409305,-0.002541,-0.172461,-0.035469,-0.015928,0.223026,1.565982,1.639322,1.617271,1.766367,0.281102,-0.184545,0.103795,-1.511474,-1.692892,1.654494,-1.658473,0.048404,-0.212936,1
0.109748,-0.139626,-0.024427,0.171712,-0.235437,0.082615,0.003588,0.023487,-0.017476,0.386384,-0.409309,-0.002534,-0.172434,-0.035469,-0.015928,0.223038,1.565994,1.639346,1.617259,1.766391,0.281102,-0.184533,0.103795,-1.511474,-1.692868,1.654494,-1.658497,0.048428,-0.212948,1
0.109748,-0.139643,-0.024413,0.171712,-0.235437,0.082615,0.003596,0.023504,-0.017490,0.386384,-0.409309,-0.002534,-0.172461,-0.035469,-0.015928,0.223026,1.566018,1.639346,1.617271,1.766379,0.281114,-0.184545,0.103795,-1.511474,-1.692916,1.654530,-1.658485,0.048416,-0.212948,1
0.109756,-0.139652,-0.024400,0.171712,-0.235437,0.082601,0.003588,0.023504,-0.017476,0.386401,-0.409305,-0.002556,-0.172461,-0.035461,-0.015943,0.223038,1.566030,1.639346,1.617259,1.766391,0.281102,-0.184557,0.103795,-1.511498,-1.692904,1.654506,-1.658485,0.048404,-0.212936,1
0.109748,-0.139660,-0.024427,0.171712,-0.235428,0.082601,0.003588,0.023495,-0.017490,0.386376,-0.409305,-0.002541,-0.172447,-0.035477,-0.015934,0.223038,1.566018,1.639346,1.617259,1.766355,0.281090,-0.184533,0.103795,-1.511498,-1.692904,1.654494,-1.658485,0.048428,-0.212948,1
0.109756,-0.139669,-0.024400,0.171712,-0.235432,0.082608,0.003596,0.023495,-0.017490,0.386384,-0.409305,-0.002541,-0.172447,-0.035469,-0.015928,0.223026,1.566018,1.639346,1.617247,1.766379,0.281090,-0.184545,0.103795,-1.511510,-1.692904,1.654506,-1.658485,0.048392,-0.212948,1
0.109773,-0.139669,-0.024400,0.171712,-0.235437,0.082615,0.003605,0.023487,-0.017476,0.386384,-0.409301,-0.002534,-0.172447,-0.035461,-0.015933,0.223026,1.566054,1.639346,1.617259,1.766379,0.281090,-0.184545,0.103807,-1.511498,-1.692904,1.654506,-1.658485,0.048392,-0.212936,1
0.109765,-0.139686,-0.024427,0.171695,-0.235437,0.082615,0.003588,0.023478,-0.017490,0.386393,-0.409305,-0.002541,-0.172447,-0.035454,-0.015938,0.223038,1.566030,1.639346,1.617259,1.766367,0.281102,-0.184545,0.103807,-1.511498,-1.692904,1.654506,-1.658485,0.048392,-0.212936,1
0.109765,-0.139686,-0.024427,0.171695,-0.235437,0.082601,0.003596,0.023470,-0.017490,0.386401,-0.409309,-0.002548,-0.172461,-0.035461,-0.015933,0.223038,1.566030,1.639346,1.617259,1.766379,0.281102,-0.184545,0.103783,-1.511498,-1.692904,1.654506,-1.658473,0.048392,-0.212960,1
0.109765,-0.139695,-0.024400,0.171712,-0.235437,0.082615,0.003596,0.023478,-0.017490,0.386384,-0.409309,-0.002548,-0.172447,-0.035454,-0.015938,0.223014,1.566042,1.639358,1.617259,1.766367,0.281102,-0.184545,0.103795,-1.511498,-1.692892,1.654506,-1.658485,0.048404,-0.212936,1
0.109782,-0.139703,-0.024413,0.171712,-0.235432,0.082608,0.003588,0.023478,-0.017490,0.386384,-0.409309,-0.002548,-0.172434,-0.035461,-0.015933,0.223026,1.566030,1.639358,1.617247,1.766367,0.281090,-0.184545,0.103807,-1.511498,-1.692892,1.654494,-1.658473,0.048404,-0.212960,1
0.109756,-0.139703,-0.024360,0.171695,-0.235432,0.082608,0.003588,0.023478,-0.017490,0.386401,-0.409313,-0.002541,-0.172461,-0.035461,-0.015933,0.223026,1.566030,1.639358,1.617235,1.766379,0.281090,-0.184557,0.103807,-1.511451,-1.692904,1.654494,-1.658485,0.048392,-0.212948,1
0.109756,-0.139720,-0.024400,0.171712,-0.235437,0.082615,0.003596,0.023478,-0.017476,0.386393,-0.409305,-0.002541,-0.172474,-0.035461,-0.015933,0.223002,1.566018,1.639358,1.617259,1.766379,0.281090,-0.184545,0.103795,-1.511462,-1.692880,1.654494,-1.658473,0.048392,-0.212948,1
0.109773,-0.139729,-0.024400,0.171695,-0.235437,0.082615,0.003579,0.023495,-0.017490,0.386384,-0.409305,-0.002541,-0.172474,-0.035454,-0.015928,0.222990,1.566018,1.639346,1.617259,1.766367,0.281090,-0.184545,0.103819,-1.511474,-1.692892,1.654506,-1.658473,0.048392,-0.212960,1
0.109773,-0.139720,-0.024360,0.171695,-0.235437,0.082615,0.003588,0.023478,-0.017490,0.386401,-0.409309,-0.002548,-0.172461,-0.035431,-0.015942,0.223026,1.566018,1.639346,1.617247,1.766379,0.281090,-0.184533,0.103807,-1.511522,-1.692916,1.654494,-1.658485,0.048404,-0.212948,1
0.109773,-0.139737,-0.024373,0.171712,-0.235437,0.082615,0.003596,0.023478,-0.017490,0.386401,-0.409301,-0.002548,-0.172434,-0.035416,-0.015942,0.223002,1.566018,1.639370,1.617259,1.766343,0.281090,-0.184545,0.103807,-1.511546,-1.692904,1.654494,-1.658473,0.048380,-0.212936,1
0.109782,-0.139746,-0.024400,0.171695,-0.235437,0.082615,0.003588,0.023478,-0.017490,0.386393,-0.409301,-0.002548,-0.172434,-0.035431,-0.015952,0.223002,1.565994,1.639358,1.617259,1.766367,0.281102,-0.184533,0.103795,-1.511570,-1.692892,1.654506,-1.658473,0.048380,-0.212948,1
0.109782,-0.139754,-0.024373,0.171712,-0.235441,0.082608,0.003588,0.023478,-0.017490,0.386376,-0.409313,-0.002541,-0.172461,-0.035446,-0.015943,0.222978,1.565982,1.639370,1.617259,1.766367,0.281102,-0.184557,0.103807,-1.511546,-1.692892,1.654506,-1.658473,0.048404,-0.212936,1
0.109765,-0.139754,-0.024373,0.171695,-0.235441,0.082608,0.003588,0.023478,-0.017490,0.386384,-0.409305,-0.002526,-0.172447,-0.035431,-0.015942,0.222990,1.565982,1.639370,1.617271,1.766367,0.281090,-0.184545,0.103807,-1.511522,-1.692868,1.654506,-1.658473,0.048392,-0.212960,1
0.109790,-0.139754,-0.024360,0.171729,-0.235437,0.082615,0.003579,0.023487,-0.017490,0.386393,-0.409301,-0.002548,-0.172434,-0.035446,-0.015943,0.222990,1.565982,1.639370,1.617271,1.766343,0.281078,-0.184545,0.103795,-1.511451,-1.692892,1.654494,-1.658485,0.048392,-0.212960,1
0.109790,-0.139754,-0.024333,0.171721,-0.235437,0.082615,0.003588,0.023495,-0.017476,0.386401,-0.409309,-0.002548,-0.172447,-0.035446,-0.015943,0.222967,1.565958,1.639358,1.617271,1.766355,0.281090,-0.184533,0.103783,-1.511427,-1.692904,1.654506,-1.658473,0.048392,-0.212960,1
0.109799,-0.139754,-0.024373,0.171712,-0.235441,0.082608,0.003588,0.023478,-0.017490,0.386393,-0.409305,-0.002556,-0.172434,-0.035446,-0.015943,0.222978,1.565958,1.639370,1.617259,1.766355,0.281102,-0.184545,0.103807,-1.511486,-1.692904,1.654494,-1.658473,0.048392,-0.212948,1
0.109782,-0.139771,-0.024333,0.171712,-0.235441,0.082622,0.003579,0.023478,-0.017463,0.386384,-0.409301,-0.002548,-0.172434,-0.035446,-0.015943,0.222978,1.565946,1.639370,1.617271,1.766355,0.281102,-0.184545,0.103807,-1.511498,-1.692916,1.654494,-1.658485,0.048392,-0.212936,1
0.109790,-0.139771,-0.024333,0.171712,-0.235445,0.082630,0.003588,0.023478,-0.017490,0.386401,-0.409305,-0.002556,-0.172461,-0.035446,-0.015943,0.222967,1.565922,1.639370,1.617283,1.766343,0.281090,-0.184545,0.103807,-1.511534,-1.692904,1.654506,-1.658473,0.048428,-0.212960,1
0.109790,-0.139771,-0.024320,0.171712,-0.235441,0.082608,0.003588,0.023478,-0.017490,0.386393,-0.409301,-0.002548,-0.172461,-0.035454,-0.015948,0.222967,1.565922,1.639382,1.617271,1.766355,0.281090,-0.184533,0.103795,-1.511522,-1.692892,1.654506,-1.658485,0.048404,-0.212948,1
0.109790,-0.139788,-0.024320,0.171712,-0.235432,0.082608,0.003562,0.023487,-0.017490,0.386410,-0.409309,-0.002548,-0.172421,-0.035439,-0.015947,0.222978,1.565922,1.639370,1.617247,1.766355,0.281102,-0.184533,0.103795,-1.511522,-1.692892,1.654494,-1.658497,0.048356,-0.212960,1
0.109790,-0.139788,-0.024333,0.171712,-0.235441,0.082608,0.003554,0.023478,-0.017476,0.386410,-0.409309,-0.002548,-0.172447,-0.035446,-0.015943,0.222955,1.565898,1.639382,1.617271,1.766343,0.281090,-0.184545,0.103795,-1.511498,-1.692892,1.654506,-1.658497,0.048392,-0.212948,1
0.109816,-0.139788,-0.024333,0.171721,-0.235437,0.082615,0.003579,0.023470,-0.017476,0.386410,-0.409301,-0.002548,-0.172447,-0.035439,-0.015947,0.222990,1.565898,1.639382,1.617271,1.766331,0.281102,-0.184533,0.103807,-1.511474,-1.692904,1.654506,-1.658473,0.048392,-0.212948,1
0.109807,-0.139788,-0.024306,0.171695,-0.235437,0.082615,0.003579,0.023453,-0.017490,0.386410,-0.409309,-0.002548,-0.172461,-0.035454,-0.015948,0.222967,1.565886,1.639382,1.617283,1.766343,0.281066,-0.184533,0.103807,-1.511462,-1.692916,1.654494,-1.658473,0.048404,-0.212948,1
0.109790,-0.139780,-0.024306,0.171712,-0.235437,0.082615,0.003588,0.023461,-0.017490,0.386393,-0.409309,-0.002548,-0.172434,-0.035446,-0.015943,0.222978,1.565886,1.639382,1.617271,1.766343,0.281102,-0.184533,0.103807,-1.511451,-1.692904,1.654506,-1.658473,0.048404,-0.212948,1
0.109799,-0.139788,-0.024333,0.171721,-0.235441,0.082608,0.003571,0.023470,-0.017490,0.386393,-0.409301,-0.002548,-0.172447,-0.035446,-0.015943,0.222967,1.565886,1.639382,1.617271,1.766331,0.281102,-0.184557,0.103795,-1.511486,-1.692904,1.654506,-1.658497,0.048404,-0.212936,1
0.109807,-0.139805,-0.024320,0.171721,-0.235437,0.082601,0.003579,0.023461,-0.017490,0.386393,-0.409309,-0.002548,-0.172434,-0.035454,-0.015957,0.222967,1.565862,1.639358,1.617295,1.766343,0.281090,-0.184533,0.103783,-1.511498,-1.692892,1.654506,-1.658485,0.048392,-0.212936,1
0.109807,-0.139797,-0.024293,0.171712,-0.235437,0.082615,0.003596,0.023444,-0.017476,0.386401,-0.409305,-0.002541,-0.172447,-0.035446,-0.015943,0.222955,1.565862,1.639382,1.617295,1.766343,0.281090,-0.184533,0.103795,-1.511498,-1.692892,1.654506,-1.658473,0.048404,-0.212960,1
0.109799,-0.139805,-0.024280,0.171712,-0.235441,0.082608,0.003588,0.023478,-0.017476,0.386384,-0.409309,-0.002534,-0.172461,-0.035446,-0.015943,0.222978,1.565850,1.639370,1.617271,1.766343,0.281078,-0.184545,0.103795,-1.511498,-1.692892,1.654506,-1.658473,0.048392,-0.212948,1
0.109799,-0.139797,-0.024293,0.171712,-0.235441,0.082608,0.003605,0.023478,-0.017490,0.386410,-0.409301,-0.002548,-0.172474,-0.035446,-0.015943,0.222967,1.565850,1.639370,1.617295,1.766343,0.281090,-0.184545,0.103783,-1.511486,-1.692904,1.654506,-1.658473,0.048404,-0.212948,1
0.109807,-0.139805,-0.024280,0.171712,-0.235441,0.082608,0.003596,0.023487,-0.017490,0.386393,-0.409305,-0.002541,-0.172461,-0.035461,-0.015933,0.222967,1.565850,1.639382,1.617271,1.766331,0.281078,-0.184545,0.103807,-1.511462,-1.692892,1.654494,-1.658473,0.048404,-0.212960,1
0.109807,-0.139805,-0.024253,0.171704,-0.235441,0.082608,0.003588,0.023478,-0.017490,0.386401,-0.409305,-0.002556,-0.172447,-0.035461,-0.015933,0.222967,1.565850,1.639382,1.617295,1.766331,0.281090,-0.184557,0.103795,-1.511474,-1.692904,1.654494,-1.658485,0.048392,-0.212948,1
0.109807,-0.139814,-0.024280,0.171721,-0.235437,0.082615,0.003596,0.023461,-0.017463,0.386410,-0.409313,-0.002541,-0.172461,-0.035477,-0.015943,0.222955,1.565826,1.639382,1.617295,1.766343,0.281090,-0.184545,0.103795,-1.511474,-1.692904,1.654506,-1.658497,0.048404,-0.212948,1
0.109799,-0.139797,-0.024266,0.171721,-0.235445,0.082615,0.003579,0.023478,-0.017490,0.386384,-0.409301,-0.002548,-0.172474,-0.035446,-0.015943,0.222955,1.565826,1.639382,1.617295,1.766343,0.281090,-0.184545,0.103807,-1.511522,-1.692904,1.654506,-1.658461,0.048392,-0.212936,1
0.109790,-0.139797,-0.024266,0.171712,-0.235445,0.082615,0.003579,0.023470,-0.017463,0.386393,-0.409317,-0.002534,-0.172461,-0.035454,-0.015938,0.222955,1.565826,1.639382,1.617295,1.766343,0.281090,-0.184557,0.103783,-1.511546,-1.692892,1.654494,-1.658497,0.048392,-0.212936,1
0.109782,-0.139805,-0.024239,0.171712,-0.235437,0.082615,0.003579,0.023470,-0.017476,0.386384,-0.409305,-0.002541,-0.172501,-0.035461,-0.015933,0.222955,1.565814,1.639382,1.617295,1.766343,0.281090,-0.184545,0.103795,-1.511546,-1.692892,1.654506,-1.658461,0.048392,-0.212948,1
0.109790,-0.139805,-0.024239,0.171721,-0.235445,0.082615,0.003579,0.023461,-0.017490,0.386384,-0.409305,-0.002541,-0.172461,-0.035454,-0.015928,0.222955,1.565814,1.639382,1.617295,1.766343,0.281090,-0.184533,0.103807,-1.511522,-1.692904,1.654494,-1.658485,0.048392,-0.212948,1
0.109790,-0.139805,-0.024239,0.171712,-0.235441,0.082608,0.003596,0.023470,-0.017490,0.386393,-0.409301,-0.002534,-0.172447,-0.035454,-0.015938,0.222943,1.565790,1.639382,1.617295,1.766343,0.281090,-0.184545,0.103783,-1.511510,-1.692904,1.654530,-1.658485,0.048380,-0.212948,1
0.109790,-0.139797,-0.024253,0.171712,-0.235445,0.082615,0.003588,0.023453,-0.017503,0.386393,-0.409309,-0.002534,-0.172461,-0.035454,-0.015938,0.222967,1.565790,1.639382,1.617295,1.766331,0.281078,-0.184545,0.103771,-1.511474,-1.692892,1.654506,-1.658485,0.048368,-0.212960,1
0.109799,-0.139805,-0.024253,0.171721,-0.235437,0.082615,0.003579,0.023461,-0.017490,0.386401,-0.409313,-0.002526,-0.172474,-0.035454,-0.015948,0.222943,1.565766,1.639406,1.617307,1.766343,0.281102,-0.184545,0.103807,-1.511462,-1.692904,1.654506,-1.658473,0.048380,-0.212936,1
0.109799,-0.139805,-0.024239,0.171712,-0.235445,0.082615,0.003596,0.023470,-0.017490,0.386401,-0.409305,-0.002556,-0.172474,-0.035446,-0.015943,0.222955,1.565790,1.639382,1.617295,1.766331,0.281102,-0.184557,0.103807,-1.511474,-1.692904,1.654530,-1.658473,0.048380,-0.212960,1
0.109799,-0.139788,-0.024239,0.171712,-0.235441,0.082622,0.003596,0.023461,-0.017490,0.386418,-0.409305,-0.002541,-0.172434,-0.035446,-0.015943,0.222955,1.565766,1.639382,1.617319,1.766343,0.281090,-0.184545,0.103807,-1.511498,-1.692904,1.654530,-1.658485,0.048392,-0.212948,1
0.109782,-0.139797,-0.024253,0.171704,-0.235445,0.082615,0.003596,0.023478,-0.017463,0.386401,-0.409305,-0.002556,-0.172461,-0.035439,-0.015947,0.222919,1.565766,1.639382,1.617307,1.766331,0.281078,-0.184545,0.103783,-1.511474,-1.692904,1.654530,-1.658485,0.048380,-0.212936,1
0.109782,-0.139797,-0.024239,0.171712,-0.235441,0.082622,0.003579,0.023461,-0.017490,0.386384,-0.409317,-0.002548,-0.172447,-0.035446,-0.015943,0.222931,1.565730,1.639382,1.617307,1.766343,0.281090,-0.184545,0.103783,-1.511498,-1.692916,1.654530,-1.658473,0.048368,-0.212948,1
0.109807,-0.139805,-0.024239,0.171712,-0.235441,0.082622,0.003588,0.023470,-0.017503,0.386401,-0.409309,-0.002548,-0.172461,-0.035446,-0.015943,0.222943,1.565730,1.639406,1.617307,1.766331,0.281102,-0.184533,0.103795,-1.511498,-1.692928,1.654542,-1.658473,0.048380,-0.212960,1
0.109807,-0.139805,-0.024239,0.171712,-0.235445,0.082615,0.003588,0.023461,-0.017490,0.386401,-0.409301,-0.002548,-0.172474,-0.035454,-0.015957,0.222943,1.565719,1.639406,1.617319,1.766331,0.281090,-0.184545,0.103783,-1.511510,-1.692904,1.654530,-1.658485,0.048368,-0.212936,1
0.109790,-0.139805,-0.024239,0.171704,-0.235449,0.082608,0.003596,0.023470,-0.017490,0.386418,-0.409317,-0.002534,-0.172434,-0.035424,-0.015957,0.222943,1.565719,1.639382,1.617307,1.766343,0.281078,-0.184545,0.103759,-1.511498,-1.692904,1.654530,-1.658497,0.048368,-0.212936,1
0.109790,-0.139805,-0.024239,0.171704,-0.235449,0.082608,0.003596,0.023453,-0.017490,0.386418,-0.409313,-0.002555,-0.172474,-0.035439,-0.015947,0.222931,1.565695,1.639382,1.617295,1.766355,0.281078,-0.184545,0.103795,-1.511486,-1.692916,1.654542,-1.658485,0.048380,-0.212924,1
0.109782,-0.139788,-0.024226,0.171712,-0.235449,0.082608,0.003579,0.023470,-0.017476,0.386401,-0.409301,-0.002548,-0.172474,-0.035454,-0.015938,0.222943,1.565695,1.639382,1.617319,1.766331,0.281090,-0.184545,0.103783,-1.511474,-1.692904,1.654530,-1.658485,0.048368,-0.212924,1
0.109790,-0.139805,-0.024226,0.171704,-0.235441,0.082622,0.003579,0.023461,-0.017490,0.386393,-0.409317,-0.002548,-0.172474,-0.035469,-0.015928,0.222955,1.565683,1.639406,1.617319,1.766331,0.281090,-0.184545,0.103795,-1.511486,-1.692880,1.654542,-1.658485,0.048368,-0.212936,1
0.109807,-0.139805,-0.024239,0.171704,-0.235445,0.082615,0.003579,0.023470,-0.017503,0.386401,-0.409305,-0.002526,-0.172461,-0.035461,-0.015923,0.222931,1.565683,1.639406,1.617331,1.766331,0.281090,-0.184545,0.103759,-1.511510,-1.692916,1.654542,-1.658485,0.048368,-0.212936,1
0.109773,-0.139805,-0.024199,0.171712,-0.235449,0.082608,0.003596,0.023478,-0.017503,0.386384,-0.409313,-0.002526,-0.172447,-0.035454,-0.015938,0.222943,1.565683,1.639382,1.617331,1.766343,0.281090,-0.184545,0.103771,-1.511510,-1.692904,1.654542,-1.658485,0.048380,-0.212936,1
0.109782,-0.139797,-0.024226,0.171712,-0.235441,0.082608,0.003579,0.023461,-0.017476,0.386376,-0.409317,-0.002548,-0.172474,-0.035446,-0.015943,0.222943,1.565659,1.639406,1.617331,1.766331,0.281114,-0.184557,0.103783,-1.511522,-1.692904,1.654542,-1.658485,0.048368,-0.212936,1
0.109782,-0.139805,-0.024213,0.171721,-0.235441,0.082622,0.003596,0.023453,-0.017476,0.386376,-0.409313,-0.002555,-0.172474,-0.035477,-0.015953,0.222943,1.565647,1.639382,1.617331,1.766331,0.281102,-0.184545,0.103783,-1.511498,-1.692916,1.654566,-1.658485,0.048380,-0.212936,1
0.109790,-0.139797,-0.024226,0.171712,-0.235445,0.082630,0.003588,0.023461,-0.017476,0.386384,-0.409313,-0.002555,-0.172474,-0.035461,-0.015953,0.222955,1.565647,1.639382,1.617331,1.766331,0.281090,-0.184557,0.103783,-1.511474,-1.692916,1.654542,-1.658461,0.048356,-0.212936,1
0.109782,-0.139797,-0.024213,0.171712,-0.235450,0.082637,0.003588,0.023470,-0.017463,0.386376,-0.409317,-0.002534,-0.172488,-0.035454,-0.015938,0.222931,1.565635,1.639406,1.617307,1.766331,0.281102,-0.184545,0.103771,-1.511474,-1.692928,1.654542,-1.658473,0.048356,-0.212948,1
0.109799,-0.139797,-0.024213,0.171704,-0.235449,0.082608,0.003579,0.023478,-0.017476,0.386384,-0.409301,-0.002534,-0.172474,-0.035454,-0.015948,0.222931,1.565635,1.639382,1.617331,1.766331,0.281078,-0.184533,0.103759,-1.511474,-1.692928,1.654542,-1.658485,0.048368,-0.212936,1
0.109782,-0.139797,-0.024199,0.171712,-0.235449,0.082608,0.003579,0.023470,-0.017490,0.386393,-0.409297,-0.002541,-0.172474,-0.035446,-0.015943,0.222919,1.565623,1.639382,1.617319,1.766307,0.281090,-0.184545,0.103783,-1.511510,-1.692916,1.654566,-1.658485,0.048344,-0.212948,1
0.109782,-0.139788,-0.024226,0.171721,-0.235441,0.082622,0.003579,0.023478,-0.017476,0.386393,-0.409301,-0.002534,-0.172501,-0.035446,-0.015943,0.222931,1.565623,1.639382,1.617331,1.766319,0.281102,-0.184545,0.103771,-1.511510,-1.692928,1.654542,-1.658485,0.048356,-0.212948,1
0.109782,-0.139797,-0.024199,0.171712,-0.235454,0.082615,0.003588,0.023478,-0.017490,0.386410,-0.409309,-0.002548,-0.172474,-0.035454,-0.015938,0.222943,1.565599,1.639406,1.617343,1.766331,0.281102,-0.184545,0.103759,-1.511510,-1.692928,1.654566,-1.658497,0.048392,-0.212936,1
0.109790,-0.139780,-0.024226,0.171712,-0.235454,0.082615,0.003588,0.023470,-0.017476,0.386393,-0.409309,-0.002548,-0.172474,-0.035461,-0.015943,0.222931,1.565599,1.639382,1.617331,1.766331,0.281090,-0.184545,0.103771,-1.511498,-1.692928,1.654566,-1.658473,0.048368,-0.212936,1
0.109790,-0.139788,-0.024213,0.171721,-0.235454,0.082630,0.003588,0.023478,-0.017490,0.386384,-0.409313,-0.002555,-0.172474,-0.035477,-0.015943,0.222943,1.565587,1.639382,1.617343,1.766331,0.281078,-0.184545,0.103783,-1.511510,-1.692928,1.654542,-1.658473,0.048380,-0.212936,1
0.109773,-0.139797,-0.024199,0.171721,-0.235458,0.082623,0.003588,0.023470,-0.017476,0.386393,-0.409313,-0.002541,-0.172488,-0.035446,-0.015952,0.222931,1.565563,1.639382,1.617307,1.766331,0.281078,-0.184545,0.103759,-1.511522,-1.692928,1.654566,-1.658485,0.048368,-0.212936,1