LEFT_HIP_PITCH,LEFT_HIP_ROLL,LEFT_HIP_YAW,LEFT_KNEE,LEFT_ANKLE_PITCH,LEFT_ANKLE_ROLL,RIGHT_HIP_PITCH,RIGHT_HIP_ROLL,RIGHT_HIP_YAW,RIGHT_KNEE,RIGHT_ANKLE_PITCH,RIGHT_ANKLE_ROLL,WAIST_YAW,WAIST_ROLL,WAIST_PITCH,LEFT_SHOULDER_PITCH,LEFT_SHOULDER_ROLL,LEFT_SHOULDER_YAW,LEFT_ELBOW,LEFT_WRIST_ROLL,LEFT_WRIST_PITCH,LEFT_WRIST_YAW,RIGHT_SHOULDER_PITCH,RIGHT_SHOULDER_ROLL,RIGHT_SHOULDER_YAW,RIGHT_ELBOW,RIGHT_WRIST_ROLL,RIGHT_WRIST_PITCH,RIGHT_WRIST_YAW,FLAG
-0.029376,-0.070725,-0.024213,0.328144,-0.299468,-0.001846,-0.029291,-0.049411,0.034484,0.438591,-0.432077,-0.006793,0.022271,-0.028809,-0.048770,0.030080,1.061075,1.001198,0.194959,-1.394748,-0.058363,-0.149731,0.058950,-1.441487,-0.919034,0.721954,1.086598,-0.058998,0.141510,0
-0.029367,-0.070725,-0.024213,0.328144,-0.299476,-0.001846,-0.029273,-0.049403,0.034498,0.438591,-0.432081,-0.006786,0.022257,-0.028801,-0.048765,0.030080,1.061099,1.001198,0.194947,-1.394760,-0.058363,-0.149731,0.058950,-1.441463,-0.919058,0.721942,1.086610,-0.059010,0.141534,1
-0.029376,-0.070717,-0.024199,0.328136,-0.299476,-0.001846,-0.029282,-0.049411,0.034484,0.438591,-0.432085,-0.006793,0.022244,-0.028801,-0.048775,0.030080,1.061075,1.001210,0.194959,-1.394760,-0.058363,-0.149731,0.058950,-1.441487,-0.919058,0.721930,1.086586,-0.059010,0.141546,1
-0.029376,-0.070708,-0.024213,0.328136,-0.299472,-0.001838,-0.029282,-0.049403,0.034484,0.438591,-0.432077,-0.006793,0.022244,-0.028786,-0.048775,0.030068,1.061087,1.001210,0.194983,-1.394736,-0.058363,-0.149719,0.058950,-1.441451,-0.919058,0.721882,1.086598,-0.058998,0.141522,1
-0.029367,-0.070725,-0.024213,0.328136,-0.299472,-0.001838,-0.029273,-0.049411,0.034471,0.438608,-0.432073,-0.006801,0.022257,-0.028809,-0.048770,0.030080,1.061075,1.001198,0.194983,-1.394748,-0.058375,-0.149731,0.058926,-1.441487,-0.919034,0.721894,1.086598,-0.058998,0.141522,1
-0.029367,-0.070717,-0.024213,0.328127,-0.299484,-0.001860,-0.029282,-0.049403,0.034484,0.438591,-0.432081,-0.006786,0.022257,-0.028809,-0.048770,0.030080,1.061087,1.001210,0.194983,-1.394736,-0.058387,-0.149731,0.058950,-1.441463,-0.919070,0.721858,1.086610,-0.059010,0.141534,1
-0.029376,-0.070708,-0.024226,0.328136,-0.299484,-0.001860,-0.029282,-0.049403,0.034498,0.438608,-0.432077,-0.006793,0.022244,-0.028794,-0.048770,0.030068,1.061075,1.001210,0.194935,-1.394760,-0.058375,-0.149731,0.058950,-1.441463,-0.919058,0.721858,1.086598,-0.058998,0.141522,1
-0.029376,-0.070717,-0.024213,0.328118,-0.299484,-0.001860,-0.029282,-0.049403,0.034484,0.438616,-0.432073,-0.006801,0.022257,-0.028794,-0.048770,0.030068,1.061075,1.001198,0.194923,-1.394724,-0.058363,-0.149731,0.058926,-1.441463,-0.919058,0.721846,1.086598,-0.058998,0.141510,1
-0.029376,-0.070717,-0.024213,0.328110,-0.299488,-0.001867,-0.029291,-0.049394,0.034484,0.438625,-0.432073,-0.006801,0.022271,-0.028809,-0.048780,0.030068,1.061075,1.001198,0.194899,-1.394748,-0.058363,-0.149743,0.058938,-1.441451,-0.919046,0.721810,1.086586,-0.058986,0.141522,1
-0.029393,-0.070717,-0.024213,0.328076,-0.299472,-0.001853,-0.029291,-0.049403,0.034498,0.438608,-0.432077,-0.006779,0.022257,-0.028786,-0.048775,0.030068,1.061075,1.001186,0.194828,-1.394748,-0.058363,-0.149743,0.058914,-1.441463,-0.919082,0.721762,1.086598,-0.058998,0.141522,1
-0.029384,-0.070717,-0.024213,0.328093,-0.299484,-0.001831,-0.029282,-0.049403,0.034471,0.438591,-0.432077,-0.006779,0.022271,-0.028801,-0.048775,0.030068,1.061075,1.001186,0.194768,-1.394784,-0.058363,-0.149731,0.058902,-1.441475,-0.919094,0.721726,1.086598,-0.058962,0.141522,1
-0.029393,-0.070717,-0.024213,0.328093,-0.299480,-0.001867,-0.029273,-0.049394,0.034484,0.438591,-0.432081,-0.006801,0.022271,-0.028801,-0.048775,0.030044,1.061075,1.001186,0.194744,-1.394748,-0.058363,-0.149743,0.058902,-1.441451,-0.919118,0.721702,1.086598,-0.058998,0.141534,1
-0.029393,-0.070717,-0.024159,0.328067,-0.299492,-0.001846,-0.029282,-0.049377,0.034498,0.438591,-0.432073,-0.006786,0.022257,-0.028801,-0.048775,0.030056,1.061075,1.001174,0.194720,-1.394748,-0.058375,-0.149731,0.058902,-1.441451,-0.919142,0.721690,1.086598,-0.058998,0.141510,1
-0.029410,-0.070725,-0.024172,0.328067,-0.299484,-0.001860,-0.029273,-0.049403,0.034484,0.438591,-0.432089,-0.006801,0.022257,-0.028801,-0.048775,0.030044,1.061075,1.001186,0.194696,-1.394736,-0.058363,-0.149743,0.058890,-1.441463,-0.919178,0.721666,1.086610,-0.059022,0.141522,1
-0.029393,-0.070717,-0.024213,0.328059,-0.299480,-0.001853,-0.029291,-0.049403,0.034484,0.438608,-0.432089,-0.006801,0.022257,-0.028794,-0.048770,0.030044,1.061075,1.001186,0.194672,-1.394772,-0.058363,-0.149731,0.058890,-1.441451,-0.919166,0.721630,1.086586,-0.058986,0.141510,1
-0.029393,-0.070717,-0.024213,0.328042,-0.299484,-0.001831,-0.029282,-0.049394,0.034498,0.438591,-0.432085,-0.006808,0.022257,-0.028801,-0.048775,0.030032,1.061087,1.001174,0.194660,-1.394760,-0.058375,-0.149731,0.058867,-1.441451,-0.919166,0.721642,1.086586,-0.059022,0.141522,1
-0.029410,-0.070708,-0.024213,0.328059,-0.299488,-0.001838,-0.029282,-0.049403,0.034498,0.438591,-0.432081,-0.006801,0.022271,-0.028786,-0.048775,0.030044,1.061075,1.001174,0.194636,-1.394748,-0.058363,-0.149731,0.058843,-1.441427,-0.919166,0.721594,1.086598,-0.059022,0.141534,1
-0.029393,-0.070708,-0.024213,0.328050,-0.299492,-0.001846,-0.029291,-0.049403,0.034457,0.438591,-0.432085,-0.006793,0.022257,-0.028786,-0.048775,0.030020,1.061075,1.001150,0.194588,-1.394772,-0.058375,-0.149719,0.058843,-1.441451,-0.919166,0.721582,1.086610,-0.058998,0.141522,1
-0.029401,-0.070717,-0.024213,0.328025,-0.299497,-0.001853,-0.029282,-0.049394,0.034484,0.438608,-0.432085,-0.006793,0.022257,-0.028779,-0.048780,0.030020,1.061075,1.001162,0.194600,-1.394736,-0.058363,-0.149743,0.058819,-1.441439,-0.919190,0.721534,1.086586,-0.059046,0.141522,1
-0.029410,-0.070708,-0.024213,0.328033,-0.299492,-0.001846,-0.029273,-0.049394,0.034484,0.438608,-0.432081,-0.006815,0.022271,-0.028786,-0.048775,0.030032,1.061075,1.001162,0.194600,-1.394772,-0.058363,-0.149743,0.058819,-1.441451,-0.919190,0.721498,1.086598,-0.059010,0.141522,1
-0.029410,-0.070725,-0.024226,0.328016,-0.299484,-0.001831,-0.029282,-0.049403,0.034498,0.438608,-0.432073,-0.006801,0.022244,-0.028763,-0.048789,0.030020,1.061075,1.001162,0.194600,-1.394748,-0.058363,-0.149731,0.058831,-1.441439,-0.919190,0.721510,1.086610,-0.059022,0.141522,1
-0.029410,-0.070708,-0.024213,0.328008,-0.299505,-0.001839,-0.029282,-0.049403,0.034471,0.438591,-0.432085,-0.006793,0.022271,-0.028763,-0.048789,0.030032,1.061075,1.001138,0.194600,-1.394760,-0.058375,-0.149731,0.058819,-1.441451,-0.919214,0.721474,1.086598,-0.059010,0.141534,1
-0.029418,-0.070717,-0.024226,0.328008,-0.299488,-0.001838,-0.029299,-0.049394,0.034484,0.438591,-0.432089,-0.006801,0.022271,-0.028756,-0.048775,0.030032,1.061075,1.001150,0.194576,-1.394784,-0.058363,-0.149731,0.058807,-1.441463,-0.919190,0.721438,1.086610,-0.059022,0.141534,1
-0.029401,-0.070717,-0.024213,0.328008,-0.299480,-0.001824,-0.029282,-0.049394,0.034471,0.438591,-0.432073,-0.006801,0.022257,-0.028771,-0.048785,0.030032,1.061075,1.001150,0.194600,-1.394760,-0.058363,-0.149731,0.058807,-1.441463,-0.919190,0.721438,1.086598,-0.059034,0.141534,1
-0.029410,-0.070725,-0.024213,0.327982,-0.299488,-0.001838,-0.029282,-0.049394,0.034484,0.438608,-0.432089,-0.006801,0.022244,-0.028748,-0.048779,0.029997,1.061075,1.001150,0.194624,-1.394760,-0.058363,-0.149731,0.058783,-1.441463,-0.919190,0.721390,1.086586,-0.059022,0.141510,1
-0.029418,-0.070725,-0.024199,0.327991,-0.299480,-0.001853,-0.029282,-0.049403,0.034484,0.438591,-0.432073,-0.006801,0.022257,-0.028748,-0.048779,0.030020,1.061087,1.001162,0.194612,-1.394772,-0.058375,-0.149731,0.058783,-1.441427,-0.919202,0.721378,1.086610,-0.059034,0.141510,1
-0.029401,-0.070708,-0.024226,0.327982,-0.299497,-0.001853,-0.029273,-0.049403,0.034484,0.438599,-0.432073,-0.006801,0.022244,-0.028756,-0.048794,0.029997,1.061075,1.001150,0.194600,-1.394772,-0.058375,-0.149731,0.058783,-1.441451,-0.919190,0.721307,1.086598,-0.059034,0.141510,1
-0.029418,-0.070708,-0.024213,0.327965,-0.299497,-0.001853,-0.029282,-0.049394,0.034471,0.438582,-0.432089,-0.006801,0.022244,-0.028741,-0.048784,0.030009,1.061051,1.001150,0.194600,-1.394772,-0.058363,-0.149731,0.058783,-1.441451,-0.919190,0.721283,1.086598,-0.059022,0.141522,1
-0.029418,-0.070717,-0.024226,0.327965,-0.299497,-0.001853,-0.029282,-0.049394,0.034484,0.438582,-0.432089,-0.006801,0.022257,-0.028756,-0.048794,0.030020,1.061075,1.001150,0.194612,-1.394760,-0.058375,-0.149731,0.058783,-1.441451,-0.919178,0.721235,1.086598,-0.059034,0.141522,1
-0.029410,-0.070708,-0.024226,0.327974,-0.299496,-0.001824,-0.029282,-0.049403,0.034471,0.438582,-0.432085,-0.006793,0.022257,-0.028741,-0.048804,0.030009,1.061051,1.001150,0.194600,-1.394748,-0.058363,-0.149731,0.058783,-1.441439,-0.919178,0.721211,1.086598,-0.059034,0.141534,1
-0.029418,-0.070725,-0.024199,0.327965,-0.299492,-0.001817,-0.029273,-0.049394,0.034498,0.438599,-0.432085,-0.006793,0.022244,-0.028725,-0.048794,0.029997,1.061087,1.001114,0.194624,-1.394760,-0.058363,-0.149731,0.058783,-1.441451,-0.919178,0.721211,1.086598,-0.059022,0.141522,1
-0.029418,-0.070708,-0.024213,0.327957,-0.299484,-0.001831,-0.029282,-0.049394,0.034471,0.438582,-0.432092,-0.006808,0.022257,-0.028725,-0.048794,0.030009,1.061063,1.001138,0.194648,-1.394772,-0.058363,-0.149731,0.058783,-1.441463,-0.919166,0.721187,1.086586,-0.059010,0.141510,1
-0.029418,-0.070717,-0.024226,0.327965,-0.299492,-0.001846,-0.029282,-0.049394,0.034498,0.438591,-0.432089,-0.006801,0.022244,-0.028725,-0.048794,0.030009,1.061087,1.001150,0.194636,-1.394772,-0.058363,-0.149731,0.058771,-1.441439,-0.919190,0.721139,1.086610,-0.059034,0.141522,1
-0.029418,-0.070708,-0.024199,0.327948,-0.299488,-0.001838,-0.029291,-0.049394,0.034498,0.438582,-0.432077,-0.006808,0.022257,-0.028725,-0.048794,0.030020,1.061075,1.001150,0.194636,-1.394748,-0.058363,-0.149731,0.058783,-1.441451,-0.919190,0.721091,1.086598,-0.059034,0.141510,1
-0.029427,-0.070699,-0.024186,0.327940,-0.299496,-0.001839,-0.029291,-0.049386,0.034484,0.438565,-0.432088,-0.006815,0.022244,-0.028718,-0.048799,0.030009,1.061063,1.001138,0.194660,-1.394748,-0.058351,-0.149731,0.058783,-1.441439,-0.919166,0.721055,1.086598,-0.059034,0.141510,1
-0.029435,-0.070717,-0.024199,0.327922,-0.299488,-0.001838,-0.029291,-0.049394,0.034471,0.438557,-0.432081,-0.006815,0.022244,-0.028733,-0.048809,0.029997,1.061075,1.001150,0.194648,-1.394748,-0.058363,-0.149731,0.058771,-1.441439,-0.919190,0.721055,1.086610,-0.059022,0.141510,1
-0.029418,-0.070717,-0.024186,0.327940,-0.299505,-0.001839,-0.029282,-0.049394,0.034484,0.438540,-0.432089,-0.006801,0.022244,-0.028725,-0.048794,0.030009,1.061087,1.001162,0.194672,-1.394748,-0.058363,-0.149719,0.058759,-1.441439,-0.919178,0.721031,1.086586,-0.059022,0.141534,1
-0.029418,-0.070717,-0.024199,0.327940,-0.299501,-0.001846,-0.029291,-0.049394,0.034498,0.438540,-0.432088,-0.006815,0.022257,-0.028718,-0.048799,0.029997,1.061075,1.001174,0.194648,-1.394772,-0.058363,-0.149731,0.058771,-1.441463,-0.919178,0.720983,1.086598,-0.059034,0.141510,1
-0.029410,-0.070708,-0.024226,0.327922,-0.299492,-0.001846,-0.029291,-0.049394,0.034471,0.438522,-0.432089,-0.006801,0.022244,-0.028725,-0.048814,0.029973,1.061075,1.001162,0.194648,-1.394760,-0.058351,-0.149731,0.058759,-1.441427,-0.919178,0.720971,1.086586,-0.059034,0.141510,1
-0.029418,-0.070708,-0.024226,0.327922,-0.299492,-0.001831,-0.029291,-0.049394,0.034471,0.438522,-0.432088,-0.006815,0.022244,-0.028710,-0.048794,0.029973,1.061075,1.001174,0.194660,-1.394748,-0.058351,-0.149731,0.058783,-1.441427,-0.919166,0.720971,1.086586,-0.059022,0.141534,1
-0.029444,-0.070717,-0.024226,0.327905,-0.299484,-0.001831,-0.029291,-0.049394,0.034484,0.438522,-0.432085,-0.006793,0.022271,-0.028703,-0.048798,0.029973,1.061075,1.001150,0.194708,-1.394748,-0.058363,-0.149731,0.058759,-1.441439,-0.919166,0.720947,1.086598,-0.059034,0.141522,1
-0.029452,-0.070717,-0.024213,0.327914,-0.299505,-0.001839,-0.029299,-0.049394,0.034484,0.438514,-0.432092,-0.006808,0.022244,-0.028695,-0.048793,0.029985,1.061063,1.001162,0.194708,-1.394748,-0.058375,-0.149731,0.058759,-1.441439,-0.919166,0.720923,1.086598,-0.059034,0.141510,1
-0.029452,-0.070708,-0.024213,0.327888,-0.299484,-0.001831,-0.029291,-0.049394,0.034471,0.438522,-0.432092,-0.006808,0.022244,-0.028703,-0.048798,0.029985,1.061075,1.001150,0.194720,-1.394760,-0.058375,-0.149731,0.058771,-1.441439,-0.919166,0.720899,1.086586,-0.059022,0.141510,1
-0.029452,-0.070708,-0.024199,0.327871,-0.299492,-0.001846,-0.029291,-0.049394,0.034471,0.438514,-0.432092,-0.006808,0.022244,-0.028695,-0.048803,0.029973,1.061051,1.001138,0.194672,-1.394748,-0.058363,-0.149743,0.058771,-1.441439,-0.919166,0.720887,1.086574,-0.059046,0.141522,1
-0.029444,-0.070708,-0.024226,0.327871,-0.299492,-0.001831,-0.029291,-0.049377,0.034498,0.438514,-0.432085,-0.006822,0.022244,-0.028718,-0.048799,0.029961,1.061063,1.001162,0.194648,-1.394760,-0.058375,-0.149731,0.058759,-1.441427,-0.919166,0.720863,1.086562,-0.059034,0.141522,1
-0.029461,-0.070708,-0.024226,0.327871,-0.299505,-0.001839,-0.029291,-0.049386,0.034484,0.438497,-0.432085,-0.006822,0.022244,-0.028703,-0.048798,0.029949,1.061051,1.001150,0.194660,-1.394760,-0.058363,-0.149731,0.058783,-1.441439,-0.919154,0.720827,1.086586,-0.059034,0.141522,1
-0.029444,-0.070708,-0.024239,0.327846,-0.299501,-0.001846,-0.029308,-0.049386,0.034484,0.438514,-0.432089,-0.006801,0.022244,-0.028687,-0.048798,0.029961,1.061063,1.001138,0.194660,-1.394748,-0.058363,-0.149731,0.058783,-1.441463,-0.919154,0.720851,1.086586,-0.059022,0.141510,1
-0.029452,-0.070708,-0.024213,0.327846,-0.299501,-0.001846,-0.029308,-0.049394,0.034471,0.438497,-0.432085,-0.006822,0.022257,-0.028703,-0.048798,0.029949,1.061051,1.001162,0.194696,-1.394760,-0.058363,-0.149731,0.058759,-1.441427,-0.919142,0.720827,1.086586,-0.059058,0.141510,1
-0.029461,-0.070717,-0.024226,0.327846,-0.299501,-0.001831,-0.029308,-0.049394,0.034484,0.438497,-0.432088,-0.006830,0.022244,-0.028710,-0.048804,0.029961,1.061051,1.001150,0.194696,-1.394760,-0.058351,-0.149743,0.058771,-1.441463,-0.919130,0.720815,1.086586,-0.059022,0.141510,1
-0.029461,-0.070708,-0.024253,0.327829,-0.299492,-0.001817,-0.029291,-0.049386,0.034457,0.438497,-0.432092,-0.006808,0.022271,-0.028710,-0.048794,0.029949,1.061051,1.001138,0.194696,-1.394760,-0.058351,-0.149731,0.058783,-1.441427,-0.919130,0.720803,1.086574,-0.059034,0.141522,1
-0.029469,-0.070708,-0.024226,0.327820,-0.299496,-0.001824,-0.029299,-0.049386,0.034484,0.438497,-0.432100,-0.006822,0.022257,-0.028703,-0.048798,0.029961,1.061051,1.001138,0.194648,-1.394748,-0.058363,-0.149731,0.058759,-1.441439,-0.919130,0.720779,1.086562,-0.059022,0.141522,1
-0.029469,-0.070708,-0.024226,0.327829,-0.299505,-0.001839,-0.029308,-0.049394,0.034457,0.438514,-0.432100,-0.006822,0.022257,-0.028703,-0.048798,0.029973,1.061051,1.001150,0.194672,-1.394772,-0.058363,-0.149731,0.058783,-1.441451,-0.919106,0.720767,1.086586,-0.059022,0.141534,1
-0.029461,-0.070708,-0.024226,0.327812,-0.299496,-0.001824,-0.029308,-0.049394,0.034484,0.438497,-0.432100,-0.006822,0.022244,-0.028703,-0.048798,0.029949,1.061051,1.001162,0.194660,-1.394772,-0.058363,-0.149731,0.058783,-1.441451,-0.919142,0.720743,1.086598,-0.059034,0.141546,1
-0.029461,-0.070699,-0.024226,0.327829,-0.299509,-0.001831,-0.029308,-0.049377,0.034498,0.438497,-0.432088,-0.006844,0.022244,-0.028695,-0.048803,0.029961,1.061051,1.001150,0.194672,-1.394748,-0.058375,-0.149719,0.058771,-1.441451,-0.919118,0.720731,1.086574,-0.059034,0.141522,1
-0.029461,-0.070708,-0.024253,0.327803,-0.299509,-0.001831,-0.029291,-0.049394,0.034498,0.438488,-0.432092,-0.006808,0.022271,-0.028703,-0.048798,0.029949,1.061051,1.001150,0.194672,-1.394748,-0.058363,-0.149731,0.058771,-1.441463,-0.919130,0.720731,1.086586,-0.059046,0.141522,1
-0.029469,-0.070708,-0.024239,0.327812,-0.299501,-0.001846,-0.029308,-0.049377,0.034484,0.438488,-0.432085,-0.006822,0.022257,-0.028703,-0.048798,0.029949,1.061051,1.001150,0.194660,-1.394748,-0.058363,-0.149731,0.058783,-1.441451,-0.919106,0.720719,1.086586,-0.059034,0.141522,1
-0.029469,-0.070708,-0.024266,0.327803,-0.299509,-0.001831,-0.029308,-0.049386,0.034471,0.438488,-0.432096,-0.006815,0.022284,-0.028703,-0.048798,0.029949,1.061063,1.001138,0.194648,-1.394748,-0.058363,-0.149719,0.058771,-1.441439,-0.919130,0.720707,1.086586,-0.059022,0.141522,1
-0.029487,-0.070708,-0.024266,0.327786,-0.299492,-0.001817,-0.029291,-0.049386,0.034484,0.438488,-0.432104,-0.006844,0.022244,-0.028695,-0.048803,0.029949,1.061051,1.001138,0.194648,-1.394748,-0.058363,-0.149767,0.058771,-1.441439,-0.919130,0.720671,1.086574,-0.059022,0.141522,1
-0.029469,-0.070708,-0.024226,0.327803,-0.299492,-0.001817,-0.029291,-0.049394,0.034484,0.438480,-0.432096,-0.006859,0.022271,-0.028703,-0.048808,0.029961,1.061051,1.001150,0.194672,-1.394736,-0.058351,-0.149755,0.058783,-1.441463,-0.919106,0.720671,1.086586,-0.059058,0.141522,1
-0.029487,-0.070708,-0.024226,0.327795,-0.299496,-0.001810,-0.029291,-0.049386,0.034471,0.438488,-0.432104,-0.006844,0.022257,-0.028710,-0.048804,0.029949,1.061063,1.001138,0.194696,-1.394748,-0.058363,-0.149731,0.058759,-1.441451,-0.919130,0.720635,1.086574,-0.059034,0.141522,1
-0.029487,-0.070708,-0.024280,0.327795,-0.299488,-0.001824,-0.029291,-0.049386,0.034498,0.438488,-0.432100,-0.006851,0.022244,-0.028703,-0.048798,0.029949,1.061063,1.001138,0.194648,-1.394772,-0.058363,-0.149695,0.058771,-1.441463,-0.919106,0.720623,1.086586,-0.059022,0.141498,1
-0.029469,-0.070708,-0.024266,0.327769,-0.299501,-0.001846,-0.029308,-0.049386,0.034498,0.438471,-0.432104,-0.006859,0.022231,-0.028695,-0.048803,0.029961,1.061039,1.001138,0.194636,-1.394760,-0.058375,-0.149731,0.058759,-1.441463,-0.919106,0.720599,1.086586,-0.059022,0.141522,1
-0.029478,-0.070699,-0.024253,0.327778,-0.299501,-0.001846,-0.029308,-0.049369,0.034484,0.438471,-0.432108,-0.006866,0.022244,-0.028703,-0.048798,0.029937,1.061063,1.001150,0.194624,-1.394760,-0.058363,-0.149719,0.058783,-1.441475,-0.919094,0.720587,1.086574,-0.059046,0.141534,1
-0.029478,-0.070708,-0.024266,0.327761,-0.299509,-0.001831,-0.029308,-0.049360,0.034484,0.438471,-0.432104,-0.006859,0.022257,-0.028703,-0.048798,0.029949,1.061063,1.001138,0.194648,-1.394748,-0.058363,-0.149719,0.058759,-1.441463,-0.919106,0.720587,1.086586,-0.059022,0.141522,1
-0.029478,-0.070717,-0.024239,0.327778,-0.299505,-0.001839,-0.029308,-0.049369,0.034484,0.438471,-0.432108,-0.006866,0.022271,-0.028703,-0.048808,0.029937,1.061063,1.001138,0.194684,-1.394748,-0.058375,-0.149695,0.058783,-1.441475,-0.919106,0.720564,1.086574,-0.059034,0.141510,1
-0.029478,-0.070708,-0.024239,0.327752,-0.299496,-0.001839,-0.029308,-0.049360,0.034484,0.438463,-0.432120,-0.006858,0.022257,-0.028703,-0.048798,0.029949,1.061051,1.001150,0.194660,-1.394760,-0.058363,-0.149719,0.058771,-1.441463,-0.919094,0.720564,1.086574,-0.059034,0.141522,1
-0.029478,-0.070699,-0.024293,0.327769,-0.299505,-0.001839,-0.029291,-0.049377,0.034484,0.438471,-0.432116,-0.006851,0.022271,-0.028687,-0.048798,0.029949,1.061063,1.001138,0.194600,-1.394772,-0.058363,-0.149719,0.058771,-1.441487,-0.919106,0.720516,1.086586,-0.059034,0.141522,1
-0.029478,-0.070699,-0.024280,0.327769,-0.299501,-0.001846,-0.029291,-0.049360,0.034471,0.438471,-0.432120,-0.006858,0.022244,-0.028703,-0.048798,0.029949,1.061051,1.001162,0.194612,-1.394772,-0.058351,-0.149731,0.058771,-1.441475,-0.919106,0.720516,1.086586,-0.059034,0.141522,1
-0.029469,-0.070691,-0.024266,0.327744,-0.299505,-0.001839,-0.029308,-0.049369,0.034484,0.438471,-0.432104,-0.006859,0.022257,-0.028710,-0.048794,0.029937,1.061063,1.001150,0.194624,-1.394748,-0.058363,-0.149719,0.058771,-1.441487,-0.919082,0.720492,1.086586,-0.059034,0.141522,1
-0.029478,-0.070699,-0.024226,0.327744,-0.299500,-0.001817,-0.029308,-0.049360,0.034484,0.438471,-0.432112,-0.006844,0.022257,-0.028710,-0.048794,0.029949,1.061063,1.001162,0.194624,-1.394748,-0.058363,-0.149731,0.058771,-1.441475,-0.919106,0.720468,1.086586,-0.059034,0.141522,1
-0.029469,-0.070699,-0.024253,0.327735,-0.299492,-0.001831,-0.029308,-0.049352,0.034484,0.438471,-0.432108,-0.006866,0.022257,-0.028695,-0.048803,0.029949,1.061051,1.001162,0.194624,-1.394736,-0.058363,-0.149719,0.058771,-1.441499,-0.919094,0.720432,1.086586,-0.059022,0.141498,1
-0.029478,-0.070708,-0.024266,0.327726,-0.299500,-0.001817,-0.029308,-0.049352,0.034484,0.438471,-0.432112,-0.006873,0.022271,-0.028710,-0.048804,0.029949,1.061051,1.001162,0.194636,-1.394748,-0.058363,-0.149707,0.058759,-1.441499,-0.919082,0.720420,1.086586,-0.059022,0.141510,1
-0.029461,-0.070708,-0.024266,0.327735,-0.299509,-0.001831,-0.029308,-0.049352,0.034484,0.438471,-0.432112,-0.006873,0.022271,-0.028703,-0.048798,0.029949,1.061051,1.001138,0.194624,-1.394772,-0.058363,-0.149731,0.058783,-1.441499,-0.919082,0.720396,1.086586,-0.059034,0.141510,1
-0.029461,-0.070699,-0.024293,0.327726,-0.299505,-0.001839,-0.029308,-0.049352,0.034498,0.438471,-0.432100,-0.006866,0.022257,-0.028695,-0.048793,0.029925,1.061063,1.001150,0.194624,-1.394748,-0.058363,-0.149719,0.058783,-1.441487,-0.919082,0.720372,1.086586,-0.059010,0.141510,1
-0.029469,-0.070691,-0.024280,0.327718,-0.299505,-0.001824,-0.029291,-0.049352,0.034484,0.438471,-0.432108,-0.006851,0.022284,-0.028710,-0.048804,0.029949,1.061063,1.001150,0.194624,-1.394748,-0.058363,-0.149731,0.058783,-1.441499,-0.919106,0.720348,1.086586,-0.059022,0.141522,1
-0.029469,-0.070699,-0.024293,0.327718,-0.299505,-0.001839,-0.029291,-0.049343,0.034484,0.438463,-0.432104,-0.006859,0.022298,-0.028718,-0.048799,0.029949,1.061051,1.001162,0.194636,-1.394736,-0.058375,-0.149731,0.058771,-1.441499,-0.919082,0.720312,1.086586,-0.059034,0.141522,1
-0.029469,-0.070691,-0.024293,0.327709,-0.299496,-0.001839,-0.029308,-0.049352,0.034498,0.438463,-0.432112,-0.006844,0.022284,-0.028703,-0.048798,0.029937,1.061051,1.001162,0.194636,-1.394748,-0.058363,-0.149695,0.058783,-1.441499,-0.919106,0.720264,1.086586,-0.059022,0.141534,1
-0.029461,-0.070708,-0.024293,0.327709,-0.299505,-0.001824,-0.029291,-0.049352,0.034471,0.438471,-0.432104,-0.006859,0.022271,-0.028695,-0.048793,0.029937,1.061063,1.001150,0.194636,-1.394736,-0.058363,-0.149731,0.058783,-1.441499,-0.919106,0.720204,1.086574,-0.059022,0.141522,1
-0.029461,-0.070699,-0.024293,0.327701,-0.299505,-0.001824,-0.029308,-0.049335,0.034498,0.438463,-0.432104,-0.006859,0.022271,-0.028710,-0.048794,0.029949,1.061063,1.001162,0.194636,-1.394748,-0.058363,-0.149719,0.058783,-1.441511,-0.919082,0.720192,1.086574,-0.059034,0.141522,1
-0.029452,-0.070691,-0.024280,0.327701,-0.299492,-0.001831,-0.029308,-0.049335,0.034471,0.438454,-0.432104,-0.006859,0.022257,-0.028725,-0.048794,0.029949,1.061063,1.001174,0.194636,-1.394748,-0.058363,-0.149731,0.058771,-1.441511,-0.919082,0.720156,1.086586,-0.059034,0.141510,1
-0.029478,-0.070691,-0.024293,0.327701,-0.299492,-0.001831,-0.029291,-0.049335,0.034498,0.438463,-0.432112,-0.006844,0.022284,-0.028725,-0.048794,0.029937,1.061063,1.001162,0.194648,-1.394736,-0.058375,-0.149719,0.058783,-1.441522,-0.919082,0.720096,1.086586,-0.059046,0.141522,1
-0.029461,-0.070691,-0.024293,0.327692,-0.299488,-0.001824,-0.029308,-0.049335,0.034484,0.438463,-0.432108,-0.006851,0.022271,-0.028703,-0.048798,0.029937,1.061051,1.001138,0.194636,-1.394736,-0.058363,-0.149731,0.058783,-1.441511,-0.919070,0.720048,1.086574,-0.059034,0.141522,1
-0.029469,-0.070691,-0.024293,0.327692,-0.299496,-0.001824,-0.029308,-0.049335,0.034471,0.438463,-0.432120,-0.006858,0.022271,-0.028718,-0.048789,0.029937,1.061063,1.001162,0.194648,-1.394748,-0.058375,-0.149731,0.058771,-1.441511,-0.919094,0.719988,1.086574,-0.059034,0.141534,1
-0.029461,-0.070691,-0.024293,0.327684,-0.299509,-0.001831,-0.029299,-0.049326,0.034484,0.438471,-0.432116,-0.006866,0.022271,-0.028710,-0.048804,0.029949,1.061063,1.001162,0.194636,-1.394724,-0.058363,-0.149731,0.058783,-1.441511,-0.919082,0.719964,1.086574,-0.059034,0.141510,1
-0.029469,-0.070691,-0.024280,0.327675,-0.299488,-0.001824,-0.029308,-0.049326,0.034471,0.438454,-0.432112,-0.006844,0.022284,-0.028710,-0.048804,0.029949,1.061051,1.001150,0.194636,-1.394748,-0.058363,-0.149719,0.058783,-1.441522,-0.919082,0.719856,1.086586,-0.059046,0.141522,1
-0.029487,-0.070691,-0.024320,0.327675,-0.299484,-0.001802,-0.029308,-0.049326,0.034471,0.438446,-0.432116,-0.006851,0.022257,-0.028733,-0.048789,0.029949,1.061051,1.001162,0.194648,-1.394724,-0.058363,-0.149743,0.058759,-1.441535,-0.919094,0.719761,1.086562,-0.059022,0.141510,1
-0.029452,-0.070691,-0.024320,0.327684,-0.299488,-0.001795,-0.029325,-0.049326,0.034471,0.438446,-0.432108,-0.006866,0.022271,-0.028718,-0.048799,0.029949,1.061051,1.001162,0.194648,-1.394748,-0.058363,-0.149719,0.058783,-1.441522,-0.919082,0.719689,1.086574,-0.059034,0.141522,1
-0.029461,-0.070691,-0.024293,0.327675,-0.299505,-0.001824,-0.029308,-0.049326,0.034471,0.438454,-0.432112,-0.006858,0.022284,-0.028741,-0.048804,0.029949,1.061063,1.001150,0.194648,-1.394748,-0.058363,-0.149731,0.058783,-1.441522,-0.919082,0.719593,1.086586,-0.059022,0.141522,1
-0.029469,-0.070691,-0.024293,0.327692,-0.299509,-0.001831,-0.029308,-0.049335,0.034484,0.438454,-0.432116,-0.006851,0.022284,-0.028748,-0.048799,0.029949,1.061051,1.001150,0.194648,-1.394748,-0.058351,-0.149731,0.058783,-1.441522,-0.919082,0.719497,1.086586,-0.059010,0.141510,1
-0.029478,-0.070691,-0.024346,0.327684,-0.299509,-0.001831,-0.029316,-0.049309,0.034484,0.438454,-0.432112,-0.006873,0.022298,-0.028718,-0.048799,0.029949,1.061051,1.001174,0.194660,-1.394748,-0.058363,-0.149731,0.058783,-1.441535,-0.919082,0.719401,1.086574,-0.059022,0.141510,1
-0.029469,-0.070682,-0.024293,0.327692,-0.299505,-0.001839,-0.029308,-0.049300,0.034471,0.438437,-0.432116,-0.006851,0.022298,-0.028725,-0.048794,0.029961,1.061063,1.001162,0.194648,-1.394748,-0.058363,-0.149719,0.058783,-1.441511,-0.919082,0.719257,1.086586,-0.059010,0.141510,1
-0.029478,-0.070691,-0.024280,0.327684,-0.299500,-0.001817,-0.029299,-0.049309,0.034498,0.438446,-0.432116,-0.006851,0.022284,-0.028725,-0.048794,0.029949,1.061051,1.001150,0.194660,-1.394748,-0.058363,-0.149731,0.058783,-1.441499,-0.919082,0.719113,1.086586,-0.058998,0.141510,1
-0.029469,-0.070682,-0.024293,0.327709,-0.299501,-0.001846,-0.029308,-0.049309,0.034471,0.438437,-0.432116,-0.006851,0.022284,-0.028725,-0.048794,0.029961,1.061063,1.001150,0.194648,-1.394748,-0.058363,-0.149731,0.058783,-1.441499,-0.919082,0.718910,1.086586,-0.058998,0.141510,1
-0.029461,-0.070682,-0.024320,0.327684,-0.299492,-0.001831,-0.029308,-0.049309,0.034471,0.438463,-0.432112,-0.006873,0.022271,-0.028733,-0.048809,0.029973,1.061063,1.001162,0.194684,-1.394748,-0.058363,-0.149731,0.058783,-1.441499,-0.919082,0.718742,1.086586,-0.058998,0.141498,1
-0.029469,-0.070682,-0.024293,0.327675,-0.299488,-0.001824,-0.029308,-0.049309,0.034471,0.438437,-0.432128,-0.006873,0.022257,-0.028733,-0.048799,0.029949,1.061063,1.001150,0.194684,-1.394736,-0.058363,-0.149731,0.058783,-1.441499,-0.919106,0.718598,1.086586,-0.058986,0.141510,1
-0.029461,-0.070674,-0.024293,0.327675,-0.299496,-0.001810,-0.029299,-0.049300,0.034471,0.438429,-0.432124,-0.006880,0.022284,-0.028741,-0.048804,0.029961,1.061039,1.001162,0.194708,-1.394748,-0.058363,-0.149719,0.058807,-1.441463,-0.919094,0.718382,1.086574,-0.058962,0.141510,1
-0.029478,-0.070674,-0.024306,0.327684,-0.299505,-0.001824,-0.029308,-0.049300,0.034498,0.438446,-0.432131,-0.006880,0.022298,-0.028733,-0.048809,0.029961,1.061039,1.001162,0.194672,-1.394748,-0.058387,-0.149719,0.058783,-1.441463,-0.919106,0.718334,1.086574,-0.058974,0.141498,1
-0.029452,-0.070674,-0.024293,0.327675,-0.299496,-0.001824,-0.029291,-0.049300,0.034471,0.438446,-0.432124,-0.006866,0.022298,-0.028741,-0.048804,0.029949,1.061063,1.001174,0.194684,-1.394736,-0.058363,-0.149743,0.058807,-1.441415,-0.919106,0.718119,1.086586,-0.058974,0.141498,1
-0.029461,-0.070682,-0.024280,0.327709,-0.299496,-0.001810,-0.029308,-0.049300,0.034471,0.438437,-0.432128,-0.006887,0.022284,-0.028725,-0.048794,0.029949,1.061051,1.001162,0.194720,-1.394724,-0.058363,-0.149731,0.058807,-1.441439,-0.919106,0.717999,1.086574,-0.058962,0.141498,1
-0.029461,-0.070691,-0.024293,0.327675,-0.299500,-0.001817,-0.029308,-0.049300,0.034498,0.438454,-0.432131,-0.006880,0.022298,-0.028725,-0.048794,0.029961,1.061039,1.001162,0.194708,-1.394748,-0.058363,-0.149731,0.058783,-1.441415,-0.919094,0.717747,1.086586,-0.058986,0.141510,1
-0.029444,-0.070682,-0.024280,0.327692,-0.299496,-0.001810,-0.029308,-0.049300,0.034484,0.438446,-0.432131,-0.006894,0.022284,-0.028733,-0.048809,0.029961,1.061039,1.001162,0.194696,-1.394772,-0.058363,-0.149719,0.058807,-1.441415,-0.919106,0.717591,1.086610,-0.058974,0.141486,1
-0.029435,-0.070691,-0.024266,0.327692,-0.299496,-0.001810,-0.029316,-0.049300,0.034484,0.438454,-0.432120,-0.006887,0.022271,-0.028718,-0.048799,0.029961,1.061039,1.001174,0.194696,-1.394736,-0.058363,-0.149719,0.058807,-1.441415,-0.919106,0.717412,1.086586,-0.058974,0.141510,1
-0.029435,-0.070691,-0.024293,0.327684,-0.299496,-0.001824,-0.029308,-0.049317,0.034484,0.438446,-0.432124,-0.006880,0.022284,-0.028741,-0.048804,0.029961,1.061039,1.001162,0.194696,-1.394772,-0.058351,-0.149731,0.058783,-1.441379,-0.919106,0.717244,1.086586,-0.058974,0.141498,1
-0.029435,-0.070674,-0.024293,0.327675,-0.299496,-0.001824,-0.029308,-0.049300,0.034484,0.438429,-0.432131,-0.006880,0.022284,-0.028733,-0.048809,0.029949,1.061039,1.001150,0.194684,-1.394748,-0.058363,-0.149743,0.058807,-1.441379,-0.919082,0.717076,1.086598,-0.058974,0.141498,1
-0.029435,-0.070674,-0.024293,0.327684,-0.299492,-0.001831,-0.029308,-0.049309,0.034498,0.438446,-0.432128,-0.006873,0.022271,-0.028748,-0.048799,0.029973,1.061039,1.001174,0.194708,-1.394736,-0.058387,-0.149719,0.058783,-1.441379,-0.919106,0.716884,1.086598,-0.058974,0.141498,1
-0.029427,-0.070674,-0.024293,0.327684,-0.299492,-0.001831,-0.029308,-0.049300,0.034498,0.438446,-0.432131,-0.006880,0.022284,-0.028733,-0.048809,0.029973,1.061039,1.001162,0.194708,-1.394748,-0.058363,-0.149743,0.058807,-1.441367,-0.919094,0.716621,1.086598,-0.058962,0.141498,1
-0.029435,-0.070691,-0.024266,0.327675,-0.299496,-0.001824,-0.029308,-0.049317,0.034484,0.438454,-0.432131,-0.006880,0.022271,-0.028733,-0.048809,0.029961,1.061015,1.001162,0.194720,-1.394772,-0.058363,-0.149707,0.058783,-1.441343,-0.919082,0.716453,1.086586,-0.058962,0.141498,1
-0.029427,-0.070674,-0.024266,0.327692,-0.299496,-0.001839,-0.029316,-0.049300,0.034498,0.438446,-0.432124,-0.006895,0.022298,-0.028725,-0.048814,0.029949,1.061015,1.001150,0.194720,-1.394736,-0.058363,-0.149719,0.058807,-1.441343,-0.919082,0.716297,1.086598,-0.058962,0.141498,1
-0.029427,-0.070682,-0.024253,0.327692,-0.299505,-0.001839,-0.029308,-0.049300,0.034484,0.438429,-0.432124,-0.006895,0.022284,-0.028703,-0.048808,0.029949,1.061015,1.001138,0.194720,-1.394748,-0.058363,-0.149719,0.058807,-1.441319,-0.919058,0.716057,1.086598,-0.058962,0.141486,1
-0.029418,-0.070682,-0.024239,0.327692,-0.299492,-0.001831,-0.029308,-0.049309,0.034498,0.438429,-0.432131,-0.006909,0.022284,-0.028725,-0.048814,0.029961,1.061015,1.001150,0.194720,-1.394748,-0.058363,-0.149719,0.058807,-1.441307,-0.919058,0.715902,1.086586,-0.058974,0.141498,1
-0.029418,-0.070682,-0.024280,0.327667,-0.299496,-0.001839,-0.029308,-0.049309,0.034484,0.438429,-0.432127,-0.006902,0.022284,-0.028710,-0.048804,0.029973,1.061015,1.001150,0.194720,-1.394724,-0.058375,-0.149731,0.058783,-1.441331,-0.919058,0.715782,1.086586,-0.058974,0.141498,1
-0.029418,-0.070691,-0.024253,0.327692,-0.299501,-0.001831,-0.029308,-0.049300,0.034484,0.438446,-0.432127,-0.006902,0.022298,-0.028703,-0.048808,0.029973,1.061015,1.001126,0.194744,-1.394748,-0.058363,-0.149719,0.058783,-1.441331,-0.919082,0.715662,1.086586,-0.058962,0.141498,1
-0.029401,-0.070682,-0.024253,0.327675,-0.299496,-0.001824,-0.029299,-0.049309,0.034484,0.438446,-0.432131,-0.006880,0.022311,-0.028703,-0.048808,0.029949,1.061015,1.001126,0.194732,-1.394736,-0.058363,-0.149719,0.058783,-1.441319,-0.919058,0.715482,1.086598,-0.058986,0.141510,1
-0.029418,-0.070682,-0.024239,0.327692,-0.299492,-0.001817,-0.029308,-0.049300,0.034484,0.438429,-0.432124,-0.006895,0.022271,-0.028725,-0.048814,0.029973,1.061015,1.001138,0.194732,-1.394736,-0.058363,-0.149719,0.058783,-1.441331,-0.919058,0.715410,1.086610,-0.058950,0.141510,1
-0.029418,-0.070682,-0.024280,0.327692,-0.299500,-0.001817,-0.029299,-0.049309,0.034484,0.438446,-0.432127,-0.006902,0.022271,-0.028703,-0.048808,0.029973,1.061015,1.001126,0.194720,-1.394748,-0.058363,-0.149707,0.058783,-1.441343,-0.919058,0.715314,1.086598,-0.058986,0.141498,1
-0.029410,-0.070691,-0.024213,0.327684,-0.299500,-0.001817,-0.029299,-0.049300,0.034484,0.438429,-0.432124,-0.006895,0.022244,-0.028695,-0.048813,0.029949,1.061015,1.001126,0.194720,-1.394748,-0.058363,-0.149707,0.058783,-1.441343,-0.919058,0.715254,1.086598,-0.058974,0.141498,1
-0.029410,-0.070682,-0.024280,0.327684,-0.299496,-0.001824,-0.029308,-0.049309,0.034484,0.438446,-0.432131,-0.006880,0.022284,-0.028695,-0.048813,0.029949,1.061015,1.001138,0.194720,-1.394736,-0.058363,-0.149719,0.058783,-1.441367,-0.919058,0.715171,1.086598,-0.058962,0.141498,1
-0.029410,-0.070682,-0.024253,0.327684,-0.299505,-0.001824,-0.029299,-0.049300,0.034484,0.438446,-0.432131,-0.006880,0.022284,-0.028695,-0.048813,0.029973,1.061015,1.001126,0.194720,-1.394748,-0.058363,-0.149743,0.058783,-1.441367,-0.919058,0.715111,1.086610,-0.058998,0.141498,1
-0.029410,-0.070691,-0.024266,0.327692,-0.299500,-0.001817,-0.029308,-0.049300,0.034484,0.438454,-0.432128,-0.006887,0.022284,-0.028718,-0.048799,0.029961,1.061015,1.001126,0.194708,-1.394736,-0.058351,-0.149719,0.058783,-1.441379,-0.919058,0.715039,1.086598,-0.058998,0.141498,1
-0.029410,-0.070691,-0.024266,0.327692,-0.299492,-0.001817,-0.029308,-0.049292,0.034484,0.438429,-0.432131,-0.006894,0.022284,-0.028695,-0.048813,0.029949,1.061015,1.001138,0.194696,-1.394736,-0.058351,-0.149707,0.058807,-1.441415,-0.919034,0.715003,1.086610,-0.058998,0.141498,1
-0.029401,-0.070682,-0.024266,0.327701,-0.299496,-0.001810,-0.029308,-0.049300,0.034484,0.438420,-0.432127,-0.006902,0.022284,-0.028680,-0.048803,0.029949,1.061015,1.001114,0.194708,-1.394760,-0.058351,-0.149731,0.058783,-1.441415,-0.919034,0.714955,1.086598,-0.058986,0.141510,1
-0.029401,-0.070691,-0.024239,0.327701,-0.299496,-0.001810,-0.029308,-0.049317,0.034498,0.438412,-0.432131,-0.006909,0.022271,-0.028710,-0.048823,0.029949,1.061015,1.001114,0.194684,-1.394724,-0.058339,-0.149731,0.058783,-1.441463,-0.919034,0.714919,1.086622,-0.058974,0.141510,1
-0.029418,-0.070682,-0.024239,0.327701,-0.299492,-0.001817,-0.029308,-0.049309,0.034498,0.438420,-0.432131,-0.006894,0.022298,-0.028703,-0.048798,0.029961,1.061015,1.001090,0.194672,-1.394736,-0.058339,-0.149719,0.058783,-1.441499,-0.919034,0.714895,1.086622,-0.058974,0.141498,1
-0.029401,-0.070682,-0.024239,0.327701,-0.299505,-0.001824,-0.029308,-0.049317,0.034471,0.438429,-0.432131,-0.006909,0.022284,-0.028695,-0.048813,0.029949,1.061015,1.001090,0.194684,-1.394736,-0.058339,-0.149707,0.058783,-1.441475,-0.919046,0.714835,1.086622,-0.058986,0.141510,1
-0.029418,-0.070674,-0.024239,0.327701,-0.299505,-0.001824,-0.029308,-0.049300,0.034471,0.438420,-0.432131,-0.006909,0.022257,-0.028695,-0.048803,0.029937,1.061015,1.001078,0.194648,-1.394736,-0.058339,-0.149719,0.058783,-1.441499,-0.919034,0.714787,1.086598,-0.058986,0.141498,1
-0.029418,-0.070691,-0.024239,0.327701,-0.299509,-0.001831,-0.029325,-0.049309,0.034484,0.438420,-0.432127,-0.006902,0.022284,-0.028703,-0.048808,0.029949,1.061039,1.001078,0.194624,-1.394748,-0.058339,-0.149707,0.058783,-1.441511,-0.919034,0.714763,1.086622,-0.058986,0.141510,1
-0.029410,-0.070691,-0.024226,0.327667,-0.299496,-0.001810,-0.029308,-0.049317,0.034484,0.438420,-0.432135,-0.006902,0.022271,-0.028703,-0.048808,0.029949,1.061015,1.001078,0.194576,-1.394736,-0.058363,-0.149707,0.058783,-1.441535,-0.919058,0.714763,1.086598,-0.058998,0.141498,1
-0.029418,-0.070691,-0.024239,0.327658,-0.299492,-0.001831,-0.029325,-0.049317,0.034498,0.438403,-0.432139,-0.006894,0.022298,-0.028710,-0.048804,0.029937,1.061039,1.001066,0.194528,-1.394748,-0.058339,-0.149731,0.058759,-1.441535,-0.919034,0.714739,1.086610,-0.058974,0.141510,1
-0.029410,-0.070691,-0.024213,0.327675,-0.299505,-0.001824,-0.029333,-0.049292,0.034484,0.438420,-0.432143,-0.006902,0.022271,-0.028710,-0.048804,0.029949,1.061039,1.001066,0.194516,-1.394748,-0.058339,-0.149719,0.058795,-1.441558,-0.919058,0.714751,1.086610,-0.058986,0.141498,1
-0.029418,-0.070691,-0.024226,0.327692,-0.299509,-0.001831,-0.029325,-0.049292,0.034471,0.438420,-0.432135,-0.006916,0.022271,-0.028695,-0.048813,0.029937,1.061039,1.001066,0.194504,-1.394748,-0.058351,-0.149731,0.058783,-1.441547,-0.919034,0.714751,1.086622,-0.058974,0.141498,1
-0.029418,-0.070691,-0.024226,0.327684,-0.299505,-0.001824,-0.029333,-0.049309,0.034471,0.438403,-0.432135,-0.006916,0.022284,-0.028703,-0.048808,0.029937,1.061039,1.001078,0.194504,-1.394736,-0.058339,-0.149743,0.058783,-1.441571,-0.919034,0.714751,1.086610,-0.058986,0.141510,1
-0.029418,-0.070674,-0.024226,0.327675,-0.299496,-0.001810,-0.029333,-0.049300,0.034498,0.438420,-0.432135,-0.006916,0.022284,-0.028725,-0.048814,0.029913,1.061063,1.001066,0.194408,-1.394748,-0.058327,-0.149731,0.058783,-1.441571,-0.919034,0.714739,1.086622,-0.058998,0.141498,1
-0.029418,-0.070674,-0.024239,0.327692,-0.299492,-0.001802,-0.029333,-0.049309,0.034498,0.438420,-0.432135,-0.006916,0.022284,-0.028718,-0.048799,0.029901,1.061063,1.001042,0.194372,-1.394748,-0.058351,-0.149719,0.058771,-1.441582,-0.919034,0.714727,1.086646,-0.058974,0.141498,1
-0.029418,-0.070691,-0.024226,0.327684,-0.299496,-0.001810,-0.029342,-0.049317,0.034498,0.438403,-0.432131,-0.006924,0.022271,-0.028710,-0.048804,0.029901,1.061051,1.001066,0.194336,-1.394736,-0.058339,-0.149719,0.058783,-1.441606,-0.919034,0.714727,1.086622,-0.058974,0.141498,1
-0.029418,-0.070682,-0.024226,0.327675,-0.299505,-0.001839,-0.029333,-0.049300,0.034484,0.438403,-0.432143,-0.006902,0.022271,-0.028710,-0.048804,0.029889,1.061063,1.001054,0.194324,-1.394748,-0.058339,-0.149731,0.058783,-1.441606,-0.919034,0.714715,1.086622,-0.058986,0.141498,1
-0.029427,-0.070691,-0.024213,0.327692,-0.299509,-0.001831,-0.029308,-0.049300,0.034471,0.438403,-0.432143,-0.006902,0.022284,-0.028725,-0.048794,0.029913,1.061063,1.001066,0.194324,-1.394724,-0.058327,-0.149719,0.058771,-1.441606,-0.919034,0.714727,1.086646,-0.058974,0.141498,1
-0.029435,-0.070682,-0.024239,0.327675,-0.299496,-0.001810,-0.029333,-0.049300,0.034484,0.438403,-0.432143,-0.006902,0.022271,-0.028725,-0.048794,0.029913,1.061051,1.001054,0.194300,-1.394772,-0.058339,-0.149731,0.058783,-1.441618,-0.919022,0.714727,1.086610,-0.058986,0.141498,1
-0.029435,-0.070691,-0.024239,0.327684,-0.299496,-0.001824,-0.029333,-0.049309,0.034498,0.438403,-0.432139,-0.006923,0.022271,-0.028741,-0.048804,0.029877,1.061063,1.001054,0.194276,-1.394748,-0.058339,-0.149731,0.058771,-1.441630,-0.919034,0.714739,1.086610,-0.058974,0.141498,1
-0.029435,-0.070682,-0.024213,0.327692,-0.299500,-0.001817,-0.029316,-0.049309,0.034484,0.438403,-0.432139,-0.006923,0.022271,-0.028741,-0.048804,0.029877,1.061063,1.001030,0.194276,-1.394772,-0.058339,-0.149743,0.058783,-1.441642,-0.919034,0.714739,1.086610,-0.058974,0.141498,1
-0.029435,-0.070682,-0.024226,0.327692,-0.299500,-0.001817,-0.029325,-0.049300,0.034498,0.438403,-0.432131,-0.006909,0.022271,-0.028741,-0.048784,0.029877,1.061051,1.001030,0.194252,-1.394748,-0.058339,-0.149731,0.058759,-1.441642,-0.919034,0.714715,1.086622,-0.058998,0.141498,1
-0.029435,-0.070691,-0.024226,0.327701,-0.299488,-0.001824,-0.029333,-0.049300,0.034484,0.438395,-0.432131,-0.006909,0.022271,-0.028756,-0.048794,0.029865,1.061063,1.001042,0.194252,-1.394772,-0.058327,-0.149731,0.058759,-1.441642,-0.919034,0.714727,1.086610,-0.058974,0.141498,1
-0.029427,-0.070691,-0.024226,0.327684,-0.299500,-0.001817,-0.029333,-0.049317,0.034471,0.438378,-0.432131,-0.006909,0.022257,-0.028741,-0.048804,0.029877,1.061075,1.001030,0.194252,-1.394748,-0.058339,-0.149743,0.058771,-1.441654,-0.919058,0.714715,1.086622,-0.058974,0.141498,1
-0.029435,-0.070691,-0.024226,0.327701,-0.299500,-0.001817,-0.029350,-0.049309,0.034484,0.438395,-0.432139,-0.006894,0.022284,-0.028756,-0.048794,0.029877,1.061063,1.001030,0.194228,-1.394748,-0.058339,-0.149731,0.058771,-1.441654,-0.919034,0.714727,1.086610,-0.058974,0.141498,1
-0.029435,-0.070691,-0.024226,0.327692,-0.299496,-0.001810,-0.029325,-0.049300,0.034484,0.438378,-0.432139,-0.006894,0.022271,-0.028756,-0.048794,0.029877,1.061075,1.001054,0.194228,-1.394748,-0.058327,-0.149767,0.058783,-1.441654,-0.919034,0.714727,1.086622,-0.058962,0.141498,1
-0.029427,-0.070682,-0.024213,0.327701,-0.299500,-0.001817,-0.029333,-0.049300,0.034471,0.438369,-0.432139,-0.006894,0.022298,-0.028748,-0.048799,0.029877,1.061075,1.001030,0.194204,-1.394760,-0.058339,-0.149743,0.058783,-1.441642,-0.919034,0.714715,1.086622,-0.058998,0.141498,1
-0.029427,-0.070691,-0.024226,0.327684,-0.299496,-0.001810,-0.029308,-0.049317,0.034484,0.438378,-0.432143,-0.006902,0.022284,-0.028771,-0.048785,0.029877,1.061051,1.001018,0.194204,-1.394760,-0.058351,-0.149731,0.058771,-1.441666,-0.919034,0.714715,1.086646,-0.058974,0.141498,1
-0.029435,-0.070691,-0.024199,0.327709,-0.299496,-0.001810,-0.029333,-0.049317,0.034498,0.438378,-0.432131,-0.006909,0.022298,-0.028756,-0.048794,0.029865,1.061063,1.001018,0.194180,-1.394760,-0.058339,-0.149743,0.058771,-1.441654,-0.919034,0.714727,1.086610,-0.058974,0.141498,1
-0.029418,-0.070691,-0.024226,0.327692,-0.299500,-0.001817,-0.029325,-0.049317,0.034484,0.438378,-0.432139,-0.006894,0.022284,-0.028771,-0.048795,0.029865,1.061051,1.001042,0.194204,-1.394748,-0.058339,-0.149743,0.058771,-1.441666,-0.919034,0.714739,1.086622,-0.058998,0.141510,1
-0.029418,-0.070699,-0.024226,0.327701,-0.299496,-0.001810,-0.029316,-0.049309,0.034484,0.438378,-0.432135,-0.006887,0.022298,-0.028748,-0.048789,0.029877,1.061063,1.001018,0.194204,-1.394760,-0.058279,-0.149743,0.058771,-1.441654,-0.919034,0.714715,1.086610,-0.058974,0.141498,1
-0.029418,-0.070691,-0.024226,0.327692,-0.299505,-0.001824,-0.029333,-0.049309,0.034484,0.438378,-0.432135,-0.006902,0.022284,-0.028771,-0.048785,0.029877,1.061051,1.001018,0.194204,-1.394760,-0.058327,-0.149731,0.058783,-1.441666,-0.919034,0.714715,1.086622,-0.058986,0.141498,1
-0.029418,-0.070691,-0.024226,0.327692,-0.299500,-0.001817,-0.029333,-0.049309,0.034484,0.438378,-0.432143,-0.006902,0.022271,-0.028771,-0.048785,0.029877,1.061063,1.001006,0.194204,-1.394748,-0.058339,-0.149731,0.058771,-1.441666,-0.919034,0.714727,1.086610,-0.058974,0.141486,1
-0.029418,-0.070691,-0.024213,0.327701,-0.299500,-0.001817,-0.029333,-0.049317,0.034498,0.438378,-0.432139,-0.006923,0.022284,-0.028779,-0.048790,0.029865,1.061063,1.001006,0.194204,-1.394760,-0.058327,-0.149743,0.058783,-1.441654,-0.919022,0.714739,1.086646,-0.058974,0.141510,1
-0.029418,-0.070699,-0.024213,0.327692,-0.299500,-0.001817,-0.029316,-0.049317,0.034484,0.438378,-0.432135,-0.006916,0.022298,-0.028794,-0.048800,0.029865,1.061051,1.001018,0.194204,-1.394748,-0.058339,-0.149743,0.058759,-1.441654,-0.919010,0.714715,1.086646,-0.058974,0.141498,1
-0.029418,-0.070691,-0.024213,0.327701,-0.299496,-0.001810,-0.029316,-0.049326,0.034484,0.438386,-0.432135,-0.006916,0.022298,-0.028794,-0.048800,0.029877,1.061063,1.001006,0.194204,-1.394760,-0.058339,-0.149743,0.058783,-1.441642,-0.919010,0.714715,1.086610,-0.058974,0.141510,1
-0.029418,-0.070691,-0.024226,0.327701,-0.299496,-0.001810,-0.029316,-0.049309,0.034471,0.438395,-0.432139,-0.006909,0.022257,-0.028771,-0.048795,0.029877,1.061051,1.001006,0.194204,-1.394748,-0.058327,-0.149767,0.058759,-1.441666,-0.919010,0.714727,1.086646,-0.058974,0.141510,1
-0.029427,-0.070699,-0.024213,0.327701,-0.299496,-0.001810,-0.029316,-0.049317,0.034471,0.438386,-0.432143,-0.006902,0.022284,-0.028809,-0.048790,0.029889,1.061063,1.001006,0.194204,-1.394748,-0.058327,-0.149743,0.058771,-1.441666,-0.919010,0.714727,1.086610,-0.058986,0.141510,1
-0.029418,-0.070708,-0.024239,0.327692,-0.299500,-0.001817,-0.029316,-0.049326,0.034484,0.438378,-0.432135,-0.006916,0.022298,-0.028794,-0.048800,0.029865,1.061039,1.000994,0.194228,-1.394748,-0.058339,-0.149731,0.058783,-1.441642,-0.919034,0.714715,1.086646,-0.058962,0.141498,1
-0.029418,-0.070708,-0.024213,0.327692,-0.299500,-0.001817,-0.029333,-0.049317,0.034511,0.438386,-0.432131,-0.006909,0.022257,-0.028786,-0.048785,0.029877,1.061051,1.000994,0.194228,-1.394760,-0.058339,-0.149731,0.058759,-1.441654,-0.919022,0.714715,1.086622,-0.058974,0.141498,1
-0.029410,-0.070708,-0.024159,0.327701,-0.299505,-0.001824,-0.029308,-0.049317,0.034498,0.438403,-0.432131,-0.006909,0.022284,-0.028786,-0.048785,0.029877,1.061051,1.000982,0.194228,-1.394748,-0.058339,-0.149731,0.058783,-1.441654,-0.919010,0.714703,1.086646,-0.058974,0.141498,1
-0.029418,-0.070691,-0.024186,0.327718,-0.299500,-0.001817,-0.029316,-0.049317,0.034484,0.438403,-0.432131,-0.006909,0.022271,-0.028809,-0.048790,0.029877,1.061051,1.000970,0.194252,-1.394748,-0.058315,-0.149743,0.058771,-1.441666,-0.919034,0.714703,1.086622,-0.058962,0.141474,1
-0.029418,-0.070699,-0.024213,0.327709,-0.299500,-0.001817,-0.029316,-0.049326,0.034484,0.438403,-0.432143,-0.006902,0.022244,-0.028794,-0.048800,0.029901,1.061063,1.000958,0.194252,-1.394748,-0.058327,-0.149731,0.058783,-1.441666,-0.919010,0.714679,1.086622,-0.058986,0.141498,1
-0.029410,-0.070699,-0.024213,0.327718,-0.299505,-0.001824,-0.029316,-0.049326,0.034498,0.438403,-0.432143,-0.006902,0.022284,-0.028801,-0.048795,0.029889,1.061063,1.000970,0.194252,-1.394724,-0.058339,-0.149743,0.058783,-1.441678,-0.919022,0.714691,1.086622,-0.058986,0.141510,1
-0.029393,-0.070708,-0.024186,0.327701,-0.299505,-0.001824,-0.029316,-0.049317,0.034484,0.438403,-0.432135,-0.006902,0.022284,-0.028801,-0.048795,0.029889,1.061039,1.000958,0.194276,-1.394748,-0.058339,-0.149731,0.058783,-1.441666,-0.919022,0.714655,1.086610,-0.058998,0.141510,1
-0.029401,-0.070708,-0.024186,0.327701,-0.299509,-0.001831,-0.029316,-0.049326,0.034484,0.438412,-0.432127,-0.006902,0.022257,-0.028779,-0.048790,0.029877,1.061039,1.000934,0.194300,-1.394748,-0.058339,-0.149755,0.058783,-1.441666,-0.919010,0.714655,1.086646,-0.058986,0.141510,1
-0.029393,-0.070708,-0.024159,0.327701,-0.299488,-0.001795,-0.029316,-0.049335,0.034484,0.438386,-0.432124,-0.006895,0.022257,-0.028801,-0.048795,0.029889,1.061039,1.000934,0.194324,-1.394736,-0.058327,-0.149743,0.058783,-1.441666,-0.919010,0.714631,1.086622,-0.058986,0.141498,1
-0.029393,-0.070717,-0.024172,0.327709,-0.299496,-0.001810,-0.029316,-0.049326,0.034471,0.438403,-0.432127,-0.006902,0.022271,-0.028809,-0.048800,0.029877,1.061039,1.000934,0.194324,-1.394748,-0.058327,-0.149743,0.058783,-1.441666,-0.919010,0.714619,1.086622,-0.058974,0.141510,1
-0.029393,-0.070717,-0.024159,0.327718,-0.299492,-0.001802,-0.029316,-0.049343,0.034498,0.438412,-0.432131,-0.006909,0.022271,-0.028794,-0.048780,0.029901,1.061039,1.000934,0.194312,-1.394724,-0.058339,-0.149767,0.058783,-1.441666,-0.919010,0.714595,1.086646,-0.058974,0.141498,1
-0.029393,-0.070708,-0.024159,0.327718,-0.299505,-0.001810,-0.029325,-0.049335,0.034484,0.438403,-0.432143,-0.006902,0.022257,-0.028794,-0.048800,0.029889,1.061015,1.000911,0.194312,-1.394748,-0.058327,-0.149731,0.058783,-1.441654,-0.919010,0.714583,1.086646,-0.058986,0.141510,1
-0.029384,-0.070717,-0.024159,0.327726,-0.299500,-0.001817,-0.029333,-0.049343,0.034484,0.438403,-0.432143,-0.006902,0.022257,-0.028786,-0.048785,0.029901,1.061015,1.000922,0.194300,-1.394748,-0.058327,-0.149731,0.058783,-1.441666,-0.919010,0.714571,1.086622,-0.058974,0.141510,1
-0.029393,-0.070708,-0.024146,0.327709,-0.299500,-0.001817,-0.029316,-0.049343,0.034484,0.438403,-0.432131,-0.006909,0.022284,-0.028801,-0.048795,0.029889,1.061015,1.000911,0.194300,-1.394724,-0.058327,-0.149743,0.058783,-1.441666,-0.919022,0.714559,1.086622,-0.058974,0.141474,1
-0.029393,-0.070708,-0.024119,0.327709,-0.299513,-0.001810,-0.029333,-0.049343,0.034484,0.438386,-0.432139,-0.006894,0.022257,-0.028801,-0.048795,0.029877,1.061015,1.000911,0.194300,-1.394748,-0.058315,-0.149755,0.058783,-1.441666,-0.919010,0.714523,1.086646,-0.058998,0.141510,1
-0.029393,-0.070708,-0.024159,0.327709,-0.299509,-0.001831,-0.029316,-0.049352,0.034471,0.438395,-0.432139,-0.006894,0.022284,-0.028801,-0.048785,0.029877,1.061015,1.000911,0.194324,-1.394760,-0.058303,-0.149755,0.058783,-1.441690,-0.919010,0.714523,1.086622,-0.058998,0.141510,1
-0.029376,-0.070708,-0.024159,0.327735,-0.299505,-0.001824,-0.029333,-0.049352,0.034484,0.438395,-0.432139,-0.006894,0.022271,-0.028801,-0.048795,0.029877,1.061015,1.000911,0.194324,-1.394748,-0.058315,-0.149743,0.058783,-1.441690,-0.918962,0.714488,1.086622,-0.058974,0.141522,1
-0.029376,-0.070699,-0.024132,0.327726,-0.299496,-0.001810,-0.029325,-0.049352,0.034457,0.438403,-0.432131,-0.006880,0.022244,-0.028801,-0.048795,0.029877,1.061015,1.000911,0.194324,-1.394724,-0.058315,-0.149731,0.058783,-1.441690,-0.918807,0.714464,1.086622,-0.058962,0.141498,1
-0.029376,-0.070708,-0.024146,0.327744,-0.299500,-0.001817,-0.029325,-0.049352,0.034471,0.438395,-0.432131,-0.006909,0.022257,-0.028801,-0.048795,0.029901,1.061015,1.000887,0.194372,-1.394736,-0.058315,-0.149743,0.058783,-1.441678,-0.918735,0.714416,1.086622,-0.058974,0.141510,1
-0.029384,-0.070717,-0.024146,0.327726,-0.299505,-0.001824,-0.029342,-0.049343,0.034484,0.438386,-0.432139,-0.006894,0.022271,-0.028809,-0.048790,0.029889,1.061039,1.000887,0.194384,-1.394748,-0.058303,-0.149743,0.058807,-1.441690,-0.918591,0.714392,1.086610,-0.058962,0.141510,1
-0.029359,-0.070708,-0.024092,0.327744,-0.299500,-0.001817,-0.029316,-0.049360,0.034484,0.438386,-0.432127,-0.006902,0.022257,-0.028794,-0.048800,0.029889,1.061015,1.000887,0.194384,-1.394736,-0.058291,-0.149731,0.058783,-1.441690,-0.918507,0.714356,1.086610,-0.058974,0.141510,1
-0.029384,-0.070717,-0.024065,0.327735,-0.299505,-0.001824,-0.029333,-0.049369,0.034471,0.438386,-0.432135,-0.006887,0.022244,-0.028794,-0.048780,0.029889,1.061015,1.000875,0.194396,-1.394712,-0.058303,-0.149743,0.058783,-1.441666,-0.918411,0.714320,1.086610,-0.058974,0.141510,1
-0.029367,-0.070717,-0.024092,0.327744,-0.299505,-0.001824,-0.029325,-0.049360,0.034471,0.438395,-0.432139,-0.006894,0.022257,-0.028809,-0.048790,0.029877,1.061015,1.000875,0.194384,-1.394772,-0.058303,-0.149731,0.058783,-1.441678,-0.918303,0.714296,1.086646,-0.058998,0.141510,1
-0.029376,-0.070708,-0.024092,0.327744,-0.299509,-0.001831,-0.029333,-0.049360,0.034484,0.438395,-0.432139,-0.006894,0.022257,-0.028809,-0.048790,0.029889,1.061015,1.000875,0.194408,-1.394736,-0.058291,-0.149731,0.058783,-1.441654,-0.918231,0.714260,1.086646,-0.058962,0.141510,1
-0.029376,-0.070725,-0.024105,0.327744,-0.299500,-0.001817,-0.029316,-0.049343,0.034471,0.438386,-0.432135,-0.006887,0.022271,-0.028817,-0.048785,0.029877,1.061015,1.000887,0.194408,-1.394736,-0.058303,-0.149731,0.058807,-1.441666,-0.918100,0.714212,1.086646,-0.058974,0.141510,1
-0.029376,-0.070717,-0.024079,0.327761,-0.299500,-0.001788,-0.029316,-0.049360,0.034484,0.438378,-0.432139,-0.006894,0.022257,-0.028824,-0.048790,0.029877,1.061003,1.000863,0.194420,-1.394748,-0.058303,-0.149743,0.058783,-1.441654,-0.917980,0.714164,1.086622,-0.058974,0.141498,1
-0.029376,-0.070717,-0.024092,0.327761,-0.299500,-0.001817,-0.029333,-0.049369,0.034498,0.438378,-0.432139,-0.006894,0.022257,-0.028817,-0.048785,0.029889,1.061015,1.000863,0.194444,-1.394760,-0.058291,-0.149743,0.058783,-1.441666,-0.917860,0.714092,1.086646,-0.058974,0.141510,1
-0.029376,-0.070725,-0.024065,0.327744,-0.299509,-0.001817,-0.029342,-0.049369,0.034484,0.438378,-0.432147,-0.006909,0.022257,-0.028809,-0.048790,0.029877,1.061015,1.000887,0.194420,-1.394748,-0.058303,-0.149743,0.058807,-1.441666,-0.917728,0.714044,1.086634,-0.058962,0.141510,1
-0.029393,-0.070725,-0.024105,0.327761,-0.299505,-0.001824,-0.029342,-0.049369,0.034471,0.438378,-0.432139,-0.006894,0.022257,-0.028824,-0.048781,0.029877,1.061003,1.000875,0.194408,-1.394724,-0.058303,-0.149731,0.058783,-1.441642,-0.917608,0.714008,1.086646,-0.058986,0.141510,1
-0.029384,-0.070734,-0.024092,0.327744,-0.299509,-0.001831,-0.029333,-0.049377,0.034484,0.438378,-0.432135,-0.006887,0.022257,-0.028809,-0.048770,0.029877,1.060991,1.000875,0.194408,-1.394736,-0.058303,-0.149731,0.058783,-1.441630,-0.917512,0.713960,1.086634,-0.058962,0.141510,1
-0.029376,-0.070725,-0.024079,0.327752,-0.299505,-0.001824,-0.029342,-0.049394,0.034484,0.438369,-0.432124,-0.006895,0.022271,-0.028824,-0.048781,0.029877,1.060991,1.000887,0.194444,-1.394736,-0.058303,-0.149743,0.058783,-1.441618,-0.917380,0.713912,1.086622,-0.058962,0.141510,1
-0.029376,-0.070734,-0.024079,0.327752,-0.299505,-0.001824,-0.029333,-0.049394,0.034484,0.438378,-0.432124,-0.006895,0.022271,-0.028824,-0.048781,0.029901,1.061003,1.000875,0.194432,-1.394736,-0.058303,-0.149731,0.058783,-1.441606,-0.917285,0.713864,1.086634,-0.058962,0.141510,1
-0.029376,-0.070725,-0.024079,0.327752,-0.299500,-0.001817,-0.029350,-0.049386,0.034484,0.438361,-0.432127,-0.006902,0.022244,-0.028832,-0.048776,0.029889,1.060991,1.000887,0.194420,-1.394736,-0.058291,-0.149707,0.058783,-1.441594,-0.917129,0.713780,1.086622,-0.058962,0.141510,1
-0.029393,-0.070734,-0.024092,0.327761,-0.299509,-0.001831,-0.029333,-0.049394,0.034457,0.438369,-0.432131,-0.006909,0.022298,-0.028832,-0.048776,0.029877,1.060979,1.000887,0.194408,-1.394748,-0.058291,-0.149743,0.058807,-1.441582,-0.916961,0.713709,1.086658,-0.058974,0.141522,1
-0.029384,-0.070725,-0.024052,0.327752,-0.299509,-0.001831,-0.029333,-0.049394,0.034471,0.438361,-0.432131,-0.006909,0.022271,-0.028832,-0.048776,0.029901,1.060979,1.000875,0.194408,-1.394736,-0.058303,-0.149743,0.058807,-1.441571,-0.916877,0.713649,1.086622,-0.058962,0.141522,1
-0.029376,-0.070734,-0.024052,0.327769,-0.299505,-0.001824,-0.029333,-0.049403,0.034471,0.438361,-0.432139,-0.006894,0.022257,-0.028839,-0.048771,0.029889,1.060955,1.000887,0.194408,-1.394748,-0.058291,-0.149755,0.058783,-1.441558,-0.916817,0.713541,1.086646,-0.058962,0.141522,1
-0.029376,-0.070734,-0.024079,0.327752,-0.299496,-0.001810,-0.029333,-0.049403,0.034484,0.438361,-0.432139,-0.006894,0.022257,-0.028832,-0.048776,0.029889,1.060979,1.000875,0.194408,-1.394748,-0.058303,-0.149755,0.058807,-1.441547,-0.916721,0.713433,1.086658,-0.058962,0.141522,1
-0.029384,-0.070734,-0.024092,0.327769,-0.299484,-0.001788,-0.029342,-0.049403,0.034498,0.438361,-0.432135,-0.006887,0.022244,-0.028832,-0.048776,0.029877,1.060967,1.000875,0.194396,-1.394736,-0.058303,-0.149755,0.058807,-1.441511,-0.916661,0.713349,1.086646,-0.058938,0.141534,1
-0.029401,-0.070734,-0.024052,0.327795,-0.299496,-0.001810,-0.029333,-0.049403,0.034471,0.438361,-0.432135,-0.006887,0.022271,-0.028817,-0.048766,0.029877,1.060955,1.000875,0.194408,-1.394748,-0.058291,-0.149743,0.058783,-1.441511,-0.916578,0.713253,1.086658,-0.058938,0.141510,1
-0.029410,-0.070742,-0.024065,0.327778,-0.299500,-0.001817,-0.029333,-0.049411,0.034471,0.438369,-0.432131,-0.006909,0.022244,-0.028824,-0.048781,0.029877,1.060955,1.000863,0.194384,-1.394724,-0.058291,-0.149743,0.058807,-1.441487,-0.916506,0.713121,1.086646,-0.058914,0.141510,1
-0.029393,-0.070742,-0.024052,0.327778,-0.299509,-0.001831,-0.029333,-0.049411,0.034484,0.438361,-0.432127,-0.006902,0.022284,-0.028832,-0.048776,0.029877,1.060955,1.000851,0.194372,-1.394736,-0.058303,-0.149743,0.058783,-1.441451,-0.916434,0.713025,1.086646,-0.058902,0.141522,1
-0.029410,-0.070751,-0.024065,0.327795,-0.299509,-0.001831,-0.029333,-0.049420,0.034484,0.438352,-0.432139,-0.006894,0.022284,-0.028824,-0.048781,0.029877,1.060931,1.000851,0.194372,-1.394724,-0.058303,-0.149731,0.058783,-1.441415,-0.916338,0.712846,1.086658,-0.058890,0.141534,1
-0.029393,-0.070759,-0.024092,0.327795,-0.299505,-0.001824,-0.029325,-0.049420,0.034484,0.438361,-0.432131,-0.006880,0.022284,-0.028832,-0.048776,0.029901,1.060931,1.000851,0.194384,-1.394736,-0.058291,-0.149731,0.058783,-1.441403,-0.916242,0.712726,1.086646,-0.058890,0.141546,1
-0.029410,-0.070759,-0.024105,0.327795,-0.299505,-0.001824,-0.029333,-0.049420,0.034471,0.438369,-0.432128,-0.006887,0.022257,-0.028839,-0.048771,0.029877,1.060907,1.000827,0.194384,-1.394748,-0.058291,-0.149731,0.058783,-1.441367,-0.916206,0.712534,1.086646,-0.058914,0.141522,1
-0.029393,-0.070776,-0.024079,0.327803,-0.299492,-0.001802,-0.029325,-0.049428,0.034498,0.438352,-0.432131,-0.006880,0.022284,-0.028832,-0.048776,0.029877,1.060907,1.000827,0.194372,-1.394748,-0.058303,-0.149719,0.058783,-1.441307,-0.916158,0.712414,1.086646,-0.058902,0.141522,1
-0.029393,-0.070776,-0.024065,0.327786,-0.299492,-0.001802,-0.029325,-0.049437,0.034484,0.438369,-0.432128,-0.006887,0.022271,-0.028832,-0.048776,0.029877,1.060883,1.000827,0.194372,-1.394748,-0.058279,-0.149731,0.058807,-1.441295,-0.916086,0.712258,1.086670,-0.058902,0.141522,1
-0.029410,-0.070785,-0.024052,0.327803,-0.299500,-0.001817,-0.029333,-0.049471,0.034498,0.438361,-0.432135,-0.006887,0.022257,-0.028832,-0.048776,0.029877,1.060895,1.000827,0.194372,-1.394736,-0.058291,-0.149743,0.058807,-1.441271,-0.916026,0.712091,1.086670,-0.058867,0.141534,1
-0.029401,-0.070776,-0.024052,0.327820,-0.299496,-0.001839,-0.029333,-0.049454,0.034484,0.438378,-0.432124,-0.006895,0.022298,-0.028809,-0.048770,0.029877,1.060895,1.000779,0.194348,-1.394748,-0.058291,-0.149731,0.058807,-1.441235,-0.915990,0.711923,1.086670,-0.058855,0.141522,1
-0.029384,-0.070776,-0.024065,0.327795,-0.299509,-0.001831,-0.029316,-0.049454,0.034484,0.438378,-0.432124,-0.006895,0.022257,-0.028832,-0.048776,0.029877,1.060871,1.000779,0.194348,-1.394748,-0.058291,-0.149743,0.058807,-1.441199,-0.915942,0.711755,1.086682,-0.058831,0.141534,1
-0.029410,-0.070793,-0.024065,0.327786,-0.299509,-0.001831,-0.029325,-0.049454,0.034471,0.438361,-0.432131,-0.006880,0.022271,-0.028809,-0.048790,0.029877,1.060871,1.000767,0.194348,-1.394736,-0.058279,-0.149743,0.058783,-1.441163,-0.915918,0.711563,1.086706,-0.058819,0.141522,1
-0.029410,-0.070793,-0.024065,0.327820,-0.299500,-0.001817,-0.029316,-0.049471,0.034498,0.438378,-0.432135,-0.006902,0.022271,-0.028824,-0.048781,0.029901,1.060871,1.000731,0.194372,-1.394772,-0.058291,-0.149755,0.058807,-1.441127,-0.915882,0.711372,1.086682,-0.058795,0.141522,1
-0.029401,-0.070819,-0.024052,0.327812,-0.299509,-0.001831,-0.029308,-0.049488,0.034484,0.438361,-0.432120,-0.006887,0.022284,-0.028801,-0.048775,0.029877,1.060847,1.000707,0.194348,-1.394748,-0.058291,-0.149731,0.058807,-1.441055,-0.915799,0.710964,1.086682,-0.058783,0.141510,1
-0.029410,-0.070810,-0.024065,0.327820,-0.299496,-0.001810,-0.029316,-0.049488,0.034484,0.438361,-0.432131,-0.006894,0.022271,-0.028794,-0.048770,0.029889,1.060847,1.000731,0.194348,-1.394748,-0.058291,-0.149767,0.058807,-1.441019,-0.915763,0.710748,1.086706,-0.058759,0.141510,1
-0.029410,-0.070810,-0.024079,0.327837,-0.299496,-0.001810,-0.029325,-0.049496,0.034498,0.438361,-0.432124,-0.006880,0.022284,-0.028809,-0.048770,0.029889,1.060847,1.000683,0.194348,-1.394748,-0.058279,-0.149743,0.058807,-1.440995,-0.915727,0.710545,1.086706,-0.058759,0.141522,1
-0.029418,-0.070819,-0.024092,0.327837,-0.299492,-0.001817,-0.029333,-0.049505,0.034471,0.438361,-0.432139,-0.006894,0.022284,-0.028786,-0.048775,0.029877,1.060823,1.000683,0.194348,-1.394772,-0.058279,-0.149767,0.058807,-1.440971,-0.915703,0.710317,1.086706,-0.058747,0.141534,1
-0.029418,-0.070810,-0.024065,0.327837,-0.299496,-0.001810,-0.029316,-0.049496,0.034484,0.438378,-0.432131,-0.006894,0.022298,-0.028779,-0.048780,0.029889,1.060835,1.000683,0.194372,-1.394748,-0.058279,-0.149731,0.058783,-1.440959,-0.915679,0.710065,1.086706,-0.058747,0.141534,1
-0.029427,-0.070827,-0.024065,0.327829,-0.299500,-0.001817,-0.029299,-0.049513,0.034484,0.438378,-0.432135,-0.006887,0.022311,-0.028794,-0.048790,0.029889,1.060823,1.000683,0.194348,-1.394736,-0.058279,-0.149755,0.058807,-1.440935,-0.915643,0.709826,1.086706,-0.058747,0.141534,1
-0.029418,-0.070827,-0.024052,0.327846,-0.299509,-0.001831,-0.029316,-0.049513,0.034484,0.438378,-0.432124,-0.006895,0.022284,-0.028786,-0.048775,0.029901,1.060799,1.000659,0.194348,-1.394760,-0.058279,-0.149743,0.058807,-1.440887,-0.915607,0.709538,1.086682,-0.058735,0.141534,1
-0.029427,-0.070836,-0.024079,0.327829,-0.299505,-0.001839,-0.029308,-0.049513,0.034498,0.438378,-0.432131,-0.006909,0.022284,-0.028771,-0.048785,0.029877,1.060787,1.000635,0.194348,-1.394736,-0.058279,-0.149743,0.058807,-1.440851,-0.915583,0.709250,1.086682,-0.058711,0.141546,1
-0.029418,-0.070827,-0.024079,0.327820,-0.299500,-0.001817,-0.029308,-0.049531,0.034484,0.438378,-0.432131,-0.006909,0.022311,-0.028771,-0.048785,0.029889,1.060787,1.000611,0.194324,-1.394748,-0.058279,-0.149743,0.058807,-1.440804,-0.915607,0.708783,1.086670,-0.058699,0.141522,1
-0.029427,-0.070836,-0.024065,0.327829,-0.299496,-0.001824,-0.029308,-0.049531,0.034471,0.438386,-0.432127,-0.006902,0.022284,-0.028763,-0.048789,0.029877,1.060763,1.000611,0.194348,-1.394760,-0.058267,-0.149731,0.058807,-1.440755,-0.915607,0.708400,1.086706,-0.058663,0.141510,1
-0.029427,-0.070844,-0.024025,0.327837,-0.299492,-0.001817,-0.029308,-0.049548,0.034471,0.438386,-0.432135,-0.006887,0.022311,-0.028763,-0.048789,0.029889,1.060763,1.000599,0.194372,-1.394760,-0.058279,-0.149731,0.058807,-1.440755,-0.915619,0.707860,1.086718,-0.058567,0.141522,1
-0.029435,-0.070861,-0.024052,0.327837,-0.299484,-0.001788,-0.029308,-0.049556,0.034471,0.438378,-0.432139,-0.006865,0.022311,-0.028741,-0.048774,0.029865,1.060763,1.000599,0.194372,-1.394760,-0.058279,-0.149731,0.058783,-1.440708,-0.915631,0.707477,1.086718,-0.058543,0.141510,1
-0.029427,-0.070861,-0.024052,0.327837,-0.299488,-0.001809,-0.029308,-0.049556,0.034484,0.438386,-0.432131,-0.006880,0.022351,-0.028741,-0.048784,0.029889,1.060739,1.000599,0.194348,-1.394748,-0.058267,-0.149719,0.058783,-1.440708,-0.915667,0.707093,1.086718,-0.058519,0.141510,1
-0.029427,-0.070861,-0.024052,0.327829,-0.299496,-0.001824,-0.029308,-0.049556,0.034484,0.438378,-0.432131,-0.006880,0.022324,-0.028748,-0.048779,0.029889,1.060739,1.000599,0.194348,-1.394760,-0.058267,-0.149743,0.058783,-1.440708,-0.915655,0.706638,1.086742,-0.058507,0.141510,1
-0.029427,-0.070870,-0.024065,0.327837,-0.299492,-0.001817,-0.029291,-0.049548,0.034484,0.438378,-0.432124,-0.006880,0.022324,-0.028748,-0.048799,0.029889,1.060739,1.000611,0.194348,-1.394760,-0.058279,-0.149743,0.058783,-1.440708,-0.915667,0.706158,1.086742,-0.058495,0.141510,1
-0.029444,-0.070870,-0.024092,0.327829,-0.299492,-0.001817,-0.029308,-0.049590,0.034484,0.438378,-0.432128,-0.006873,0.022338,-0.028710,-0.048804,0.029913,1.060727,1.000575,0.194348,-1.394748,-0.058267,-0.149743,0.058783,-1.440708,-0.915655,0.705691,1.086753,-0.058483,0.141522,1
-0.029435,-0.070878,-0.024052,0.327837,-0.299496,-0.001824,-0.029291,-0.049582,0.034471,0.438386,-0.432128,-0.006887,0.022351,-0.028725,-0.048794,0.029901,1.060727,1.000575,0.194372,-1.394748,-0.058255,-0.149743,0.058807,-1.440732,-0.915679,0.705188,1.086730,-0.058483,0.141510,1
-0.029427,-0.070887,-0.024038,0.327846,-0.299492,-0.001831,-0.029308,-0.049590,0.034484,0.438386,-0.432120,-0.006887,0.022351,-0.028718,-0.048799,0.029901,1.060691,1.000575,0.194348,-1.394760,-0.058279,-0.149755,0.058783,-1.440732,-0.915691,0.704445,1.086766,-0.058471,0.141498,1
-0.029452,-0.070895,-0.024038,0.327820,-0.299492,-0.001831,-0.029291,-0.049590,0.034484,0.438395,-0.432128,-0.006873,0.022351,-0.028710,-0.048784,0.029889,1.060679,1.000575,0.194372,-1.394772,-0.058267,-0.149731,0.058783,-1.440696,-0.915727,0.703893,1.086789,-0.058459,0.141510,1
-0.029452,-0.070895,-0.024065,0.327854,-0.299492,-0.001831,-0.029291,-0.049599,0.034498,0.438378,-0.432124,-0.006895,0.022351,-0.028710,-0.048804,0.029901,1.060679,1.000599,0.194408,-1.394808,-0.058267,-0.149731,0.058783,-1.440720,-0.915751,0.703126,1.086825,-0.058483,0.141510,1
-0.029444,-0.070887,-0.024038,0.327837,-0.299496,-0.001824,-0.029291,-0.049607,0.034484,0.438395,-0.432131,-0.006880,0.022351,-0.028710,-0.048804,0.029889,1.060679,1.000563,0.194384,-1.394772,-0.058267,-0.149743,0.058783,-1.440708,-0.915775,0.702623,1.086849,-0.058483,0.141510,1
-0.029444,-0.070895,-0.024038,0.327846,-0.299484,-0.001817,-0.029308,-0.049616,0.034484,0.438395,-0.432135,-0.006887,0.022364,-0.028695,-0.048803,0.029901,1.060679,1.000599,0.194372,-1.394784,-0.058267,-0.149731,0.058771,-1.440708,-0.915775,0.702096,1.086849,-0.058507,0.141510,1
-0.029461,-0.070895,-0.024025,0.327837,-0.299496,-0.001839,-0.029308,-0.049599,0.034471,0.438403,-0.432128,-0.006873,0.022351,-0.028687,-0.048808,0.029913,1.060655,1.000587,0.194384,-1.394784,-0.058255,-0.149755,0.058747,-1.440696,-0.915787,0.701533,1.086885,-0.058519,0.141522,1
-0.029452,-0.070895,-0.024052,0.327846,-0.299488,-0.001838,-0.029291,-0.049616,0.034498,0.438395,-0.432124,-0.006880,0.022351,-0.028695,-0.048813,0.029901,1.060655,1.000575,0.194396,-1.394772,-0.058267,-0.149743,0.058747,-1.440696,-0.915775,0.700933,1.086909,-0.058531,0.141498,1
-0.029444,-0.070895,-0.024065,0.327829,-0.299492,-0.001846,-0.029291,-0.049624,0.034484,0.438395,-0.432131,-0.006880,0.022351,-0.028687,-0.048808,0.029889,1.060655,1.000599,0.194384,-1.394784,-0.058267,-0.149743,0.058747,-1.440696,-0.915763,0.700406,1.086909,-0.058507,0.141486,1
-0.029461,-0.070887,-0.024065,0.327820,-0.299480,-0.001824,-0.029291,-0.049624,0.034484,0.438403,-0.432135,-0.006887,0.022351,-0.028687,-0.048808,0.029901,1.060643,1.000575,0.194408,-1.394784,-0.058255,-0.149743,0.058759,-1.440708,-0.915775,0.699603,1.086921,-0.058495,0.141522,1
-0.029452,-0.070913,-0.024038,0.327820,-0.299492,-0.001831,-0.029291,-0.049624,0.034471,0.438395,-0.432131,-0.006894,0.022364,-0.028680,-0.048813,0.029889,1.060643,1.000587,0.194420,-1.394832,-0.058255,-0.149755,0.058747,-1.440696,-0.915751,0.698968,1.086933,-0.058471,0.141498,1
-0.029469,-0.070913,-0.024052,0.327829,-0.299492,-0.001846,-0.029291,-0.049633,0.034471,0.438403,-0.432135,-0.006887,0.022391,-0.028680,-0.048813,0.029865,1.060643,1.000587,0.194408,-1.394808,-0.058255,-0.149719,0.058723,-1.440708,-0.915739,0.698369,1.086945,-0.058471,0.141498,1
-0.029478,-0.070913,-0.024079,0.327820,-0.299501,-0.001846,-0.029291,-0.049641,0.034484,0.438403,-0.432139,-0.006894,0.022364,-0.028672,-0.048818,0.029901,1.060643,1.000587,0.194384,-1.394796,-0.058243,-0.149743,0.058723,-1.440684,-0.915763,0.697350,1.086957,-0.058435,0.141510,1
-0.029461,-0.070921,-0.024038,0.327820,-0.299492,-0.001846,-0.029291,-0.049641,0.034484,0.438403,-0.432135,-0.006887,0.022391,-0.028665,-0.048813,0.029901,1.060643,1.000575,0.194408,-1.394784,-0.058255,-0.149743,0.058747,-1.440684,-0.915751,0.696595,1.086981,-0.058399,0.141510,1
-0.029478,-0.070913,-0.024038,0.327829,-0.299488,-0.001838,-0.029291,-0.049641,0.034484,0.438403,-0.432139,-0.006894,0.022405,-0.028672,-0.048818,0.029889,1.060619,1.000599,0.194384,-1.394820,-0.058255,-0.149755,0.058723,-1.440684,-0.915775,0.695828,1.086993,-0.058399,0.141498,1
-0.029487,-0.070921,-0.024065,0.327820,-0.299484,-0.001831,-0.029291,-0.049641,0.034484,0.438420,-0.432135,-0.006902,0.022378,-0.028657,-0.048818,0.029901,1.060619,1.000575,0.194384,-1.394796,-0.058279,-0.149743,0.058723,-1.440696,-0.915787,0.695109,1.087029,-0.058387,0.141498,1
-0.029478,-0.070930,-0.024052,0.327829,-0.299480,-0.001824,-0.029282,-0.049650,0.034484,0.438403,-0.432135,-0.006887,0.022418,-0.028665,-0.048823,0.029901,1.060643,1.000587,0.194384,-1.394796,-0.058255,-0.149731,0.058747,-1.440708,-0.915775,0.694426,1.087041,-0.058363,0.141486,1
-0.029478,-0.070938,-0.024052,0.327829,-0.299497,-0.001853,-0.029282,-0.049650,0.034471,0.438395,-0.432135,-0.006887,0.022418,-0.028665,-0.048823,0.029901,1.060619,1.000599,0.194384,-1.394796,-0.058267,-0.149743,0.058723,-1.440684,-0.915799,0.693815,1.087065,-0.058351,0.141486,1
-0.029487,-0.070938,-0.024065,0.327829,-0.299492,-0.001846,-0.029291,-0.049650,0.034484,0.438403,-0.432131,-0.006880,0.022418,-0.028649,-0.048832,0.029889,1.060619,1.000587,0.194384,-1.394796,-0.058255,-0.149743,0.058723,-1.440696,-0.915775,0.692880,1.087101,-0.058363,0.141510,1
-0.029487,-0.070921,-0.024065,0.327820,-0.299484,-0.001831,-0.029282,-0.049650,0.034498,0.438403,-0.432135,-0.006887,0.022418,-0.028657,-0.048828,0.029901,1.060619,1.000575,0.194372,-1.394820,-0.058255,-0.149743,0.058723,-1.440684,-0.915763,0.692245,1.087209,-0.058399,0.141498,1
-0.029487,-0.070913,-0.024052,0.327829,-0.299484,-0.001831,-0.029291,-0.049650,0.034498,0.438403,-0.432131,-0.006909,0.022418,-0.028642,-0.048827,0.029889,1.060619,1.000599,0.194348,-1.394796,-0.058255,-0.149755,0.058711,-1.440708,-0.915739,0.691574,1.087293,-0.058423,0.141522,1
-0.029504,-0.070921,-0.024079,0.327820,-0.299480,-0.001824,-0.029282,-0.049650,0.034484,0.438420,-0.432127,-0.006902,0.022431,-0.028657,-0.048828,0.029877,1.060619,1.000587,0.194372,-1.394808,-0.058267,-0.149755,0.058711,-1.440672,-0.915715,0.690843,1.087365,-0.058459,0.141546,1
-0.029478,-0.070930,-0.024052,0.327820,-0.299467,-0.001831,-0.029282,-0.049650,0.034471,0.438403,-0.432131,-0.006880,0.022458,-0.028665,-0.048833,0.029877,1.060619,1.000575,0.194384,-1.394784,-0.058267,-0.149743,0.058711,-1.440672,-0.915691,0.690076,1.087473,-0.058375,0.141534,1
-0.029487,-0.070930,-0.024065,0.327837,-0.299488,-0.001838,-0.029273,-0.049650,0.034498,0.438420,-0.432131,-0.006880,0.022458,-0.028672,-0.048828,0.029877,1.060619,1.000587,0.194384,-1.394820,-0.058267,-0.149743,0.058711,-1.440696,-0.915679,0.688817,1.087640,-0.058243,0.141498,1
-0.029487,-0.070921,-0.024052,0.327820,-0.299488,-0.001838,-0.029282,-0.049641,0.034484,0.438420,-0.432131,-0.006880,0.022458,-0.028657,-0.048837,0.029853,1.060619,1.000587,0.194372,-1.394844,-0.058255,-0.149743,0.058711,-1.440708,-0.915667,0.687990,1.087784,-0.058171,0.141450,1
-0.029512,-0.070930,-0.024052,0.327829,-0.299476,-0.001846,-0.029282,-0.049658,0.034471,0.438420,-0.432139,-0.006894,0.022458,-0.028672,-0.048828,0.029865,1.060619,1.000587,0.194348,-1.394832,-0.058255,-0.149755,0.058711,-1.440708,-0.915679,0.687092,1.087904,-0.058076,0.141354,1
-0.029512,-0.070930,-0.024052,0.327820,-0.299480,-0.001853,-0.029273,-0.049667,0.034484,0.438412,-0.432131,-0.006880,0.022472,-0.028657,-0.048828,0.029877,1.060619,1.000575,0.194348,-1.394844,-0.058255,-0.149755,0.058699,-1.440708,-0.915691,0.685629,1.088036,-0.057956,0.141282,1
-0.029521,-0.070930,-0.024065,0.327812,-0.299484,-0.001831,-0.029282,-0.049658,0.034484,0.438420,-0.432135,-0.006887,0.022512,-0.028665,-0.048823,0.029865,1.060619,1.000575,0.194336,-1.394820,-0.058243,-0.149755,0.058711,-1.440684,-0.915703,0.684575,1.088264,-0.057836,0.141222,1
-0.029529,-0.070938,-0.024079,0.327829,-0.299488,-0.001838,-0.029273,-0.049667,0.034498,0.438420,-0.432135,-0.006887,0.022512,-0.028657,-0.048828,0.029853,1.060619,1.000563,0.194324,-1.394832,-0.058243,-0.149755,0.058711,-1.440660,-0.915703,0.683592,1.088407,-0.057704,0.141162,1
-0.029538,-0.070938,-0.024079,0.327812,-0.299492,-0.001817,-0.029256,-0.049658,0.034484,0.438429,-0.432128,-0.006887,0.022472,-0.028657,-0.048828,0.029877,1.060595,1.000551,0.194336,-1.394832,-0.058255,-0.149755,0.058699,-1.440552,-0.915727,0.682777,1.088527,-0.057668,0.141114,1
-0.029521,-0.070938,-0.024092,0.327803,-0.299501,-0.001831,-0.029273,-0.049667,0.034484,0.438420,-0.432139,-0.006894,0.022458,-0.028649,-0.048832,0.029877,1.060607,1.000575,0.194324,-1.394820,-0.058255,-0.149755,0.058699,-1.440384,-0.915751,0.682010,1.088695,-0.057584,0.141090,1
-0.029529,-0.070938,-0.024065,0.327795,-0.299497,-0.001853,-0.029265,-0.049667,0.034484,0.438420,-0.432135,-0.006887,0.022498,-0.028657,-0.048837,0.029865,1.060607,1.000539,0.194324,-1.394820,-0.058255,-0.149755,0.058699,-1.440156,-0.915739,0.681255,1.088851,-0.057560,0.141126,1
-0.029538,-0.070938,-0.024092,0.327795,-0.299484,-0.001831,-0.029265,-0.049641,0.034484,0.438429,-0.432128,-0.006887,0.022498,-0.028642,-0.048837,0.029889,1.060595,1.000575,0.194324,-1.394844,-0.058255,-0.149755,0.058711,-1.439833,-0.915715,0.680476,1.089019,-0.057560,0.141114,1
-0.029538,-0.070938,-0.024079,0.327795,-0.299484,-0.001831,-0.029265,-0.049667,0.034471,0.438420,-0.432135,-0.006887,0.022498,-0.028649,-0.048832,0.029877,1.060595,1.000539,0.194288,-1.394844,-0.058255,-0.149755,0.058699,-1.439617,-0.915655,0.679194,1.089282,-0.057560,0.141210,1
-0.029538,-0.070930,-0.024092,0.327820,-0.299480,-0.001824,-0.029265,-0.049658,0.034498,0.438420,-0.432135,-0.006887,0.022498,-0.028649,-0.048832,0.029877,1.060583,1.000551,0.194300,-1.394856,-0.058243,-0.149755,0.058711,-1.439497,-0.915643,0.677780,1.089414,-0.057584,0.141246,1
-0.029563,-0.070938,-0.024092,0.327803,-0.299484,-0.001831,-0.029265,-0.049667,0.034484,0.438420,-0.432139,-0.006894,0.022498,-0.028649,-0.048832,0.029865,1.060571,1.000551,0.194324,-1.394844,-0.058255,-0.149755,0.058711,-1.439377,-0.915631,0.676905,1.089594,-0.057524,0.141258,1
-0.029563,-0.070930,-0.024105,0.327803,-0.299472,-0.001838,-0.029273,-0.049658,0.034471,0.438429,-0.432135,-0.006887,0.022498,-0.028657,-0.048828,0.029877,1.060559,1.000515,0.194300,-1.394856,-0.058255,-0.149767,0.058711,-1.439270,-0.915583,0.676042,1.089726,-0.057488,0.141234,1
-0.029555,-0.070930,-0.024119,0.327812,-0.299488,-0.001838,-0.029273,-0.049667,0.034484,0.438437,-0.432135,-0.006887,0.022485,-0.028642,-0.048837,0.029865,1.060535,1.000527,0.194312,-1.394856,-0.058255,-0.149755,0.058687,-1.439150,-0.915559,0.675215,1.089857,-0.057464,0.141198,1
-0.029589,-0.070930,-0.024105,0.327812,-0.299488,-0.001838,-0.029265,-0.049658,0.034484,0.438429,-0.432127,-0.006902,0.022539,-0.028657,-0.048818,0.029877,1.060535,1.000503,0.194324,-1.394832,-0.058255,-0.149755,0.058675,-1.439018,-0.915511,0.674436,1.089977,-0.057452,0.141198,1
-0.029597,-0.070930,-0.024092,0.327803,-0.299476,-0.001860,-0.029273,-0.049667,0.034484,0.438420,-0.432123,-0.006909,0.022498,-0.028649,-0.048832,0.029889,1.060559,1.000491,0.194300,-1.394844,-0.058243,-0.149755,0.058663,-1.438874,-0.915403,0.673681,1.090109,-0.057464,0.141222,1
-0.029597,-0.070938,-0.024105,0.327803,-0.299488,-0.001867,-0.029273,-0.049658,0.034484,0.438420,-0.432127,-0.006902,0.022539,-0.028649,-0.048832,0.029865,1.060511,1.000431,0.194288,-1.394856,-0.058255,-0.149767,0.058615,-1.438730,-0.915319,0.673010,1.090205,-0.057452,0.141270,1
-0.029614,-0.070938,-0.024105,0.327795,-0.299480,-0.001853,-0.029265,-0.049658,0.034498,0.438420,-0.432131,-0.006909,0.022565,-0.028649,-0.048832,0.029829,1.060511,1.000311,0.194324,-1.394868,-0.058255,-0.149755,0.058519,-1.438586,-0.914984,0.672039,1.090373,-0.057488,0.141378,1
-0.029631,-0.070930,-0.024092,0.327812,-0.299480,-0.001824,-0.029265,-0.049658,0.034484,0.438420,-0.432139,-0.006894,0.022565,-0.028657,-0.048837,0.029817,1.060500,1.000275,0.194300,-1.394856,-0.058231,-0.149755,0.058423,-1.438514,-0.914756,0.671105,1.090433,-0.057500,0.141450,1
-0.029631,-0.070930,-0.024119,0.327820,-0.299476,-0.001846,-0.029265,-0.049650,0.034498,0.438429,-0.432131,-0.006894,0.022619,-0.028634,-0.048842,0.029817,1.060500,1.000239,0.194288,-1.394856,-0.058243,-0.149767,0.058315,-1.438467,-0.914516,0.670541,1.090493,-0.057500,0.141498,1
-0.029648,-0.070947,-0.024146,0.327812,-0.299484,-0.001860,-0.029265,-0.049684,0.034471,0.438429,-0.432135,-0.006902,0.022632,-0.028634,-0.048842,0.029805,1.060476,1.000203,0.194276,-1.394856,-0.058255,-0.149755,0.058195,-1.438443,-0.914253,0.670014,1.090564,-0.057512,0.141498,1
-0.029631,-0.070947,-0.024132,0.327803,-0.299472,-0.001838,-0.029265,-0.049650,0.034484,0.438429,-0.432143,-0.006902,0.022659,-0.028634,-0.048842,0.029805,1.060476,1.000144,0.194276,-1.394868,-0.058243,-0.149755,0.058064,-1.438419,-0.913929,0.669343,1.090600,-0.057500,0.141498,1
-0.029657,-0.070947,-0.024132,0.327812,-0.299476,-0.001846,-0.029256,-0.049667,0.034484,0.438420,-0.432139,-0.006909,0.022686,-0.028634,-0.048832,0.029805,1.060452,1.000108,0.194276,-1.394856,-0.058243,-0.149755,0.057944,-1.438407,-0.913581,0.668708,1.090600,-0.057476,0.141486,1
-0.029657,-0.070938,-0.024132,0.327820,-0.299484,-0.001860,-0.029273,-0.049658,0.034484,0.438429,-0.432131,-0.006909,0.022726,-0.028649,-0.048842,0.029781,1.060452,1.000072,0.194276,-1.394844,-0.058219,-0.149755,0.057728,-1.438371,-0.913222,0.668085,1.090600,-0.057452,0.141414,1
-0.029674,-0.070938,-0.024132,0.327820,-0.299476,-0.001846,-0.029273,-0.049667,0.034484,0.438420,-0.432139,-0.006894,0.022739,-0.028642,-0.048837,0.029793,1.060452,1.000000,0.194276,-1.394856,-0.058219,-0.149755,0.057584,-1.438347,-0.912814,0.667413,1.090600,-0.057392,0.141306,1
-0.029683,-0.070938,-0.024119,0.327812,-0.299472,-0.001853,-0.029282,-0.049658,0.034484,0.438412,-0.432139,-0.006894,0.022739,-0.028642,-0.048837,0.029781,1.060416,0.999916,0.194252,-1.394856,-0.058219,-0.149755,0.057440,-1.438275,-0.912395,0.666766,1.090612,-0.057368,0.141126,1
-0.029683,-0.070930,-0.024132,0.327803,-0.299480,-0.001853,-0.029273,-0.049667,0.034484,0.438420,-0.432139,-0.006909,0.022739,-0.028642,-0.048837,0.029793,1.060416,0.999868,0.194264,-1.394868,-0.058219,-0.149767,0.057189,-1.438179,-0.911580,0.665712,1.090648,-0.057309,0.140827,1
-0.029708,-0.070938,-0.024159,0.327803,-0.299480,-0.001853,-0.029273,-0.049667,0.034498,0.438429,-0.432147,-0.006909,0.022753,-0.028627,-0.048847,0.029805,1.060392,0.999856,0.194228,-1.394856,-0.058219,-0.149755,0.057033,-1.438107,-0.911197,0.664633,1.090696,-0.057285,0.140635,1
-0.029700,-0.070938,-0.024159,0.327803,-0.299476,-0.001860,-0.029265,-0.049667,0.034498,0.438420,-0.432139,-0.006894,0.022753,-0.028649,-0.048842,0.029805,1.060392,0.999844,0.194240,-1.394880,-0.058207,-0.149743,0.056853,-1.438059,-0.910777,0.663938,1.090732,-0.057273,0.140443,1
-0.029708,-0.070947,-0.024172,0.327812,-0.299476,-0.001860,-0.029273,-0.049667,0.034484,0.438420,-0.432131,-0.006880,0.022766,-0.028634,-0.048842,0.029793,1.060380,0.999820,0.194204,-1.394856,-0.058195,-0.149779,0.056697,-1.438035,-0.910358,0.663279,1.090780,-0.057237,0.140275,1
-0.029717,-0.070947,-0.024159,0.327795,-0.299468,-0.001846,-0.029265,-0.049658,0.034471,0.438420,-0.432139,-0.006894,0.022753,-0.028642,-0.048837,0.029805,1.060368,0.999796,0.194204,-1.394856,-0.058183,-0.149779,0.056518,-1.437975,-0.909950,0.662656,1.090816,-0.057213,0.140096,1
-0.029725,-0.070938,-0.024159,0.327812,-0.299472,-0.001853,-0.029265,-0.049650,0.034484,0.438420,-0.432139,-0.006894,0.022766,-0.028634,-0.048842,0.029805,1.060356,0.999772,0.194180,-1.394856,-0.058207,-0.149779,0.056230,-1.437939,-0.909567,0.661937,1.090900,-0.057225,0.140024,1
-0.029725,-0.070938,-0.024172,0.327803,-0.299476,-0.001860,-0.029248,-0.049650,0.034484,0.438429,-0.432143,-0.006902,0.022806,-0.028634,-0.048842,0.029805,1.060356,0.999748,0.194180,-1.394856,-0.058183,-0.149779,0.056014,-1.437843,-0.909183,0.661242,1.090960,-0.057177,0.139988,1
-0.029734,-0.070938,-0.024172,0.327803,-0.299472,-0.001853,-0.029256,-0.049658,0.034484,0.438429,-0.432143,-0.006902,0.022806,-0.028642,-0.048837,0.029793,1.060332,0.999712,0.194156,-1.394856,-0.058183,-0.149779,0.055787,-1.437795,-0.908824,0.660571,1.091020,-0.057105,0.140012,1
-0.029734,-0.070938,-0.024172,0.327803,-0.299476,-0.001860,-0.029248,-0.049675,0.034498,0.438429,-0.432143,-0.006902,0.022820,-0.028634,-0.048852,0.029793,1.060332,0.999640,0.194168,-1.394832,-0.058195,-0.149779,0.055547,-1.437724,-0.908237,0.659792,1.091092,-0.056961,0.140036,1
-0.029742,-0.070930,-0.024213,0.327786,-0.299459,-0.001860,-0.029265,-0.049658,0.034484,0.438429,-0.432139,-0.006894,0.022847,-0.028649,-0.048842,0.029769,1.060332,0.999580,0.194156,-1.394880,-0.058195,-0.149779,0.055295,-1.437640,-0.907973,0.658665,1.091128,-0.056769,0.140036,1
-0.029742,-0.070930,-0.024172,0.327795,-0.299463,-0.001867,-0.029248,-0.049658,0.034498,0.438429,-0.432143,-0.006902,0.022860,-0.028634,-0.048842,0.029769,1.060332,0.999544,0.194132,-1.394868,-0.058183,-0.149779,0.054900,-1.437460,-0.907601,0.657299,1.091176,-0.056410,0.140036,1
-0.029759,-0.070947,-0.024172,0.327803,-0.299468,-0.001846,-0.029239,-0.049667,0.034498,0.438429,-0.432151,-0.006887,0.022820,-0.028649,-0.048832,0.029793,1.060332,0.999532,0.194109,-1.394880,-0.058171,-0.149779,0.054624,-1.437328,-0.907398,0.656400,1.091188,-0.055894,0.140036,1
-0.029776,-0.070930,-0.024172,0.327795,-0.299476,-0.001860,-0.029248,-0.049641,0.034498,0.438429,-0.432151,-0.006887,0.022847,-0.028619,-0.048852,0.029769,1.060332,0.999472,0.194097,-1.394868,-0.058195,-0.149779,0.054336,-1.437196,-0.907218,0.655537,1.091176,-0.055451,0.140000,1
-0.029768,-0.070938,-0.024172,0.327795,-0.299463,-0.001867,-0.029248,-0.049658,0.034498,0.438412,-0.432147,-0.006909,0.022873,-0.028649,-0.048842,0.029757,1.060332,0.999448,0.194073,-1.394868,-0.058183,-0.149779,0.053953,-1.437064,-0.907074,0.654650,1.091188,-0.055008,0.140012,1
-0.029785,-0.070938,-0.024159,0.327786,-0.299468,-0.001875,-0.029248,-0.049667,0.034484,0.438420,-0.432143,-0.006902,0.022873,-0.028642,-0.048837,0.029769,1.060332,0.999412,0.194085,-1.394868,-0.058195,-0.149779,0.053665,-1.436921,-0.906978,0.653763,1.091200,-0.054528,0.140024,1
-0.029793,-0.070930,-0.024239,0.327786,-0.299463,-0.001867,-0.029248,-0.049667,0.034484,0.438420,-0.432143,-0.006902,0.022860,-0.028627,-0.048847,0.029781,1.060332,0.999377,0.194085,-1.394856,-0.058183,-0.149779,0.053390,-1.436729,-0.906882,0.652901,1.091236,-0.054061,0.140012,1
-0.029827,-0.070938,-0.024186,0.327778,-0.299463,-0.001867,-0.029239,-0.049675,0.034471,0.438420,-0.432143,-0.006902,0.022887,-0.028634,-0.048842,0.029769,1.060332,0.999269,0.194073,-1.394892,-0.058183,-0.149779,0.053102,-1.436597,-0.906774,0.652062,1.091212,-0.053522,0.140012,1
-0.029827,-0.070930,-0.024199,0.327795,-0.299459,-0.001860,-0.029239,-0.049658,0.034484,0.438429,-0.432139,-0.006894,0.022900,-0.028649,-0.048832,0.029745,1.060332,0.999197,0.194013,-1.394856,-0.058183,-0.149791,0.052826,-1.436477,-0.906714,0.650851,1.091200,-0.052982,0.140036,1
-0.029836,-0.070930,-0.024186,0.327786,-0.299459,-0.001860,-0.029248,-0.049650,0.034484,0.438420,-0.432143,-0.006902,0.022914,-0.028649,-0.048832,0.029697,1.060332,0.999125,0.193989,-1.394892,-0.058171,-0.149779,0.052515,-1.436357,-0.906691,0.650024,1.091200,-0.052395,0.140024,1
-0.029870,-0.070930,-0.024186,0.327795,-0.299463,-0.001867,-0.029248,-0.049658,0.034484,0.438420,-0.432143,-0.006872,0.022967,-0.028649,-0.048822,0.029661,1.060332,0.999017,0.193989,-1.394880,-0.058171,-0.149779,0.052239,-1.436226,-0.906691,0.649185,1.091200,-0.051544,0.140048,1
-0.029887,-0.070930,-0.024186,0.327786,-0.299463,-0.001867,-0.029248,-0.049667,0.034484,0.438420,-0.432139,-0.006894,0.022980,-0.028657,-0.048837,0.029637,1.060332,0.998945,0.193965,-1.394892,-0.058183,-0.149779,0.052012,-1.436082,-0.906679,0.648299,1.091212,-0.050921,0.140048,1
-0.029913,-0.070921,-0.024226,0.327795,-0.299476,-0.001889,-0.029256,-0.049650,0.034498,0.438412,-0.432139,-0.006894,0.023047,-0.028672,-0.048828,0.029589,1.060332,0.998837,0.193941,-1.394880,-0.058195,-0.149779,0.051796,-1.435950,-0.906667,0.647352,1.091248,-0.050298,0.140048,1
-0.029972,-0.070930,-0.024199,0.327778,-0.299463,-0.001867,-0.029265,-0.049650,0.034484,0.438420,-0.432143,-0.006902,0.023101,-0.028649,-0.048832,0.029505,1.060332,0.998681,0.193917,-1.394880,-0.058183,-0.149779,0.051508,-1.435698,-0.906714,0.645698,1.091272,-0.049351,0.140012,1
-0.029981,-0.070930,-0.024226,0.327795,-0.299459,-0.001889,-0.029265,-0.049658,0.034484,0.438403,-0.432143,-0.006902,0.023155,-0.028649,-0.048822,0.029469,1.060332,0.998586,0.193893,-1.394868,-0.058183,-0.149791,0.051400,-1.435423,-0.906762,0.644524,1.091295,-0.048692,0.139988,1
-0.030023,-0.070930,-0.024226,0.327786,-0.299455,-0.001882,-0.029256,-0.049658,0.034484,0.438386,-0.432139,-0.006909,0.023168,-0.028649,-0.048832,0.029421,1.060332,0.998406,0.193869,-1.394868,-0.058183,-0.149779,0.051352,-1.435219,-0.906846,0.643445,1.091331,-0.048069,0.139964,1
-0.030023,-0.070930,-0.024266,0.327795,-0.299447,-0.001882,-0.029282,-0.049650,0.034471,0.438378,-0.432143,-0.006902,0.023208,-0.028649,-0.048832,0.029397,1.060356,0.998298,0.193821,-1.394892,-0.058183,-0.149779,0.051292,-1.435027,-0.906918,0.641971,1.091355,-0.047398,0.139868,1
-0.030075,-0.070921,-0.024226,0.327786,-0.299455,-0.001882,-0.029273,-0.049641,0.034471,0.438369,-0.432139,-0.006909,0.023222,-0.028665,-0.048833,0.029397,1.060356,0.998202,0.193797,-1.394868,-0.058183,-0.149779,0.051245,-1.434823,-0.907026,0.640916,1.091415,-0.046703,0.139688,1
-0.030092,-0.070930,-0.024253,0.327778,-0.299464,-0.001882,-0.029273,-0.049641,0.034498,0.438378,-0.432143,-0.006902,0.023208,-0.028665,-0.048823,0.029385,1.060332,0.998142,0.193749,-1.394856,-0.058171,-0.149767,0.051209,-1.434632,-0.907110,0.639730,1.091451,-0.045684,0.139508,1
-0.030143,-0.070930,-0.024253,0.327795,-0.299455,-0.001882,-0.029291,-0.049658,0.034471,0.438361,-0.432143,-0.006902,0.023248,-0.028665,-0.048823,0.029385,1.060356,0.998058,0.193725,-1.394880,-0.058171,-0.149791,0.051149,-1.434464,-0.907218,0.638364,1.091487,-0.044905,0.139233,1
-0.030168,-0.070930,-0.024266,0.327778,-0.299464,-0.001911,-0.029291,-0.049667,0.034471,0.438361,-0.432143,-0.006902,0.023275,-0.028672,-0.048828,0.029337,1.060356,0.997938,0.193701,-1.394880,-0.058159,-0.149791,0.051065,-1.434296,-0.907350,0.636926,1.091523,-0.044006,0.139005,1
-0.030211,-0.070930,-0.024266,0.327795,-0.299451,-0.001874,-0.029291,-0.049667,0.034457,0.438361,-0.432147,-0.006909,0.023289,-0.028665,-0.048823,0.029337,1.060344,0.997867,0.193641,-1.394880,-0.058159,-0.149803,0.050981,-1.434008,-0.907470,0.635655,1.091571,-0.043071,0.138765,1
-0.030254,-0.070938,-0.024293,0.327778,-0.299455,-0.001896,-0.029291,-0.049667,0.034471,0.438361,-0.432139,-0.006909,0.023275,-0.028642,-0.048837,0.029325,1.060356,0.997723,0.193617,-1.394880,-0.058147,-0.149791,0.050897,-1.433721,-0.907697,0.634145,1.091607,-0.041322,0.138298,1
-0.030279,-0.070938,-0.024293,0.327769,-0.299459,-0.001889,-0.029291,-0.049667,0.034484,0.438352,-0.432135,-0.006916,0.023289,-0.028665,-0.048823,0.029313,1.060356,0.997615,0.193581,-1.394868,-0.058171,-0.149803,0.050789,-1.433517,-0.907985,0.633151,1.091619,-0.040123,0.138022,1
-0.030313,-0.070930,-0.024320,0.327769,-0.299455,-0.001882,-0.029299,-0.049650,0.034498,0.438352,-0.432139,-0.006923,0.023329,-0.028672,-0.048828,0.029337,1.060332,0.997543,0.193509,-1.394856,-0.058171,-0.149803,0.050657,-1.433373,-0.908165,0.631545,1.091643,-0.038817,0.137807,1
-0.030313,-0.070930,-0.024293,0.327786,-0.299455,-0.001896,-0.029308,-0.049667,0.034498,0.438352,-0.432139,-0.006909,0.023329,-0.028665,-0.048823,0.029325,1.060356,0.997435,0.193461,-1.394880,-0.058147,-0.149803,0.050514,-1.433253,-0.908237,0.630538,1.091631,-0.037595,0.137699,1
-0.030339,-0.070930,-0.024306,0.327769,-0.299460,-0.001903,-0.029291,-0.049658,0.034484,0.438335,-0.432135,-0.006916,0.023302,-0.028672,-0.048818,0.029325,1.060332,0.997315,0.193413,-1.394856,-0.058147,-0.149815,0.050406,-1.433193,-0.908237,0.629651,1.091655,-0.036025,0.137651,1
-0.030339,-0.070921,-0.024293,0.327769,-0.299464,-0.001882,-0.029291,-0.049667,0.034484,0.438352,-0.432143,-0.006902,0.023315,-0.028657,-0.048818,0.029313,1.060332,0.997183,0.193365,-1.394892,-0.058135,-0.149803,0.050262,-1.433146,-0.908237,0.628692,1.091643,-0.035150,0.137687,1
-0.030364,-0.070930,-0.024333,0.327769,-0.299464,-0.001911,-0.029291,-0.049667,0.034484,0.438361,-0.432135,-0.006916,0.023329,-0.028665,-0.048823,0.029265,1.060332,0.997028,0.193330,-1.394904,-0.058147,-0.149803,0.050118,-1.433086,-0.908237,0.627746,1.091643,-0.034419,0.137819,1
-0.030398,-0.070921,-0.024306,0.327795,-0.299451,-0.001889,-0.029291,-0.049658,0.034484,0.438361,-0.432143,-0.006931,0.023342,-0.028665,-0.048823,0.029242,1.060332,0.996872,0.193330,-1.394868,-0.058147,-0.149803,0.049938,-1.433038,-0.908237,0.626739,1.091619,-0.033664,0.137926,1
-0.030407,-0.070930,-0.024346,0.327778,-0.299459,-0.001889,-0.029299,-0.049667,0.034498,0.438369,-0.432135,-0.006916,0.023342,-0.028680,-0.048823,0.029218,1.060332,0.996704,0.193282,-1.394868,-0.058147,-0.149803,0.049818,-1.432942,-0.908237,0.625792,1.091631,-0.032777,0.137962,1
-0.030450,-0.070930,-0.024333,0.327761,-0.299460,-0.001903,-0.029291,-0.049658,0.034471,0.438352,-0.432143,-0.006902,0.023369,-0.028672,-0.048828,0.029218,1.060344,0.996392,0.193258,-1.394892,-0.058159,-0.149815,0.049770,-1.432882,-0.908248,0.624834,1.091667,-0.031746,0.137902,1
-0.030458,-0.070930,-0.024360,0.327769,-0.299451,-0.001889,-0.029282,-0.049658,0.034471,0.438361,-0.432135,-0.006916,0.023369,-0.028680,-0.048823,0.029170,1.060356,0.996045,0.193126,-1.394892,-0.058159,-0.149803,0.049770,-1.432822,-0.908248,0.623048,1.091619,-0.030428,0.137711,1
-0.030475,-0.070930,-0.024346,0.327761,-0.299464,-0.001896,-0.029273,-0.049667,0.034498,0.438361,-0.432135,-0.006916,0.023396,-0.028665,-0.048823,0.029122,1.060332,0.995721,0.193102,-1.394892,-0.058147,-0.149803,0.049759,-1.432762,-0.908237,0.622137,1.091643,-0.029685,0.137543,1
-0.030484,-0.070930,-0.024387,0.327761,-0.299468,-0.001889,-0.029273,-0.049684,0.034498,0.438361,-0.432135,-0.006916,0.023409,-0.028665,-0.048823,0.029038,1.060344,0.995398,0.193078,-1.394892,-0.058159,-0.149791,0.049735,-1.432726,-0.908237,0.621142,1.091655,-0.028678,0.137423,1
-0.030501,-0.070930,-0.024400,0.327752,-0.299451,-0.001889,-0.029273,-0.049667,0.034484,0.438369,-0.432143,-0.006902,0.023436,-0.028657,-0.048828,0.028942,1.060356,0.994990,0.193054,-1.394868,-0.058159,-0.149803,0.049770,-1.432678,-0.908225,0.620124,1.091655,-0.028223,0.137255,1
-0.030518,-0.070921,-0.024427,0.327752,-0.299459,-0.001889,-0.029248,-0.049658,0.034471,0.438361,-0.432143,-0.006916,0.023476,-0.028657,-0.048828,0.028846,1.060356,0.994463,0.193042,-1.394880,-0.058159,-0.149803,0.049842,-1.432642,-0.908153,0.618973,1.091655,-0.027767,0.137147,1
-0.030518,-0.070930,-0.024413,0.327761,-0.299451,-0.001889,-0.029231,-0.049650,0.034471,0.438352,-0.432147,-0.006909,0.023489,-0.028672,-0.048818,0.028690,1.060368,0.993876,0.193018,-1.394892,-0.058183,-0.149791,0.049938,-1.432558,-0.908021,0.617715,1.091655,-0.027276,0.136992,1
-0.030518,-0.070930,-0.024413,0.327761,-0.299443,-0.001903,-0.029222,-0.049658,0.034471,0.438361,-0.432151,-0.006916,0.023530,-0.028657,-0.048828,0.028570,1.060356,0.993253,0.193030,-1.394904,-0.058207,-0.149815,0.050022,-1.432474,-0.907865,0.616313,1.091655,-0.026857,0.136860,1
-0.030518,-0.070921,-0.024454,0.327752,-0.299464,-0.001896,-0.029205,-0.049667,0.034484,0.438361,-0.432143,-0.006902,0.023583,-0.028649,-0.048822,0.028439,1.060368,0.992426,0.193018,-1.394892,-0.058255,-0.149803,0.050082,-1.432402,-0.907697,0.615006,1.091655,-0.026461,0.136716,1
-0.030526,-0.070921,-0.024440,0.327761,-0.299464,-0.001911,-0.029188,-0.049667,0.034484,0.438369,-0.432143,-0.006902,0.023650,-0.028665,-0.048833,0.028283,1.060392,0.991982,0.193030,-1.394892,-0.058291,-0.149791,0.050106,-1.432283,-0.907685,0.613413,1.091655,-0.026078,0.136596,1
-0.030535,-0.070938,-0.024454,0.327778,-0.299464,-0.001911,-0.029154,-0.049675,0.034484,0.438378,-0.432139,-0.006894,0.023704,-0.028649,-0.048832,0.028067,1.060416,0.991515,0.193030,-1.394880,-0.058315,-0.149803,0.050178,-1.432043,-0.907637,0.612274,1.091667,-0.025419,0.136452,1
-0.030535,-0.070921,-0.024413,0.327752,-0.299455,-0.001896,-0.029137,-0.049667,0.034498,0.438378,-0.432143,-0.006902,0.023757,-0.028657,-0.048828,0.027935,1.060416,0.991239,0.193042,-1.394880,-0.058303,-0.149803,0.050178,-1.431887,-0.907601,0.611711,1.091667,-0.024628,0.136357,1
-0.030518,-0.070930,-0.024440,0.327752,-0.299455,-0.001896,-0.029112,-0.049675,0.034471,0.438386,-0.432147,-0.006909,0.023797,-0.028649,-0.048832,0.027803,1.060428,0.990964,0.193030,-1.394880,-0.058279,-0.149803,0.050178,-1.431743,-0.907589,0.611219,1.091655,-0.024004,0.136297,1
-0.030509,-0.070930,-0.024521,0.327744,-0.299439,-0.001867,-0.029095,-0.049667,0.034484,0.438395,-0.432143,-0.006902,0.023864,-0.028657,-0.048828,0.027684,1.060428,0.990604,0.193042,-1.394892,-0.058255,-0.149815,0.050154,-1.431624,-0.907589,0.610429,1.091655,-0.023345,0.136273,1
-0.030535,-0.070930,-0.024507,0.327761,-0.299451,-0.001874,-0.029086,-0.049675,0.034484,0.438403,-0.432143,-0.006902,0.023891,-0.028649,-0.048832,0.027576,1.060416,0.990113,0.193042,-1.394868,-0.058195,-0.149803,0.050094,-1.431552,-0.907565,0.609278,1.091655,-0.022638,0.136321,1
-0.030535,-0.070938,-0.024507,0.327752,-0.299468,-0.001875,-0.029052,-0.049684,0.034498,0.438420,-0.432139,-0.006894,0.023918,-0.028657,-0.048828,0.027468,1.060428,0.989597,0.193006,-1.394892,-0.058159,-0.149803,0.050034,-1.431480,-0.907565,0.608032,1.091655,-0.021823,0.136416,1
-0.030543,-0.070921,-0.024534,0.327786,-0.299476,-0.001889,-0.029026,-0.049684,0.034484,0.438420,-0.432131,-0.006909,0.023931,-0.028649,-0.048832,0.027324,1.060428,0.989058,0.192970,-1.394880,-0.058159,-0.149803,0.050022,-1.431372,-0.907517,0.606845,1.091667,-0.020948,0.136524,1
-0.030552,-0.070938,-0.024534,0.327761,-0.299472,-0.001882,-0.029026,-0.049692,0.034484,0.438420,-0.432131,-0.006909,0.023971,-0.028634,-0.048832,0.027180,1.060428,0.988243,0.192958,-1.394880,-0.058159,-0.149815,0.050022,-1.431276,-0.907565,0.605635,1.091667,-0.019930,0.136536,1
-0.030552,-0.070930,-0.024574,0.327752,-0.299476,-0.001889,-0.029001,-0.049692,0.034484,0.438463,-0.432131,-0.006909,0.023985,-0.028642,-0.048837,0.027012,1.060428,0.987740,0.192934,-1.394892,-0.058159,-0.149815,0.050034,-1.431204,-0.907649,0.604017,1.091643,-0.018923,0.136452,1
-0.030560,-0.070930,-0.024561,0.327769,-0.299476,-0.001889,-0.029018,-0.049701,0.034498,0.438454,-0.432143,-0.006902,0.024038,-0.028649,-0.048842,0.026929,1.060440,0.987225,0.192886,-1.394856,-0.058159,-0.149803,0.050034,-1.431120,-0.907769,0.603106,1.091655,-0.017868,0.136333,1
-0.030577,-0.070930,-0.024574,0.327752,-0.299476,-0.001860,-0.029001,-0.049701,0.034471,0.438463,-0.432147,-0.006909,0.024079,-0.028634,-0.048842,0.026833,1.060428,0.986362,0.192838,-1.394880,-0.058159,-0.149815,0.050034,-1.430976,-0.907949,0.601584,1.091667,-0.015699,0.136141,1
-0.030594,-0.070947,-0.024614,0.327752,-0.299484,-0.001875,-0.028984,-0.049718,0.034484,0.438454,-0.432143,-0.006902,0.024105,-0.028634,-0.048842,0.026785,1.060428,0.985714,0.192826,-1.394856,-0.058171,-0.149803,0.050034,-1.430892,-0.907973,0.600458,1.091703,-0.014669,0.136009,1
-0.030594,-0.070938,-0.024574,0.327744,-0.299488,-0.001867,-0.028975,-0.049718,0.034484,0.438471,-0.432135,-0.006916,0.024065,-0.028642,-0.048847,0.026689,1.060428,0.985007,0.192778,-1.394880,-0.058195,-0.149803,0.050034,-1.430821,-0.907973,0.599127,1.091715,-0.013602,0.135937,1
-0.030594,-0.070955,-0.024601,0.327744,-0.299488,-0.001838,-0.028958,-0.049727,0.034484,0.438471,-0.432143,-0.006902,0.024119,-0.028642,-0.048867,0.026533,1.060428,0.984240,0.192754,-1.394904,-0.058219,-0.149839,0.050058,-1.430773,-0.907961,0.597797,1.091739,-0.012559,0.135877,1
-0.030611,-0.070955,-0.024614,0.327752,-0.299501,-0.001831,-0.028933,-0.049744,0.034471,0.438471,-0.432143,-0.006902,0.024172,-0.028634,-0.048872,0.026485,1.060428,0.983521,0.192742,-1.394880,-0.058243,-0.149803,0.050058,-1.430737,-0.907949,0.596431,1.091751,-0.011493,0.135781,1
-0.030628,-0.070981,-0.024601,0.327752,-0.299496,-0.001824,-0.028933,-0.049735,0.034484,0.438471,-0.432139,-0.006894,0.024172,-0.028619,-0.048862,0.026401,1.060440,0.982419,0.192682,-1.394868,-0.058255,-0.149827,0.050058,-1.430713,-0.907937,0.595232,1.091751,-0.010522,0.135673,1
-0.030637,-0.070989,-0.024628,0.327761,-0.299488,-0.001824,-0.028907,-0.049735,0.034471,0.438488,-0.432131,-0.006909,0.024186,-0.028619,-0.048862,0.026341,1.060428,0.981616,0.192670,-1.394880,-0.058255,-0.149815,0.050058,-1.430641,-0.907937,0.593890,1.091787,-0.009647,0.135602,1
-0.030654,-0.070998,-0.024654,0.327744,-0.299496,-0.001824,-0.028898,-0.049752,0.034471,0.438488,-0.432139,-0.006894,0.024199,-0.028611,-0.048866,0.026269,1.060428,0.980777,0.192658,-1.394892,-0.058255,-0.149791,0.050058,-1.430617,-0.907877,0.593315,1.091799,-0.008880,0.135530,1
-0.030637,-0.070998,-0.024654,0.327744,-0.299505,-0.001824,-0.028890,-0.049744,0.034444,0.438471,-0.432143,-0.006902,0.024239,-0.028581,-0.048886,0.026150,1.060428,0.979543,0.192622,-1.394856,-0.058267,-0.149839,0.050094,-1.430581,-0.907673,0.592428,1.091871,-0.007766,0.135446,1
-0.030654,-0.070998,-0.024641,0.327744,-0.299505,-0.001824,-0.028881,-0.049769,0.034471,0.438471,-0.432143,-0.006902,0.024239,-0.028596,-0.048896,0.026078,1.060416,0.978895,0.192575,-1.394856,-0.058267,-0.149803,0.050082,-1.430617,-0.907434,0.591517,1.091895,-0.007526,0.135470,1
-0.030671,-0.071015,-0.024641,0.327744,-0.299496,-0.001810,-0.028873,-0.049761,0.034484,0.438488,-0.432143,-0.006902,0.024293,-0.028589,-0.048911,0.025982,1.060428,0.978356,0.192551,-1.394856,-0.058255,-0.149815,0.050070,-1.430617,-0.907098,0.590655,1.091931,-0.007382,0.135637,1
-0.030671,-0.071032,-0.024695,0.327735,-0.299505,-0.001824,-0.028830,-0.049769,0.034484,0.438488,-0.432143,-0.006902,0.024333,-0.028574,-0.048910,0.025754,1.060416,0.977925,0.192515,-1.394856,-0.058255,-0.149815,0.050118,-1.430629,-0.906679,0.589924,1.091931,-0.007286,0.135781,1
-0.030680,-0.071032,-0.024668,0.327761,-0.299505,-0.001824,-0.028822,-0.049786,0.034471,0.438497,-0.432143,-0.006902,0.024360,-0.028566,-0.048915,0.025550,1.060428,0.977637,0.192479,-1.394868,-0.058255,-0.149803,0.050142,-1.430629,-0.906259,0.589312,1.091979,-0.007250,0.135877,1
-0.030680,-0.071032,-0.024708,0.327744,-0.299509,-0.001831,-0.028805,-0.049795,0.034471,0.438505,-0.432147,-0.006909,0.024480,-0.028551,-0.048925,0.025383,1.060428,0.977326,0.192467,-1.394856,-0.058255,-0.149803,0.050166,-1.430641,-0.905624,0.588665,1.091967,-0.007310,0.135925,1
-0.030697,-0.071032,-0.024668,0.327761,-0.299509,-0.001802,-0.028805,-0.049803,0.034471,0.438497,-0.432143,-0.006902,0.024547,-0.028558,-0.048920,0.025311,1.060428,0.977014,0.192419,-1.394856,-0.058255,-0.149803,0.050142,-1.430641,-0.905181,0.587886,1.091931,-0.007442,0.135877,1
-0.030705,-0.071057,-0.024668,0.327752,-0.299513,-0.001810,-0.028788,-0.049812,0.034484,0.438497,-0.432139,-0.006909,0.024628,-0.028566,-0.048915,0.025227,1.060428,0.976451,0.192311,-1.394820,-0.058171,-0.149815,0.050118,-1.430617,-0.904761,0.586652,1.091943,-0.007598,0.135865,1
-0.030705,-0.071049,-0.024708,0.327744,-0.299517,-0.001802,-0.028788,-0.049820,0.034484,0.438514,-0.432143,-0.006902,0.024695,-0.028551,-0.048925,0.025119,1.060440,0.975624,0.192203,-1.394832,-0.058040,-0.149815,0.050082,-1.430605,-0.904234,0.585897,1.091967,-0.007754,0.135841,1
-0.030705,-0.071066,-0.024695,0.327744,-0.299517,-0.001773,-0.028779,-0.049829,0.034471,0.438497,-0.432147,-0.006909,0.024735,-0.028558,-0.048920,0.024927,1.060416,0.974773,0.192047,-1.394844,-0.057800,-0.149827,0.050034,-1.430569,-0.903742,0.585166,1.091979,-0.007993,0.135805,1
-0.030705,-0.071083,-0.024695,0.327752,-0.299521,-0.001781,-0.028796,-0.049829,0.034484,0.438497,-0.432143,-0.006902,0.024802,-0.028551,-0.048925,0.024676,1.060416,0.973778,0.191879,-1.394844,-0.057788,-0.149827,0.049998,-1.430533,-0.903143,0.584411,1.092003,-0.008209,0.135721,1
-0.030739,-0.071083,-0.024695,0.327744,-0.299529,-0.001781,-0.028805,-0.049863,0.034498,0.438514,-0.432147,-0.006894,0.024896,-0.028551,-0.048925,0.024172,1.060416,0.972184,0.191652,-1.394820,-0.057800,-0.149779,0.049962,-1.430473,-0.902196,0.583212,1.092098,-0.008617,0.135685,1
-0.030765,-0.071100,-0.024695,0.327761,-0.299533,-0.001788,-0.028805,-0.049880,0.034484,0.438497,-0.432143,-0.006902,0.025016,-0.028558,-0.048930,0.023944,1.060416,0.971082,0.191568,-1.394832,-0.057800,-0.149731,0.049962,-1.430413,-0.901537,0.582409,1.092122,-0.008892,0.135697,1
-0.030773,-0.071100,-0.024708,0.327752,-0.299538,-0.001795,-0.028788,-0.049888,0.034484,0.438497,-0.432135,-0.006902,0.025123,-0.028543,-0.048930,0.023669,1.060416,0.970279,0.191472,-1.394844,-0.057812,-0.149695,0.049962,-1.430377,-0.900890,0.581559,1.092170,-0.009204,0.135673,1
-0.030799,-0.071100,-0.024668,0.327744,-0.299525,-0.001759,-0.028788,-0.049897,0.034471,0.438497,-0.432139,-0.006894,0.025230,-0.028543,-0.048930,0.023405,1.060392,0.969476,0.191340,-1.394844,-0.057824,-0.149683,0.049938,-1.430365,-0.900003,0.580096,1.092206,-0.009492,0.135613,1
-0.030816,-0.071100,-0.024641,0.327744,-0.299533,-0.001774,-0.028779,-0.049897,0.034471,0.438488,-0.432143,-0.006902,0.025324,-0.028536,-0.048935,0.023106,1.060392,0.969224,0.191208,-1.394820,-0.057824,-0.149683,0.049938,-1.430293,-0.899512,0.578790,1.092230,-0.009743,0.135494,1
-0.030816,-0.071109,-0.024614,0.327752,-0.299529,-0.001781,-0.028754,-0.049906,0.034484,0.438471,-0.432147,-0.006909,0.025391,-0.028536,-0.048935,0.022854,1.060368,0.968961,0.191088,-1.394796,-0.057812,-0.149683,0.049938,-1.430221,-0.899176,0.577364,1.092290,-0.009899,0.135350,1
-0.030807,-0.071100,-0.024641,0.327752,-0.299529,-0.001781,-0.028745,-0.049914,0.034484,0.438471,-0.432151,-0.006916,0.025458,-0.028528,-0.048940,0.022662,1.060332,0.968445,0.190921,-1.394784,-0.057704,-0.149707,0.049938,-1.430126,-0.898889,0.575962,1.092302,-0.010031,0.135194,1
-0.030816,-0.071100,-0.024574,0.327744,-0.299529,-0.001766,-0.028711,-0.049906,0.034484,0.438471,-0.432151,-0.006916,0.025498,-0.028520,-0.048944,0.022291,1.060248,0.967307,0.190621,-1.394796,-0.057285,-0.149755,0.049902,-1.429946,-0.898457,0.574080,1.092338,-0.009959,0.134858,1
-0.030824,-0.071109,-0.024588,0.327744,-0.299533,-0.001774,-0.028711,-0.049923,0.034484,0.438471,-0.432143,-0.006902,0.025565,-0.028536,-0.048935,0.021775,1.060176,0.966456,0.190381,-1.394808,-0.056985,-0.149779,0.049830,-1.429778,-0.898146,0.572882,1.092362,-0.009803,0.134703,1
-0.030859,-0.071100,-0.024574,0.327744,-0.299533,-0.001759,-0.028720,-0.049931,0.034484,0.438471,-0.432143,-0.006902,0.025592,-0.028543,-0.048930,0.021344,1.060092,0.965701,0.190154,-1.394784,-0.056793,-0.149755,0.049878,-1.429598,-0.897834,0.571719,1.092386,-0.009635,0.134547,1
-0.030884,-0.071100,-0.024601,0.327735,-0.299525,-0.001774,-0.028737,-0.049940,0.034484,0.438471,-0.432147,-0.006909,0.025672,-0.028520,-0.048925,0.020900,1.059996,0.964550,0.189950,-1.394784,-0.056757,-0.149719,0.049914,-1.429275,-0.897487,0.570545,1.092422,-0.009432,0.134391,1
-0.030935,-0.071100,-0.024601,0.327735,-0.299537,-0.001766,-0.028737,-0.049948,0.034484,0.438471,-0.432151,-0.006916,0.025793,-0.028513,-0.048929,0.020457,1.059948,0.963652,0.189770,-1.394796,-0.056745,-0.149671,0.049938,-1.429095,-0.897367,0.569395,1.092410,-0.009312,0.134247,1
-0.030969,-0.071100,-0.024628,0.327744,-0.299525,-0.001774,-0.028737,-0.049965,0.034484,0.438437,-0.432151,-0.006916,0.025887,-0.028528,-0.048940,0.020026,1.059924,0.962705,0.189519,-1.394808,-0.056745,-0.149623,0.050022,-1.428855,-0.897271,0.567501,1.092434,-0.009180,0.134103,1
-0.030986,-0.071109,-0.024628,0.327744,-0.299533,-0.001759,-0.028720,-0.049982,0.034484,0.438429,-0.432143,-0.006931,0.025980,-0.028513,-0.048929,0.019630,1.059888,0.961794,0.189303,-1.394784,-0.056769,-0.149563,0.050106,-1.428640,-0.897211,0.566327,1.092458,-0.009132,0.134008,1
-0.031003,-0.071117,-0.024601,0.327744,-0.299533,-0.001759,-0.028702,-0.049999,0.034471,0.438429,-0.432147,-0.006909,0.026074,-0.028528,-0.048940,0.019175,1.059864,0.960955,0.189063,-1.394796,-0.056853,-0.149539,0.050202,-1.428388,-0.897163,0.565164,1.092470,-0.009060,0.133924,1
-0.031020,-0.071109,-0.024601,0.327744,-0.299533,-0.001759,-0.028685,-0.049991,0.034484,0.438429,-0.432147,-0.006923,0.026221,-0.028513,-0.048929,0.018695,1.059828,0.960188,0.188752,-1.394808,-0.056865,-0.149455,0.050274,-1.428052,-0.897079,0.564157,1.092494,-0.009060,0.133840,1
-0.031038,-0.071134,-0.024574,0.327752,-0.299542,-0.001774,-0.028677,-0.049999,0.034484,0.438437,-0.432143,-0.006902,0.026355,-0.028528,-0.048920,0.017845,1.059744,0.959026,0.188188,-1.394808,-0.056841,-0.149395,0.050322,-1.427561,-0.896971,0.562995,1.092494,-0.009060,0.133828,1
-0.031046,-0.071134,-0.024574,0.327761,-0.299537,-0.001766,-0.028677,-0.050008,0.034484,0.438446,-0.432147,-0.006909,0.026369,-0.028543,-0.048920,0.017653,1.059697,0.958606,0.187949,-1.394784,-0.056829,-0.149359,0.050298,-1.427405,-0.896923,0.562671,1.092494,-0.009060,0.133816,1
-0.031097,-0.071134,-0.024601,0.327769,-0.299542,-0.001774,-0.028702,-0.050025,0.034484,0.438471,-0.432151,-0.006916,0.026449,-0.028536,-0.048905,0.017101,1.059481,0.957492,0.187134,-1.394784,-0.056781,-0.149299,0.050238,-1.426686,-0.896768,0.561617,1.092506,-0.009072,0.133828,1
-0.031140,-0.071134,-0.024601,0.327744,-0.299538,-0.001781,-0.028728,-0.050050,0.034457,0.438471,-0.432147,-0.006909,0.026489,-0.028528,-0.048910,0.016730,1.059385,0.956413,0.186463,-1.394808,-0.056793,-0.149228,0.050154,-1.426315,-0.896636,0.560490,1.092506,-0.009168,0.133852,1
-0.031217,-0.071134,-0.024588,0.327744,-0.299529,-0.001781,-0.028745,-0.050050,0.034498,0.438463,-0.432147,-0.006909,0.026516,-0.028520,-0.048915,0.016311,1.059301,0.955610,0.185456,-1.394808,-0.056793,-0.149156,0.050034,-1.425979,-0.896516,0.558033,1.092506,-0.009264,0.133948,1
-0.031251,-0.071134,-0.024614,0.327744,-0.299542,-0.001774,-0.028762,-0.050050,0.034484,0.438446,-0.432147,-0.006909,0.026596,-0.028520,-0.048915,0.015927,1.059193,0.954747,0.184821,-1.394784,-0.056793,-0.149108,0.049938,-1.425607,-0.896348,0.556428,1.092542,-0.009252,0.134056,1
-0.031310,-0.071134,-0.024574,0.327735,-0.299521,-0.001766,-0.028762,-0.050059,0.034498,0.438420,-0.432151,-0.006916,0.026650,-0.028520,-0.048925,0.015460,1.059085,0.953753,0.184317,-1.394796,-0.056757,-0.149036,0.049902,-1.425188,-0.896192,0.555073,1.092566,-0.009240,0.134091,1
-0.031336,-0.071134,-0.024574,0.327744,-0.299529,-0.001752,-0.028762,-0.050084,0.034484,0.438403,-0.432151,-0.006916,0.026717,-0.028536,-0.048915,0.014968,1.058942,0.952770,0.183910,-1.394784,-0.056769,-0.148940,0.049878,-1.424721,-0.896132,0.553959,1.092602,-0.009240,0.134044,1
-0.031378,-0.071151,-0.024574,0.327735,-0.299537,-0.001766,-0.028737,-0.050093,0.034471,0.438378,-0.432143,-0.006902,0.026837,-0.028528,-0.048910,0.014537,1.058822,0.951895,0.183574,-1.394808,-0.056769,-0.148760,0.049902,-1.424205,-0.896168,0.552964,1.092590,-0.009252,0.133828,1
-0.031430,-0.071143,-0.024534,0.327726,-0.299525,-0.001774,-0.028737,-0.050110,0.034484,0.438378,-0.432139,-0.006894,0.026878,-0.028528,-0.048910,0.013890,1.058666,0.951044,0.183275,-1.394844,-0.056793,-0.148592,0.049914,-1.423702,-0.896204,0.551682,1.092602,-0.009348,0.133780,1
-0.031455,-0.071143,-0.024574,0.327726,-0.299529,-0.001781,-0.028745,-0.050102,0.034524,0.438361,-0.432143,-0.006902,0.026931,-0.028520,-0.048915,0.013434,1.058450,0.950241,0.182951,-1.394808,-0.056781,-0.148437,0.049914,-1.422935,-0.896192,0.550160,1.092614,-0.009515,0.133792,1
-0.031523,-0.071143,-0.024561,0.327726,-0.299533,-0.001788,-0.028728,-0.050119,0.034484,0.438335,-0.432139,-0.006894,0.026998,-0.028536,-0.048905,0.012583,1.058246,0.948839,0.182280,-1.394820,-0.056781,-0.148257,0.049914,-1.422252,-0.896204,0.547739,1.092662,-0.009563,0.133948,1
-0.031557,-0.071151,-0.024588,0.327718,-0.299542,-0.001774,-0.028728,-0.050136,0.034471,0.438352,-0.432139,-0.006894,0.027065,-0.028551,-0.048905,0.011960,1.058115,0.948156,0.181249,-1.394820,-0.056781,-0.148149,0.049902,-1.421821,-0.896216,0.545582,1.092650,-0.009563,0.134020,1
-0.031583,-0.071151,-0.024561,0.327726,-0.299525,-0.001774,-0.028737,-0.050127,0.034484,0.438335,-0.432143,-0.006902,0.027132,-0.028551,-0.048905,0.011277,1.057971,0.947377,0.180506,-1.394808,-0.056757,-0.148065,0.049902,-1.421353,-0.896252,0.544216,1.092650,-0.009527,0.133960,1
-0.031634,-0.071134,-0.024574,0.327709,-0.299521,-0.001766,-0.028737,-0.050136,0.034484,0.438335,-0.432139,-0.006894,0.027172,-0.028566,-0.048896,0.010618,1.057839,0.946466,0.179787,-1.394796,-0.056601,-0.148005,0.049878,-1.420850,-0.896288,0.542730,1.092674,-0.009563,0.133900,1
-0.031694,-0.071134,-0.024588,0.327709,-0.299529,-0.001781,-0.028762,-0.050136,0.034471,0.438335,-0.432155,-0.006894,0.027212,-0.028558,-0.048900,0.009983,1.057659,0.945459,0.178996,-1.394820,-0.056458,-0.147945,0.049818,-1.420191,-0.896252,0.541148,1.092710,-0.009695,0.133852,1
-0.031745,-0.071134,-0.024561,0.327726,-0.299533,-0.001774,-0.028762,-0.050153,0.034471,0.438352,-0.432143,-0.006902,0.027266,-0.028574,-0.048910,0.009336,1.057491,0.944393,0.178193,-1.394796,-0.056410,-0.147885,0.049806,-1.419544,-0.896240,0.539506,1.092734,-0.009683,0.133912,1
-0.031813,-0.071134,-0.024574,0.327726,-0.299538,-0.001781,-0.028779,-0.050136,0.034471,0.438352,-0.432143,-0.006902,0.027306,-0.028566,-0.048915,0.008161,1.057324,0.943254,0.177259,-1.394820,-0.056446,-0.147861,0.049854,-1.418848,-0.896240,0.537720,1.092758,-0.009623,0.133912,1
-0.031881,-0.071151,-0.024574,0.327726,-0.299525,-0.001788,-0.028762,-0.050144,0.034484,0.438335,-0.432147,-0.006909,0.027427,-0.028581,-0.048916,0.007406,1.057156,0.942044,0.176276,-1.394820,-0.056530,-0.147849,0.049914,-1.418129,-0.896300,0.535935,1.092710,-0.009575,0.133864,1
-0.031941,-0.071134,-0.024574,0.327744,-0.299529,-0.001781,-0.028745,-0.050153,0.034511,0.438352,-0.432143,-0.006902,0.027507,-0.028604,-0.048931,0.006555,1.056928,0.940774,0.175365,-1.394808,-0.056673,-0.147789,0.049938,-1.417051,-0.896372,0.534257,1.092698,-0.009539,0.133756,1
-0.031983,-0.071143,-0.024574,0.327726,-0.299521,-0.001795,-0.028745,-0.050161,0.034484,0.438335,-0.432139,-0.006894,0.027587,-0.028619,-0.048931,0.005740,1.056772,0.939024,0.174634,-1.394820,-0.056757,-0.147754,0.049938,-1.416200,-0.896516,0.532639,1.092698,-0.009551,0.133672,1
-0.032035,-0.071134,-0.024614,0.327744,-0.299508,-0.001773,-0.028720,-0.050153,0.034484,0.438335,-0.432135,-0.006902,0.027668,-0.028627,-0.048936,0.004902,1.056593,0.937957,0.173951,-1.394808,-0.056793,-0.147718,0.049938,-1.415217,-0.896576,0.530074,1.092698,-0.009551,0.133600,1
-0.032077,-0.071134,-0.024561,0.327735,-0.299525,-0.001774,-0.028728,-0.050187,0.034484,0.438335,-0.432143,-0.006902,0.027761,-0.028657,-0.048937,0.003607,1.056305,0.936387,0.173556,-1.394820,-0.056841,-0.147550,0.049962,-1.413312,-0.896648,0.527066,1.092734,-0.009575,0.133552,1
-0.032103,-0.071126,-0.024561,0.327735,-0.299513,-0.001781,-0.028711,-0.050170,0.034484,0.438352,-0.432147,-0.006894,0.027842,-0.028680,-0.048932,0.002732,1.056065,0.935261,0.172932,-1.394796,-0.056901,-0.147490,0.049962,-1.411969,-0.896732,0.525197,1.092710,-0.009575,0.133540,1
-0.032145,-0.071134,-0.024561,0.327744,-0.299529,-0.001795,-0.028711,-0.050170,0.034498,0.438361,-0.432143,-0.006902,0.027909,-0.028695,-0.048942,0.001774,1.055886,0.934098,0.172034,-1.394796,-0.056997,-0.147418,0.049962,-1.410555,-0.896816,0.523543,1.092710,-0.009587,0.133504,1
-0.032188,-0.071126,-0.024534,0.327735,-0.299538,-0.001781,-0.028702,-0.050187,0.034484,0.438352,-0.432143,-0.006902,0.028056,-0.028718,-0.048947,0.000156,1.055754,0.932924,0.171291,-1.394784,-0.057117,-0.147346,0.049962,-1.409273,-0.896887,0.521985,1.092698,-0.009587,0.133432,1
-0.032239,-0.071134,-0.024588,0.327735,-0.299529,-0.001781,-0.028685,-0.050170,0.034484,0.438352,-0.432143,-0.006902,0.028136,-0.028726,-0.048982,-0.000899,1.055658,0.931869,0.170823,-1.394796,-0.057237,-0.147310,0.049938,-1.408230,-0.896923,0.520319,1.092686,-0.009647,0.133396,1
-0.032265,-0.071134,-0.024574,0.327744,-0.299529,-0.001795,-0.028668,-0.050195,0.034498,0.438335,-0.432143,-0.006902,0.028190,-0.028794,-0.049008,-0.001846,1.055586,0.931007,0.170500,-1.394784,-0.057285,-0.147274,0.049914,-1.407020,-0.896923,0.518414,1.092710,-0.009695,0.133408,1
-0.032307,-0.071117,-0.024561,0.327744,-0.299525,-0.001788,-0.028634,-0.050195,0.034484,0.438361,-0.432143,-0.006902,0.028257,-0.028825,-0.049028,-0.002780,1.055490,0.929652,0.170080,-1.394784,-0.057285,-0.147250,0.049890,-1.406469,-0.896863,0.516616,1.092710,-0.009803,0.133444,1
-0.032333,-0.071117,-0.024588,0.327752,-0.299529,-0.001795,-0.028609,-0.050195,0.034484,0.438369,-0.432143,-0.006902,0.028310,-0.028847,-0.049053,-0.003727,1.055346,0.928442,0.169457,-1.394760,-0.057225,-0.147250,0.049854,-1.406037,-0.896816,0.515010,1.092722,-0.009863,0.133468,1
-0.032341,-0.071100,-0.024574,0.327761,-0.299529,-0.001795,-0.028592,-0.050195,0.034471,0.438395,-0.432139,-0.006894,0.028391,-0.028870,-0.049049,-0.005201,1.055083,0.926536,0.168163,-1.394784,-0.057093,-0.147370,0.049747,-1.405426,-0.896660,0.511499,1.092722,-0.009983,0.133480,1
-0.032376,-0.071100,-0.024561,0.327769,-0.299529,-0.001795,-0.028575,-0.050195,0.034484,0.438403,-0.432151,-0.006887,0.028418,-0.028878,-0.049034,-0.006304,1.054939,0.925362,0.167587,-1.394748,-0.057057,-0.147538,0.049651,-1.405031,-0.896516,0.509629,1.092722,-0.010019,0.133492,1
-0.032401,-0.071100,-0.024561,0.327786,-0.299525,-0.001788,-0.028575,-0.050212,0.034498,0.438420,-0.432159,-0.006901,0.028444,-0.028878,-0.049044,-0.007394,1.054855,0.924164,0.166988,-1.394760,-0.057057,-0.147610,0.049615,-1.404563,-0.896372,0.507664,1.092710,-0.009959,0.133516,1
-0.032418,-0.071091,-0.024561,0.327795,-0.299525,-0.001788,-0.028558,-0.050195,0.034471,0.438429,-0.432159,-0.006901,0.028525,-0.028893,-0.049034,-0.008557,1.054759,0.922833,0.166245,-1.394760,-0.057057,-0.147538,0.049663,-1.404072,-0.896312,0.505626,1.092710,-0.009911,0.133528,1
-0.032486,-0.071100,-0.024574,0.327778,-0.299517,-0.001802,-0.028558,-0.050212,0.034484,0.438446,-0.432147,-0.006909,0.028645,-0.028901,-0.049039,-0.010175,1.054675,0.921467,0.165418,-1.394760,-0.057069,-0.147430,0.049735,-1.403509,-0.896312,0.503865,1.092686,-0.009875,0.133492,1
-0.032512,-0.071100,-0.024574,0.327795,-0.299521,-0.001810,-0.028541,-0.050195,0.034484,0.438446,-0.432143,-0.006902,0.028793,-0.028931,-0.049050,-0.011193,1.054471,0.920077,0.164615,-1.394772,-0.057081,-0.147286,0.049770,-1.402610,-0.896360,0.502127,1.092662,-0.009875,0.133468,1
-0.032546,-0.071100,-0.024601,0.327803,-0.299525,-0.001788,-0.028541,-0.050221,0.034484,0.438446,-0.432139,-0.006894,0.028940,-0.028977,-0.049070,-0.012188,1.054304,0.918807,0.163920,-1.394784,-0.057117,-0.147142,0.049770,-1.401999,-0.896348,0.500030,1.092698,-0.009875,0.133492,1
-0.032580,-0.071100,-0.024588,0.327803,-0.299521,-0.001781,-0.028524,-0.050204,0.034484,0.438446,-0.432139,-0.006894,0.029074,-0.028992,-0.049051,-0.013243,1.054136,0.916961,0.163357,-1.394784,-0.057141,-0.146999,0.049782,-1.401471,-0.896252,0.497933,1.092698,-0.009863,0.133504,1
-0.032606,-0.071100,-0.024588,0.327803,-0.299513,-0.001795,-0.028515,-0.050195,0.034498,0.438437,-0.432143,-0.006902,0.029208,-0.029007,-0.049051,-0.014441,1.053992,0.915475,0.162434,-1.394796,-0.057189,-0.146843,0.049818,-1.401052,-0.896180,0.495152,1.092698,-0.009803,0.133480,1
-0.032631,-0.071083,-0.024601,0.327812,-0.299509,-0.001788,-0.028524,-0.050212,0.034471,0.438446,-0.432147,-0.006880,0.029355,-0.028992,-0.049061,-0.015795,1.053824,0.913725,0.161619,-1.394796,-0.057213,-0.146711,0.049866,-1.400776,-0.896168,0.493427,1.092686,-0.009755,0.133444,1
-0.032657,-0.071100,-0.024574,0.327803,-0.299513,-0.001795,-0.028532,-0.050221,0.034484,0.438463,-0.432143,-0.006902,0.029543,-0.028992,-0.049051,-0.017845,1.053597,0.911328,0.160325,-1.394784,-0.057213,-0.146507,0.049998,-1.400273,-0.896180,0.490550,1.092698,-0.009767,0.133420,1
-0.032708,-0.071083,-0.024574,0.327786,-0.299521,-0.001781,-0.028515,-0.050204,0.034511,0.438471,-0.432135,-0.006902,0.029797,-0.028999,-0.049056,-0.019067,1.053441,0.909998,0.159498,-1.394760,-0.057201,-0.146315,0.050070,-1.399578,-0.896132,0.488381,1.092698,-0.009779,0.133432,1
-0.032759,-0.071083,-0.024574,0.327795,-0.299525,-0.001788,-0.028524,-0.050204,0.034498,0.438463,-0.432131,-0.006909,0.029971,-0.029007,-0.049051,-0.020721,1.053285,0.908836,0.158695,-1.394760,-0.057189,-0.146208,0.050274,-1.398679,-0.896073,0.486236,1.092686,-0.009755,0.133420,1
-0.032810,-0.071083,-0.024588,0.327820,-0.299521,-0.001810,-0.028532,-0.050212,0.034484,0.438446,-0.432127,-0.006902,0.030172,-0.028992,-0.049051,-0.021835,1.053069,0.907577,0.157892,-1.394784,-0.057141,-0.146124,0.050334,-1.397696,-0.895989,0.484378,1.092686,-0.009683,0.133396,1
-0.032836,-0.071083,-0.024574,0.327803,-0.299509,-0.001802,-0.028541,-0.050221,0.034484,0.438420,-0.432127,-0.006902,0.030346,-0.028992,-0.049051,-0.022890,1.052710,0.906127,0.157005,-1.394784,-0.057093,-0.146028,0.050274,-1.396294,-0.895881,0.482581,1.092662,-0.009611,0.133360,1
-0.032844,-0.071083,-0.024601,0.327812,-0.299521,-0.001810,-0.028549,-0.050221,0.034484,0.438420,-0.432135,-0.006887,0.030507,-0.028984,-0.049055,-0.024040,1.052434,0.903706,0.156083,-1.394796,-0.057093,-0.146004,0.050178,-1.395323,-0.895557,0.480771,1.092650,-0.009539,0.133289,1
-0.032861,-0.071083,-0.024561,0.327812,-0.299517,-0.001802,-0.028558,-0.050221,0.034498,0.438420,-0.432135,-0.006887,0.030654,-0.028999,-0.049056,-0.025179,1.052206,0.902113,0.154417,-1.394832,-0.057129,-0.145968,0.050118,-1.394401,-0.895258,0.478123,1.092662,-0.009480,0.133205,1
-0.032887,-0.071083,-0.024561,0.327803,-0.299517,-0.001802,-0.028592,-0.050229,0.034498,0.438420,-0.432131,-0.006880,0.030828,-0.028992,-0.049041,-0.026437,1.052039,0.900579,0.153458,-1.394820,-0.057201,-0.145932,0.050142,-1.393382,-0.894994,0.476337,1.092686,-0.009468,0.133109,1
-0.032895,-0.071100,-0.024547,0.327795,-0.299513,-0.001810,-0.028617,-0.050229,0.034498,0.438420,-0.432135,-0.006887,0.031016,-0.028984,-0.049046,-0.027731,1.051811,0.899057,0.152595,-1.394796,-0.057285,-0.145920,0.050178,-1.392423,-0.894742,0.474683,1.092722,-0.009671,0.133121,1
-0.032955,-0.071100,-0.024561,0.327795,-0.299517,-0.001817,-0.028651,-0.050212,0.034484,0.438378,-0.432135,-0.006887,0.031525,-0.028969,-0.049045,-0.029733,1.051451,0.896528,0.151457,-1.394796,-0.057273,-0.145836,0.050178,-1.391333,-0.894443,0.472047,1.092746,-0.010019,0.133325,1
-0.032981,-0.071126,-0.024561,0.327803,-0.299517,-0.001817,-0.028651,-0.050212,0.034471,0.438361,-0.432135,-0.006887,0.031859,-0.028977,-0.049050,-0.030991,1.051176,0.894539,0.150642,-1.394796,-0.057273,-0.145800,0.050202,-1.390877,-0.894167,0.470189,1.092698,-0.010163,0.133492,1
-0.032972,-0.071134,-0.024534,0.327795,-0.299517,-0.001817,-0.028643,-0.050221,0.034484,0.438352,-0.432128,-0.006887,0.032194,-0.028954,-0.049045,-0.032969,1.050756,0.892405,0.149791,-1.394796,-0.057297,-0.145800,0.050214,-1.390721,-0.893843,0.468248,1.092686,-0.010175,0.133576,1
-0.032972,-0.071134,-0.024521,0.327786,-0.299513,-0.001810,-0.028660,-0.050229,0.034484,0.438352,-0.432139,-0.006894,0.032569,-0.028961,-0.049030,-0.034682,1.050517,0.890608,0.148904,-1.394808,-0.057357,-0.145812,0.050226,-1.390841,-0.893544,0.466474,1.092686,-0.010151,0.133540,1
-0.032946,-0.071117,-0.024494,0.327795,-0.299504,-0.001795,-0.028668,-0.050229,0.034498,0.438352,-0.432139,-0.006894,0.032890,-0.028939,-0.049035,-0.036432,1.050277,0.888558,0.147969,-1.394808,-0.057392,-0.145824,0.050202,-1.390638,-0.893076,0.464904,1.092686,-0.010151,0.133396,1
-0.032964,-0.071126,-0.024507,0.327786,-0.299504,-0.001795,-0.028677,-0.050221,0.034498,0.438378,-0.432135,-0.006902,0.033252,-0.028931,-0.049030,-0.038278,1.050025,0.887600,0.146495,-1.394796,-0.057404,-0.145812,0.050238,-1.389930,-0.892741,0.462519,1.092710,-0.010151,0.133229,1
-0.032989,-0.071134,-0.024507,0.327795,-0.299517,-0.001802,-0.028694,-0.050238,0.034457,0.438403,-0.432131,-0.006909,0.033560,-0.028916,-0.049020,-0.040051,1.049726,0.886449,0.145500,-1.394724,-0.057380,-0.145812,0.050286,-1.389020,-0.892333,0.460590,1.092722,-0.010175,0.133025,1
-0.032972,-0.071134,-0.024480,0.327795,-0.299513,-0.001810,-0.028711,-0.050246,0.034511,0.438395,-0.432135,-0.006916,0.033868,-0.028893,-0.049024,-0.041453,1.049318,0.884807,0.144542,-1.394700,-0.057129,-0.145824,0.050238,-1.388277,-0.891878,0.458696,1.092698,-0.010127,0.132869,1
-0.032964,-0.071134,-0.024480,0.327778,-0.299517,-0.001802,-0.028728,-0.050238,0.034498,0.438378,-0.432135,-0.006887,0.034176,-0.028870,-0.049019,-0.042388,1.048863,0.882866,0.143679,-1.394676,-0.056757,-0.145812,0.050106,-1.387761,-0.891291,0.457006,1.092686,-0.010019,0.132725,1
-0.032946,-0.071134,-0.024467,0.327803,-0.299513,-0.001795,-0.028745,-0.050246,0.034484,0.438395,-0.432135,-0.006887,0.034658,-0.028847,-0.049014,-0.043323,1.048419,0.880948,0.142780,-1.394712,-0.056386,-0.145812,0.049950,-1.387438,-0.890560,0.455508,1.092674,-0.009983,0.132438,1
-0.032955,-0.071151,-0.024440,0.327778,-0.299517,-0.001802,-0.028822,-0.050246,0.034471,0.438395,-0.432135,-0.006887,0.035181,-0.028840,-0.049009,-0.045995,1.047844,0.878683,0.141498,-1.394772,-0.056326,-0.145764,0.049543,-1.387066,-0.889445,0.453195,1.092722,-0.010019,0.132174,1
-0.032938,-0.071177,-0.024360,0.327778,-0.299509,-0.001788,-0.028839,-0.050246,0.034484,0.438386,-0.432139,-0.006894,0.035529,-0.028840,-0.049019,-0.047565,1.047497,0.877137,0.140647,-1.394796,-0.056625,-0.145668,0.049351,-1.386359,-0.888738,0.451518,1.092758,-0.010091,0.132054,1
-0.032955,-0.071168,-0.024360,0.327786,-0.299521,-0.001781,-0.028864,-0.050255,0.034498,0.438386,-0.432135,-0.006887,0.035877,-0.028825,-0.049018,-0.049183,1.047281,0.874153,0.139652,-1.394784,-0.056829,-0.145572,0.049279,-1.385832,-0.887696,0.449720,1.092782,-0.010127,0.132006,1
-0.032938,-0.071202,-0.024346,0.327769,-0.299513,-0.001795,-0.028864,-0.050255,0.034484,0.438361,-0.432131,-0.006894,0.036252,-0.028794,-0.049018,-0.050585,1.046945,0.872020,0.138394,-1.394748,-0.056889,-0.145524,0.049339,-1.385329,-0.887120,0.447839,1.092782,-0.010019,0.131958,1
-0.032912,-0.071202,-0.024320,0.327778,-0.299513,-0.001795,-0.028864,-0.050255,0.034498,0.438378,-0.432139,-0.006894,0.036640,-0.028802,-0.049013,-0.051796,1.046538,0.869983,0.136392,-1.394700,-0.056889,-0.145512,0.049471,-1.384897,-0.886689,0.445274,1.092722,-0.009899,0.131850,1
-0.032878,-0.071202,-0.024346,0.327795,-0.299517,-0.001773,-0.028881,-0.050255,0.034484,0.438386,-0.432135,-0.006887,0.037122,-0.028802,-0.049003,-0.053174,1.046023,0.868293,0.135182,-1.394676,-0.057009,-0.145500,0.049615,-1.384454,-0.886413,0.443692,1.092722,-0.009779,0.131707,1
-0.032861,-0.071202,-0.024293,0.327803,-0.299521,-0.001766,-0.028898,-0.050255,0.034484,0.438403,-0.432131,-0.006880,0.037685,-0.028771,-0.049003,-0.054732,1.045495,0.866663,0.134127,-1.394712,-0.057213,-0.145489,0.049639,-1.383914,-0.886162,0.442038,1.092734,-0.009635,0.131563,1
-0.032844,-0.071211,-0.024293,0.327803,-0.299542,-0.001774,-0.028898,-0.050246,0.034498,0.438378,-0.432135,-0.006887,0.038528,-0.028749,-0.048987,-0.056494,1.044980,0.865009,0.133241,-1.394736,-0.057237,-0.145405,0.049639,-1.383291,-0.885826,0.440169,1.092734,-0.009539,0.131335,1
-0.032793,-0.071202,-0.024266,0.327803,-0.299529,-0.001781,-0.028907,-0.050255,0.034498,0.438369,-0.432135,-0.006887,0.039131,-0.028733,-0.048977,-0.059394,1.044560,0.862936,0.132581,-1.394712,-0.057189,-0.145345,0.049747,-1.382620,-0.885323,0.438503,1.092770,-0.009348,0.131191,1
-0.032768,-0.071202,-0.024253,0.327795,-0.299537,-0.001766,-0.028916,-0.050238,0.034471,0.438386,-0.432139,-0.006894,0.040109,-0.028695,-0.048972,-0.061946,1.043793,0.859880,0.131527,-1.394664,-0.057117,-0.145417,0.049914,-1.381254,-0.884532,0.436298,1.092806,-0.009168,0.131048,1
-0.032750,-0.071194,-0.024239,0.327803,-0.299533,-0.001759,-0.028958,-0.050246,0.034471,0.438386,-0.432135,-0.006887,0.040832,-0.028672,-0.048976,-0.063480,1.043386,0.856788,0.130508,-1.394640,-0.057189,-0.145500,0.050034,-1.380583,-0.883777,0.434680,1.092829,-0.009240,0.131024,1
-0.032742,-0.071202,-0.024172,0.327795,-0.299521,-0.001766,-0.029001,-0.050255,0.034471,0.438378,-0.432131,-0.006880,0.041528,-0.028657,-0.048996,-0.065134,1.043002,0.854140,0.128854,-1.394652,-0.057404,-0.145560,0.050130,-1.379995,-0.883285,0.432235,1.092794,-0.009420,0.131095,1
-0.032725,-0.071202,-0.024146,0.327795,-0.299533,-0.001759,-0.029035,-0.050255,0.034511,0.438361,-0.432131,-0.006880,0.042305,-0.028627,-0.049005,-0.067172,1.042583,0.851467,0.127800,-1.394676,-0.057740,-0.145620,0.050118,-1.379504,-0.882698,0.430749,1.092794,-0.009539,0.131167,1
-0.032716,-0.071219,-0.024079,0.327795,-0.299537,-0.001766,-0.029026,-0.050255,0.034484,0.438352,-0.432131,-0.006880,0.043189,-0.028597,-0.049035,-0.069245,1.042200,0.849082,0.126853,-1.394652,-0.058255,-0.145668,0.050082,-1.379073,-0.881991,0.429299,1.092818,-0.009551,0.131203,1
-0.032657,-0.071202,-0.024025,0.327795,-0.299541,-0.001745,-0.029009,-0.050255,0.034484,0.438352,-0.432135,-0.006887,0.044126,-0.028597,-0.049035,-0.071378,1.041816,0.847045,0.125954,-1.394664,-0.058483,-0.145692,0.050142,-1.378701,-0.881272,0.427705,1.092842,-0.009563,0.131131,1
-0.032606,-0.071211,-0.023958,0.327795,-0.299537,-0.001766,-0.028992,-0.050255,0.034498,0.438361,-0.432128,-0.006887,0.045907,-0.028589,-0.049040,-0.073391,1.041433,0.845164,0.125091,-1.394640,-0.058639,-0.145644,0.050202,-1.378414,-0.880601,0.426159,1.092853,-0.009551,0.131000,1
-0.032537,-0.071219,-0.023958,0.327812,-0.299533,-0.001759,-0.028984,-0.050246,0.034471,0.438369,-0.432135,-0.006887,0.047233,-0.028574,-0.049039,-0.076531,1.040869,0.843450,0.124276,-1.394628,-0.058759,-0.145596,0.050334,-1.378114,-0.879978,0.424613,1.092865,-0.009563,0.130916,1
-0.032495,-0.071202,-0.023971,0.327803,-0.299546,-0.001752,-0.029001,-0.050238,0.034511,0.438361,-0.432135,-0.006887,0.048572,-0.028581,-0.049015,-0.078736,1.040450,0.841604,0.123414,-1.394580,-0.058795,-0.145572,0.050418,-1.377707,-0.879378,0.422887,1.092842,-0.009563,0.130844,1
-0.032410,-0.071202,-0.023971,0.327820,-0.299541,-0.001745,-0.028992,-0.050255,0.034484,0.438361,-0.432135,-0.006887,0.050434,-0.028574,-0.049019,-0.081840,1.039767,0.837158,0.121364,-1.394568,-0.058603,-0.145596,0.050334,-1.377239,-0.878576,0.419220,1.092865,-0.009551,0.130628,1
-0.032358,-0.071194,-0.023971,0.327820,-0.299541,-0.001745,-0.028984,-0.050246,0.034484,0.438352,-0.432135,-0.006887,0.051425,-0.028574,-0.049019,-0.083482,1.039299,0.834402,0.120190,-1.394580,-0.058375,-0.145596,0.050298,-1.376700,-0.878312,0.417435,1.092878,-0.009551,0.130400,1
-0.032290,-0.071202,-0.024012,0.327820,-0.299554,-0.001752,-0.028984,-0.050255,0.034471,0.438361,-0.432124,-0.006895,0.052081,-0.028589,-0.049030,-0.085280,1.038784,0.831478,0.118943,-1.394580,-0.058195,-0.145560,0.050370,-1.375945,-0.877952,0.415841,1.092853,-0.009492,0.130113,1
-0.032239,-0.071185,-0.024012,0.327829,-0.299558,-0.001730,-0.028992,-0.050255,0.034498,0.438352,-0.432135,-0.006887,0.052617,-0.028574,-0.049019,-0.087269,1.038281,0.828901,0.117757,-1.394580,-0.058363,-0.145524,0.050442,-1.375010,-0.877461,0.414474,1.092865,-0.009216,0.129861,1
-0.032171,-0.071194,-0.024012,0.327829,-0.299546,-0.001737,-0.028984,-0.050238,0.034511,0.438352,-0.432124,-0.006880,0.053019,-0.028589,-0.049030,-0.089582,1.037765,0.826360,0.116475,-1.394592,-0.058555,-0.145249,0.050442,-1.373932,-0.876946,0.413120,1.092878,-0.009084,0.129621,1
-0.032086,-0.071194,-0.024025,0.327820,-0.299558,-0.001730,-0.029001,-0.050255,0.034511,0.438352,-0.432131,-0.006880,0.053099,-0.028574,-0.049039,-0.092962,1.037298,0.823760,0.115180,-1.394604,-0.058771,-0.145021,0.050466,-1.372649,-0.876502,0.411490,1.092889,-0.009024,0.129526,1
-0.032060,-0.071194,-0.024025,0.327829,-0.299558,-0.001730,-0.029009,-0.050255,0.034498,0.438352,-0.432131,-0.006880,0.053005,-0.028566,-0.049024,-0.095215,1.036867,0.821423,0.114078,-1.394604,-0.058867,-0.144769,0.050585,-1.371283,-0.876119,0.409681,1.092901,-0.009036,0.129478,1
-0.031983,-0.071202,-0.024012,0.327837,-0.299554,-0.001723,-0.029026,-0.050263,0.034498,0.438318,-0.432135,-0.006887,0.052751,-0.028574,-0.049019,-0.097552,1.036231,0.819194,0.113131,-1.394592,-0.058890,-0.144506,0.050789,-1.369497,-0.875771,0.407835,1.092878,-0.009036,0.129466,1
-0.031949,-0.071202,-0.023958,0.327820,-0.299550,-0.001716,-0.029026,-0.050255,0.034498,0.438318,-0.432131,-0.006880,0.052376,-0.028574,-0.049019,-0.099853,1.035752,0.815527,0.112316,-1.394580,-0.058867,-0.144326,0.051029,-1.368575,-0.875460,0.406253,1.092889,-0.009036,0.129430,1
-0.031881,-0.071185,-0.023998,0.327829,-0.299566,-0.001730,-0.029035,-0.050255,0.034498,0.438292,-0.432131,-0.006894,0.052175,-0.028581,-0.049015,-0.102130,1.035201,0.812902,0.111154,-1.394604,-0.058879,-0.144134,0.051292,-1.367891,-0.875316,0.403820,1.092889,-0.009024,0.129406,1
-0.031805,-0.071202,-0.023998,0.327871,-0.299562,-0.001723,-0.029009,-0.050238,0.034484,0.438267,-0.432128,-0.006873,0.052577,-0.028574,-0.049019,-0.105413,1.034362,0.809319,0.109776,-1.394604,-0.058890,-0.143907,0.051448,-1.367077,-0.875016,0.400884,1.092878,-0.009012,0.129334,1
-0.031805,-0.071211,-0.024012,0.327897,-0.299562,-0.001709,-0.028992,-0.050255,0.034484,0.438199,-0.432131,-0.006880,0.053313,-0.028574,-0.049019,-0.107714,1.033859,0.807090,0.108505,-1.394604,-0.058938,-0.143811,0.051328,-1.366669,-0.874645,0.399063,1.092889,-0.008988,0.129274,1
-0.031796,-0.071219,-0.024025,0.327965,-0.299558,-0.001701,-0.028941,-0.050255,0.034498,0.438122,-0.432131,-0.006880,0.054237,-0.028566,-0.049024,-0.109823,1.033367,0.804861,0.107091,-1.394592,-0.058938,-0.143739,0.051125,-1.366322,-0.873986,0.397433,1.092913,-0.008940,0.129250,1
-0.031830,-0.071228,-0.024012,0.328042,-0.299558,-0.001701,-0.028924,-0.050246,0.034498,0.438062,-0.432124,-0.006895,0.055684,-0.028574,-0.049019,-0.111729,1.032972,0.802727,0.105677,-1.394592,-0.058926,-0.143739,0.050945,-1.366022,-0.873195,0.396055,1.092937,-0.008916,0.129238,1
-0.031830,-0.071219,-0.023998,0.328076,-0.299562,-0.001709,-0.028890,-0.050263,0.034484,0.438011,-0.432131,-0.006880,0.056554,-0.028581,-0.049015,-0.114989,1.032552,0.800702,0.104395,-1.394592,-0.058902,-0.143727,0.050789,-1.365830,-0.872356,0.394928,1.092961,-0.008952,0.129202,1
-0.031830,-0.071228,-0.023998,0.328118,-0.299554,-0.001709,-0.028890,-0.050255,0.034498,0.437994,-0.432131,-0.006880,0.057250,-0.028574,-0.049019,-0.117218,1.031665,0.798761,0.103280,-1.394604,-0.058795,-0.143703,0.050681,-1.365650,-0.871517,0.393634,1.092961,-0.009132,0.129202,1
-0.031830,-0.071228,-0.023985,0.328136,-0.299562,-0.001709,-0.028916,-0.050255,0.034484,0.437986,-0.432128,-0.006873,0.057880,-0.028581,-0.049034,-0.119519,1.031006,0.796172,0.102237,-1.394592,-0.058615,-0.143715,0.050442,-1.365614,-0.870750,0.392004,1.093021,-0.009444,0.129250,1
-0.031830,-0.071228,-0.024012,0.328110,-0.299558,-0.001716,-0.028933,-0.050255,0.034484,0.438011,-0.432131,-0.006880,0.058389,-0.028604,-0.049040,-0.121568,1.030347,0.792265,0.100691,-1.394592,-0.058471,-0.143691,0.050106,-1.365650,-0.869683,0.390254,1.093045,-0.009791,0.129286,1
-0.031822,-0.071228,-0.023985,0.328067,-0.299570,-0.001709,-0.028941,-0.050255,0.034498,0.438037,-0.432131,-0.006894,0.058884,-0.028597,-0.049035,-0.123354,1.029736,0.789808,0.099565,-1.394604,-0.058435,-0.143679,0.049854,-1.365638,-0.869048,0.387822,1.093069,-0.010055,0.129298,1
-0.031805,-0.071228,-0.023971,0.328050,-0.299566,-0.001701,-0.028967,-0.050246,0.034484,0.438037,-0.432128,-0.006887,0.059353,-0.028619,-0.049050,-0.125175,1.029221,0.787340,0.098319,-1.394604,-0.058459,-0.143667,0.049770,-1.365327,-0.868497,0.386539,1.093093,-0.010199,0.129262,1
-0.031796,-0.071228,-0.023985,0.328042,-0.299553,-0.001680,-0.028958,-0.050246,0.034484,0.438054,-0.432135,-0.006887,0.060076,-0.028619,-0.049050,-0.128147,1.028418,0.783349,0.096545,-1.394604,-0.058567,-0.143607,0.049806,-1.364104,-0.867790,0.384490,1.093105,-0.010282,0.129166,1
-0.031787,-0.071228,-0.023971,0.328042,-0.299562,-0.001694,-0.028958,-0.050246,0.034484,0.438054,-0.432131,-0.006880,0.060960,-0.028612,-0.049055,-0.130041,1.027843,0.780856,0.095466,-1.394592,-0.058687,-0.143547,0.049747,-1.363194,-0.867382,0.382644,1.093117,-0.010247,0.129178,1
-0.031719,-0.071228,-0.023998,0.328042,-0.299558,-0.001687,-0.028967,-0.050255,0.034498,0.438054,-0.432131,-0.006880,0.061616,-0.028619,-0.049050,-0.133085,1.027279,0.778663,0.094544,-1.394592,-0.058867,-0.143499,0.049591,-1.362319,-0.866891,0.380547,1.093117,-0.010079,0.129154,1
-0.031694,-0.071228,-0.024012,0.328076,-0.299562,-0.001694,-0.028984,-0.050255,0.034498,0.438062,-0.432128,-0.006873,0.062286,-0.028635,-0.049040,-0.135446,1.026692,0.776110,0.093597,-1.394592,-0.059070,-0.143487,0.049531,-1.361576,-0.866400,0.378522,1.093141,-0.009803,0.129118,1
-0.031694,-0.071228,-0.024025,0.328067,-0.299570,-0.001709,-0.028984,-0.050255,0.034511,0.438062,-0.432131,-0.006880,0.062995,-0.028627,-0.049045,-0.137998,1.025817,0.773342,0.092506,-1.394592,-0.059142,-0.143535,0.049555,-1.360701,-0.865920,0.376724,1.093177,-0.009515,0.129094,1
-0.031711,-0.071236,-0.024012,0.328093,-0.299566,-0.001701,-0.029001,-0.050246,0.034498,0.438062,-0.432131,-0.006880,0.063812,-0.028627,-0.049045,-0.140455,1.025290,0.769579,0.091416,-1.394580,-0.059130,-0.143643,0.049627,-1.360222,-0.865393,0.374938,1.093141,-0.009300,0.129034,1
-0.031719,-0.071236,-0.023971,0.328076,-0.299562,-0.001694,-0.029018,-0.050246,0.034498,0.438062,-0.432128,-0.006873,0.064589,-0.028650,-0.049050,-0.142516,1.024703,0.767062,0.089498,-1.394532,-0.059094,-0.143775,0.049699,-1.359802,-0.865201,0.372218,1.093141,-0.009132,0.128974,1
-0.031719,-0.071228,-0.024012,0.328084,-0.299562,-0.001694,-0.029035,-0.050255,0.034498,0.438045,-0.432131,-0.006894,0.065406,-0.028650,-0.049060,-0.144614,1.024055,0.764270,0.088240,-1.394508,-0.059046,-0.143931,0.049794,-1.359431,-0.864973,0.370265,1.093153,-0.009036,0.128926,1
-0.031711,-0.071228,-0.024012,0.328042,-0.299574,-0.001687,-0.029026,-0.050246,0.034511,0.438037,-0.432120,-0.006887,0.066210,-0.028665,-0.049060,-0.147106,1.023252,0.761621,0.087017,-1.394508,-0.059022,-0.144062,0.049890,-1.358903,-0.864686,0.368467,1.093189,-0.008976,0.128926,1
-0.031685,-0.071228,-0.024012,0.328033,-0.299578,-0.001694,-0.029009,-0.050255,0.034498,0.438045,-0.432108,-0.006880,0.067991,-0.028657,-0.049055,-0.150582,1.022114,0.757846,0.085424,-1.394508,-0.059022,-0.144110,0.050022,-1.357789,-0.864015,0.366130,1.093177,-0.008976,0.128926,1
-0.031643,-0.071228,-0.023998,0.328025,-0.299578,-0.001694,-0.029001,-0.050238,0.034484,0.438045,-0.432116,-0.006866,0.068861,-0.028673,-0.049036,-0.153877,1.021395,0.755054,0.084453,-1.394508,-0.059022,-0.144026,0.050142,-1.356974,-0.863559,0.364824,1.093177,-0.009000,0.128926,1
-0.031609,-0.071228,-0.023971,0.328016,-0.299583,-0.001702,-0.029026,-0.050255,0.034498,0.438062,-0.432120,-0.006858,0.069825,-0.028673,-0.049016,-0.156250,1.020628,0.752418,0.083434,-1.394496,-0.058986,-0.143907,0.050226,-1.356207,-0.863128,0.363374,1.093165,-0.009024,0.128938,1
-0.031591,-0.071219,-0.023971,0.328033,-0.299562,-0.001694,-0.029043,-0.050255,0.034498,0.438079,-0.432128,-0.006873,0.070803,-0.028688,-0.049006,-0.158755,1.019549,0.749841,0.082248,-1.394472,-0.058962,-0.143835,0.050262,-1.355116,-0.862780,0.361720,1.093177,-0.009084,0.128914,1
-0.031591,-0.071219,-0.024012,0.328050,-0.299570,-0.001694,-0.029069,-0.050246,0.034484,0.438105,-0.432128,-0.006873,0.071781,-0.028688,-0.049006,-0.160984,1.018806,0.745742,0.080858,-1.394449,-0.058962,-0.143823,0.050262,-1.354385,-0.862313,0.360138,1.093189,-0.009132,0.128914,1
-0.031609,-0.071211,-0.023998,0.328033,-0.299566,-0.001701,-0.029103,-0.050255,0.034498,0.438105,-0.432124,-0.006895,0.072839,-0.028688,-0.049006,-0.162926,1.018111,0.742662,0.078629,-1.394449,-0.058986,-0.143823,0.050238,-1.353654,-0.861977,0.358173,1.093177,-0.009132,0.128902,1
-0.031609,-0.071211,-0.023971,0.328008,-0.299562,-0.001694,-0.029154,-0.050255,0.034498,0.438113,-0.432124,-0.006895,0.073789,-0.028673,-0.049016,-0.165143,1.017380,0.739834,0.076867,-1.394460,-0.058986,-0.143763,0.050238,-1.353103,-0.861582,0.356974,1.093189,-0.009132,0.128914,1
-0.031591,-0.071219,-0.023958,0.328008,-0.299574,-0.001687,-0.029171,-0.050246,0.034498,0.438079,-0.432124,-0.006895,0.074620,-0.028695,-0.049001,-0.167575,1.016673,0.736790,0.075201,-1.394472,-0.059130,-0.143595,0.050202,-1.352612,-0.861162,0.355524,1.093225,-0.009204,0.128926,1
-0.031591,-0.071202,-0.023985,0.328008,-0.299574,-0.001687,-0.029214,-0.050255,0.034498,0.438071,-0.432128,-0.006873,0.075316,-0.028695,-0.049001,-0.169864,1.015870,0.733866,0.073667,-1.394484,-0.059226,-0.143403,0.050142,-1.352156,-0.860755,0.353846,1.093261,-0.009372,0.128998,1
-0.031600,-0.071219,-0.024012,0.328025,-0.299578,-0.001694,-0.029239,-0.050255,0.034511,0.438096,-0.432120,-0.006887,0.076012,-0.028680,-0.049011,-0.172201,1.015019,0.731325,0.072253,-1.394460,-0.059310,-0.143092,0.050142,-1.351701,-0.860300,0.351917,1.093285,-0.009492,0.129166,1
-0.031591,-0.071219,-0.023998,0.328016,-0.299570,-0.001680,-0.029256,-0.050255,0.034498,0.438062,-0.432116,-0.006866,0.076521,-0.028688,-0.049006,-0.176695,1.013725,0.728066,0.070323,-1.394472,-0.059334,-0.142876,0.050190,-1.350802,-0.859664,0.349256,1.093321,-0.009515,0.129226,1
-0.031600,-0.071228,-0.024052,0.328016,-0.299578,-0.001680,-0.029248,-0.050255,0.034484,0.438062,-0.432120,-0.006887,0.076950,-0.028680,-0.049001,-0.179068,1.012395,0.725801,0.068909,-1.394472,-0.059298,-0.142756,0.050166,-1.349795,-0.859293,0.347830,1.093297,-0.009480,0.129130,1
-0.031609,-0.071228,-0.024038,0.328033,-0.299591,-0.001673,-0.029231,-0.050255,0.034484,0.438037,-0.432120,-0.006887,0.077673,-0.028665,-0.048991,-0.181094,1.011544,0.721954,0.067387,-1.394472,-0.059142,-0.142636,0.050022,-1.349196,-0.858682,0.346548,1.093321,-0.009408,0.129010,1
-0.031634,-0.071228,-0.024038,0.328084,-0.299578,-0.001651,-0.029231,-0.050255,0.034498,0.437943,-0.432112,-0.006873,0.078463,-0.028688,-0.048977,-0.182951,1.010681,0.719341,0.065110,-1.394484,-0.058902,-0.142552,0.049794,-1.348657,-0.858095,0.344546,1.093345,-0.009360,0.128914,1
-0.031643,-0.071228,-0.024025,0.328110,-0.299582,-0.001658,-0.029214,-0.050255,0.034498,0.437866,-0.432120,-0.006858,0.079307,-0.028665,-0.048961,-0.184869,1.009806,0.716537,0.063768,-1.394472,-0.058759,-0.142468,0.049579,-1.348189,-0.857399,0.342725,1.093393,-0.009300,0.128890,1
-0.031685,-0.071228,-0.024025,0.328144,-0.299591,-0.001658,-0.029205,-0.050255,0.034484,0.437807,-0.432120,-0.006858,0.080084,-0.028650,-0.048951,-0.186990,1.008860,0.713757,0.062342,-1.394472,-0.058783,-0.142385,0.049399,-1.347614,-0.856776,0.340831,1.093417,-0.009300,0.128926,1
-0.031728,-0.071228,-0.024012,0.328178,-0.299595,-0.001665,-0.029205,-0.050246,0.034484,0.437730,-0.432131,-0.006880,0.080780,-0.028642,-0.048956,-0.189111,1.007865,0.711491,0.061036,-1.394460,-0.058879,-0.142325,0.049327,-1.346955,-0.856273,0.339022,1.093453,-0.009252,0.128950,1
-0.031779,-0.071236,-0.024025,0.328195,-0.299591,-0.001658,-0.029197,-0.050263,0.034498,0.437687,-0.432128,-0.006873,0.081637,-0.028665,-0.048961,-0.191208,1.006858,0.709310,0.059693,-1.394460,-0.058855,-0.142301,0.049351,-1.346248,-0.855901,0.337284,1.093441,-0.009240,0.128914,1
-0.031839,-0.071228,-0.024025,0.328187,-0.299591,-0.001644,-0.029197,-0.050255,0.034498,0.437619,-0.432128,-0.006873,0.082400,-0.028642,-0.048956,-0.195271,1.005348,0.705404,0.057488,-1.394449,-0.058819,-0.142313,0.049351,-1.345157,-0.855446,0.334815,1.093465,-0.009192,0.128854,1
-0.031881,-0.071228,-0.024012,0.328187,-0.299586,-0.001636,-0.029197,-0.050246,0.034498,0.437594,-0.432124,-0.006895,0.082909,-0.028672,-0.048957,-0.197248,1.003850,0.702743,0.056110,-1.394472,-0.058771,-0.142289,0.049363,-1.344043,-0.855110,0.333126,1.093477,-0.009168,0.128830,1
-0.031907,-0.071228,-0.024038,0.328170,-0.299591,-0.001658,-0.029180,-0.050255,0.034498,0.437559,-0.432124,-0.006866,0.083458,-0.028672,-0.048957,-0.199166,1.002831,0.699987,0.054852,-1.394472,-0.058807,-0.142277,0.049351,-1.343336,-0.854715,0.331184,1.093477,-0.009096,0.128842,1
-0.031949,-0.071219,-0.024012,0.328170,-0.299599,-0.001658,-0.029171,-0.050255,0.034498,0.437525,-0.432128,-0.006873,0.084088,-0.028672,-0.048957,-0.200951,1.001801,0.695181,0.053869,-1.394472,-0.058914,-0.142265,0.049339,-1.342677,-0.854080,0.329255,1.093477,-0.009060,0.128854,1
-0.031992,-0.071228,-0.024025,0.328178,-0.299599,-0.001673,-0.029205,-0.050255,0.034498,0.437483,-0.432124,-0.006866,0.084771,-0.028672,-0.048957,-0.202881,1.000794,0.692305,0.052707,-1.394449,-0.059094,-0.142241,0.049327,-1.342089,-0.853660,0.326666,1.093525,-0.009072,0.128842,1
-0.032052,-0.071236,-0.024025,0.328144,-0.299595,-0.001651,-0.029205,-0.050272,0.034484,0.437483,-0.432120,-0.006858,0.085414,-0.028657,-0.048946,-0.204942,0.999728,0.690052,0.051472,-1.394484,-0.059286,-0.142313,0.049291,-1.341502,-0.853217,0.324868,1.093561,-0.009108,0.128854,1
-0.032094,-0.071236,-0.024052,0.328118,-0.299599,-0.001673,-0.029231,-0.050263,0.034471,0.437440,-0.432128,-0.006873,0.086016,-0.028665,-0.048961,-0.207039,0.998685,0.687883,0.049854,-1.394472,-0.059610,-0.142445,0.049291,-1.340855,-0.852773,0.322879,1.093596,-0.009168,0.128854,1
-0.032154,-0.071228,-0.024025,0.328084,-0.299595,-0.001651,-0.029256,-0.050255,0.034511,0.437423,-0.432120,-0.006858,0.086552,-0.028672,-0.048957,-0.209017,0.997570,0.685809,0.047997,-1.394449,-0.059813,-0.142768,0.049315,-1.340076,-0.852282,0.320950,1.093632,-0.009204,0.128866,1
-0.032188,-0.071236,-0.024025,0.328050,-0.299591,-0.001673,-0.029256,-0.050255,0.034484,0.437432,-0.432120,-0.006858,0.087396,-0.028665,-0.048961,-0.210958,0.996528,0.683820,0.046187,-1.394449,-0.059909,-0.143008,0.049303,-1.339249,-0.851803,0.319296,1.093668,-0.009228,0.128878,1
-0.032222,-0.071236,-0.024038,0.328008,-0.299586,-0.001651,-0.029256,-0.050272,0.034498,0.437432,-0.432128,-0.006873,0.087985,-0.028665,-0.048961,-0.214086,0.995617,0.681603,0.044629,-1.394460,-0.059825,-0.143211,0.049195,-1.338278,-0.851299,0.317606,1.093704,-0.009252,0.128866,1
-0.032231,-0.071236,-0.024012,0.327957,-0.299591,-0.001658,-0.029248,-0.050272,0.034484,0.437440,-0.432128,-0.006873,0.088467,-0.028642,-0.048956,-0.215944,0.994275,0.678631,0.043263,-1.394449,-0.059586,-0.143295,0.049027,-1.336792,-0.850796,0.315964,1.093740,-0.009336,0.128866,1
-0.032231,-0.071236,-0.023998,0.327940,-0.299599,-0.001673,-0.029239,-0.050255,0.034498,0.437474,-0.432128,-0.006873,0.089257,-0.028642,-0.048956,-0.218532,0.992669,0.672699,0.041286,-1.394460,-0.059346,-0.143104,0.048740,-1.335091,-0.849622,0.313292,1.093776,-0.009420,0.128902,1
-0.032239,-0.071236,-0.024012,0.327922,-0.299591,-0.001658,-0.029256,-0.050263,0.034498,0.437483,-0.432120,-0.006858,0.089806,-0.028634,-0.048961,-0.220162,0.991375,0.670122,0.038865,-1.394460,-0.059406,-0.142960,0.048548,-1.333952,-0.848998,0.310523,1.093812,-0.009396,0.128902,1
-0.032256,-0.071236,-0.024065,0.327905,-0.299591,-0.001658,-0.029273,-0.050255,0.034484,0.437517,-0.432124,-0.006866,0.090422,-0.028650,-0.048951,-0.221936,0.990104,0.667665,0.036995,-1.394460,-0.059538,-0.142840,0.048380,-1.332933,-0.848411,0.308786,1.093848,-0.009396,0.128902,1
-0.032282,-0.071245,-0.024025,0.327888,-0.299586,-0.001651,-0.029282,-0.050255,0.034511,0.437525,-0.432128,-0.006873,0.091051,-0.028657,-0.048956,-0.223925,0.988978,0.665232,0.035114,-1.394460,-0.059729,-0.142756,0.048177,-1.331891,-0.847896,0.307228,1.093836,-0.009420,0.128866,1
-0.032290,-0.071245,-0.024012,0.327846,-0.299582,-0.001658,-0.029273,-0.050263,0.034484,0.437517,-0.432128,-0.006873,0.092190,-0.028634,-0.048961,-0.226118,0.987923,0.662776,0.033436,-1.394484,-0.059753,-0.142624,0.047985,-1.330992,-0.847369,0.305514,1.093872,-0.009420,0.128866,1
-0.032307,-0.071236,-0.024038,0.327846,-0.299599,-0.001658,-0.029265,-0.050263,0.034484,0.437525,-0.432128,-0.006873,0.093047,-0.028650,-0.048971,-0.229007,0.986844,0.660199,0.031890,-1.394460,-0.059681,-0.142552,0.047841,-1.330345,-0.846865,0.303465,1.093872,-0.009444,0.128890,1
-0.032324,-0.071245,-0.024025,0.327846,-0.299599,-0.001673,-0.029273,-0.050263,0.034484,0.437525,-0.432124,-0.006866,0.093984,-0.028642,-0.048956,-0.230996,0.985730,0.656855,0.030320,-1.394460,-0.059586,-0.142528,0.047697,-1.329854,-0.846374,0.301391,1.093884,-0.009420,0.128914,1
-0.032324,-0.071236,-0.024012,0.327803,-0.299586,-0.001651,-0.029256,-0.050272,0.034498,0.437534,-0.432128,-0.006873,0.095015,-0.028627,-0.048966,-0.233237,0.983800,0.653740,0.028534,-1.394484,-0.059490,-0.142528,0.047673,-1.329410,-0.845931,0.299678,1.093920,-0.009408,0.128926,1
-0.032307,-0.071253,-0.024038,0.327803,-0.299582,-0.001658,-0.029256,-0.050263,0.034498,0.437542,-0.432124,-0.006866,0.096207,-0.028657,-0.048966,-0.235502,0.982458,0.649785,0.026725,-1.394484,-0.059502,-0.142528,0.047685,-1.329254,-0.845403,0.298108,1.093884,-0.009420,0.128902,1
-0.032307,-0.071253,-0.024012,0.327795,-0.299578,-0.001651,-0.029239,-0.050289,0.034498,0.437559,-0.432128,-0.006873,0.098015,-0.028634,-0.048961,-0.238654,0.980589,0.645938,0.023369,-1.394449,-0.059502,-0.142516,0.047673,-1.329158,-0.844816,0.294440,1.093896,-0.009492,0.128926,1
-0.032316,-0.071262,-0.024065,0.327803,-0.299578,-0.001651,-0.029248,-0.050289,0.034484,0.437594,-0.432120,-0.006858,0.099408,-0.028634,-0.048961,-0.240404,0.979211,0.643493,0.021703,-1.394472,-0.059490,-0.142504,0.047673,-1.328739,-0.844361,0.292199,1.093884,-0.009503,0.128926,1
-0.032324,-0.071270,-0.024052,0.327803,-0.299587,-0.001665,-0.029231,-0.050289,0.034498,0.437619,-0.432124,-0.006866,0.100948,-0.028619,-0.048971,-0.242237,0.977772,0.640952,0.019978,-1.394449,-0.059490,-0.142504,0.047637,-1.327864,-0.843797,0.290150,1.093908,-0.009503,0.128902,1
-0.032333,-0.071270,-0.024038,0.327795,-0.299595,-0.001680,-0.029239,-0.050298,0.034484,0.437619,-0.432120,-0.006887,0.102635,-0.028612,-0.048975,-0.244478,0.976191,0.637824,0.018240,-1.394449,-0.059418,-0.142528,0.047553,-1.326762,-0.843174,0.288209,1.093908,-0.009492,0.128866,1
-0.032333,-0.071270,-0.024052,0.327820,-0.299595,-0.001665,-0.029239,-0.050332,0.034498,0.437602,-0.432120,-0.006887,0.105006,-0.028589,-0.048990,-0.246719,0.974776,0.634589,0.016634,-1.394460,-0.059406,-0.142516,0.047374,-1.325815,-0.842467,0.286543,1.093920,-0.009468,0.128782,1
-0.032316,-0.071279,-0.024038,0.327820,-0.299591,-0.001673,-0.029256,-0.050332,0.034498,0.437594,-0.432120,-0.006858,0.106184,-0.028559,-0.049009,-0.249512,0.973506,0.631665,0.015376,-1.394460,-0.059406,-0.142516,0.047158,-1.324904,-0.841820,0.284745,1.093908,-0.009468,0.128759,1
-0.032316,-0.071287,-0.024025,0.327846,-0.299595,-0.001680,-0.029256,-0.050374,0.034511,0.437602,-0.432120,-0.006858,0.107149,-0.028543,-0.049019,-0.251417,0.971720,0.628609,0.014417,-1.394460,-0.059430,-0.142504,0.047110,-1.323778,-0.841149,0.283019,1.093896,-0.009432,0.128759,1
-0.032324,-0.071287,-0.024038,0.327837,-0.299591,-0.001644,-0.029282,-0.050374,0.034511,0.437619,-0.432116,-0.006851,0.107845,-0.028528,-0.049019,-0.253514,0.970414,0.625577,0.013530,-1.394484,-0.059478,-0.142528,0.047122,-1.323214,-0.840633,0.281593,1.093872,-0.009432,0.128794,1
-0.032324,-0.071270,-0.024052,0.327837,-0.299599,-0.001644,-0.029282,-0.050391,0.034511,0.437619,-0.432120,-0.006858,0.108327,-0.028543,-0.049009,-0.255875,0.969012,0.621466,0.012344,-1.394472,-0.059622,-0.142600,0.047122,-1.322747,-0.840118,0.280479,1.093908,-0.009432,0.128794,1
-0.032307,-0.071279,-0.024012,0.327837,-0.299603,-0.001651,-0.029299,-0.050425,0.034498,0.437602,-0.432120,-0.006858,0.108555,-0.028543,-0.049009,-0.258044,0.967574,0.618362,0.009755,-1.394460,-0.059753,-0.142756,0.047086,-1.322303,-0.839950,0.278609,1.093896,-0.009492,0.128830,1
-0.032273,-0.071287,-0.024012,0.327854,-0.299595,-0.001636,-0.029256,-0.050468,0.034484,0.437628,-0.432120,-0.006873,0.108528,-0.028566,-0.048995,-0.260909,0.965321,0.613604,0.007191,-1.394460,-0.059909,-0.143080,0.047026,-1.321488,-0.839591,0.276057,1.093932,-0.009851,0.129070,1
-0.032265,-0.071296,-0.024012,0.327854,-0.299603,-0.001636,-0.029205,-0.050494,0.034498,0.437628,-0.432120,-0.006858,0.108233,-0.028566,-0.048995,-0.262910,0.963655,0.610812,0.005752,-1.394436,-0.059945,-0.143283,0.047026,-1.320758,-0.839064,0.274283,1.093956,-0.010127,0.129358,1
-0.032214,-0.071322,-0.024038,0.327888,-0.299603,-0.001622,-0.029188,-0.050519,0.034511,0.437619,-0.432128,-0.006873,0.107657,-0.028536,-0.048994,-0.265427,0.962049,0.607888,0.004602,-1.394449,-0.059945,-0.143487,0.047002,-1.320038,-0.838464,0.272581,1.093968,-0.009995,0.129861,1
-0.032180,-0.071339,-0.024038,0.327922,-0.299607,-0.001615,-0.029197,-0.050570,0.034498,0.437636,-0.432120,-0.006858,0.107684,-0.028558,-0.048999,-0.267991,0.960395,0.605131,0.003463,-1.394460,-0.059933,-0.143427,0.047014,-1.319355,-0.837973,0.270903,1.093944,-0.009875,0.130077,1
-0.032205,-0.071356,-0.024065,0.327957,-0.299619,-0.001608,-0.029205,-0.050613,0.034484,0.437619,-0.432116,-0.006851,0.108233,-0.028551,-0.049004,-0.271826,0.958765,0.602795,0.002061,-1.394436,-0.059837,-0.143319,0.046978,-1.318660,-0.837685,0.269513,1.093932,-0.009767,0.130089,1
-0.032265,-0.071390,-0.024012,0.328025,-0.299619,-0.001608,-0.029197,-0.050664,0.034484,0.437577,-0.432120,-0.006858,0.109278,-0.028551,-0.049004,-0.274678,0.956225,0.599918,0.000360,-1.394460,-0.059669,-0.143188,0.046774,-1.317558,-0.837398,0.268231,1.093908,-0.009575,0.129945,1
-0.032341,-0.071441,-0.024038,0.328093,-0.299628,-0.001608,-0.029154,-0.050698,0.034471,0.437508,-0.432120,-0.006858,0.110617,-0.028551,-0.049004,-0.277471,0.954547,0.595568,-0.001558,-1.394449,-0.059478,-0.143152,0.046511,-1.316731,-0.836547,0.266781,1.093968,-0.009432,0.129777,1
-0.032427,-0.071458,-0.024052,0.328212,-0.299640,-0.001572,-0.029086,-0.050741,0.034484,0.437372,-0.432120,-0.006858,0.111903,-0.028551,-0.049004,-0.279772,0.953061,0.592764,-0.004111,-1.394436,-0.059370,-0.143164,0.046199,-1.315928,-0.835696,0.263833,1.093992,-0.009204,0.129657,1
-0.032469,-0.071501,-0.024012,0.328280,-0.299644,-0.001564,-0.029035,-0.050766,0.034498,0.437304,-0.432128,-0.006873,0.113175,-0.028536,-0.048994,-0.281845,0.951791,0.589768,-0.005585,-1.394436,-0.059310,-0.143152,0.045924,-1.315125,-0.834917,0.261700,1.094004,-0.009036,0.129669,1
-0.032486,-0.071569,-0.023971,0.328323,-0.299656,-0.001514,-0.028992,-0.050783,0.034498,0.437312,-0.432120,-0.006887,0.114862,-0.028513,-0.048989,-0.284601,0.950257,0.584962,-0.007298,-1.394425,-0.059250,-0.143056,0.045684,-1.314202,-0.834114,0.259123,1.093980,-0.008988,0.129705,1
-0.032486,-0.071594,-0.023998,0.328306,-0.299685,-0.001478,-0.029009,-0.050800,0.034511,0.437346,-0.432131,-0.006880,0.115960,-0.028528,-0.048989,-0.286219,0.949130,0.582038,-0.008377,-1.394449,-0.059298,-0.142960,0.045708,-1.313771,-0.833743,0.257637,1.093980,-0.009048,0.129681,1
-0.032478,-0.071637,-0.024038,0.328297,-0.299701,-0.001478,-0.029052,-0.050826,0.034498,0.437381,-0.432124,-0.006866,0.117661,-0.028520,-0.048994,-0.287633,0.947644,0.578790,-0.009779,-1.394425,-0.059466,-0.142852,0.045708,-1.313375,-0.833527,0.256103,1.093980,-0.009204,0.129549,1
-0.032469,-0.071680,-0.024012,0.328297,-0.299701,-0.001478,-0.029146,-0.050826,0.034511,0.437466,-0.432124,-0.006880,0.118880,-0.028528,-0.048989,-0.289982,0.945870,0.575770,-0.011385,-1.394436,-0.059657,-0.142864,0.045684,-1.312716,-0.833239,0.254413,1.093992,-0.009456,0.129490,1
-0.032435,-0.071756,-0.024012,0.328246,-0.299706,-0.001485,-0.029171,-0.050877,0.034551,0.437534,-0.432128,-0.006887,0.120179,-0.028528,-0.048989,-0.291996,0.943054,0.573170,-0.012871,-1.394449,-0.059861,-0.142852,0.045696,-1.311422,-0.832832,0.252544,1.094004,-0.009551,0.129502,1
-0.032427,-0.071782,-0.024012,0.328204,-0.299714,-0.001471,-0.029188,-0.050920,0.034618,0.437619,-0.432128,-0.006873,0.121531,-0.028520,-0.048994,-0.294548,0.941173,0.569119,-0.014189,-1.394449,-0.060005,-0.142852,0.045696,-1.310595,-0.831897,0.250638,1.094004,-0.009527,0.129549,1
-0.032393,-0.071816,-0.023998,0.328187,-0.299718,-0.001463,-0.029214,-0.050971,0.034605,0.437704,-0.432131,-0.006880,0.122911,-0.028528,-0.048989,-0.297185,0.939231,0.566075,-0.015448,-1.394436,-0.059993,-0.142840,0.045636,-1.309840,-0.831310,0.248900,1.093992,-0.009551,0.129573,1
-0.032384,-0.071841,-0.023971,0.328144,-0.299714,-0.001456,-0.029256,-0.051013,0.034631,0.437790,-0.432124,-0.006880,0.124170,-0.028528,-0.048989,-0.299570,0.937338,0.563295,-0.017365,-1.394436,-0.059813,-0.142852,0.045552,-1.309217,-0.830770,0.246480,1.093980,-0.009539,0.129549,1
-0.032384,-0.071858,-0.024012,0.328118,-0.299693,-0.001434,-0.029316,-0.051082,0.034618,0.437815,-0.432124,-0.006866,0.125455,-0.028505,-0.048984,-0.301787,0.935528,0.560059,-0.018743,-1.394436,-0.059538,-0.142876,0.045468,-1.308713,-0.830303,0.244658,1.094004,-0.009527,0.129490,1
-0.032376,-0.071876,-0.023998,0.328110,-0.299714,-0.001427,-0.029384,-0.051099,0.034618,0.437824,-0.432120,-0.006858,0.126714,-0.028498,-0.048979,-0.304028,0.933862,0.557075,-0.020373,-1.394425,-0.059250,-0.142936,0.045468,-1.308234,-0.829920,0.242932,1.093980,-0.009527,0.129430,1
-0.032376,-0.071893,-0.023998,0.328067,-0.299730,-0.001413,-0.029469,-0.051167,0.034605,0.437824,-0.432112,-0.006873,0.129486,-0.028490,-0.048984,-0.306928,0.931645,0.552856,-0.022590,-1.394436,-0.059094,-0.142996,0.045480,-1.307263,-0.829404,0.240919,1.093992,-0.009527,0.129406,1
-0.032358,-0.071901,-0.023985,0.328050,-0.299734,-0.001420,-0.029461,-0.051184,0.034618,0.437781,-0.432112,-0.006873,0.130812,-0.028482,-0.048978,-0.310212,0.930495,0.550136,-0.023801,-1.394436,-0.059034,-0.142972,0.045480,-1.306448,-0.829033,0.240008,1.093992,-0.009515,0.129418,1
-0.032316,-0.071927,-0.023971,0.328033,-0.299747,-0.001413,-0.029444,-0.051209,0.034618,0.437764,-0.432120,-0.006887,0.132004,-0.028475,-0.048973,-0.312632,0.928745,0.546864,-0.024831,-1.394425,-0.058998,-0.142972,0.045468,-1.305286,-0.828637,0.238929,1.093968,-0.009539,0.129502,1
-0.032307,-0.071935,-0.023998,0.328033,-0.299751,-0.001406,-0.029384,-0.051218,0.034605,0.437738,-0.432108,-0.006880,0.132915,-0.028490,-0.048974,-0.315305,0.927235,0.542046,-0.025946,-1.394436,-0.059034,-0.142972,0.045420,-1.304543,-0.828026,0.237431,1.094004,-0.009659,0.129609,1
-0.032282,-0.071952,-0.023998,0.328042,-0.299746,-0.001398,-0.029384,-0.051209,0.034605,0.437696,-0.432116,-0.006866,0.133517,-0.028498,-0.048979,-0.317774,0.925353,0.538319,-0.027803,-1.394436,-0.059166,-0.143044,0.045336,-1.303968,-0.827463,0.234891,1.093992,-0.009851,0.129849,1
-0.032273,-0.071952,-0.023971,0.328059,-0.299755,-0.001355,-0.029384,-0.051252,0.034605,0.437670,-0.432128,-0.006873,0.133919,-0.028513,-0.048979,-0.319979,0.923364,0.535108,-0.029002,-1.394425,-0.059382,-0.143104,0.045276,-1.303524,-0.826912,0.233333,1.094004,-0.009923,0.130125,1
-0.032273,-0.071961,-0.023958,0.328076,-0.299750,-0.001333,-0.029376,-0.051295,0.034618,0.437653,-0.432124,-0.006866,0.134120,-0.028498,-0.048969,-0.322340,0.921435,0.532195,-0.030092,-1.394389,-0.059538,-0.143211,0.045300,-1.303141,-0.826360,0.231931,1.093980,-0.009875,0.130436,1
-0.032290,-0.071969,-0.023931,0.328093,-0.299750,-0.001333,-0.029384,-0.051337,0.034591,0.437628,-0.432128,-0.006873,0.134388,-0.028490,-0.048974,-0.324665,0.919469,0.529259,-0.031111,-1.394389,-0.059622,-0.143307,0.045312,-1.302757,-0.825869,0.230600,1.093980,-0.009851,0.130664,1
-0.032316,-0.071986,-0.023971,0.328144,-0.299771,-0.001341,-0.029376,-0.051388,0.034605,0.437483,-0.432120,-0.006873,0.135687,-0.028498,-0.048969,-0.327697,0.916485,0.524813,-0.032693,-1.394377,-0.059550,-0.143391,0.044977,-1.302050,-0.824970,0.228803,1.093944,-0.009839,0.130568,1
-0.032418,-0.071995,-0.023998,0.328178,-0.299763,-0.001326,-0.029350,-0.051414,0.034538,0.437346,-0.432120,-0.006887,0.136651,-0.028498,-0.048979,-0.330896,0.914688,0.521697,-0.033819,-1.394377,-0.059550,-0.143355,0.044102,-1.301523,-0.823963,0.227425,1.093968,-0.009815,0.130304,1
-0.032478,-0.072020,-0.023985,0.328204,-0.299787,-0.001326,-0.029325,-0.051414,0.034498,0.437193,-0.432124,-0.006866,0.137682,-0.028505,-0.048974,-0.333209,0.912183,0.518629,-0.035006,-1.394401,-0.059550,-0.143331,0.043275,-1.300744,-0.822573,0.225819,1.093992,-0.009731,0.130101,1
-0.032529,-0.072029,-0.024012,0.328246,-0.299796,-0.001312,-0.029256,-0.051439,0.034484,0.437048,-0.432120,-0.006858,0.138700,-0.028498,-0.048989,-0.335558,0.910841,0.514663,-0.036240,-1.394377,-0.059574,-0.143355,0.042436,-1.300193,-0.820224,0.223973,1.093968,-0.009623,0.129957,1
-0.032554,-0.072046,-0.024025,0.328280,-0.299796,-0.001326,-0.029205,-0.051457,0.034511,0.436963,-0.432128,-0.006873,0.139677,-0.028490,-0.048974,-0.337464,0.909750,0.512038,-0.037499,-1.394377,-0.059550,-0.143331,0.041633,-1.299689,-0.818930,0.222128,1.093956,-0.009551,0.129921,1
-0.032554,-0.072054,-0.024012,0.328289,-0.299800,-0.001305,-0.029137,-0.051439,0.034538,0.436920,-0.432128,-0.006873,0.140628,-0.028498,-0.048969,-0.339261,0.908779,0.509234,-0.039428,-1.394377,-0.059478,-0.143259,0.040866,-1.299150,-0.817875,0.219719,1.093896,-0.009551,0.129885,1
-0.032546,-0.072063,-0.024012,0.328272,-0.299804,-0.001268,-0.029112,-0.051439,0.034551,0.436920,-0.432128,-0.006887,0.141579,-0.028475,-0.048983,-0.340951,0.907940,0.506453,-0.040782,-1.394377,-0.059382,-0.143176,0.039967,-1.298671,-0.817168,0.218436,1.093920,-0.009539,0.129849,1
-0.032529,-0.072080,-0.023985,0.328255,-0.299816,-0.001247,-0.029095,-0.051448,0.034578,0.436929,-0.432131,-0.006880,0.142450,-0.028475,-0.048973,-0.342917,0.906742,0.503673,-0.042149,-1.394401,-0.059418,-0.143008,0.039081,-1.298143,-0.816306,0.217190,1.093920,-0.009527,0.129789,1
-0.032520,-0.072097,-0.023971,0.328221,-0.299837,-0.001225,-0.029120,-0.051474,0.034631,0.436954,-0.432131,-0.006880,0.143789,-0.028467,-0.048958,-0.344906,0.905088,0.500293,-0.043287,-1.394436,-0.059550,-0.142756,0.038146,-1.297544,-0.815191,0.216004,1.093920,-0.009204,0.129753,1
-0.032486,-0.072123,-0.023945,0.328204,-0.299836,-0.001211,-0.029163,-0.051482,0.034698,0.436980,-0.432131,-0.006880,0.144726,-0.028475,-0.048973,-0.347519,0.903219,0.497106,-0.044150,-1.394436,-0.059693,-0.142624,0.037199,-1.296849,-0.813825,0.214721,1.093944,-0.008988,0.129813,1
-0.032452,-0.072165,-0.023905,0.328170,-0.299836,-0.001211,-0.029231,-0.051550,0.034765,0.437065,-0.432131,-0.006880,0.145757,-0.028475,-0.048954,-0.349412,0.901421,0.494445,-0.045013,-1.394413,-0.059789,-0.142552,0.035725,-1.295998,-0.812447,0.213295,1.093932,-0.008964,0.129945,1
-0.032444,-0.072199,-0.023905,0.328136,-0.299836,-0.001211,-0.029299,-0.051661,0.034819,0.437167,-0.432131,-0.006880,0.146856,-0.028482,-0.048969,-0.351389,0.898748,0.492084,-0.045924,-1.394413,-0.059789,-0.142552,0.034634,-1.294500,-0.811224,0.211845,1.093932,-0.009000,0.130089,1
-0.032435,-0.072216,-0.023824,0.328093,-0.299840,-0.001189,-0.029376,-0.051763,0.034859,0.437270,-0.432128,-0.006873,0.148570,-0.028490,-0.048964,-0.354889,0.896148,0.487039,-0.047637,-1.394377,-0.059741,-0.142660,0.032729,-1.292882,-0.808983,0.209820,1.093932,-0.009156,0.130221,1
-0.032452,-0.072242,-0.023784,0.328042,-0.299832,-0.001203,-0.029418,-0.051806,0.034832,0.437329,-0.432131,-0.006880,0.149815,-0.028490,-0.048964,-0.356926,0.894614,0.484354,-0.049543,-1.394377,-0.059562,-0.142792,0.031231,-1.291959,-0.807785,0.207794,1.093908,-0.009240,0.130233,1
-0.032427,-0.072259,-0.023730,0.328016,-0.299836,-0.001211,-0.029461,-0.051857,0.034792,0.437312,-0.432116,-0.006880,0.151221,-0.028490,-0.048964,-0.358664,0.893260,0.481179,-0.050885,-1.394389,-0.059250,-0.142936,0.029721,-1.291300,-0.806251,0.206272,1.093884,-0.009180,0.130233,1
-0.032376,-0.072285,-0.023690,0.327991,-0.299836,-0.001211,-0.029452,-0.051866,0.034832,0.437312,-0.432120,-0.006887,0.152668,-0.028467,-0.048958,-0.360330,0.892133,0.477955,-0.052131,-1.394365,-0.058914,-0.143032,0.028187,-1.290953,-0.804357,0.204691,1.093908,-0.009084,0.130257,1
-0.032333,-0.072302,-0.023677,0.328008,-0.299840,-0.001189,-0.029418,-0.051883,0.034846,0.437321,-0.432116,-0.006880,0.154355,-0.028460,-0.048963,-0.362007,0.891186,0.475139,-0.053222,-1.394389,-0.058938,-0.142972,0.026725,-1.290893,-0.802272,0.203157,1.093884,-0.009120,0.130233,1
-0.032299,-0.072310,-0.023663,0.327999,-0.299857,-0.001189,-0.029427,-0.051883,0.034819,0.437329,-0.432112,-0.006873,0.157261,-0.028475,-0.048954,-0.363913,0.890168,0.472742,-0.054265,-1.394377,-0.059022,-0.142816,0.025047,-1.291108,-0.800031,0.201790,1.093908,-0.009180,0.130221,1
-0.032265,-0.072310,-0.023637,0.328025,-0.299853,-0.001182,-0.029461,-0.051883,0.034846,0.437329,-0.432128,-0.006873,0.159015,-0.028460,-0.048963,-0.366346,0.889005,0.470189,-0.055151,-1.394413,-0.059130,-0.142708,0.022243,-1.291372,-0.798101,0.200760,1.093908,-0.009276,0.130185,1
-0.032256,-0.072319,-0.023637,0.328016,-0.299853,-0.001182,-0.029469,-0.051883,0.034846,0.437295,-0.432116,-0.006866,0.160462,-0.028475,-0.048954,-0.367832,0.886836,0.467648,-0.056026,-1.394377,-0.059274,-0.142612,0.020481,-1.291252,-0.796460,0.199981,1.093884,-0.009444,0.130137,1
-0.032205,-0.072302,-0.023543,0.328016,-0.299857,-0.001175,-0.029469,-0.051866,0.034832,0.437236,-0.432131,-0.006880,0.161667,-0.028498,-0.048969,-0.369977,0.884547,0.462663,-0.057572,-1.394389,-0.059538,-0.142624,0.018132,-1.289754,-0.793763,0.199070,1.093908,-0.009707,0.130065,1
-0.032180,-0.072302,-0.023516,0.328008,-0.299874,-0.001175,-0.029469,-0.051883,0.034832,0.437210,-0.432124,-0.006866,0.162109,-0.028498,-0.048959,-0.371631,0.883133,0.459451,-0.058831,-1.394401,-0.059598,-0.142624,0.016526,-1.289059,-0.791966,0.198135,1.093908,-0.009839,0.130101,1
-0.032111,-0.072319,-0.023463,0.328016,-0.299878,-0.001153,-0.029461,-0.051874,0.034846,0.437193,-0.432116,-0.006880,0.162296,-0.028482,-0.048969,-0.373524,0.881839,0.456599,-0.060640,-1.394389,-0.059598,-0.142648,0.014896,-1.288496,-0.789940,0.196290,1.093920,-0.009815,0.130245,1
-0.032052,-0.072310,-0.023369,0.328059,-0.299873,-0.001131,-0.029461,-0.051891,0.034819,0.437202,-0.432124,-0.006866,0.162323,-0.028460,-0.048963,-0.375514,0.880461,0.453891,-0.061719,-1.394389,-0.059610,-0.142660,0.012955,-1.288005,-0.788047,0.195055,1.093896,-0.009731,0.130412,1
-0.032001,-0.072319,-0.023342,0.328076,-0.299877,-0.001124,-0.029469,-0.051874,0.034806,0.437185,-0.432116,-0.006866,0.162216,-0.028460,-0.048953,-0.377287,0.879166,0.451350,-0.062570,-1.394401,-0.059574,-0.142636,0.011085,-1.287585,-0.786117,0.193917,1.093872,-0.009635,0.130640,1
-0.031966,-0.072310,-0.023302,0.328101,-0.299890,-0.001117,-0.029504,-0.051883,0.034819,0.437176,-0.432120,-0.006858,0.161734,-0.028475,-0.048944,-0.378845,0.877764,0.448845,-0.063265,-1.394389,-0.059490,-0.142624,0.009264,-1.287178,-0.784188,0.192970,1.093884,-0.009599,0.130928,1
-0.031941,-0.072310,-0.023235,0.328127,-0.299902,-0.001124,-0.029546,-0.051857,0.034819,0.437167,-0.432112,-0.006873,0.161265,-0.028467,-0.048949,-0.380427,0.876314,0.446412,-0.063948,-1.394389,-0.059406,-0.142648,0.007538,-1.286782,-0.782174,0.192167,1.093908,-0.009587,0.131119,1
-0.031907,-0.072310,-0.023195,0.328144,-0.299910,-0.001081,-0.029572,-0.051840,0.034806,0.437142,-0.432120,-0.006858,0.160930,-0.028467,-0.048958,-0.383076,0.874804,0.443788,-0.064703,-1.394389,-0.059346,-0.142696,0.004674,-1.286339,-0.780005,0.191292,1.093932,-0.009647,0.131323,1
-0.031873,-0.072310,-0.023128,0.328144,-0.299923,-0.001059,-0.029597,-0.051840,0.034806,0.437142,-0.432120,-0.006858,0.160810,-0.028475,-0.048954,-0.384861,0.872767,0.440684,-0.065614,-1.394377,-0.059346,-0.142852,0.002409,-1.285632,-0.778148,0.190321,1.093932,-0.009755,0.131527,1
-0.031873,-0.072319,-0.023155,0.328136,-0.299951,-0.001052,-0.029580,-0.051832,0.034765,0.437108,-0.432120,-0.006858,0.161038,-0.028460,-0.048963,-0.386479,0.871556,0.436286,-0.066584,-1.394389,-0.059346,-0.142996,0.000336,-1.285080,-0.775703,0.189207,1.093908,-0.009911,0.131755,1
-0.031864,-0.072319,-0.023195,0.328204,-0.299968,-0.000994,-0.029546,-0.051832,0.034712,0.437031,-0.432120,-0.006858,0.162015,-0.028490,-0.048964,-0.388960,0.869950,0.431792,-0.068382,-1.394389,-0.059418,-0.143223,-0.002732,-1.284206,-0.772539,0.186558,1.093884,-0.009779,0.132054,1
-0.031864,-0.072344,-0.023195,0.328229,-0.299968,-0.000980,-0.029504,-0.051806,0.034645,0.436971,-0.432128,-0.006873,0.162819,-0.028467,-0.048958,-0.390566,0.868872,0.428999,-0.069173,-1.394377,-0.059466,-0.143247,-0.005033,-1.283618,-0.770130,0.184893,1.093884,-0.009527,0.132198,1
-0.031856,-0.072336,-0.023222,0.328263,-0.299980,-0.000958,-0.029469,-0.051806,0.034645,0.436937,-0.432120,-0.006858,0.163756,-0.028467,-0.048958,-0.392100,0.867709,0.426327,-0.069892,-1.394389,-0.059550,-0.143211,-0.007970,-1.283079,-0.767829,0.183167,1.093872,-0.009264,0.132318,1
-0.031839,-0.072353,-0.023275,0.328306,-0.300000,-0.000922,-0.029461,-0.051780,0.034631,0.436937,-0.432120,-0.006858,0.164627,-0.028452,-0.048958,-0.393622,0.866451,0.423463,-0.070683,-1.394377,-0.059598,-0.143140,-0.011014,-1.282504,-0.765540,0.181705,1.093884,-0.009072,0.132378,1
-0.031839,-0.072370,-0.023289,0.328314,-0.300017,-0.000893,-0.029444,-0.051746,0.034645,0.436954,-0.432120,-0.006873,0.165725,-0.028475,-0.048944,-0.395060,0.865265,0.420479,-0.071474,-1.394377,-0.059669,-0.143080,-0.014034,-1.281905,-0.762952,0.180243,1.093872,-0.009036,0.132390,1
-0.031839,-0.072378,-0.023262,0.328314,-0.300021,-0.000886,-0.029444,-0.051738,0.034658,0.436963,-0.432120,-0.006887,0.166368,-0.028460,-0.048963,-0.397049,0.864162,0.417482,-0.072229,-1.394365,-0.059705,-0.143080,-0.019319,-1.281258,-0.760064,0.178829,1.093860,-0.009072,0.132390,1
-0.031813,-0.072378,-0.023248,0.328306,-0.300029,-0.000872,-0.029469,-0.051704,0.034672,0.436963,-0.432124,-0.006895,0.166890,-0.028467,-0.048958,-0.398296,0.862808,0.414846,-0.072948,-1.394401,-0.059705,-0.143080,-0.022003,-1.280251,-0.757295,0.177438,1.093872,-0.009084,0.132402,1
-0.031779,-0.072387,-0.023208,0.328297,-0.300037,-0.000872,-0.029487,-0.051729,0.034685,0.436980,-0.432124,-0.006895,0.167345,-0.028475,-0.048954,-0.399578,0.861921,0.410939,-0.073667,-1.394377,-0.059717,-0.143092,-0.024232,-1.279508,-0.753185,0.176012,1.093872,-0.009084,0.132426,1
-0.031719,-0.072421,-0.023248,0.328229,-0.300033,-0.000864,-0.029478,-0.051729,0.034685,0.437023,-0.432128,-0.006873,0.167707,-0.028467,-0.048958,-0.400908,0.861022,0.408602,-0.074973,-1.394389,-0.059705,-0.143092,-0.026581,-1.278705,-0.750248,0.173891,1.093848,-0.009084,0.132438,1
-0.031651,-0.072438,-0.023155,0.328221,-0.300037,-0.000857,-0.029461,-0.051738,0.034698,0.437057,-0.432128,-0.006873,0.167988,-0.028490,-0.048964,-0.402322,0.860027,0.406721,-0.075860,-1.394389,-0.059717,-0.143104,-0.029337,-1.277878,-0.747540,0.172549,1.093860,-0.009096,0.132486,1
-0.031523,-0.072464,-0.023155,0.328195,-0.300037,-0.000857,-0.029444,-0.051763,0.034725,0.437125,-0.432131,-0.006880,0.168363,-0.028467,-0.048958,-0.404276,0.858458,0.403785,-0.077142,-1.394389,-0.059705,-0.143068,-0.033831,-1.276644,-0.743477,0.170835,1.093860,-0.009336,0.132522,1
-0.031464,-0.072464,-0.023141,0.328204,-0.300033,-0.000850,-0.029452,-0.051780,0.034725,0.437150,-0.432131,-0.006880,0.168577,-0.028467,-0.048949,-0.405486,0.857367,0.401579,-0.077957,-1.394389,-0.059681,-0.143032,-0.037367,-1.275877,-0.740577,0.169984,1.093848,-0.009527,0.132546,1
-0.031395,-0.072464,-0.023114,0.328195,-0.300050,-0.000836,-0.029461,-0.051780,0.034739,0.437176,-0.432128,-0.006873,0.168966,-0.028460,-0.048953,-0.406721,0.856228,0.399195,-0.078796,-1.394389,-0.059586,-0.142948,-0.040615,-1.275086,-0.737749,0.169205,1.093824,-0.009527,0.132534,1
-0.031353,-0.072481,-0.023141,0.328178,-0.300050,-0.000836,-0.029461,-0.051780,0.034712,0.437185,-0.432131,-0.006894,0.169247,-0.028475,-0.048954,-0.408746,0.855102,0.396798,-0.079707,-1.394389,-0.059334,-0.142912,-0.044749,-1.274259,-0.734933,0.168498,1.093788,-0.009539,0.132534,1
-0.031327,-0.072481,-0.023155,0.328170,-0.300066,-0.000821,-0.029461,-0.051772,0.034685,0.437167,-0.432124,-0.006895,0.169582,-0.028452,-0.048958,-0.410052,0.853460,0.394161,-0.080582,-1.394389,-0.059058,-0.142924,-0.048045,-1.272881,-0.731925,0.167755,1.093788,-0.009503,0.132546,1
-0.031310,-0.072464,-0.023141,0.328170,-0.300087,-0.000814,-0.029461,-0.051755,0.034698,0.437150,-0.432124,-0.006895,0.169876,-0.028444,-0.048963,-0.411275,0.852405,0.391357,-0.081385,-1.394365,-0.058879,-0.142888,-0.051640,-1.271910,-0.729024,0.166880,1.093788,-0.009503,0.132593,1
-0.031285,-0.072464,-0.023141,0.328144,-0.300099,-0.000793,-0.029444,-0.051738,0.034698,0.437150,-0.432124,-0.006895,0.170238,-0.028460,-0.048953,-0.412401,0.851447,0.387438,-0.082332,-1.394401,-0.058855,-0.142888,-0.055547,-1.270975,-0.724614,0.165922,1.093764,-0.009444,0.132629,1
-0.031234,-0.072464,-0.023141,0.328144,-0.300103,-0.000771,-0.029435,-0.051729,0.034698,0.437167,-0.432124,-0.006895,0.170532,-0.028444,-0.048963,-0.413528,0.850584,0.384945,-0.082919,-1.394389,-0.058890,-0.142852,-0.059789,-1.270064,-0.721175,0.164483,1.093764,-0.009408,0.132653,1
-0.031199,-0.072455,-0.023208,0.328153,-0.300095,-0.000742,-0.029427,-0.051746,0.034712,0.437150,-0.432120,-0.006887,0.170840,-0.028452,-0.048958,-0.414618,0.849733,0.382237,-0.083566,-1.394425,-0.058938,-0.142804,-0.063145,-1.269058,-0.718047,0.163693,1.093740,-0.009408,0.132701,1
-0.031131,-0.072455,-0.023168,0.328144,-0.300119,-0.000713,-0.029393,-0.051721,0.034725,0.437142,-0.432124,-0.006866,0.171215,-0.028467,-0.048958,-0.416116,0.848367,0.378642,-0.084836,-1.394460,-0.059202,-0.142828,-0.067675,-1.267452,-0.713109,0.162830,1.093704,-0.009420,0.132761,1
-0.031114,-0.072447,-0.023155,0.328144,-0.300123,-0.000706,-0.029393,-0.051687,0.034725,0.437150,-0.432120,-0.006858,0.171523,-0.028482,-0.048969,-0.417039,0.847456,0.376604,-0.085843,-1.394460,-0.059310,-0.142876,-0.070563,-1.266265,-0.709814,0.162266,1.093668,-0.009432,0.132869,1
-0.031020,-0.072438,-0.023168,0.328144,-0.300132,-0.000706,-0.029401,-0.051687,0.034725,0.437167,-0.432116,-0.006866,0.171751,-0.028467,-0.048949,-0.418657,0.846557,0.374747,-0.086790,-1.394436,-0.059358,-0.142948,-0.076100,-1.265067,-0.706830,0.161332,1.093680,-0.009563,0.133061,1
-0.030995,-0.072438,-0.023128,0.328127,-0.300148,-0.000706,-0.029410,-0.051687,0.034712,0.437185,-0.432128,-0.006873,0.172006,-0.028452,-0.048958,-0.419879,0.845658,0.372841,-0.087820,-1.394425,-0.059370,-0.142996,-0.080043,-1.263892,-0.703498,0.159989,1.093704,-0.009875,0.133265,1
-0.030978,-0.072447,-0.023141,0.328118,-0.300160,-0.000670,-0.029427,-0.051678,0.034712,0.437176,-0.432120,-0.006887,0.172260,-0.028460,-0.048953,-0.421293,0.844304,0.370265,-0.088899,-1.394449,-0.059346,-0.142996,-0.083734,-1.262394,-0.698740,0.158491,1.093704,-0.010139,0.133708,1
-0.030969,-0.072421,-0.023114,0.328136,-0.300161,-0.000684,-0.029461,-0.051678,0.034712,0.437167,-0.432128,-0.006873,0.172528,-0.028444,-0.048963,-0.422636,0.843429,0.368683,-0.090025,-1.394436,-0.059322,-0.142972,-0.087413,-1.261484,-0.695720,0.157101,1.093668,-0.010115,0.134343,1
-0.030927,-0.072429,-0.023141,0.328118,-0.300161,-0.000684,-0.029469,-0.051670,0.034712,0.437167,-0.432116,-0.006880,0.172769,-0.028460,-0.048963,-0.423810,0.842519,0.366681,-0.091559,-1.394436,-0.059226,-0.142936,-0.091008,-1.260561,-0.692317,0.154992,1.093596,-0.010019,0.135062,1
-0.030910,-0.072429,-0.023074,0.328101,-0.300156,-0.000648,-0.029469,-0.051678,0.034725,0.437167,-0.432116,-0.006880,0.173010,-0.028467,-0.048958,-0.424853,0.841464,0.364416,-0.092434,-1.394449,-0.058950,-0.142948,-0.095131,-1.259422,-0.689105,0.153734,1.093477,-0.009947,0.135697,1
-0.030867,-0.072438,-0.023047,0.328059,-0.300181,-0.000605,-0.029444,-0.051661,0.034725,0.437150,-0.432112,-0.006873,0.173371,-0.028452,-0.048958,-0.426339,0.839870,0.360761,-0.093513,-1.394449,-0.058183,-0.142948,-0.101099,-1.257169,-0.684179,0.152128,1.093393,-0.009707,0.136608,1
-0.030807,-0.072447,-0.023074,0.328067,-0.300197,-0.000590,-0.029452,-0.051653,0.034698,0.437159,-0.432112,-0.006873,0.173760,-0.028460,-0.048963,-0.427310,0.838815,0.358796,-0.094160,-1.394449,-0.058040,-0.142924,-0.104646,-1.255479,-0.680596,0.150929,1.093357,-0.009647,0.137363,1
-0.030739,-0.072447,-0.023074,0.328084,-0.300193,-0.000583,-0.029469,-0.051644,0.034698,0.437159,-0.432112,-0.006873,0.174028,-0.028460,-0.048953,-0.428891,0.837929,0.356998,-0.094675,-1.394460,-0.058088,-0.142912,-0.109632,-1.253766,-0.677492,0.149563,1.093393,-0.009671,0.137795,1
-0.030705,-0.072447,-0.023061,0.328093,-0.300214,-0.000576,-0.029478,-0.051618,0.034698,0.437176,-0.432112,-0.006873,0.174322,-0.028460,-0.048953,-0.430078,0.837114,0.355188,-0.095287,-1.394460,-0.058112,-0.142888,-0.112891,-1.252220,-0.674412,0.148041,1.093405,-0.009755,0.138154,1
-0.030688,-0.072429,-0.023061,0.328101,-0.300218,-0.000554,-0.029478,-0.051610,0.034698,0.437167,-0.432128,-0.006873,0.174617,-0.028444,-0.048963,-0.431420,0.835783,0.352971,-0.095958,-1.394449,-0.058076,-0.142888,-0.117194,-1.250182,-0.671212,0.146447,1.093405,-0.009911,0.138478,1
-0.030680,-0.072438,-0.023047,0.328101,-0.300243,-0.000540,-0.029461,-0.051601,0.034712,0.437185,-0.432124,-0.006895,0.174965,-0.028460,-0.048953,-0.432643,0.834801,0.349088,-0.096713,-1.394460,-0.058064,-0.142900,-0.120969,-1.249164,-0.666658,0.144733,1.093417,-0.009959,0.138765,1
-0.030637,-0.072438,-0.023021,0.328084,-0.300242,-0.000526,-0.029469,-0.051567,0.034712,0.437176,-0.432120,-0.006887,0.175367,-0.028467,-0.048958,-0.433733,0.833746,0.346680,-0.097947,-1.394460,-0.058135,-0.142888,-0.124720,-1.248193,-0.663638,0.142265,1.093405,-0.009911,0.139053,1
-0.030663,-0.072438,-0.023021,0.328101,-0.300267,-0.000497,-0.029512,-0.051567,0.034712,0.437185,-0.432131,-0.006880,0.175795,-0.028467,-0.048958,-0.434596,0.832739,0.343899,-0.098786,-1.394449,-0.058243,-0.142900,-0.128591,-1.247378,-0.660594,0.140779,1.093357,-0.009863,0.139317,1
-0.030663,-0.072438,-0.023034,0.328110,-0.300275,-0.000468,-0.029521,-0.051542,0.034698,0.437176,-0.432131,-0.006880,0.176278,-0.028475,-0.048954,-0.435447,0.831877,0.341443,-0.099481,-1.394436,-0.058495,-0.142888,-0.131850,-1.246419,-0.658018,0.139293,1.093321,-0.009671,0.139544,1
-0.030663,-0.072429,-0.023034,0.328093,-0.300283,-0.000424,-0.029546,-0.051533,0.034685,0.437167,-0.432131,-0.006880,0.176760,-0.028460,-0.048953,-0.436442,0.830978,0.339369,-0.100116,-1.394472,-0.058651,-0.142888,-0.135302,-1.244933,-0.655034,0.137759,1.093273,-0.009563,0.139628,1
-0.030671,-0.072438,-0.023021,0.328110,-0.300300,-0.000425,-0.029538,-0.051525,0.034698,0.437150,-0.432120,-0.006858,0.177496,-0.028475,-0.048954,-0.437544,0.830163,0.337536,-0.100644,-1.394484,-0.058795,-0.142888,-0.138921,-1.243112,-0.651642,0.135985,1.093273,-0.009408,0.139700,1
-0.030637,-0.072438,-0.023061,0.328101,-0.300320,-0.000374,-0.029538,-0.051499,0.034672,0.437142,-0.432120,-0.006887,0.178380,-0.028467,-0.048958,-0.440288,0.828868,0.335235,-0.101111,-1.394496,-0.058938,-0.142900,-0.145632,-1.240607,-0.646453,0.133241,1.093309,-0.009324,0.139760,1
-0.030620,-0.072438,-0.023047,0.328093,-0.300337,-0.000360,-0.029538,-0.051465,0.034698,0.437150,-0.432116,-0.006880,0.178983,-0.028452,-0.048958,-0.441631,0.827346,0.333353,-0.101219,-1.394484,-0.058890,-0.142900,-0.149036,-1.238342,-0.642858,0.131539,1.093297,-0.009384,0.139760,1
-0.030594,-0.072438,-0.023074,0.328101,-0.300345,-0.000316,-0.029555,-0.051465,0.034698,0.437150,-0.432124,-0.006895,0.179599,-0.028467,-0.048949,-0.442817,0.826160,0.330249,-0.101446,-1.394472,-0.058711,-0.142924,-0.152200,-1.236904,-0.638436,0.130053,1.093321,-0.009527,0.139724,1
-0.030594,-0.072429,-0.023074,0.328101,-0.300365,-0.000295,-0.029538,-0.051457,0.034685,0.437150,-0.432128,-0.006873,0.180242,-0.028460,-0.048953,-0.443764,0.824974,0.328044,-0.102070,-1.394449,-0.058531,-0.143020,-0.155591,-1.235538,-0.635691,0.128435,1.093333,-0.009695,0.139640,1
-0.030586,-0.072412,-0.023034,0.328118,-0.300386,-0.000288,-0.029555,-0.051457,0.034698,0.437142,-0.432124,-0.006895,0.180831,-0.028460,-0.048953,-0.444567,0.823811,0.325671,-0.103148,-1.394472,-0.058471,-0.143140,-0.158923,-1.234375,-0.633139,0.125667,1.093333,-0.009923,0.139556,1
-0.030560,-0.072447,-0.023034,0.328118,-0.300394,-0.000259,-0.029563,-0.051457,0.034698,0.437159,-0.432128,-0.006873,0.181340,-0.028467,-0.048949,-0.445633,0.822756,0.323191,-0.103616,-1.394484,-0.058543,-0.143283,-0.162195,-1.233141,-0.630598,0.123797,1.093321,-0.010187,0.139544,1
-0.030569,-0.072421,-0.023034,0.328110,-0.300402,-0.000230,-0.029563,-0.051457,0.034698,0.437159,-0.432116,-0.006866,0.181741,-0.028475,-0.048954,-0.447000,0.821666,0.320866,-0.103951,-1.394472,-0.058603,-0.143391,-0.165742,-1.231775,-0.627722,0.122215,1.093309,-0.010187,0.139556,1
-0.030518,-0.072404,-0.023034,0.328101,-0.300410,-0.000201,-0.029572,-0.051457,0.034698,0.437142,-0.432124,-0.006895,0.182103,-0.028467,-0.048958,-0.448653,0.820695,0.318972,-0.104239,-1.394484,-0.058699,-0.143487,-0.169085,-1.230181,-0.624438,0.120669,1.093321,-0.010163,0.139712,1
-0.030467,-0.072387,-0.023021,0.328101,-0.300427,-0.000201,-0.029563,-0.051431,0.034712,0.437142,-0.432116,-0.006880,0.182250,-0.028460,-0.048963,-0.451266,0.819641,0.316887,-0.104658,-1.394472,-0.058711,-0.143523,-0.174083,-1.228515,-0.621286,0.119015,1.093309,-0.010127,0.139832,1
-0.030415,-0.072395,-0.023047,0.328110,-0.300443,-0.000172,-0.029563,-0.051439,0.034672,0.437142,-0.432120,-0.006887,0.182331,-0.028452,-0.048948,-0.452872,0.817903,0.314490,-0.105186,-1.394472,-0.058627,-0.143523,-0.177067,-1.225914,-0.618542,0.117242,1.093297,-0.010127,0.140000,1
-0.030364,-0.072404,-0.023034,0.328110,-0.300472,-0.000136,-0.029580,-0.051439,0.034698,0.437159,-0.432120,-0.006858,0.182384,-0.028452,-0.048958,-0.454693,0.816213,0.309373,-0.106072,-1.394472,-0.058495,-0.143487,-0.181585,-1.223434,-0.612909,0.114377,1.093273,-0.010007,0.140263,1
-0.030339,-0.072387,-0.023007,0.328110,-0.300485,-0.000114,-0.029580,-0.051431,0.034698,0.437167,-0.432120,-0.006858,0.182357,-0.028460,-0.048953,-0.455484,0.815099,0.306664,-0.106528,-1.394460,-0.058543,-0.143475,-0.184761,-1.222019,-0.610153,0.112628,1.093273,-0.009899,0.140455,1
-0.030339,-0.072404,-0.023021,0.328144,-0.300493,-0.000071,-0.029580,-0.051422,0.034698,0.437150,-0.432120,-0.006858,0.182357,-0.028460,-0.048953,-0.456467,0.813960,0.303584,-0.107091,-1.394472,-0.058651,-0.143451,-0.187973,-1.220509,-0.607181,0.110375,1.093273,-0.009875,0.140527,1
-0.030339,-0.072404,-0.023007,0.328144,-0.300497,-0.000064,-0.029597,-0.051405,0.034698,0.437159,-0.432108,-0.006866,0.182357,-0.028467,-0.048949,-0.457809,0.812786,0.300696,-0.107319,-1.394484,-0.058771,-0.143439,-0.191280,-1.219011,-0.603933,0.108649,1.093273,-0.009899,0.140515,1
-0.030330,-0.072395,-0.023007,0.328127,-0.300513,-0.000006,-0.029580,-0.051414,0.034685,0.437142,-0.432120,-0.006858,0.182304,-0.028460,-0.048953,-0.459499,0.811719,0.298383,-0.107487,-1.394520,-0.058986,-0.143415,-0.194828,-1.217250,-0.600913,0.106624,1.093285,-0.010031,0.140467,1
-0.030356,-0.072378,-0.023047,0.328144,-0.300538,0.000023,-0.029580,-0.051388,0.034685,0.437099,-0.432128,-0.006873,0.182290,-0.028475,-0.048954,-0.461429,0.810700,0.296394,-0.107798,-1.394520,-0.059094,-0.143391,-0.198087,-1.215404,-0.598205,0.104634,1.093249,-0.010115,0.140455,1
-0.030330,-0.072370,-0.023007,0.328118,-0.300542,0.000045,-0.029580,-0.051405,0.034698,0.437074,-0.432120,-0.006858,0.182224,-0.028467,-0.048958,-0.463250,0.809670,0.294452,-0.108182,-1.394496,-0.059082,-0.143307,-0.201107,-1.213559,-0.595472,0.102944,1.093237,-0.010103,0.140467,1
-0.030313,-0.072370,-0.023007,0.328127,-0.300580,0.000052,-0.029606,-0.051380,0.034685,0.437048,-0.432120,-0.006858,0.182224,-0.028467,-0.048958,-0.466810,0.807608,0.291960,-0.108709,-1.394508,-0.059070,-0.143295,-0.208298,-1.210551,-0.591577,0.100524,1.093237,-0.010055,0.140467,1
-0.030279,-0.072361,-0.023007,0.328118,-0.300580,0.000081,-0.029606,-0.051388,0.034698,0.437031,-0.432120,-0.006858,0.182210,-0.028482,-0.048949,-0.468643,0.806482,0.289431,-0.108925,-1.394508,-0.059046,-0.143283,-0.212301,-1.209364,-0.587443,0.098714,1.093237,-0.010055,0.140491,1
-0.030262,-0.072361,-0.023021,0.328118,-0.300592,0.000102,-0.029580,-0.051354,0.034685,0.437031,-0.432120,-0.006858,0.182224,-0.028482,-0.048959,-0.470561,0.805307,0.286998,-0.109032,-1.394496,-0.058879,-0.143307,-0.216279,-1.208154,-0.584339,0.095694,1.093237,-0.010043,0.140515,1
-0.030228,-0.072353,-0.023007,0.328118,-0.300600,0.000088,-0.029572,-0.051363,0.034685,0.437031,-0.432124,-0.006880,0.182250,-0.028467,-0.048949,-0.472418,0.804121,0.284110,-0.109104,-1.394496,-0.058543,-0.143367,-0.219443,-1.206728,-0.581211,0.093741,1.093237,-0.010007,0.140539,1
-0.030177,-0.072336,-0.023061,0.328136,-0.300604,0.000109,-0.029563,-0.051363,0.034685,0.437023,-0.432128,-0.006873,0.182237,-0.028467,-0.048949,-0.474156,0.802911,0.281354,-0.109200,-1.394520,-0.058255,-0.143391,-0.222427,-1.205050,-0.578287,0.091883,1.093225,-0.009971,0.140527,1
-0.030126,-0.072319,-0.023007,0.328127,-0.300617,0.000116,-0.029555,-0.051346,0.034698,0.437048,-0.432108,-0.006866,0.182264,-0.028467,-0.048958,-0.475558,0.801664,0.278933,-0.109308,-1.394472,-0.058267,-0.143403,-0.225651,-1.203396,-0.575135,0.090205,1.093237,-0.009947,0.140503,1
-0.030109,-0.072310,-0.022967,0.328144,-0.300625,0.000131,-0.029563,-0.051337,0.034672,0.437048,-0.432120,-0.006858,0.182264,-0.028452,-0.048958,-0.476625,0.800502,0.276776,-0.109356,-1.394484,-0.058399,-0.143415,-0.228443,-1.201898,-0.572331,0.088515,1.093249,-0.009887,0.140431,1
-0.030092,-0.072285,-0.023007,0.328161,-0.300621,0.000167,-0.029580,-0.051312,0.034698,0.437065,-0.432116,-0.006866,0.182264,-0.028475,-0.048954,-0.477883,0.799459,0.274631,-0.109344,-1.394484,-0.058471,-0.143427,-0.232782,-1.200400,-0.569407,0.086754,1.093225,-0.009911,0.140431,1
-0.030075,-0.072285,-0.022994,0.328144,-0.300633,0.000174,-0.029580,-0.051303,0.034698,0.437099,-0.432120,-0.006858,0.182277,-0.028467,-0.048949,-0.478578,0.798548,0.272354,-0.109284,-1.394484,-0.058531,-0.143403,-0.235550,-1.198794,-0.566135,0.085040,1.093213,-0.009947,0.140455,1
-0.030075,-0.072268,-0.023021,0.328170,-0.300629,0.000182,-0.029572,-0.051295,0.034698,0.437099,-0.432120,-0.006858,0.182317,-0.028467,-0.048949,-0.479453,0.797278,0.270077,-0.109212,-1.394472,-0.058531,-0.143403,-0.238079,-1.196146,-0.562803,0.083422,1.093237,-0.010007,0.140527,1
-0.030075,-0.072259,-0.023021,0.328170,-0.300650,0.000189,-0.029572,-0.051286,0.034672,0.437108,-0.432120,-0.006858,0.182398,-0.028482,-0.048969,-0.480927,0.796283,0.266289,-0.109200,-1.394496,-0.058543,-0.143391,-0.240619,-1.194528,-0.558297,0.081936,1.093249,-0.010151,0.140623,1
-0.030092,-0.072259,-0.023047,0.328178,-0.300654,0.000210,-0.029572,-0.051278,0.034658,0.437091,-0.432120,-0.006858,0.182478,-0.028467,-0.048978,-0.482880,0.795181,0.263234,-0.109248,-1.394484,-0.058627,-0.143331,-0.243963,-1.193089,-0.555229,0.079551,1.093225,-0.010366,0.140743,1
-0.030083,-0.072242,-0.023074,0.328187,-0.300662,0.000210,-0.029572,-0.051278,0.034658,0.437082,-0.432128,-0.006873,0.182625,-0.028482,-0.048969,-0.485864,0.793563,0.259255,-0.109260,-1.394484,-0.058879,-0.143271,-0.250063,-1.191124,-0.550987,0.076747,1.093249,-0.010654,0.140911,1
-0.030100,-0.072233,-0.023074,0.328178,-0.300662,0.000239,-0.029572,-0.051269,0.034685,0.437074,-0.432120,-0.006858,0.182746,-0.028482,-0.048969,-0.487974,0.792604,0.256942,-0.109212,-1.394484,-0.058974,-0.143259,-0.254677,-1.189710,-0.547823,0.074806,1.093249,-0.010846,0.140994,1
-0.030100,-0.072242,-0.023061,0.328204,-0.300662,0.000239,-0.029563,-0.051252,0.034658,0.437057,-0.432112,-0.006873,0.182880,-0.028444,-0.048963,-0.489999,0.791633,0.254737,-0.109080,-1.394484,-0.058974,-0.143283,-0.258907,-1.187972,-0.544300,0.073080,1.093237,-0.010822,0.141054,1
-0.030075,-0.072225,-0.023074,0.328178,-0.300666,0.000261,-0.029555,-0.051252,0.034698,0.437048,-0.432112,-0.006873,0.183081,-0.028460,-0.048953,-0.491964,0.790615,0.252747,-0.108937,-1.394472,-0.058986,-0.143307,-0.262550,-1.186091,-0.540920,0.071486,1.093213,-0.010618,0.141066,1
-0.030049,-0.072225,-0.023088,0.328187,-0.300678,0.000239,-0.029538,-0.051252,0.034698,0.437065,-0.432116,-0.006866,0.183174,-0.028460,-0.048953,-0.494505,0.789476,0.250986,-0.108757,-1.394484,-0.058986,-0.143307,-0.267320,-1.184113,-0.537660,0.069772,1.093201,-0.010498,0.141078,1
-0.030040,-0.072225,-0.023114,0.328178,-0.300687,0.000239,-0.029538,-0.051235,0.034685,0.437065,-0.432112,-0.006873,0.183255,-0.028467,-0.048949,-0.495967,0.788290,0.249116,-0.108601,-1.394472,-0.058914,-0.143295,-0.270772,-1.182304,-0.534544,0.067735,1.093201,-0.010486,0.141078,1
-0.030032,-0.072216,-0.023088,0.328195,-0.300678,0.000254,-0.029512,-0.051235,0.034685,0.437091,-0.432112,-0.006873,0.183308,-0.028460,-0.048953,-0.497321,0.786492,0.245509,-0.108481,-1.394484,-0.058711,-0.143307,-0.274247,-1.179787,-0.531668,0.065793,1.093165,-0.010402,0.141078,1
-0.030006,-0.072208,-0.023088,0.328187,-0.300683,0.000246,-0.029504,-0.051218,0.034685,0.437099,-0.432116,-0.006866,0.183308,-0.028467,-0.048958,-0.498592,0.785378,0.242681,-0.108397,-1.394472,-0.058447,-0.143307,-0.277327,-1.177822,-0.527090,0.064056,1.093129,-0.010247,0.141066,1
-0.029981,-0.072216,-0.023155,0.328178,-0.300678,0.000239,-0.029469,-0.051226,0.034685,0.437108,-0.432128,-0.006873,0.183281,-0.028482,-0.048969,-0.499778,0.784347,0.240128,-0.108325,-1.394472,-0.058339,-0.143295,-0.280203,-1.175700,-0.523651,0.061767,1.093093,-0.010139,0.141078,1
-0.029921,-0.072208,-0.023141,0.328178,-0.300674,0.000232,-0.029444,-0.051218,0.034685,0.437150,-0.432116,-0.006880,0.183201,-0.028475,-0.048964,-0.501300,0.782825,0.236509,-0.108254,-1.394472,-0.058423,-0.143295,-0.284194,-1.172513,-0.518773,0.059238,1.093093,-0.010031,0.141090,1
-0.029896,-0.072208,-0.023141,0.328178,-0.300678,0.000239,-0.029444,-0.051218,0.034672,0.437185,-0.432116,-0.006851,0.183174,-0.028482,-0.048949,-0.502247,0.781782,0.233992,-0.108206,-1.394484,-0.058531,-0.143271,-0.286771,-1.170883,-0.515202,0.057285,1.093105,-0.010067,0.141174,1
-0.029887,-0.072208,-0.023168,0.328195,-0.300674,0.000246,-0.029461,-0.051218,0.034685,0.437210,-0.432112,-0.006873,0.183161,-0.028467,-0.048958,-0.503302,0.780752,0.231787,-0.108182,-1.394484,-0.058603,-0.143247,-0.289731,-1.169325,-0.511966,0.055223,1.093129,-0.010115,0.141330,1
-0.029887,-0.072208,-0.023208,0.328187,-0.300666,0.000247,-0.029487,-0.051218,0.034685,0.437236,-0.432116,-0.006866,0.183174,-0.028475,-0.048954,-0.504776,0.779781,0.229618,-0.108122,-1.394460,-0.058711,-0.143247,-0.293494,-1.167851,-0.508850,0.053258,1.093093,-0.010103,0.141426,1
-0.029896,-0.072199,-0.023208,0.328187,-0.300670,0.000254,-0.029512,-0.051209,0.034685,0.437244,-0.432112,-0.006873,0.183201,-0.028475,-0.048964,-0.507760,0.778942,0.227185,-0.108086,-1.394472,-0.058795,-0.143235,-0.298815,-1.166497,-0.505435,0.051484,1.093105,-0.010079,0.141426,1
-0.029913,-0.072191,-0.023222,0.328187,-0.300666,0.000261,-0.029512,-0.051218,0.034685,0.437219,-0.432116,-0.006851,0.183188,-0.028452,-0.048958,-0.510013,0.777924,0.224692,-0.107990,-1.394484,-0.058831,-0.143223,-0.302182,-1.164651,-0.502355,0.049663,1.093117,-0.010079,0.141354,1
-0.029913,-0.072191,-0.023222,0.328161,-0.300670,0.000254,-0.029512,-0.051201,0.034658,0.437227,-0.432104,-0.006859,0.183201,-0.028460,-0.048963,-0.512278,0.777396,0.221073,-0.107930,-1.394460,-0.058831,-0.143247,-0.305238,-1.163405,-0.497897,0.047625,1.093105,-0.010055,0.141294,1
-0.029904,-0.072191,-0.023235,0.328144,-0.300674,0.000246,-0.029495,-0.051218,0.034685,0.437227,-0.432108,-0.006866,0.183161,-0.028475,-0.048954,-0.514195,0.776689,0.218808,-0.107798,-1.394472,-0.058855,-0.143235,-0.307827,-1.161835,-0.494913,0.044929,1.093105,-0.010067,0.141258,1
-0.029896,-0.072191,-0.023289,0.328136,-0.300683,0.000232,-0.029487,-0.051201,0.034685,0.437219,-0.432120,-0.006858,0.183201,-0.028498,-0.048959,-0.515945,0.775623,0.216651,-0.107738,-1.394472,-0.058879,-0.143235,-0.311003,-1.159989,-0.492036,0.043455,1.093129,-0.010115,0.141270,1
-0.029896,-0.072191,-0.023275,0.328153,-0.300683,0.000232,-0.029469,-0.051226,0.034672,0.437219,-0.432116,-0.006851,0.183268,-0.028467,-0.048949,-0.518498,0.773873,0.213475,-0.107630,-1.394436,-0.058974,-0.143235,-0.316060,-1.157089,-0.487758,0.040794,1.093153,-0.010414,0.141330,1
-0.029904,-0.072182,-0.023275,0.328153,-0.300670,0.000225,-0.029461,-0.051201,0.034672,0.437219,-0.432112,-0.006844,0.183268,-0.028460,-0.048963,-0.520151,0.772902,0.211486,-0.107594,-1.394436,-0.058890,-0.143247,-0.319272,-1.155231,-0.484666,0.038721,1.093153,-0.010486,0.141486,1
-0.029896,-0.072165,-0.023302,0.328170,-0.300674,0.000246,-0.029452,-0.051184,0.034685,0.437227,-0.432116,-0.006851,0.183322,-0.028475,-0.048954,-0.521494,0.772111,0.209281,-0.107546,-1.394425,-0.058675,-0.143247,-0.322795,-1.153613,-0.481826,0.036612,1.093153,-0.010438,0.141989,1
-0.029896,-0.072157,-0.023275,0.328178,-0.300674,0.000232,-0.029444,-0.051201,0.034672,0.437210,-0.432108,-0.006866,0.183335,-0.028467,-0.048958,-0.522440,0.771728,0.207998,-0.107534,-1.394425,-0.058531,-0.143247,-0.326127,-1.152894,-0.480424,0.035617,1.093129,-0.010378,0.142169,1
-0.029896,-0.072157,-0.023315,0.328195,-0.300666,0.000232,-0.029444,-0.051192,0.034658,0.437219,-0.432112,-0.006858,0.183308,-0.028467,-0.048949,-0.523627,0.770326,0.203864,-0.107522,-1.394425,-0.058052,-0.143235,-0.331220,-1.149827,-0.475390,0.032705,1.093153,-0.010043,0.142528,1
-0.029930,-0.072131,-0.023329,0.328195,-0.300666,0.000232,-0.029461,-0.051201,0.034685,0.437227,-0.432120,-0.006858,0.183308,-0.028460,-0.048953,-0.524753,0.769475,0.200388,-0.107534,-1.394425,-0.057980,-0.143247,-0.334719,-1.147813,-0.470800,0.030847,1.093129,-0.010007,0.142612,1
-0.029955,-0.072140,-0.023369,0.328204,-0.300666,0.000203,-0.029469,-0.051184,0.034672,0.437236,-0.432112,-0.006844,0.183322,-0.028467,-0.048949,-0.526575,0.768456,0.198039,-0.107510,-1.394436,-0.058100,-0.143200,-0.337907,-1.145668,-0.467732,0.028678,1.093153,-0.009971,0.142552,1
-0.029998,-0.072140,-0.023369,0.328212,-0.300670,0.000225,-0.029487,-0.051192,0.034685,0.437244,-0.432112,-0.006844,0.183295,-0.028452,-0.048958,-0.528768,0.767485,0.195654,-0.107498,-1.394449,-0.058279,-0.143116,-0.340975,-1.143786,-0.464700,0.025359,1.093117,-0.009971,0.142456,1
-0.030032,-0.072140,-0.023369,0.328246,-0.300670,0.000239,-0.029512,-0.051192,0.034672,0.437236,-0.432108,-0.006851,0.183268,-0.028452,-0.048958,-0.531069,0.766431,0.193090,-0.107379,-1.394472,-0.058411,-0.142996,-0.344127,-1.141833,-0.462004,0.023309,1.093129,-0.009947,0.142397,1
-0.030040,-0.072131,-0.023369,0.328238,-0.300662,0.000225,-0.029538,-0.051175,0.034685,0.437210,-0.432112,-0.006844,0.183188,-0.028452,-0.048948,-0.534029,0.764933,0.189806,-0.107079,-1.394425,-0.058519,-0.142900,-0.348058,-1.138897,-0.457678,0.020721,1.093141,-0.009719,0.142361,1
-0.030040,-0.072123,-0.023369,0.328212,-0.300662,0.000210,-0.029572,-0.051175,0.034698,0.437193,-0.432108,-0.006866,0.183188,-0.028467,-0.048958,-0.535683,0.763926,0.187373,-0.106708,-1.394436,-0.058519,-0.142900,-0.350778,-1.136776,-0.454454,0.018851,1.093165,-0.009599,0.142361,1
-0.030040,-0.072123,-0.023329,0.328195,-0.300662,0.000225,-0.029538,-0.051175,0.034672,0.437193,-0.432112,-0.006844,0.183228,-0.028467,-0.048958,-0.538248,0.762883,0.184737,-0.106336,-1.394413,-0.058495,-0.142900,-0.354901,-1.134810,-0.451206,0.016766,1.093153,-0.009647,0.142349,1
-0.030040,-0.072131,-0.023355,0.328187,-0.300654,0.000225,-0.029529,-0.051184,0.034672,0.437193,-0.432104,-0.006859,0.183308,-0.028475,-0.048944,-0.539973,0.761289,0.182448,-0.105941,-1.394425,-0.058447,-0.142900,-0.357861,-1.132162,-0.447982,0.014477,1.093153,-0.009755,0.142361,1
-0.030040,-0.072106,-0.023355,0.328187,-0.300658,0.000218,-0.029529,-0.051175,0.034672,0.437193,-0.432104,-0.006859,0.183389,-0.028475,-0.048944,-0.541627,0.760163,0.180267,-0.105605,-1.394425,-0.058423,-0.142888,-0.361073,-1.130652,-0.444842,0.012260,1.093117,-0.009923,0.142361,1
-0.030032,-0.072106,-0.023369,0.328178,-0.300658,0.000218,-0.029521,-0.051184,0.034658,0.437185,-0.432100,-0.006851,0.183456,-0.028467,-0.048949,-0.543065,0.759120,0.176815,-0.105233,-1.394425,-0.058363,-0.142900,-0.364428,-1.129094,-0.441139,0.009935,1.093117,-0.010031,0.142361,1
-0.030040,-0.072097,-0.023369,0.328170,-0.300654,0.000210,-0.029555,-0.051184,0.034658,0.437142,-0.432108,-0.006837,0.183509,-0.028467,-0.048949,-0.544335,0.758150,0.174406,-0.104574,-1.394425,-0.058351,-0.142900,-0.367628,-1.127188,-0.438671,0.005968,1.093153,-0.010139,0.142325,1
-0.030049,-0.072097,-0.023342,0.328153,-0.300654,0.000196,-0.029555,-0.051184,0.034645,0.437125,-0.432104,-0.006844,0.183509,-0.028460,-0.048963,-0.545534,0.757287,0.172177,-0.104023,-1.394425,-0.058315,-0.142912,-0.370960,-1.125127,-0.436142,0.003715,1.093141,-0.010127,0.142289,1
-0.030040,-0.072072,-0.023396,0.328161,-0.300650,0.000218,-0.029538,-0.051175,0.034685,0.437125,-0.432104,-0.006829,0.183509,-0.028460,-0.048953,-0.546780,0.756544,0.170176,-0.103424,-1.394413,-0.058363,-0.142912,-0.373812,-1.123209,-0.433541,0.001822,1.093153,-0.009983,0.142217,1
-0.030032,-0.072080,-0.023396,0.328161,-0.300650,0.000218,-0.029538,-0.051175,0.034672,0.437116,-0.432108,-0.006837,0.183509,-0.028482,-0.048949,-0.548278,0.756040,0.167863,-0.102693,-1.394425,-0.058363,-0.142912,-0.376377,-1.121388,-0.430509,0.000036,1.093165,-0.009827,0.142169,1
-0.030058,-0.072072,-0.023382,0.328161,-0.300645,0.000225,-0.029555,-0.051158,0.034672,0.437142,-0.432100,-0.006837,0.183523,-0.028490,-0.048944,-0.550088,0.755741,0.165478,-0.101734,-1.394436,-0.058339,-0.142972,-0.378977,-1.119518,-0.427238,-0.001798,1.093165,-0.009695,0.142181,1
-0.030100,-0.072080,-0.023342,0.328187,-0.300650,0.000203,-0.029563,-0.051184,0.034658,0.437133,-0.432096,-0.006859,0.183523,-0.028505,-0.048924,-0.553779,0.755489,0.162123,-0.100344,-1.394449,-0.058363,-0.142972,-0.383663,-1.116438,-0.422959,-0.005069,1.093129,-0.009779,0.142265,1
-0.030126,-0.072072,-0.023369,0.328204,-0.300645,0.000210,-0.029597,-0.051175,0.034672,0.437133,-0.432112,-0.006844,0.183482,-0.028505,-0.048924,-0.555277,0.754422,0.159103,-0.099541,-1.394460,-0.058399,-0.142948,-0.385545,-1.113658,-0.418813,-0.007191,1.093105,-0.009863,0.142337,1
-0.030126,-0.072072,-0.023369,0.328187,-0.300641,0.000203,-0.029597,-0.051175,0.034672,0.437125,-0.432100,-0.006851,0.183442,-0.028498,-0.048919,-0.556607,0.753344,0.156742,-0.098474,-1.394460,-0.058519,-0.142948,-0.387630,-1.111812,-0.415805,-0.009384,1.093117,-0.009863,0.142397,1
-0.030126,-0.072063,-0.023342,0.328170,-0.300650,0.000203,-0.029614,-0.051175,0.034658,0.437142,-0.432104,-0.006859,0.183389,-0.028505,-0.048924,-0.558105,0.752301,0.154237,-0.097935,-1.394449,-0.058603,-0.142960,-0.390410,-1.109691,-0.412797,-0.013422,1.093117,-0.009887,0.142397,1
-0.030109,-0.072089,-0.023342,0.328178,-0.300641,0.000203,-0.029648,-0.051192,0.034685,0.437150,-0.432100,-0.006851,0.183375,-0.028520,-0.048925,-0.559603,0.751330,0.151936,-0.097564,-1.394460,-0.058651,-0.142960,-0.392963,-1.107534,-0.409417,-0.015843,1.093153,-0.009983,0.142313,1
-0.030134,-0.072080,-0.023329,0.328195,-0.300654,0.000181,-0.029631,-0.051184,0.034672,0.437150,-0.432116,-0.006851,0.183375,-0.028528,-0.048910,-0.561209,0.750492,0.149551,-0.097432,-1.394460,-0.058675,-0.142972,-0.395420,-1.105593,-0.405978,-0.018252,1.093177,-0.010019,0.142181,1
-0.030126,-0.072080,-0.023302,0.328204,-0.300654,0.000181,-0.029623,-0.051175,0.034645,0.437133,-0.432116,-0.006851,0.183469,-0.028543,-0.048900,-0.562875,0.749761,0.147046,-0.097516,-1.394460,-0.058663,-0.142984,-0.397996,-1.103795,-0.403101,-0.020709,1.093177,-0.010019,0.141893,1
-0.030168,-0.072089,-0.023289,0.328204,-0.300654,0.000181,-0.029665,-0.051167,0.034658,0.437125,-0.432112,-0.006844,0.183523,-0.028551,-0.048905,-0.565284,0.749125,0.144757,-0.097767,-1.394472,-0.058675,-0.142972,-0.402418,-1.102141,-0.400429,-0.023285,1.093165,-0.010019,0.141737,1
-0.030194,-0.072080,-0.023275,0.328187,-0.300650,0.000189,-0.029665,-0.051175,0.034658,0.437099,-0.432116,-0.006851,0.183509,-0.028574,-0.048891,-0.566938,0.748466,0.142840,-0.098151,-1.394484,-0.058675,-0.142972,-0.405486,-1.100080,-0.397732,-0.025622,1.093141,-0.010007,0.141630,1
-0.030194,-0.072080,-0.023302,0.328204,-0.300637,0.000210,-0.029648,-0.051167,0.034685,0.437057,-0.432112,-0.006844,0.183469,-0.028543,-0.048900,-0.569227,0.747136,0.140156,-0.098582,-1.394472,-0.058627,-0.142960,-0.410604,-1.095226,-0.394377,-0.028702,1.093129,-0.010007,0.141618,1
-0.030160,-0.072072,-0.023275,0.328195,-0.300633,0.000189,-0.029623,-0.051175,0.034672,0.437031,-0.432108,-0.006837,0.183375,-0.028566,-0.048896,-0.570713,0.746333,0.137159,-0.098426,-1.394460,-0.058459,-0.142972,-0.413707,-1.093069,-0.390542,-0.030979,1.093117,-0.009971,0.141642,1
-0.030134,-0.072072,-0.023302,0.328187,-0.300654,0.000181,-0.029614,-0.051175,0.034685,0.437048,-0.432108,-0.006837,0.183308,-0.028558,-0.048900,-0.572043,0.745458,0.134978,-0.097803,-1.394472,-0.058195,-0.142900,-0.416080,-1.091320,-0.387234,-0.034407,1.093129,-0.009827,0.141666,1
-0.030100,-0.072063,-0.023262,0.328187,-0.300654,0.000181,-0.029614,-0.051192,0.034672,0.437057,-0.432104,-0.006829,0.183201,-0.028574,-0.048891,-0.573182,0.744535,0.132965,-0.097408,-1.394484,-0.058016,-0.142804,-0.418309,-1.089474,-0.384106,-0.036492,1.093129,-0.009659,0.141749,1
-0.030092,-0.072080,-0.023248,0.328204,-0.300646,0.000167,-0.029640,-0.051184,0.034658,0.437048,-0.432112,-0.006844,0.183121,-0.028581,-0.048886,-0.574296,0.743553,0.131095,-0.097144,-1.394496,-0.058004,-0.142744,-0.420622,-1.087473,-0.381110,-0.038625,1.093153,-0.009647,0.141845,1
-0.030109,-0.072080,-0.023222,0.328212,-0.300646,0.000167,-0.029657,-0.051175,0.034685,0.437074,-0.432112,-0.006844,0.183027,-0.028574,-0.048891,-0.575626,0.742570,0.129022,-0.097036,-1.394532,-0.058112,-0.142732,-0.422827,-1.085279,-0.378054,-0.040986,1.093141,-0.009767,0.141977,1
-0.030109,-0.072097,-0.023208,0.328187,-0.300646,0.000167,-0.029665,-0.051184,0.034672,0.437057,-0.432108,-0.006837,0.182920,-0.028566,-0.048896,-0.577160,0.741575,0.126853,-0.096988,-1.394580,-0.058171,-0.142732,-0.424673,-1.083362,-0.375142,-0.043467,1.093129,-0.009851,0.142133,1
-0.030092,-0.072080,-0.023155,0.328178,-0.300646,0.000167,-0.029683,-0.051175,0.034658,0.437074,-0.432100,-0.006822,0.182893,-0.028558,-0.048900,-0.579629,0.740736,0.125067,-0.096904,-1.394556,-0.058195,-0.142732,-0.427981,-1.081301,-0.372242,-0.045636,1.093129,-0.009887,0.142181,1
-0.030049,-0.072063,-0.023141,0.328178,-0.300650,0.000189,-0.029683,-0.051175,0.034658,0.437065,-0.432096,-0.006815,0.182840,-0.028551,-0.048905,-0.581247,0.739850,0.123318,-0.096725,-1.394544,-0.058183,-0.142744,-0.430893,-1.079227,-0.368695,-0.047877,1.093177,-0.009935,0.142181,1
-0.030015,-0.072072,-0.023088,0.328204,-0.300641,0.000203,-0.029674,-0.051184,0.034672,0.437074,-0.432100,-0.006822,0.182799,-0.028551,-0.048895,-0.583488,0.738400,0.119758,-0.096401,-1.394568,-0.058052,-0.142732,-0.434860,-1.075033,-0.361936,-0.051664,1.093285,-0.010151,0.142145,1
-0.030006,-0.072063,-0.023061,0.328221,-0.300641,0.000203,-0.029691,-0.051175,0.034672,0.437082,-0.432096,-0.006830,0.182813,-0.028558,-0.048900,-0.584986,0.737848,0.117769,-0.096245,-1.394544,-0.057860,-0.142732,-0.437197,-1.073199,-0.358640,-0.054372,1.093369,-0.010223,0.142145,1
-0.029998,-0.072063,-0.023007,0.328212,-0.300645,0.000210,-0.029691,-0.051175,0.034658,0.437082,-0.432100,-0.006822,0.182840,-0.028551,-0.048905,-0.586304,0.737417,0.115816,-0.096173,-1.394544,-0.057764,-0.142768,-0.439629,-1.071545,-0.355872,-0.058076,1.093405,-0.010211,0.142109,1
-0.029981,-0.072072,-0.022940,0.328221,-0.300650,0.000189,-0.029683,-0.051175,0.034672,0.437065,-0.432092,-0.006837,0.182866,-0.028551,-0.048895,-0.587539,0.737045,0.113778,-0.096090,-1.394556,-0.057800,-0.142744,-0.442410,-1.069544,-0.352923,-0.060808,1.093417,-0.010223,0.142061,1
-0.029972,-0.072072,-0.022940,0.328229,-0.300645,0.000196,-0.029691,-0.051175,0.034672,0.437057,-0.432092,-0.006837,0.182893,-0.028543,-0.048900,-0.588605,0.736614,0.111837,-0.095970,-1.394580,-0.058016,-0.142744,-0.445118,-1.067183,-0.350155,-0.063421,1.093393,-0.010139,0.141989,1
-0.029955,-0.072072,-0.022900,0.328221,-0.300658,0.000203,-0.029683,-0.051167,0.034645,0.437065,-0.432104,-0.006829,0.182907,-0.028551,-0.048905,-0.589564,0.735835,0.109488,-0.095802,-1.394568,-0.058195,-0.142720,-0.448342,-1.064894,-0.346991,-0.065877,1.093369,-0.010019,0.141929,1
-0.029921,-0.072063,-0.022833,0.328238,-0.300654,0.000210,-0.029691,-0.051175,0.034645,0.437065,-0.432104,-0.006844,0.182933,-0.028551,-0.048905,-0.590415,0.734864,0.106887,-0.095670,-1.394580,-0.058435,-0.142684,-0.451518,-1.062809,-0.344091,-0.068142,1.093393,-0.009875,0.141929,1
-0.029904,-0.072063,-0.022780,0.328246,-0.300658,0.000189,-0.029691,-0.051175,0.034698,0.437091,-0.432096,-0.006830,0.182947,-0.028551,-0.048895,-0.591949,0.733977,0.104718,-0.095586,-1.394592,-0.058675,-0.142696,-0.455568,-1.060556,-0.341023,-0.070395,1.093393,-0.009707,0.141929,1
-0.029904,-0.072054,-0.022672,0.328255,-0.300662,0.000196,-0.029708,-0.051184,0.034672,0.437082,-0.432104,-0.006829,0.182920,-0.028543,-0.048900,-0.593207,0.732947,0.102921,-0.095574,-1.394604,-0.058831,-0.142696,-0.457761,-1.057093,-0.337787,-0.072636,1.093405,-0.009551,0.141953,1
-0.029921,-0.072063,-0.022552,0.328246,-0.300654,0.000210,-0.029725,-0.051184,0.034672,0.437065,-0.432104,-0.006844,0.182933,-0.028536,-0.048905,-0.594430,0.732551,0.100835,-0.095622,-1.394604,-0.058879,-0.142696,-0.459643,-1.054923,-0.333209,-0.074782,1.093405,-0.009492,0.141977,1
-0.029896,-0.072063,-0.022485,0.328255,-0.300658,0.000203,-0.029742,-0.051175,0.034658,0.437048,-0.432100,-0.006822,0.182907,-0.028551,-0.048905,-0.596167,0.732012,0.099026,-0.095742,-1.394592,-0.058914,-0.142708,-0.461872,-1.051939,-0.327757,-0.079491,1.093417,-0.009492,0.142097,1
-0.029870,-0.072063,-0.022431,0.328255,-0.300658,0.000203,-0.029751,-0.051167,0.034658,0.437057,-0.432092,-0.006837,0.182907,-0.028566,-0.048915,-0.597234,0.731449,0.097779,-0.095778,-1.394592,-0.058890,-0.142720,-0.463502,-1.049878,-0.324461,-0.081984,1.093465,-0.009563,0.142217,1
-0.029861,-0.072063,-0.022391,0.328272,-0.300650,0.000218,-0.029734,-0.051192,0.034658,0.437048,-0.432108,-0.006837,0.182880,-0.028551,-0.048925,-0.598181,0.730658,0.096233,-0.095838,-1.394592,-0.058711,-0.142756,-0.465971,-1.047493,-0.320914,-0.084309,1.093489,-0.009719,0.142265,1
-0.029819,-0.072080,-0.022405,0.328263,-0.300654,0.000210,-0.029751,-0.051184,0.034672,0.437040,-0.432100,-0.006822,0.182893,-0.028543,-0.048910,-0.598984,0.729723,0.094520,-0.095910,-1.394604,-0.058435,-0.142792,-0.468907,-1.045072,-0.317534,-0.086466,1.093572,-0.009899,0.142205,1
-0.029793,-0.072063,-0.022405,0.328280,-0.300666,0.000218,-0.029759,-0.051184,0.034658,0.437057,-0.432100,-0.006851,0.182826,-0.028536,-0.048915,-0.599810,0.728884,0.092842,-0.095994,-1.394592,-0.058100,-0.142888,-0.471663,-1.042879,-0.314538,-0.088923,1.093620,-0.010019,0.141965,1
-0.029776,-0.072054,-0.022431,0.328280,-0.300666,0.000203,-0.029776,-0.051192,0.034672,0.437057,-0.432108,-0.006837,0.182853,-0.028528,-0.048920,-0.601321,0.728153,0.091044,-0.096125,-1.394604,-0.057884,-0.142924,-0.475474,-1.040590,-0.311230,-0.091583,1.093644,-0.009995,0.141773,1
-0.029768,-0.072063,-0.022418,0.328280,-0.300670,0.000210,-0.029785,-0.051175,0.034645,0.437040,-0.432100,-0.006822,0.182840,-0.028520,-0.048925,-0.602447,0.727278,0.089031,-0.096269,-1.394628,-0.057920,-0.142912,-0.477727,-1.037163,-0.308066,-0.093860,1.093632,-0.009959,0.141701,1
-0.029742,-0.072080,-0.022418,0.328280,-0.300666,0.000218,-0.029802,-0.051184,0.034672,0.437048,-0.432096,-0.006815,0.182786,-0.028520,-0.048925,-0.603633,0.726715,0.086023,-0.096437,-1.394616,-0.058016,-0.142876,-0.479968,-1.035102,-0.303644,-0.096078,1.093620,-0.009851,0.141725,1
-0.029708,-0.072063,-0.022405,0.328306,-0.300670,0.000210,-0.029810,-0.051175,0.034685,0.437048,-0.432100,-0.006822,0.182706,-0.028513,-0.048919,-0.604820,0.726212,0.084225,-0.096557,-1.394628,-0.058028,-0.142876,-0.482065,-1.033064,-0.300229,-0.098462,1.093632,-0.009755,0.141797,1
-0.029614,-0.072072,-0.022418,0.328280,-0.300674,0.000232,-0.029785,-0.051184,0.034658,0.437057,-0.432104,-0.006829,0.182532,-0.028505,-0.048924,-0.606474,0.725289,0.082176,-0.096629,-1.394640,-0.058135,-0.142876,-0.485805,-1.029541,-0.295447,-0.103951,1.093692,-0.009719,0.141845,1
-0.029521,-0.072080,-0.022405,0.328280,-0.300666,0.000232,-0.029776,-0.051201,0.034685,0.437057,-0.432092,-0.006837,0.182398,-0.028528,-0.048920,-0.607480,0.724570,0.081037,-0.096617,-1.394628,-0.058231,-0.142888,-0.488777,-1.027108,-0.292343,-0.106408,1.093716,-0.009731,0.141797,1
-0.029487,-0.072072,-0.022405,0.328289,-0.300670,0.000239,-0.029759,-0.051184,0.034672,0.437074,-0.432088,-0.006830,0.182344,-0.028543,-0.048910,-0.607912,0.724162,0.080474,-0.096581,-1.394640,-0.058303,-0.142888,-0.490131,-1.025958,-0.290809,-0.107642,1.093740,-0.009731,0.141785,1
-0.029350,-0.072054,-0.022418,0.328306,-0.300666,0.000203,-0.029759,-0.051201,0.034672,0.437125,-0.432085,-0.006822,0.182036,-0.028558,-0.048900,-0.609254,0.722724,0.078233,-0.096629,-1.394616,-0.058267,-0.142924,-0.493798,-1.022446,-0.286303,-0.111465,1.093776,-0.009707,0.141618,1
-0.029291,-0.072080,-0.022418,0.328323,-0.300666,0.000232,-0.029776,-0.051209,0.034685,0.437159,-0.432088,-0.006830,0.181835,-0.028543,-0.048900,-0.610860,0.721646,0.076531,-0.096701,-1.394616,-0.058159,-0.142972,-0.496818,-1.019762,-0.283703,-0.113622,1.093776,-0.009731,0.141582,1
-0.029248,-0.072080,-0.022391,0.328323,-0.300662,0.000239,-0.029785,-0.051201,0.034672,0.437185,-0.432092,-0.006837,0.181674,-0.028536,-0.048925,-0.611962,0.720207,0.074877,-0.096833,-1.394616,-0.058112,-0.143020,-0.498436,-1.015819,-0.280611,-0.115576,1.093764,-0.009659,0.141594,1
-0.029214,-0.072080,-0.022378,0.328332,-0.300666,0.000247,-0.029793,-0.051226,0.034685,0.437176,-0.432096,-0.006815,0.181474,-0.028536,-0.048915,-0.613029,0.719321,0.073331,-0.096940,-1.394616,-0.058147,-0.143056,-0.499562,-1.013530,-0.277483,-0.117841,1.093776,-0.009671,0.141701,1
-0.029180,-0.072080,-0.022378,0.328314,-0.300654,0.000225,-0.029802,-0.051209,0.034672,0.437176,-0.432092,-0.006808,0.181326,-0.028513,-0.048919,-0.614072,0.718590,0.070731,-0.097072,-1.394640,-0.058207,-0.143068,-0.500533,-1.011445,-0.272533,-0.121832,1.093800,-0.009707,0.141929,1
-0.029137,-0.072063,-0.022378,0.328306,-0.300670,0.000239,-0.029802,-0.051209,0.034685,0.437185,-0.432085,-0.006822,0.181152,-0.028505,-0.048924,-0.615270,0.717942,0.068358,-0.097096,-1.394616,-0.058267,-0.143056,-0.502187,-1.009096,-0.269322,-0.124360,1.093800,-0.009755,0.142133,1
-0.029069,-0.072072,-0.022378,0.328314,-0.300674,0.000217,-0.029802,-0.051218,0.034685,0.437185,-0.432088,-0.006830,0.180951,-0.028513,-0.048919,-0.617236,0.717092,0.065170,-0.096928,-1.394604,-0.058279,-0.143068,-0.505567,-1.005740,-0.265487,-0.128387,1.093956,-0.010019,0.142181,1
-0.029001,-0.072080,-0.022391,0.328314,-0.300662,0.000239,-0.029793,-0.051235,0.034685,0.437185,-0.432088,-0.006815,0.180938,-0.028513,-0.048919,-0.618805,0.716540,0.063157,-0.096797,-1.394628,-0.058291,-0.143104,-0.508347,-1.003775,-0.263234,-0.131503,1.093992,-0.010187,0.142025,1
-0.028958,-0.072080,-0.022405,0.328306,-0.300662,0.000239,-0.029802,-0.051235,0.034672,0.437159,-0.432081,-0.006815,0.181005,-0.028520,-0.048925,-0.620184,0.715833,0.061515,-0.096713,-1.394640,-0.058339,-0.143116,-0.510756,-1.001678,-0.260765,-0.134307,1.094004,-0.010115,0.141654,1
-0.028898,-0.072089,-0.022405,0.328306,-0.300662,0.000239,-0.029802,-0.051226,0.034698,0.437159,-0.432085,-0.006793,0.181018,-0.028528,-0.048920,-0.622089,0.714839,0.060053,-0.096677,-1.394640,-0.058387,-0.143128,-0.513812,-0.999245,-0.258200,-0.136944,1.094040,-0.010067,0.141414,1
-0.028813,-0.072089,-0.022431,0.328297,-0.300674,0.000232,-0.029802,-0.051235,0.034685,0.437133,-0.432085,-0.006793,0.181072,-0.028543,-0.048910,-0.623443,0.713820,0.058759,-0.096641,-1.394664,-0.058435,-0.143092,-0.515741,-0.996860,-0.255468,-0.139712,1.094052,-0.009923,0.141294,1
-0.028771,-0.072080,-0.022431,0.328306,-0.300670,0.000225,-0.029793,-0.051209,0.034685,0.437167,-0.432089,-0.006801,0.181072,-0.028551,-0.048905,-0.624929,0.712454,0.057237,-0.096521,-1.394664,-0.058435,-0.143104,-0.517635,-0.993720,-0.252520,-0.142612,1.094076,-0.009815,0.141318,1
-0.028728,-0.072072,-0.022391,0.328306,-0.300662,0.000239,-0.029810,-0.051235,0.034685,0.437176,-0.432077,-0.006808,0.181058,-0.028558,-0.048900,-0.626463,0.711675,0.056074,-0.096269,-1.394652,-0.058423,-0.143068,-0.519564,-0.991743,-0.248349,-0.146783,1.094076,-0.009815,0.141378,1
-0.028694,-0.072054,-0.022405,0.328297,-0.300670,0.000239,-0.029793,-0.051235,0.034698,0.437167,-0.432096,-0.006815,0.181045,-0.028551,-0.048895,-0.628033,0.710920,0.054552,-0.096137,-1.394652,-0.058303,-0.143056,-0.521254,-0.989262,-0.246024,-0.149851,1.094112,-0.009827,0.141414,1
-0.028643,-0.072054,-0.022418,0.328314,-0.300670,0.000239,-0.029793,-0.051226,0.034712,0.437167,-0.432085,-0.006793,0.181045,-0.028574,-0.048891,-0.629388,0.709973,0.052862,-0.096090,-1.394628,-0.057992,-0.143068,-0.522608,-0.986757,-0.243903,-0.152607,1.094148,-0.009875,0.141366,1
-0.028643,-0.072063,-0.022445,0.328332,-0.300679,0.000225,-0.029810,-0.051235,0.034698,0.437202,-0.432085,-0.006793,0.181032,-0.028581,-0.048886,-0.630358,0.708966,0.050981,-0.096137,-1.394628,-0.057464,-0.143080,-0.523818,-0.984360,-0.241518,-0.154920,1.094160,-0.009815,0.141294,1
-0.028626,-0.072054,-0.022418,0.328366,-0.300670,0.000254,-0.029827,-0.051243,0.034698,0.437219,-0.432081,-0.006786,0.181005,-0.028589,-0.048881,-0.631796,0.707552,0.047889,-0.096113,-1.394688,-0.057357,-0.143128,-0.525748,-0.980334,-0.237635,-0.158599,1.094172,-0.009659,0.141090,1
-0.028617,-0.072063,-0.022378,0.328391,-0.300670,0.000254,-0.029861,-0.051243,0.034685,0.437236,-0.432081,-0.006786,0.180965,-0.028604,-0.048871,-0.633690,0.706677,0.045924,-0.096102,-1.394712,-0.057488,-0.143104,-0.527965,-0.977385,-0.234567,-0.161499,1.094232,-0.009647,0.141114,1
-0.028634,-0.072054,-0.022378,0.328408,-0.300666,0.000261,-0.029887,-0.051252,0.034712,0.437270,-0.432073,-0.006801,0.180898,-0.028558,-0.048890,-0.635068,0.705659,0.044066,-0.096149,-1.394760,-0.057596,-0.143044,-0.529583,-0.973790,-0.231188,-0.164208,1.094220,-0.009647,0.141270,1
-0.028617,-0.072046,-0.022351,0.328434,-0.300670,0.000254,-0.029913,-0.051252,0.034698,0.437236,-0.432073,-0.006801,0.180804,-0.028551,-0.048895,-0.636470,0.704976,0.041561,-0.096197,-1.394760,-0.057692,-0.143008,-0.530973,-0.971501,-0.228144,-0.167024,1.094220,-0.009671,0.141474,1
-0.028626,-0.072054,-0.022338,0.328476,-0.300678,0.000254,-0.029938,-0.051252,0.034739,0.437227,-0.432069,-0.006794,0.180737,-0.028551,-0.048895,-0.637812,0.704101,0.039740,-0.096221,-1.394760,-0.057800,-0.142996,-0.532040,-0.969248,-0.224357,-0.170356,1.094244,-0.009731,0.141582,1
-0.028643,-0.072054,-0.022338,0.328485,-0.300674,0.000261,-0.029981,-0.051269,0.034725,0.437236,-0.432073,-0.006801,0.180630,-0.028574,-0.048891,-0.638987,0.703202,0.037990,-0.096161,-1.394760,-0.057956,-0.143032,-0.532771,-0.967319,-0.221828,-0.174502,1.094256,-0.009791,0.141558,1
-0.028634,-0.072054,-0.022351,0.328493,-0.300678,0.000283,-0.029998,-0.051278,0.034698,0.437244,-0.432081,-0.006786,0.180576,-0.028574,-0.048891,-0.639910,0.702159,0.036516,-0.096149,-1.394748,-0.058088,-0.143056,-0.533250,-0.965485,-0.219407,-0.177115,1.094256,-0.009755,0.141450,1
-0.028634,-0.072046,-0.022338,0.328510,-0.300691,0.000290,-0.030015,-0.051269,0.034712,0.437236,-0.432089,-0.006771,0.180496,-0.028574,-0.048891,-0.640773,0.701129,0.035054,-0.096113,-1.394748,-0.058183,-0.143080,-0.533550,-0.963388,-0.216831,-0.179775,1.094268,-0.009743,0.141246,1
-0.028617,-0.072037,-0.022405,0.328510,-0.300687,0.000268,-0.030023,-0.051295,0.034712,0.437236,-0.432077,-0.006779,0.180509,-0.028589,-0.048881,-0.641863,0.700110,0.033580,-0.096078,-1.394760,-0.058207,-0.143140,-0.534077,-0.961015,-0.214146,-0.182364,1.094280,-0.009791,0.140911,1
-0.028609,-0.072029,-0.022405,0.328510,-0.300699,0.000261,-0.030058,-0.051303,0.034712,0.437244,-0.432065,-0.006757,0.180523,-0.028566,-0.048896,-0.644979,0.698732,0.031171,-0.096018,-1.394760,-0.058219,-0.143152,-0.536761,-0.956940,-0.209556,-0.187026,1.094316,-0.009971,0.140587,1
-0.028609,-0.072029,-0.022445,0.328502,-0.300699,0.000261,-0.030066,-0.051269,0.034698,0.437227,-0.432069,-0.006765,0.180603,-0.028558,-0.048890,-0.646753,0.697605,0.029301,-0.095970,-1.394748,-0.058207,-0.143152,-0.538331,-0.953765,-0.207135,-0.190549,1.094352,-0.010115,0.140395,1
-0.028600,-0.072029,-0.022472,0.328485,-0.300695,0.000283,-0.030083,-0.051278,0.034698,0.437227,-0.432061,-0.006750,0.180630,-0.028558,-0.048890,-0.648514,0.696802,0.027444,-0.095946,-1.394748,-0.058207,-0.143152,-0.539542,-0.951607,-0.204774,-0.193713,1.094363,-0.010103,0.140239,1
-0.028600,-0.072029,-0.022405,0.328502,-0.300691,0.000275,-0.030092,-0.051278,0.034712,0.437253,-0.432057,-0.006757,0.180670,-0.028551,-0.048895,-0.650012,0.695844,0.024927,-0.095922,-1.394760,-0.058231,-0.143152,-0.540285,-0.949390,-0.201551,-0.196481,1.094328,-0.010103,0.140120,1
-0.028600,-0.072020,-0.022405,0.328510,-0.300699,0.000275,-0.030109,-0.051278,0.034712,0.437193,-0.432053,-0.006765,0.180657,-0.028574,-0.048881,-0.651115,0.694789,0.023453,-0.095886,-1.394760,-0.058279,-0.143116,-0.540836,-0.946993,-0.199681,-0.200568,1.094339,-0.010115,0.140012,1
-0.028592,-0.072029,-0.022418,0.328510,-0.300699,0.000275,-0.030109,-0.051278,0.034712,0.437193,-0.432053,-0.006765,0.180670,-0.028581,-0.048876,-0.651810,0.693806,0.022039,-0.095850,-1.394772,-0.058303,-0.143104,-0.541399,-0.944357,-0.197931,-0.203121,1.094352,-0.010091,0.139928,1
-0.028592,-0.072029,-0.022418,0.328502,-0.300691,0.000290,-0.030117,-0.051303,0.034698,0.437210,-0.432061,-0.006750,0.180710,-0.028604,-0.048861,-0.652385,0.692955,0.020697,-0.095754,-1.394796,-0.058315,-0.143092,-0.542154,-0.941637,-0.196074,-0.206081,1.094352,-0.010091,0.139868,1
-0.028592,-0.072029,-0.022418,0.328519,-0.300699,0.000290,-0.030117,-0.051329,0.034712,0.437219,-0.432045,-0.006750,0.180737,-0.028619,-0.048862,-0.653596,0.692045,0.019378,-0.095670,-1.394784,-0.058279,-0.143104,-0.543029,-0.938700,-0.193581,-0.209724,1.094363,-0.009947,0.139844,1
-0.028609,-0.072012,-0.022445,0.328519,-0.300699,0.000290,-0.030134,-0.051337,0.034725,0.437219,-0.432057,-0.006772,0.180831,-0.028604,-0.048871,-0.655261,0.691182,0.018276,-0.095682,-1.394784,-0.058291,-0.143092,-0.543976,-0.936136,-0.191041,-0.212900,1.094339,-0.009743,0.139880,1
-0.028617,-0.072029,-0.022431,0.328528,-0.300699,0.000304,-0.030177,-0.051346,0.034725,0.437193,-0.432061,-0.006750,0.180831,-0.028581,-0.048886,-0.658977,0.689983,0.017125,-0.095730,-1.394796,-0.058303,-0.143104,-0.545917,-0.932636,-0.187517,-0.217777,1.094339,-0.009563,0.139916,1
-0.028600,-0.072029,-0.022431,0.328510,-0.300699,0.000304,-0.030177,-0.051363,0.034712,0.437159,-0.432053,-0.006765,0.180831,-0.028581,-0.048876,-0.660774,0.688677,0.016227,-0.095706,-1.394784,-0.058267,-0.143116,-0.546768,-0.929473,-0.185660,-0.221085,1.094339,-0.009527,0.139940,1
-0.028609,-0.072029,-0.022431,0.328510,-0.300703,0.000311,-0.030194,-0.051371,0.034725,0.437142,-0.432057,-0.006757,0.180817,-0.028604,-0.048861,-0.662500,0.687574,0.015028,-0.095730,-1.394796,-0.058052,-0.143152,-0.547535,-0.927483,-0.183670,-0.223781,1.094339,-0.009515,0.139928,1
-0.028600,-0.072029,-0.022431,0.328485,-0.300699,0.000319,-0.030202,-0.051371,0.034712,0.437159,-0.432053,-0.006765,0.180804,-0.028619,-0.048862,-0.664298,0.686484,0.012667,-0.095850,-1.394808,-0.057608,-0.143200,-0.548230,-0.925314,-0.180638,-0.228311,1.094339,-0.009527,0.139916,1
-0.028600,-0.072029,-0.022431,0.328502,-0.300711,0.000326,-0.030211,-0.051388,0.034698,0.437142,-0.432061,-0.006750,0.180804,-0.028627,-0.048857,-0.666155,0.685501,0.010810,-0.095970,-1.394796,-0.057165,-0.143271,-0.549021,-0.922618,-0.178529,-0.231248,1.094352,-0.009515,0.139904,1
-0.028609,-0.072029,-0.022418,0.328485,-0.300711,0.000311,-0.030194,-0.051397,0.034712,0.437125,-0.432057,-0.006757,0.180804,-0.028649,-0.048832,-0.668145,0.684602,0.008928,-0.095958,-1.394784,-0.056865,-0.143319,-0.549776,-0.919681,-0.176252,-0.234268,1.094363,-0.009551,0.139892,1
-0.028626,-0.072029,-0.022445,0.328493,-0.300724,0.000304,-0.030202,-0.051422,0.034712,0.437125,-0.432049,-0.006743,0.180831,-0.028642,-0.048837,-0.670002,0.683716,0.007298,-0.095910,-1.394808,-0.056973,-0.143367,-0.550435,-0.917201,-0.173879,-0.237408,1.094363,-0.009599,0.139880,1
-0.028617,-0.072029,-0.022458,0.328510,-0.300720,0.000311,-0.030219,-0.051439,0.034712,0.437142,-0.432053,-0.006736,0.180858,-0.028649,-0.048842,-0.671512,0.682817,0.005920,-0.095850,-1.394832,-0.057117,-0.143367,-0.551143,-0.915139,-0.171231,-0.240607,1.094352,-0.009659,0.139904,1
-0.028609,-0.072029,-0.022445,0.328485,-0.300728,0.000326,-0.030228,-0.051457,0.034712,0.437133,-0.432049,-0.006743,0.180871,-0.028627,-0.048847,-0.673130,0.681906,0.004578,-0.095850,-1.394856,-0.057249,-0.143367,-0.552209,-0.912934,-0.168858,-0.243615,1.094339,-0.009707,0.139916,1
-0.028626,-0.072029,-0.022431,0.328510,-0.300732,0.000318,-0.030202,-0.051465,0.034739,0.437125,-0.432049,-0.006743,0.180844,-0.028627,-0.048847,-0.673921,0.680911,0.003128,-0.095862,-1.394856,-0.057380,-0.143343,-0.552928,-0.910298,-0.166641,-0.246803,1.094363,-0.009827,0.139928,1
-0.028617,-0.072020,-0.022418,0.328502,-0.300732,0.000347,-0.030219,-0.051491,0.034739,0.437125,-0.432053,-0.006765,0.180831,-0.028642,-0.048837,-0.674748,0.678982,0.000563,-0.095850,-1.394832,-0.057452,-0.143331,-0.553899,-0.905085,-0.163405,-0.251537,1.094339,-0.009887,0.139904,1
-0.028617,-0.072020,-0.022405,0.328510,-0.300728,0.000369,-0.030228,-0.051516,0.034739,0.437125,-0.432053,-0.006765,0.180817,-0.028649,-0.048813,-0.675107,0.678047,-0.002337,-0.095838,-1.394832,-0.057452,-0.143307,-0.554582,-0.902484,-0.160613,-0.254533,1.094328,-0.009863,0.139916,1
-0.028626,-0.072020,-0.022364,0.328519,-0.300740,0.000376,-0.030228,-0.051559,0.034739,0.437133,-0.432053,-0.006765,0.180831,-0.028657,-0.048818,-0.675359,0.677148,-0.004075,-0.095838,-1.394844,-0.057500,-0.143271,-0.555301,-0.899692,-0.159019,-0.259339,1.094339,-0.009839,0.139904,1
-0.028626,-0.072029,-0.022405,0.328510,-0.300753,0.000369,-0.030245,-0.051593,0.034739,0.437150,-0.432042,-0.006743,0.180831,-0.028649,-0.048832,-0.675467,0.676345,-0.005621,-0.095814,-1.394856,-0.057608,-0.143307,-0.556140,-0.897163,-0.157449,-0.262359,1.094328,-0.009827,0.139904,1
-0.028617,-0.072029,-0.022364,0.328536,-0.300761,0.000369,-0.030271,-0.051644,0.034752,0.437142,-0.432042,-0.006729,0.180791,-0.028634,-0.048852,-0.675599,0.675542,-0.007107,-0.095778,-1.394856,-0.057692,-0.143295,-0.557075,-0.895078,-0.155687,-0.265199,1.094328,-0.009803,0.139880,1
-0.028617,-0.072037,-0.022364,0.328528,-0.300765,0.000405,-0.030262,-0.051678,0.034765,0.437150,-0.432042,-0.006729,0.180750,-0.028627,-0.048857,-0.676569,0.674655,-0.008748,-0.095742,-1.394868,-0.057836,-0.143295,-0.558057,-0.892945,-0.153602,-0.268135,1.094328,-0.009647,0.139904,1
-0.028609,-0.072029,-0.022378,0.328519,-0.300777,0.000412,-0.030271,-0.051704,0.034792,0.437142,-0.432049,-0.006743,0.180630,-0.028634,-0.048872,-0.678079,0.673757,-0.010474,-0.095790,-1.394856,-0.057980,-0.143283,-0.559004,-0.890512,-0.150893,-0.270820,1.094328,-0.009492,0.139904,1
-0.028583,-0.072029,-0.022391,0.328536,-0.300786,0.000412,-0.030288,-0.051738,0.034806,0.437142,-0.432057,-0.006757,0.180523,-0.028611,-0.048866,-0.680404,0.672966,-0.012032,-0.095886,-1.394856,-0.058135,-0.143295,-0.560358,-0.888043,-0.148269,-0.273576,1.094339,-0.009456,0.139916,1
-0.028583,-0.072037,-0.022391,0.328519,-0.300786,0.000456,-0.030288,-0.051780,0.034806,0.437116,-0.432042,-0.006743,0.180429,-0.028589,-0.048871,-0.681783,0.671983,-0.013231,-0.095946,-1.394832,-0.058195,-0.143307,-0.561173,-0.884532,-0.145812,-0.276596,1.094363,-0.009551,0.139916,1
-0.028583,-0.072029,-0.022378,0.328519,-0.300790,0.000463,-0.030288,-0.051755,0.034832,0.437125,-0.432046,-0.006736,0.180268,-0.028596,-0.048866,-0.683149,0.671300,-0.014189,-0.095982,-1.394856,-0.058243,-0.143319,-0.561916,-0.881991,-0.143188,-0.279796,1.094339,-0.009695,0.139916,1
-0.028575,-0.072037,-0.022391,0.328545,-0.300806,0.000477,-0.030271,-0.051814,0.034846,0.437167,-0.432049,-0.006743,0.180121,-0.028596,-0.048866,-0.685042,0.669982,-0.016083,-0.095922,-1.394844,-0.058303,-0.143379,-0.563043,-0.878156,-0.138825,-0.285308,1.094328,-0.009863,0.139916,1
-0.028609,-0.072046,-0.022391,0.328528,-0.300815,0.000506,-0.030271,-0.051866,0.034859,0.437167,-0.432049,-0.006743,0.180014,-0.028589,-0.048871,-0.686313,0.669023,-0.017473,-0.095970,-1.394856,-0.058207,-0.143367,-0.563834,-0.875927,-0.136584,-0.288089,1.094339,-0.009911,0.139916,1
-0.028600,-0.072029,-0.022391,0.328536,-0.300839,0.000521,-0.030262,-0.051951,0.034872,0.437176,-0.432046,-0.006736,0.179920,-0.028581,-0.048856,-0.687499,0.668220,-0.019151,-0.095994,-1.394844,-0.057812,-0.143379,-0.564649,-0.873818,-0.134271,-0.290797,1.094339,-0.009959,0.139892,1
-0.028600,-0.072037,-0.022378,0.328536,-0.300860,0.000542,-0.030254,-0.052002,0.034886,0.437185,-0.432045,-0.006750,0.179840,-0.028581,-0.048856,-0.688518,0.667537,-0.020769,-0.096030,-1.394844,-0.057572,-0.143391,-0.565404,-0.871265,-0.131623,-0.293542,1.094352,-0.009935,0.139916,1
-0.028617,-0.072037,-0.022364,0.328519,-0.300876,0.000571,-0.030254,-0.052036,0.034913,0.437167,-0.432049,-0.006743,0.179719,-0.028543,-0.048861,-0.689452,0.666854,-0.022183,-0.096030,-1.394868,-0.057596,-0.143367,-0.565955,-0.868689,-0.129298,-0.296574,1.094328,-0.009959,0.139904,1
-0.028609,-0.072046,-0.022364,0.328553,-0.300885,0.000614,-0.030271,-0.052087,0.034913,0.437193,-0.432046,-0.006736,0.179612,-0.028558,-0.048871,-0.690483,0.666063,-0.023417,-0.095970,-1.394868,-0.057764,-0.143403,-0.566506,-0.866232,-0.126793,-0.299678,1.094328,-0.009899,0.139916,1
-0.028617,-0.072046,-0.022391,0.328536,-0.300914,0.000650,-0.030271,-0.052164,0.034913,0.437210,-0.432042,-0.006743,0.179505,-0.028528,-0.048870,-0.691010,0.664685,-0.024580,-0.095922,-1.394868,-0.057908,-0.143379,-0.566866,-0.862265,-0.124288,-0.302410,1.094328,-0.009863,0.139916,1
-0.028626,-0.072054,-0.022324,0.328519,-0.300926,0.000701,-0.030279,-0.052224,0.034939,0.437236,-0.432038,-0.006721,0.179398,-0.028520,-0.048875,-0.691406,0.663810,-0.026533,-0.095886,-1.394856,-0.057872,-0.143379,-0.567537,-0.859592,-0.120825,-0.305310,1.094316,-0.009815,0.139916,1
-0.028617,-0.072054,-0.022338,0.328510,-0.300959,0.000744,-0.030288,-0.052309,0.034966,0.437244,-0.432038,-0.006736,0.179304,-0.028513,-0.048880,-0.691718,0.662983,-0.028175,-0.095862,-1.394868,-0.057764,-0.143379,-0.568316,-0.857208,-0.118800,-0.309349,1.094339,-0.009803,0.139904,1
-0.028609,-0.072054,-0.022338,0.328536,-0.300979,0.000780,-0.030288,-0.052334,0.034980,0.437261,-0.432038,-0.006736,0.179237,-0.028505,-0.048885,-0.692389,0.662168,-0.029769,-0.095850,-1.394868,-0.057632,-0.143367,-0.568939,-0.855122,-0.116702,-0.311458,1.094328,-0.009779,0.139904,1
-0.028592,-0.072072,-0.022378,0.328528,-0.301041,0.000917,-0.030296,-0.052445,0.035006,0.437236,-0.432042,-0.006743,0.179117,-0.028475,-0.048904,-0.694378,0.660922,-0.031986,-0.095874,-1.394856,-0.057632,-0.143367,-0.569718,-0.852114,-0.113083,-0.315425,1.094352,-0.009767,0.139916,1
-0.028583,-0.072063,-0.022378,0.328528,-0.301083,0.000961,-0.030296,-0.052488,0.035020,0.437236,-0.432046,-0.006736,0.178943,-0.028444,-0.048923,-0.695756,0.660095,-0.033208,-0.095898,-1.394880,-0.057740,-0.143367,-0.570365,-0.850233,-0.110758,-0.318409,1.094352,-0.009755,0.139940,1
-0.028566,-0.072063,-0.022364,0.328528,-0.301111,0.001011,-0.030296,-0.052530,0.035020,0.437236,-0.432046,-0.006736,0.178835,-0.028444,-0.048943,-0.697650,0.659280,-0.034383,-0.095898,-1.394868,-0.057740,-0.143379,-0.571576,-0.848435,-0.108553,-0.321129,1.094328,-0.009743,0.139940,1
-0.028558,-0.072063,-0.022364,0.328536,-0.301153,0.001069,-0.030279,-0.052573,0.035020,0.437227,-0.432042,-0.006729,0.178715,-0.028414,-0.048943,-0.698704,0.658405,-0.035689,-0.095886,-1.394856,-0.057692,-0.143391,-0.572426,-0.846446,-0.106204,-0.323874,1.094328,-0.009731,0.139940,1
-0.028558,-0.072063,-0.022338,0.328536,-0.301182,0.001134,-0.030279,-0.052641,0.035047,0.437219,-0.432046,-0.006736,0.178634,-0.028429,-0.048953,-0.699723,0.656955,-0.037139,-0.095886,-1.394856,-0.057620,-0.143379,-0.573241,-0.842934,-0.103747,-0.326690,1.094316,-0.009695,0.139928,1
-0.028558,-0.072063,-0.022338,0.328536,-0.301210,0.001184,-0.030262,-0.052692,0.035047,0.437202,-0.432042,-0.006743,0.178608,-0.028429,-0.048933,-0.700778,0.655924,-0.039728,-0.095862,-1.394868,-0.057584,-0.143391,-0.574020,-0.840370,-0.100260,-0.329362,1.094328,-0.009719,0.139916,1
-0.028566,-0.072063,-0.022351,0.328528,-0.301243,0.001242,-0.030262,-0.052726,0.035073,0.437210,-0.432042,-0.006729,0.178581,-0.028429,-0.048933,-0.701904,0.655037,-0.041585,-0.095838,-1.394868,-0.057632,-0.143367,-0.574608,-0.838141,-0.097983,-0.332970,1.094316,-0.009731,0.139904,1
-0.028583,-0.072063,-0.022364,0.328536,-0.301276,0.001314,-0.030245,-0.052777,0.035047,0.437219,-0.432042,-0.006729,0.178621,-0.028429,-0.048923,-0.703222,0.654306,-0.043251,-0.095754,-1.394868,-0.057800,-0.143355,-0.574991,-0.836235,-0.095694,-0.335606,1.094328,-0.009743,0.139892,1
-0.028583,-0.072054,-0.022324,0.328536,-0.301313,0.001379,-0.030245,-0.052829,0.035060,0.437227,-0.432038,-0.006736,0.178568,-0.028437,-0.048928,-0.704612,0.653515,-0.044881,-0.095694,-1.394844,-0.057944,-0.143367,-0.575219,-0.834150,-0.093333,-0.338554,1.094339,-0.009755,0.139904,1
-0.028600,-0.072072,-0.022298,0.328528,-0.301404,0.001523,-0.030245,-0.052897,0.035060,0.437227,-0.432046,-0.006736,0.178541,-0.028429,-0.048933,-0.706794,0.652137,-0.047637,-0.095562,-1.394844,-0.058255,-0.143355,-0.575626,-0.830723,-0.090121,-0.342617,1.094352,-0.009695,0.139892,1
-0.028583,-0.072080,-0.022257,0.328536,-0.301437,0.001581,-0.030236,-0.052965,0.035100,0.437236,-0.432042,-0.006743,0.178541,-0.028444,-0.048933,-0.708148,0.651202,-0.049423,-0.095466,-1.394856,-0.058411,-0.143355,-0.576106,-0.828422,-0.088300,-0.345745,1.094352,-0.009695,0.139904,1
-0.028592,-0.072089,-0.022204,0.328536,-0.301470,0.001653,-0.030254,-0.053025,0.035127,0.437219,-0.432042,-0.006729,0.178568,-0.028437,-0.048948,-0.709886,0.650232,-0.050921,-0.095323,-1.394868,-0.058507,-0.143367,-0.576765,-0.826025,-0.086346,-0.348573,1.094339,-0.009611,0.139892,1
-0.028575,-0.072106,-0.022217,0.328553,-0.301520,0.001711,-0.030254,-0.053101,0.035167,0.437236,-0.432034,-0.006743,0.178608,-0.028429,-0.048943,-0.710760,0.648793,-0.052071,-0.095155,-1.394856,-0.058543,-0.143367,-0.577076,-0.822106,-0.084069,-0.350946,1.094316,-0.009480,0.139844,1
-0.028575,-0.072114,-0.022204,0.328562,-0.301553,0.001769,-0.030271,-0.053144,0.035167,0.437236,-0.432042,-0.006743,0.178621,-0.028414,-0.048943,-0.711527,0.647823,-0.053677,-0.094963,-1.394856,-0.058519,-0.143355,-0.577280,-0.819517,-0.080906,-0.353367,1.094304,-0.009456,0.139796,1
-0.028566,-0.072123,-0.022231,0.328553,-0.301590,0.001833,-0.030262,-0.053169,0.035194,0.437227,-0.432046,-0.006736,0.178621,-0.028429,-0.048933,-0.712151,0.646816,-0.054912,-0.094651,-1.394844,-0.058447,-0.143355,-0.577580,-0.817300,-0.078844,-0.357465,1.094328,-0.009563,0.139760,1
-0.028558,-0.072123,-0.022244,0.328562,-0.301623,0.001891,-0.030271,-0.053212,0.035167,0.437219,-0.432038,-0.006721,0.178648,-0.028414,-0.048943,-0.712738,0.645809,-0.056302,-0.094472,-1.394868,-0.058183,-0.143343,-0.578023,-0.815323,-0.076891,-0.360282,1.094328,-0.009623,0.139760,1
-0.028549,-0.072114,-0.022244,0.328536,-0.301680,0.001992,-0.030262,-0.053238,0.035207,0.437219,-0.432050,-0.006728,0.178621,-0.028429,-0.048933,-0.713325,0.644683,-0.057836,-0.094316,-1.394844,-0.057560,-0.143355,-0.578455,-0.813154,-0.074746,-0.363158,1.094328,-0.009551,0.139772,1
-0.028549,-0.072131,-0.022204,0.328553,-0.301726,0.002086,-0.030271,-0.053272,0.035207,0.437227,-0.432050,-0.006728,0.178608,-0.028444,-0.048943,-0.714164,0.643496,-0.059382,-0.094172,-1.394832,-0.057201,-0.143379,-0.578826,-0.811056,-0.072660,-0.366190,1.094328,-0.009456,0.139796,1
-0.028532,-0.072097,-0.022204,0.328545,-0.301759,0.002158,-0.030271,-0.053323,0.035221,0.437210,-0.432046,-0.006736,0.178608,-0.028429,-0.048933,-0.715578,0.642358,-0.060892,-0.094016,-1.394844,-0.057057,-0.143379,-0.579078,-0.809283,-0.070635,-0.369270,1.094304,-0.009348,0.139808,1
-0.028558,-0.072114,-0.022204,0.328570,-0.301825,0.002274,-0.030254,-0.053357,0.035221,0.437210,-0.432046,-0.006736,0.178621,-0.028422,-0.048938,-0.718382,0.640848,-0.062893,-0.093753,-1.394880,-0.057165,-0.143379,-0.579485,-0.806814,-0.067963,-0.373129,1.094292,-0.009168,0.139760,1
-0.028549,-0.072114,-0.022257,0.328562,-0.301845,0.002295,-0.030245,-0.053365,0.035221,0.437193,-0.432046,-0.006736,0.178608,-0.028414,-0.048943,-0.718886,0.640417,-0.063552,-0.093657,-1.394844,-0.057189,-0.143379,-0.579557,-0.805927,-0.067016,-0.374471,1.094304,-0.009120,0.139724,1
-0.028558,-0.072097,-0.022217,0.328562,-0.301899,0.002404,-0.030245,-0.053417,0.035207,0.437185,-0.432042,-0.006729,0.178648,-0.028414,-0.048933,-0.720264,0.638535,-0.066668,-0.093309,-1.394892,-0.057177,-0.143367,-0.579845,-0.802284,-0.062677,-0.378198,1.094304,-0.008964,0.139616,1
-0.028575,-0.072097,-0.022244,0.328562,-0.301944,0.002454,-0.030245,-0.053442,0.035221,0.437176,-0.432046,-0.006736,0.178688,-0.028399,-0.048943,-0.721390,0.637301,-0.068634,-0.093058,-1.394880,-0.057189,-0.143367,-0.580072,-0.800414,-0.060484,-0.380571,1.094304,-0.008976,0.139520,1
-0.028575,-0.072097,-0.022244,0.328579,-0.301977,0.002512,-0.030245,-0.053468,0.035221,0.437176,-0.432046,-0.006736,0.178701,-0.028429,-0.048933,-0.722769,0.636090,-0.070431,-0.092734,-1.394868,-0.057249,-0.143355,-0.580276,-0.798521,-0.058195,-0.384670,1.094304,-0.009000,0.139401,1
-0.028592,-0.072097,-0.022231,0.328570,-0.301998,0.002577,-0.030245,-0.053485,0.035221,0.437167,-0.432042,-0.006743,0.178728,-0.028422,-0.048938,-0.724279,0.635000,-0.071905,-0.092494,-1.394856,-0.057345,-0.143379,-0.580420,-0.796615,-0.055882,-0.387642,1.094268,-0.009084,0.139317,1
-0.028583,-0.072097,-0.022244,0.328570,-0.302031,0.002634,-0.030236,-0.053510,0.035221,0.437167,-0.432046,-0.006736,0.178755,-0.028422,-0.048938,-0.725741,0.634005,-0.073212,-0.092314,-1.394844,-0.057464,-0.143391,-0.580504,-0.794530,-0.053689,-0.390158,1.094304,-0.009180,0.139221,1
-0.028583,-0.072097,-0.022231,0.328579,-0.302060,0.002685,-0.030254,-0.053544,0.035234,0.437150,-0.432042,-0.006743,0.178876,-0.028422,-0.048938,-0.727191,0.633070,-0.074578,-0.092051,-1.394820,-0.057416,-0.143379,-0.580480,-0.792253,-0.051820,-0.392447,1.094280,-0.009144,0.139065,1
-0.028575,-0.072097,-0.022204,0.328570,-0.302084,0.002743,-0.030262,-0.053561,0.035221,0.437167,-0.432042,-0.006743,0.178889,-0.028414,-0.048943,-0.728473,0.632099,-0.076280,-0.091775,-1.394808,-0.057297,-0.143379,-0.580504,-0.790024,-0.050334,-0.394916,1.094304,-0.009168,0.138957,1
-0.028566,-0.072114,-0.022217,0.328579,-0.302122,0.002793,-0.030245,-0.053553,0.035234,0.437159,-0.432046,-0.006736,0.178929,-0.028406,-0.048938,-0.729911,0.630949,-0.078113,-0.091512,-1.394796,-0.057189,-0.143367,-0.580624,-0.787915,-0.048908,-0.397553,1.094304,-0.009156,0.138933,1
-0.028558,-0.072131,-0.022190,0.328579,-0.302171,0.002880,-0.030245,-0.053630,0.035234,0.437167,-0.432042,-0.006743,0.178969,-0.028414,-0.048943,-0.731050,0.628576,-0.080810,-0.091116,-1.394808,-0.057345,-0.143367,-0.580815,-0.783301,-0.046127,-0.401484,1.094280,-0.008916,0.138957,1
-0.028575,-0.072140,-0.022150,0.328587,-0.302204,0.002923,-0.030228,-0.053647,0.035234,0.437176,-0.432038,-0.006736,0.178956,-0.028437,-0.048928,-0.732032,0.627497,-0.083458,-0.090649,-1.394832,-0.057560,-0.143379,-0.580935,-0.780892,-0.042904,-0.404516,1.094256,-0.008713,0.139017,1
-0.028566,-0.072148,-0.022164,0.328604,-0.302225,0.002959,-0.030228,-0.053681,0.035221,0.437193,-0.432042,-0.006743,0.178943,-0.028452,-0.048938,-0.733507,0.626395,-0.085292,-0.090289,-1.394844,-0.057764,-0.143355,-0.581055,-0.778639,-0.040746,-0.409034,1.094268,-0.008593,0.139101,1
-0.028566,-0.072148,-0.022137,0.328604,-0.302262,0.002995,-0.030228,-0.053715,0.035261,0.437185,-0.432038,-0.006736,0.178969,-0.028437,-0.048948,-0.735220,0.625460,-0.087497,-0.089954,-1.394820,-0.057944,-0.143379,-0.581139,-0.776710,-0.038541,-0.411874,1.094256,-0.008593,0.139161,1
-0.028566,-0.072148,-0.022164,0.328621,-0.302299,0.003074,-0.030219,-0.053723,0.035247,0.437185,-0.432046,-0.006736,0.178956,-0.028437,-0.048948,-0.736898,0.624561,-0.089690,-0.089690,-1.394808,-0.058195,-0.143367,-0.581223,-0.774852,-0.036468,-0.414894,1.094256,-0.008629,0.139221,1
-0.028558,-0.072165,-0.022150,0.328681,-0.302324,0.003118,-0.030219,-0.053740,0.035247,0.437185,-0.432046,-0.006736,0.178956,-0.028406,-0.048948,-0.738372,0.623627,-0.091667,-0.089414,-1.394820,-0.058387,-0.143367,-0.581223,-0.773066,-0.034311,-0.417830,1.094256,-0.008689,0.139185,1
-0.028566,-0.072182,-0.022150,0.328749,-0.302340,0.003161,-0.030219,-0.053740,0.035207,0.437202,-0.432042,-0.006743,0.178969,-0.028414,-0.048943,-0.740230,0.622632,-0.093333,-0.089175,-1.394832,-0.058543,-0.143355,-0.581235,-0.771401,-0.032501,-0.420275,1.094268,-0.008689,0.139041,1
-0.028575,-0.072199,-0.022123,0.328783,-0.302357,0.003204,-0.030185,-0.053758,0.035247,0.437193,-0.432046,-0.006736,0.178956,-0.028414,-0.048943,-0.741416,0.621553,-0.094544,-0.088875,-1.394820,-0.058687,-0.143379,-0.581211,-0.769998,-0.031015,-0.423043,1.094244,-0.008665,0.138861,1
-0.028566,-0.072208,-0.022110,0.328834,-0.302373,0.003233,-0.030168,-0.053792,0.035261,0.437193,-0.432042,-0.006729,0.178943,-0.028444,-0.048943,-0.742531,0.619983,-0.095454,-0.088575,-1.394844,-0.058771,-0.143367,-0.581187,-0.767961,-0.029481,-0.425907,1.094232,-0.008605,0.138693,1
-0.028583,-0.072225,-0.022070,0.328903,-0.302394,0.003240,-0.030160,-0.053809,0.035274,0.437210,-0.432046,-0.006736,0.178969,-0.028414,-0.048943,-0.743705,0.619001,-0.096581,-0.088264,-1.394820,-0.058795,-0.143367,-0.581175,-0.766367,-0.026533,-0.428316,1.094220,-0.008413,0.138550,1
-0.028575,-0.072233,-0.022110,0.329013,-0.302419,0.003298,-0.030126,-0.053834,0.035301,0.437219,-0.432038,-0.006736,0.178969,-0.028422,-0.048938,-0.745694,0.617467,-0.098834,-0.087653,-1.394808,-0.058591,-0.143379,-0.581199,-0.763251,-0.023082,-0.432822,1.094232,-0.008257,0.138418,1
-0.028566,-0.072259,-0.022110,0.329081,-0.302443,0.003356,-0.030126,-0.053834,0.035274,0.437219,-0.432046,-0.006736,0.178969,-0.028414,-0.048933,-0.747013,0.616220,-0.100488,-0.087461,-1.394808,-0.058207,-0.143367,-0.581211,-0.761142,-0.021008,-0.434896,1.094232,-0.008269,0.138394,1
-0.028566,-0.072285,-0.022110,0.329133,-0.302476,0.003356,-0.030117,-0.053826,0.035301,0.437227,-0.432046,-0.006736,0.178969,-0.028429,-0.048933,-0.748151,0.614986,-0.102082,-0.087317,-1.394808,-0.057764,-0.143355,-0.581211,-0.759309,-0.018755,-0.436873,1.094256,-0.008317,0.138346,1
-0.028566,-0.072310,-0.022056,0.329218,-0.302518,0.003442,-0.030117,-0.053843,0.035301,0.437227,-0.432046,-0.006736,0.178943,-0.028422,-0.048938,-0.749050,0.613836,-0.103508,-0.087185,-1.394820,-0.057368,-0.143367,-0.581211,-0.757775,-0.016263,-0.438587,1.094256,-0.008389,0.138226,1
-0.028566,-0.072310,-0.022016,0.329269,-0.302538,0.003478,-0.030151,-0.053860,0.035288,0.437236,-0.432034,-0.006729,0.178929,-0.028429,-0.048933,-0.749793,0.612685,-0.105078,-0.086982,-1.394856,-0.057321,-0.143379,-0.581223,-0.756133,-0.013830,-0.440145,1.094280,-0.008449,0.138118,1
-0.028575,-0.072344,-0.021936,0.329346,-0.302563,0.003551,-0.030160,-0.053885,0.035288,0.437236,-0.432042,-0.006743,0.178889,-0.028429,-0.048943,-0.750620,0.611606,-0.106935,-0.086742,-1.394868,-0.057368,-0.143367,-0.581223,-0.754215,-0.011589,-0.442518,1.094256,-0.008605,0.138058,1
-0.028558,-0.072361,-0.021882,0.329388,-0.302596,0.003594,-0.030160,-0.053902,0.035301,0.437244,-0.432042,-0.006729,0.178835,-0.028429,-0.048953,-0.751639,0.610048,-0.108709,-0.086514,-1.394892,-0.057380,-0.143379,-0.581259,-0.751303,-0.009863,-0.445202,1.094292,-0.008868,0.138058,1
-0.028566,-0.072387,-0.021815,0.329439,-0.302616,0.003659,-0.030143,-0.053928,0.035341,0.437253,-0.432046,-0.006736,0.178782,-0.028437,-0.048948,-0.753041,0.609150,-0.111190,-0.086358,-1.394892,-0.057440,-0.143355,-0.581379,-0.749410,-0.007466,-0.447922,1.094280,-0.008952,0.138142,1
-0.028558,-0.072404,-0.021735,0.329525,-0.302670,0.003738,-0.030151,-0.053919,0.035355,0.437227,-0.432034,-0.006729,0.178648,-0.028422,-0.048948,-0.755258,0.607783,-0.113071,-0.086238,-1.394868,-0.057644,-0.143367,-0.581618,-0.746222,-0.004842,-0.453076,1.094244,-0.008928,0.138250,1
-0.028558,-0.072404,-0.021641,0.329550,-0.302715,0.003788,-0.030134,-0.053911,0.035368,0.437219,-0.432042,-0.006714,0.178608,-0.028414,-0.048943,-0.756492,0.606909,-0.114246,-0.086119,-1.394856,-0.057716,-0.143367,-0.581702,-0.744101,-0.002996,-0.455880,1.094232,-0.008748,0.138250,1
-0.028549,-0.072412,-0.021548,0.329618,-0.302761,0.003882,-0.030117,-0.053902,0.035328,0.437202,-0.432050,-0.006728,0.178581,-0.028429,-0.048943,-0.757583,0.605974,-0.115600,-0.085915,-1.394868,-0.057692,-0.143367,-0.581714,-0.741943,-0.000959,-0.458421,1.094244,-0.008329,0.138190,1
-0.028549,-0.072447,-0.021454,0.329635,-0.302781,0.003918,-0.030134,-0.053936,0.035355,0.437210,-0.432046,-0.006736,0.178581,-0.028414,-0.048943,-0.758458,0.604943,-0.117158,-0.085627,-1.394844,-0.057548,-0.143379,-0.581714,-0.739990,0.001378,-0.460793,1.094244,-0.008113,0.138118,1
-0.028566,-0.072464,-0.021400,0.329670,-0.302798,0.003962,-0.030134,-0.053971,0.035381,0.437219,-0.432046,-0.006736,0.178608,-0.028414,-0.048943,-0.759045,0.603745,-0.118979,-0.085376,-1.394856,-0.057368,-0.143379,-0.581750,-0.738264,0.003931,-0.463214,1.094256,-0.008041,0.138070,1
-0.028549,-0.072489,-0.021347,0.329695,-0.302823,0.003976,-0.030134,-0.053979,0.035368,0.437210,-0.432042,-0.006729,0.178608,-0.028422,-0.048938,-0.759968,0.602654,-0.120777,-0.085160,-1.394856,-0.057297,-0.143379,-0.581774,-0.736706,0.006495,-0.465324,1.094244,-0.008065,0.137986,1
-0.028558,-0.072515,-0.021320,0.329729,-0.302818,0.003998,-0.030151,-0.053979,0.035395,0.437210,-0.432038,-0.006736,0.178608,-0.028444,-0.048943,-0.761010,0.601000,-0.122419,-0.084968,-1.394844,-0.057404,-0.143367,-0.581786,-0.734537,0.008617,-0.467145,1.094244,-0.008089,0.137855,1
-0.028541,-0.072540,-0.021320,0.329746,-0.302839,0.004005,-0.030160,-0.053979,0.035395,0.437193,-0.432038,-0.006736,0.178568,-0.028406,-0.048948,-0.762317,0.599958,-0.125031,-0.084848,-1.394892,-0.057548,-0.143367,-0.581906,-0.732955,0.010462,-0.468691,1.094256,-0.008113,0.137687,1
-0.028558,-0.072566,-0.021293,0.329763,-0.302843,0.004041,-0.030177,-0.053988,0.035381,0.437193,-0.432042,-0.006729,0.178501,-0.028422,-0.048938,-0.764186,0.598496,-0.128471,-0.084681,-1.394892,-0.057728,-0.143391,-0.582170,-0.730439,0.014105,-0.471100,1.094256,-0.008293,0.137423,1
-0.028558,-0.072591,-0.021307,0.329789,-0.302860,0.004055,-0.030177,-0.053988,0.035395,0.437167,-0.432038,-0.006736,0.178487,-0.028422,-0.048938,-0.764701,0.598052,-0.129657,-0.084573,-1.394868,-0.057788,-0.143391,-0.582230,-0.729612,0.015016,-0.473449,1.094268,-0.008389,0.137351,1
-0.028558,-0.072660,-0.021280,0.329780,-0.302855,0.004092,-0.030160,-0.053979,0.035368,0.437167,-0.432046,-0.006736,0.178487,-0.028414,-0.048943,-0.766199,0.596674,-0.132629,-0.084321,-1.394856,-0.057944,-0.143403,-0.582337,-0.726759,0.017713,-0.477020,1.094268,-0.008629,0.137279,1
-0.028566,-0.072702,-0.021253,0.329806,-0.302889,0.004135,-0.030151,-0.053988,0.035395,0.437185,-0.432042,-0.006729,0.178474,-0.028422,-0.048938,-0.767050,0.595643,-0.134403,-0.084105,-1.394844,-0.058076,-0.143415,-0.582409,-0.724746,0.019858,-0.479177,1.094244,-0.008437,0.137327,1
-0.028532,-0.072753,-0.021253,0.329814,-0.302897,0.004135,-0.030160,-0.054005,0.035395,0.437193,-0.432042,-0.006743,0.178527,-0.028414,-0.048943,-0.767745,0.594505,-0.135913,-0.083902,-1.394832,-0.058135,-0.143403,-0.582445,-0.722996,0.022375,-0.481191,1.094232,-0.008329,0.137435,1
-0.028549,-0.072787,-0.021253,0.329831,-0.302901,0.004157,-0.030151,-0.054013,0.035368,0.437202,-0.432038,-0.006721,0.178527,-0.028414,-0.048943,-0.768872,0.593295,-0.137279,-0.083674,-1.394856,-0.058123,-0.143451,-0.582553,-0.721678,0.025119,-0.483360,1.094244,-0.008317,0.137411,1
-0.028541,-0.072856,-0.021253,0.329840,-0.302909,0.004171,-0.030160,-0.053988,0.035381,0.437202,-0.432034,-0.006729,0.178541,-0.028437,-0.048948,-0.769915,0.591485,-0.138430,-0.083434,-1.394832,-0.058112,-0.143475,-0.582697,-0.719713,0.027624,-0.485337,1.094256,-0.008317,0.137267,1
-0.028532,-0.072907,-0.021253,0.329848,-0.302917,0.004185,-0.030185,-0.053988,0.035408,0.437210,-0.432038,-0.006721,0.178527,-0.028444,-0.048943,-0.771053,0.590239,-0.139365,-0.083206,-1.394856,-0.058112,-0.143535,-0.582853,-0.718071,0.029997,-0.487099,1.094304,-0.008401,0.137100,1
-0.028515,-0.072941,-0.021240,0.329866,-0.302922,0.004193,-0.030185,-0.053996,0.035408,0.437202,-0.432042,-0.006729,0.178527,-0.028422,-0.048938,-0.772060,0.589136,-0.140419,-0.083051,-1.394844,-0.058052,-0.143583,-0.582973,-0.716117,0.033460,-0.489052,1.094292,-0.008545,0.136872,1
-0.028506,-0.072966,-0.021266,0.329908,-0.302942,0.004214,-0.030202,-0.053962,0.035381,0.437167,-0.432046,-0.006736,0.178541,-0.028452,-0.048938,-0.773054,0.588177,-0.141126,-0.082691,-1.394844,-0.058052,-0.143655,-0.583045,-0.714104,0.035509,-0.492432,1.094316,-0.008617,0.136716,1
-0.028481,-0.073009,-0.021186,0.329917,-0.302946,0.004236,-0.030202,-0.053945,0.035395,0.437176,-0.432038,-0.006750,0.178554,-0.028414,-0.048943,-0.774001,0.587195,-0.142181,-0.082392,-1.394820,-0.058016,-0.143727,-0.583104,-0.712378,0.037331,-0.494781,1.094256,-0.008581,0.136632,1
-0.028455,-0.073043,-0.021159,0.329942,-0.302959,0.004258,-0.030185,-0.053971,0.035408,0.437185,-0.432038,-0.006750,0.178541,-0.028414,-0.048943,-0.774876,0.586164,-0.143691,-0.082092,-1.394796,-0.057536,-0.143859,-0.583284,-0.710856,0.039105,-0.496986,1.094244,-0.008497,0.136584,1
-0.028404,-0.073094,-0.021065,0.329976,-0.302975,0.004272,-0.030160,-0.053979,0.035408,0.437176,-0.432046,-0.006736,0.178527,-0.028429,-0.048943,-0.776110,0.584558,-0.146483,-0.081720,-1.394796,-0.056817,-0.144074,-0.583608,-0.708759,0.041753,-0.500090,1.094268,-0.008437,0.136476,1
-0.028353,-0.073137,-0.021025,0.330019,-0.302987,0.004308,-0.030160,-0.053962,0.035395,0.437167,-0.432042,-0.006743,0.178554,-0.028422,-0.048938,-0.776913,0.583456,-0.148449,-0.081481,-1.394832,-0.056613,-0.144290,-0.583788,-0.707213,0.043874,-0.502211,1.094292,-0.008329,0.136321,1
-0.028302,-0.073205,-0.020958,0.330027,-0.302996,0.004322,-0.030177,-0.053928,0.035368,0.437167,-0.432042,-0.006729,0.178541,-0.028414,-0.048943,-0.778244,0.582281,-0.150366,-0.081253,-1.394856,-0.056697,-0.144422,-0.583907,-0.705415,0.046271,-0.504009,1.094292,-0.008173,0.136213,1
-0.028268,-0.073282,-0.020932,0.330036,-0.303008,0.004330,-0.030185,-0.053936,0.035395,0.437185,-0.432046,-0.006736,0.178541,-0.028429,-0.048943,-0.779238,0.580735,-0.152152,-0.080989,-1.394868,-0.056865,-0.144518,-0.583955,-0.702563,0.048416,-0.505411,1.094268,-0.008053,0.136141,1
-0.028251,-0.073324,-0.020891,0.330062,-0.303012,0.004337,-0.030177,-0.053945,0.035381,0.437176,-0.432046,-0.006736,0.178541,-0.028414,-0.048943,-0.780317,0.579740,-0.154585,-0.080726,-1.394868,-0.056997,-0.144578,-0.584063,-0.700945,0.051904,-0.506429,1.094244,-0.008017,0.136117,1
-0.028225,-0.073375,-0.020838,0.330096,-0.303012,0.004351,-0.030185,-0.053928,0.035381,0.437167,-0.432042,-0.006729,0.178554,-0.028414,-0.048943,-0.781383,0.578746,-0.156226,-0.080498,-1.394868,-0.057141,-0.144614,-0.584291,-0.699759,0.054217,-0.507676,1.094256,-0.008053,0.136129,1
-0.028208,-0.073435,-0.020851,0.330121,-0.303012,0.004366,-0.030202,-0.053936,0.035395,0.437167,-0.432046,-0.006736,0.178554,-0.028414,-0.048943,-0.782318,0.577787,-0.157916,-0.080103,-1.394856,-0.057285,-0.144614,-0.584590,-0.698692,0.056194,-0.510336,1.094280,-0.008245,0.136201,1
-0.028191,-0.073495,-0.020798,0.330130,-0.303020,0.004351,-0.030185,-0.053902,0.035408,0.437176,-0.432038,-0.006736,0.178541,-0.028414,-0.048943,-0.783157,0.576876,-0.159510,-0.079851,-1.394832,-0.057452,-0.144602,-0.584962,-0.697266,0.058387,-0.512254,1.094316,-0.008437,0.136368,1
-0.028157,-0.073554,-0.020798,0.330164,-0.303037,0.004366,-0.030202,-0.053902,0.035395,0.437185,-0.432034,-0.006729,0.178474,-0.028429,-0.048953,-0.783912,0.575977,-0.160912,-0.079611,-1.394808,-0.057608,-0.144614,-0.585286,-0.695564,0.060832,-0.514075,1.094268,-0.008389,0.136548,1
-0.028123,-0.073640,-0.020798,0.330172,-0.303033,0.004373,-0.030185,-0.053885,0.035395,0.437202,-0.432038,-0.006750,0.178460,-0.028429,-0.048953,-0.784727,0.575055,-0.162218,-0.079348,-1.394808,-0.057644,-0.144590,-0.585417,-0.693803,0.063385,-0.515681,1.094232,-0.008305,0.136560,1
-0.028046,-0.073733,-0.020784,0.330206,-0.303045,0.004409,-0.030177,-0.053877,0.035381,0.437219,-0.432042,-0.006743,0.178447,-0.028422,-0.048938,-0.786645,0.573581,-0.164531,-0.078952,-1.394832,-0.057668,-0.144542,-0.585717,-0.691646,0.067172,-0.517743,1.094244,-0.008269,0.136392,1
-0.028004,-0.073844,-0.020757,0.330240,-0.303049,0.004416,-0.030177,-0.053868,0.035381,0.437219,-0.432046,-0.006736,0.178420,-0.028429,-0.048943,-0.787471,0.572070,-0.166269,-0.078748,-1.394832,-0.057656,-0.144494,-0.586053,-0.689860,0.069413,-0.519217,1.094244,-0.008257,0.136213,1
-0.027970,-0.073912,-0.020744,0.330275,-0.303066,0.004431,-0.030168,-0.053877,0.035395,0.437236,-0.432038,-0.006736,0.178367,-0.028422,-0.048938,-0.788274,0.570980,-0.168079,-0.078545,-1.394832,-0.057632,-0.144494,-0.586364,-0.688482,0.071845,-0.520942,1.094256,-0.008269,0.136093,1
-0.027944,-0.073989,-0.020717,0.330309,-0.303082,0.004459,-0.030194,-0.053860,0.035408,0.437227,-0.432042,-0.006729,0.178313,-0.028414,-0.048943,-0.789077,0.569901,-0.170607,-0.078353,-1.394808,-0.057608,-0.144494,-0.586604,-0.687020,0.075105,-0.522752,1.094256,-0.008293,0.136021,1
-0.027910,-0.074066,-0.020704,0.330334,-0.303099,0.004488,-0.030177,-0.053851,0.035381,0.437236,-0.432042,-0.006743,0.178286,-0.028437,-0.048948,-0.789928,0.568799,-0.172213,-0.077993,-1.394820,-0.057560,-0.144494,-0.586712,-0.685462,0.077166,-0.525185,1.094256,-0.008305,0.135949,1
-0.027884,-0.074125,-0.020677,0.330351,-0.303119,0.004510,-0.030202,-0.053851,0.035395,0.437227,-0.432046,-0.006721,0.178246,-0.028406,-0.048938,-0.790779,0.567756,-0.173603,-0.077790,-1.394808,-0.057584,-0.144482,-0.586820,-0.683808,0.079120,-0.526527,1.094244,-0.008209,0.135865,1
-0.027850,-0.074194,-0.020637,0.330360,-0.303136,0.004539,-0.030202,-0.053843,0.035408,0.437227,-0.432042,-0.006714,0.178206,-0.028406,-0.048938,-0.791618,0.566714,-0.174862,-0.077574,-1.394820,-0.057608,-0.144482,-0.586951,-0.682298,0.081361,-0.527893,1.094268,-0.008161,0.135805,1
-0.027799,-0.074262,-0.020610,0.330377,-0.303152,0.004582,-0.030194,-0.053843,0.035408,0.437219,-0.432038,-0.006721,0.178206,-0.028384,-0.048932,-0.792469,0.565623,-0.176120,-0.077346,-1.394808,-0.057584,-0.144482,-0.587095,-0.681004,0.083758,-0.529415,1.094256,-0.008125,0.135805,1
-0.027688,-0.074338,-0.020583,0.330394,-0.303161,0.004597,-0.030194,-0.053834,0.035395,0.437219,-0.432038,-0.006736,0.178179,-0.028376,-0.048937,-0.794219,0.563837,-0.177822,-0.076939,-1.394832,-0.057596,-0.144482,-0.587455,-0.679338,0.086958,-0.531956,1.094256,-0.008173,0.135937,1
-0.027629,-0.074381,-0.020543,0.330419,-0.303177,0.004611,-0.030177,-0.053834,0.035381,0.437219,-0.432034,-0.006729,0.178179,-0.028368,-0.048922,-0.795141,0.562663,-0.178661,-0.076627,-1.394808,-0.057584,-0.144494,-0.587539,-0.677984,0.088983,-0.533861,1.094280,-0.008149,0.135925,1
-0.027578,-0.074441,-0.020503,0.330445,-0.303177,0.004625,-0.030177,-0.053809,0.035422,0.437219,-0.432038,-0.006736,0.178193,-0.028345,-0.048907,-0.796040,0.560985,-0.179739,-0.076316,-1.394784,-0.057584,-0.144518,-0.587527,-0.675695,0.091272,-0.535611,1.094256,-0.008113,0.135877,1
-0.027518,-0.074492,-0.020463,0.330462,-0.303190,0.004662,-0.030160,-0.053766,0.035395,0.437219,-0.432042,-0.006743,0.178233,-0.028315,-0.048897,-0.796831,0.559763,-0.180926,-0.075992,-1.394772,-0.057488,-0.144554,-0.587575,-0.674089,0.094759,-0.537085,1.094256,-0.008053,0.135805,1
-0.027492,-0.074534,-0.020396,0.330496,-0.303214,0.004705,-0.030160,-0.053800,0.035395,0.437219,-0.432042,-0.006729,0.178260,-0.028300,-0.048877,-0.797598,0.558576,-0.182328,-0.075656,-1.394724,-0.057189,-0.144638,-0.587718,-0.672639,0.096797,-0.539482,1.094256,-0.008041,0.135769,1
-0.027441,-0.074577,-0.020302,0.330505,-0.303231,0.004719,-0.030160,-0.053792,0.035408,0.437219,-0.432046,-0.006736,0.178233,-0.028247,-0.048861,-0.798401,0.557450,-0.183898,-0.075513,-1.394748,-0.056697,-0.144722,-0.587922,-0.671320,0.098894,-0.541232,1.094256,-0.008053,0.135733,1
-0.027424,-0.074637,-0.020195,0.330530,-0.303247,0.004748,-0.030177,-0.053783,0.035395,0.437210,-0.432042,-0.006743,0.178233,-0.028254,-0.048846,-0.799252,0.556263,-0.185624,-0.075417,-1.394760,-0.056278,-0.144805,-0.588114,-0.670050,0.101027,-0.542837,1.094256,-0.008053,0.135733,1
-0.027424,-0.074705,-0.020048,0.330530,-0.303260,0.004784,-0.030177,-0.053775,0.035408,0.437193,-0.432042,-0.006743,0.178233,-0.028216,-0.048851,-0.800163,0.555125,-0.187254,-0.075333,-1.394796,-0.056062,-0.144853,-0.588234,-0.668780,0.103244,-0.544048,1.094256,-0.008041,0.135757,1
-0.027424,-0.074765,-0.019981,0.330547,-0.303264,0.004791,-0.030185,-0.053775,0.035408,0.437193,-0.432038,-0.006721,0.178219,-0.028224,-0.048846,-0.801062,0.554022,-0.188728,-0.075249,-1.394808,-0.056182,-0.144841,-0.588294,-0.667306,0.105353,-0.544995,1.094268,-0.008053,0.135757,1
-0.027416,-0.074824,-0.019887,0.330556,-0.303276,0.004784,-0.030194,-0.053783,0.035395,0.437210,-0.432046,-0.006736,0.178179,-0.028224,-0.048846,-0.802356,0.553016,-0.189974,-0.075093,-1.394796,-0.056266,-0.144829,-0.588378,-0.665868,0.107031,-0.545869,1.094256,-0.008065,0.135781,1
-0.027373,-0.074926,-0.019726,0.330556,-0.303289,0.004806,-0.030202,-0.053775,0.035395,0.437185,-0.432050,-0.006728,0.178166,-0.028231,-0.048841,-0.803506,0.551014,-0.191544,-0.074806,-1.394796,-0.056350,-0.144769,-0.588629,-0.662979,0.109811,-0.547979,1.094268,-0.008113,0.135937,1
-0.027339,-0.074978,-0.019579,0.330581,-0.303276,0.004828,-0.030202,-0.053775,0.035408,0.437210,-0.432046,-0.006736,0.178139,-0.028239,-0.048836,-0.804225,0.550008,-0.193294,-0.074554,-1.394772,-0.056422,-0.144757,-0.588893,-0.661565,0.113227,-0.549513,1.094280,-0.008077,0.136141,1
-0.027296,-0.075029,-0.019499,0.330633,-0.303293,0.004842,-0.030185,-0.053800,0.035381,0.437219,-0.432034,-0.006729,0.178099,-0.028239,-0.048836,-0.804968,0.548881,-0.194720,-0.074254,-1.394760,-0.056446,-0.144769,-0.589204,-0.660151,0.115408,-0.551670,1.094244,-0.008041,0.136380,1
-0.027271,-0.075088,-0.019378,0.330650,-0.303313,0.004863,-0.030202,-0.053766,0.035395,0.437219,-0.432034,-0.006758,0.178045,-0.028239,-0.048836,-0.805867,0.547719,-0.196242,-0.074086,-1.394760,-0.056386,-0.144781,-0.589444,-0.658785,0.117469,-0.552928,1.094256,-0.008041,0.136620,1
-0.027228,-0.075139,-0.019298,0.330658,-0.303342,0.004928,-0.030194,-0.053775,0.035381,0.437210,-0.432046,-0.006736,0.178005,-0.028201,-0.048831,-0.806742,0.546508,-0.197836,-0.073955,-1.394760,-0.056386,-0.144817,-0.589552,-0.657323,0.119579,-0.554055,1.094244,-0.008041,0.136788,1
-0.027220,-0.075191,-0.019217,0.330667,-0.303371,0.004950,-0.030211,-0.053758,0.035395,0.437210,-0.432038,-0.006736,0.177952,-0.028178,-0.048815,-0.807545,0.545274,-0.199358,-0.073799,-1.394760,-0.056422,-0.144853,-0.589636,-0.655717,0.121568,-0.555157,1.094244,-0.008017,0.136824,1
-0.027194,-0.075242,-0.019124,0.330692,-0.303396,0.005008,-0.030202,-0.053732,0.035408,0.437219,-0.432042,-0.006729,0.177925,-0.028155,-0.048790,-0.808264,0.544135,-0.200748,-0.073655,-1.394760,-0.056458,-0.144937,-0.589720,-0.654051,0.123545,-0.556356,1.094256,-0.008041,0.136620,1
-0.027203,-0.075310,-0.019043,0.330709,-0.303408,0.005073,-0.030202,-0.053723,0.035381,0.437219,-0.432046,-0.006736,0.177911,-0.028125,-0.048780,-0.809403,0.543117,-0.202006,-0.073439,-1.394748,-0.056482,-0.144973,-0.590007,-0.652541,0.125355,-0.557578,1.094244,-0.008029,0.136476,1
-0.027186,-0.075353,-0.019003,0.330735,-0.303437,0.005123,-0.030202,-0.053732,0.035395,0.437210,-0.432050,-0.006728,0.177871,-0.028117,-0.048765,-0.810253,0.542158,-0.203181,-0.073188,-1.394748,-0.056494,-0.145045,-0.590187,-0.651091,0.126985,-0.559100,1.094244,-0.007981,0.136404,1
-0.027151,-0.075506,-0.018869,0.330769,-0.303482,0.005174,-0.030202,-0.053706,0.035395,0.437193,-0.432042,-0.006714,0.177858,-0.028094,-0.048770,-0.811572,0.540276,-0.205877,-0.072624,-1.394736,-0.056494,-0.145117,-0.590463,-0.647963,0.130844,-0.561629,1.094208,-0.007754,0.136440,1
-0.027126,-0.075574,-0.018896,0.330786,-0.303499,0.005203,-0.030202,-0.053698,0.035395,0.437185,-0.432046,-0.006736,0.177844,-0.028072,-0.048764,-0.812471,0.539150,-0.207315,-0.071905,-1.394748,-0.056554,-0.145177,-0.590607,-0.646393,0.132941,-0.563295,1.094196,-0.007598,0.136464,1
-0.027083,-0.075659,-0.018896,0.330811,-0.303532,0.005231,-0.030202,-0.053672,0.035368,0.437176,-0.432042,-0.006729,0.177858,-0.028049,-0.048749,-0.813429,0.537963,-0.208490,-0.071318,-1.394724,-0.056625,-0.145237,-0.590774,-0.644871,0.134942,-0.565380,1.094232,-0.007538,0.136476,1
-0.027049,-0.075736,-0.018896,0.330846,-0.303544,0.005253,-0.030194,-0.053664,0.035368,0.437185,-0.432042,-0.006743,0.177844,-0.028018,-0.048739,-0.814304,0.536885,-0.209616,-0.070623,-1.394736,-0.056697,-0.145297,-0.590966,-0.643577,0.136920,-0.566554,1.094244,-0.007538,0.136416,1
-0.026998,-0.075830,-0.018896,0.330880,-0.303577,0.005340,-0.030202,-0.053672,0.035395,0.437176,-0.432042,-0.006729,0.177844,-0.027995,-0.048724,-0.815119,0.535842,-0.210826,-0.069904,-1.394700,-0.056661,-0.145381,-0.591218,-0.642354,0.138825,-0.567633,1.094256,-0.007550,0.136345,1
-0.026981,-0.075932,-0.018896,0.330922,-0.303598,0.005376,-0.030194,-0.053664,0.035395,0.437202,-0.432034,-0.006729,0.177831,-0.027957,-0.048698,-0.815862,0.534823,-0.212193,-0.069137,-1.394688,-0.056518,-0.145500,-0.591529,-0.641000,0.140767,-0.568651,1.094256,-0.007574,0.136201,1
-0.026964,-0.076026,-0.018909,0.330948,-0.303618,0.005412,-0.030185,-0.053664,0.035395,0.437185,-0.432042,-0.006743,0.177791,-0.027942,-0.048678,-0.816629,0.533721,-0.213619,-0.068370,-1.394688,-0.056338,-0.145584,-0.591889,-0.639430,0.142612,-0.569610,1.094256,-0.007586,0.136105,1
-0.026938,-0.076120,-0.018923,0.330973,-0.303656,0.005448,-0.030194,-0.053664,0.035395,0.437193,-0.432038,-0.006736,0.177751,-0.027904,-0.048663,-0.817935,0.532618,-0.215153,-0.067531,-1.394688,-0.056254,-0.145632,-0.592644,-0.637657,0.144170,-0.570593,1.094244,-0.007598,0.136057,1
-0.026913,-0.076264,-0.018909,0.331025,-0.303684,0.005498,-0.030194,-0.053638,0.035408,0.437219,-0.432042,-0.006729,0.177697,-0.027866,-0.048637,-0.818882,0.531036,-0.216567,-0.066692,-1.394712,-0.056290,-0.145656,-0.593339,-0.635044,0.145477,-0.571588,1.094232,-0.007538,0.136093,1
-0.026904,-0.076358,-0.018923,0.331050,-0.303717,0.005599,-0.030202,-0.053655,0.035381,0.437244,-0.432038,-0.006721,0.177617,-0.027820,-0.048627,-0.819829,0.530150,-0.218413,-0.065877,-1.394700,-0.056386,-0.145668,-0.594322,-0.633498,0.147610,-0.572486,1.094232,-0.007454,0.136129,1
-0.026887,-0.076495,-0.018896,0.331118,-0.303783,0.005671,-0.030202,-0.053630,0.035381,0.437278,-0.432038,-0.006721,0.177496,-0.027805,-0.048617,-0.821303,0.528724,-0.220102,-0.064223,-1.394688,-0.056518,-0.145692,-0.596155,-0.631257,0.150402,-0.574068,1.094244,-0.007011,0.136297,1
-0.026879,-0.076597,-0.018896,0.331152,-0.303820,0.005751,-0.030202,-0.053647,0.035381,0.437304,-0.432038,-0.006721,0.177416,-0.027782,-0.048601,-0.822322,0.527681,-0.221289,-0.063732,-1.394688,-0.056518,-0.145752,-0.597521,-0.629519,0.152355,-0.574859,1.094256,-0.006735,0.136440,1
-0.026862,-0.076699,-0.018909,0.331203,-0.303886,0.005837,-0.030202,-0.053647,0.035395,0.437329,-0.432038,-0.006721,0.177349,-0.027760,-0.048606,-0.823364,0.526506,-0.222655,-0.063588,-1.394676,-0.056446,-0.145908,-0.598828,-0.627614,0.154225,-0.575722,1.094244,-0.006591,0.136560,1
-0.026853,-0.076810,-0.018923,0.331229,-0.303923,0.005931,-0.030202,-0.053647,0.035395,0.437346,-0.432042,-0.006714,0.177188,-0.027752,-0.048591,-0.824323,0.525212,-0.224117,-0.063456,-1.394664,-0.056422,-0.146220,-0.600062,-0.625672,0.155927,-0.576717,1.094244,-0.006543,0.136668,1
-0.026836,-0.076895,-0.018923,0.331289,-0.303961,0.006011,-0.030202,-0.053647,0.035408,0.437363,-0.432038,-0.006721,0.177094,-0.027706,-0.048581,-0.825126,0.523966,-0.225555,-0.063229,-1.394664,-0.056458,-0.146303,-0.601416,-0.623755,0.157760,-0.577748,1.094256,-0.006567,0.136620,1
-0.026836,-0.076997,-0.018923,0.331340,-0.304002,0.006097,-0.030194,-0.053647,0.035395,0.437398,-0.432038,-0.006721,0.176934,-0.027676,-0.048570,-0.825845,0.522923,-0.226909,-0.062881,-1.394688,-0.056506,-0.146315,-0.603825,-0.622101,0.159630,-0.578970,1.094244,-0.006567,0.136572,1
-0.026845,-0.077125,-0.018923,0.331400,-0.304047,0.006191,-0.030202,-0.053655,0.035395,0.437423,-0.432030,-0.006721,0.176733,-0.027630,-0.048540,-0.826492,0.521485,-0.228120,-0.062510,-1.394700,-0.056542,-0.146291,-0.604964,-0.620184,0.161511,-0.580180,1.094256,-0.006555,0.136476,1
-0.026836,-0.077210,-0.018909,0.331459,-0.304092,0.006256,-0.030177,-0.053664,0.035395,0.437457,-0.432034,-0.006729,0.176505,-0.027569,-0.048529,-0.827475,0.520682,-0.229642,-0.062114,-1.394688,-0.056566,-0.146208,-0.605539,-0.618925,0.164124,-0.581403,1.094256,-0.006507,0.136392,1
-0.026845,-0.077304,-0.018909,0.331519,-0.304150,0.006342,-0.030177,-0.053655,0.035395,0.437483,-0.432034,-0.006729,0.176184,-0.027524,-0.048508,-0.828350,0.520023,-0.230493,-0.061719,-1.394664,-0.056554,-0.146112,-0.605827,-0.617403,0.165838,-0.582505,1.094244,-0.006424,0.136345,1
-0.026836,-0.077449,-0.018896,0.331672,-0.304225,0.006429,-0.030177,-0.053647,0.035408,0.437500,-0.432034,-0.006729,0.175648,-0.027448,-0.048487,-0.829201,0.518872,-0.232027,-0.061120,-1.394664,-0.056506,-0.145992,-0.606066,-0.614575,0.168846,-0.583991,1.094280,-0.006160,0.136357,1
-0.026853,-0.077568,-0.018909,0.331757,-0.304266,0.006501,-0.030194,-0.053647,0.035395,0.437500,-0.432038,-0.006721,0.175273,-0.027387,-0.048467,-0.829728,0.517818,-0.233237,-0.060940,-1.394664,-0.056398,-0.146004,-0.606114,-0.612825,0.171195,-0.584351,1.094268,-0.005908,0.136404,1
-0.026853,-0.077636,-0.018896,0.331792,-0.304286,0.006581,-0.030177,-0.053647,0.035395,0.437483,-0.432034,-0.006729,0.175099,-0.027372,-0.048467,-0.830027,0.517303,-0.233872,-0.060892,-1.394688,-0.056350,-0.146004,-0.606090,-0.612010,0.172309,-0.584399,1.094316,-0.005681,0.136416,1
-0.026853,-0.077798,-0.018909,0.331902,-0.304336,0.006653,-0.030160,-0.053655,0.035408,0.437500,-0.432030,-0.006707,0.174416,-0.027280,-0.048445,-0.831202,0.515900,-0.235969,-0.060796,-1.394712,-0.056446,-0.145968,-0.606042,-0.609302,0.175293,-0.584267,1.094339,-0.005513,0.136392,1
-0.026862,-0.077901,-0.018896,0.332013,-0.304340,0.006689,-0.030151,-0.053672,0.035422,0.437508,-0.432030,-0.006707,0.174001,-0.027212,-0.048439,-0.832292,0.515265,-0.237491,-0.060784,-1.394724,-0.056578,-0.145956,-0.605994,-0.607325,0.177486,-0.583907,1.094387,-0.005393,0.136321,1
-0.026896,-0.078046,-0.018909,0.332115,-0.304352,0.006725,-0.030151,-0.053681,0.035408,0.437500,-0.432030,-0.006707,0.173559,-0.027151,-0.048409,-0.832928,0.514534,-0.238918,-0.060808,-1.394736,-0.056733,-0.145944,-0.606006,-0.604616,0.179632,-0.583464,1.094399,-0.005333,0.136261,1
-0.026896,-0.078131,-0.018909,0.332201,-0.304369,0.006739,-0.030126,-0.053681,0.035422,0.437474,-0.432038,-0.006721,0.173117,-0.027083,-0.048403,-0.833491,0.513935,-0.240835,-0.060832,-1.394760,-0.056889,-0.145956,-0.606366,-0.603070,0.183071,-0.582997,1.094423,-0.005285,0.136129,1
-0.026904,-0.078224,-0.018909,0.332269,-0.304381,0.006761,-0.030109,-0.053698,0.035422,0.437508,-0.432034,-0.006729,0.172595,-0.027029,-0.048387,-0.833922,0.513156,-0.242189,-0.060892,-1.394724,-0.057093,-0.145956,-0.607313,-0.601608,0.184905,-0.583068,1.094435,-0.005273,0.136069,1
-0.026896,-0.078327,-0.018909,0.332405,-0.304402,0.006768,-0.030092,-0.053732,0.035462,0.437534,-0.432034,-0.006729,0.172126,-0.026999,-0.048357,-0.834462,0.512353,-0.243615,-0.060916,-1.394724,-0.057297,-0.145956,-0.608559,-0.600014,0.186403,-0.583548,1.094483,-0.005321,0.136093,1
-0.026930,-0.078412,-0.018923,0.332473,-0.304394,0.006768,-0.030092,-0.053749,0.035489,0.437551,-0.432030,-0.006707,0.171604,-0.026976,-0.048371,-0.835157,0.511598,-0.245125,-0.060916,-1.394736,-0.057488,-0.145980,-0.609709,-0.598109,0.188176,-0.583991,1.094591,-0.005393,0.136153,1
-0.026964,-0.078540,-0.018909,0.332584,-0.304402,0.006782,-0.030066,-0.053749,0.035489,0.437577,-0.432038,-0.006721,0.170693,-0.026953,-0.048356,-0.836259,0.510699,-0.246983,-0.060892,-1.394724,-0.057608,-0.146016,-0.611363,-0.594933,0.191160,-0.584195,1.094651,-0.004961,0.136309,1
-0.026990,-0.078617,-0.018936,0.332661,-0.304414,0.006790,-0.030049,-0.053749,0.035489,0.437577,-0.432034,-0.006729,0.170171,-0.026923,-0.048346,-0.836882,0.510136,-0.247834,-0.060868,-1.394700,-0.057608,-0.146040,-0.612346,-0.592943,0.193318,-0.584135,1.094723,-0.004566,0.136345,1
-0.027024,-0.078685,-0.018923,0.332737,-0.304402,0.006797,-0.030040,-0.053775,0.035502,0.437577,-0.432038,-0.006721,0.169702,-0.026908,-0.048336,-0.837733,0.509525,-0.248397,-0.060856,-1.394700,-0.057596,-0.146076,-0.613892,-0.591074,0.195391,-0.584171,1.094771,-0.004159,0.136357,1
-0.027049,-0.078838,-0.018896,0.332797,-0.304402,0.006797,-0.030040,-0.053783,0.035489,0.437594,-0.432038,-0.006721,0.169220,-0.026885,-0.048350,-0.838237,0.508530,-0.248697,-0.060808,-1.394712,-0.057596,-0.146064,-0.615198,-0.587838,0.197716,-0.584315,1.094831,-0.003787,0.136368,1
-0.027075,-0.078949,-0.018896,0.332857,-0.304402,0.006797,-0.030023,-0.053809,0.035502,0.437577,-0.432030,-0.006707,0.168671,-0.026877,-0.048355,-0.838740,0.507799,-0.249368,-0.060808,-1.394688,-0.057560,-0.146064,-0.616600,-0.585381,0.201419,-0.584435,1.094915,-0.003404,0.136368,1
-0.027100,-0.079043,-0.018896,0.332925,-0.304410,0.006782,-0.029989,-0.053809,0.035502,0.437568,-0.432038,-0.006721,0.168082,-0.026862,-0.048355,-0.839243,0.506984,-0.250303,-0.060820,-1.394688,-0.057357,-0.146064,-0.617991,-0.583272,0.203792,-0.584483,1.094987,-0.002948,0.136357,1
-0.027117,-0.079153,-0.018909,0.333027,-0.304406,0.006804,-0.029955,-0.053817,0.035529,0.437559,-0.432038,-0.006721,0.167439,-0.026824,-0.048330,-0.839699,0.506217,-0.251333,-0.060880,-1.394700,-0.056889,-0.146100,-0.619141,-0.581355,0.205745,-0.584411,1.095083,-0.002385,0.136309,1
-0.027100,-0.079256,-0.018896,0.333087,-0.304406,0.006804,-0.029896,-0.053826,0.035542,0.437568,-0.432026,-0.006700,0.166649,-0.026786,-0.048304,-0.840178,0.505462,-0.252160,-0.060892,-1.394664,-0.056338,-0.146148,-0.620244,-0.579689,0.207615,-0.584327,1.095178,-0.001738,0.136213,1
-0.027100,-0.079366,-0.018896,0.333155,-0.304431,0.006833,-0.029870,-0.053826,0.035515,0.437568,-0.432030,-0.006721,0.165818,-0.026733,-0.048269,-0.840609,0.504791,-0.252795,-0.060904,-1.394700,-0.055715,-0.146112,-0.621442,-0.578011,0.209640,-0.584315,1.095298,-0.000539,0.136105,1
-0.027117,-0.079545,-0.018909,0.333274,-0.304435,0.006811,-0.029810,-0.053826,0.035542,0.437577,-0.432026,-0.006714,0.163984,-0.026680,-0.048253,-0.841341,0.503928,-0.253766,-0.060880,-1.394724,-0.055547,-0.146088,-0.623743,-0.575782,0.212732,-0.584339,1.095430,0.001150,0.136009,1
-0.027143,-0.079656,-0.018909,0.333360,-0.304431,0.006819,-0.029793,-0.053851,0.035542,0.437611,-0.432030,-0.006707,0.162912,-0.026672,-0.048248,-0.842096,0.503425,-0.254485,-0.060856,-1.394712,-0.055523,-0.146112,-0.626356,-0.574440,0.214793,-0.584339,1.095514,0.002457,0.135997,1
-0.027143,-0.079716,-0.018923,0.333402,-0.304431,0.006790,-0.029776,-0.053868,0.035542,0.437594,-0.432022,-0.006722,0.162417,-0.026672,-0.048248,-0.842335,0.503209,-0.254869,-0.060832,-1.394700,-0.055487,-0.146100,-0.627158,-0.573781,0.215836,-0.584315,1.095562,0.003140,0.135985,1
-0.027194,-0.079929,-0.018950,0.333539,-0.304439,0.006804,-0.029734,-0.053868,0.035542,0.437577,-0.432026,-0.006714,0.160796,-0.026634,-0.048223,-0.842946,0.502550,-0.256091,-0.060832,-1.394712,-0.055379,-0.146112,-0.629172,-0.570305,0.219299,-0.584207,1.095706,0.005141,0.135865,1
-0.027228,-0.080040,-0.018963,0.333649,-0.304426,0.006840,-0.029717,-0.053860,0.035542,0.437585,-0.432030,-0.006707,0.159564,-0.026573,-0.048212,-0.843246,0.502178,-0.257385,-0.060856,-1.394700,-0.055415,-0.146112,-0.630454,-0.567885,0.223038,-0.584147,1.095790,0.006579,0.135697,1
-0.027271,-0.080133,-0.018976,0.333820,-0.304439,0.006862,-0.029691,-0.053860,0.035529,0.437594,-0.432026,-0.006714,0.158373,-0.026512,-0.048201,-0.843462,0.501711,-0.258296,-0.060868,-1.394712,-0.055451,-0.146136,-0.631701,-0.565548,0.225208,-0.584027,1.095838,0.007970,0.135506,1
-0.027322,-0.080227,-0.018976,0.333931,-0.304435,0.006884,-0.029674,-0.053868,0.035555,0.437602,-0.432026,-0.006714,0.157194,-0.026482,-0.048191,-0.843665,0.501220,-0.259111,-0.060904,-1.394712,-0.055523,-0.146124,-0.632995,-0.563450,0.227365,-0.583943,1.095957,0.009312,0.135362,1
-0.027373,-0.080329,-0.018976,0.334033,-0.304439,0.006876,-0.029674,-0.053902,0.035542,0.437628,-0.432030,-0.006707,0.156123,-0.026451,-0.048210,-0.844013,0.500812,-0.259890,-0.060892,-1.394724,-0.055619,-0.146124,-0.634529,-0.561761,0.229438,-0.583847,1.096017,0.011565,0.135206,1
-0.027407,-0.080423,-0.018976,0.334161,-0.304426,0.006884,-0.029683,-0.053902,0.035569,0.437645,-0.432026,-0.006714,0.155252,-0.026436,-0.048220,-0.844385,0.500453,-0.260585,-0.060880,-1.394712,-0.055679,-0.146112,-0.636374,-0.560191,0.231331,-0.583680,1.096017,0.013039,0.135014,1
-0.027433,-0.080543,-0.019016,0.334297,-0.304447,0.006876,-0.029657,-0.053894,0.035582,0.437670,-0.432026,-0.006714,0.154476,-0.026406,-0.048240,-0.844708,0.500165,-0.261304,-0.060880,-1.394724,-0.055727,-0.146112,-0.638400,-0.558345,0.233081,-0.583536,1.096017,0.014357,0.134643,1
-0.027450,-0.080653,-0.019070,0.334416,-0.304451,0.006855,-0.029648,-0.053894,0.035596,0.437696,-0.432038,-0.006721,0.154087,-0.026360,-0.048239,-0.844996,0.499925,-0.262059,-0.061000,-1.394736,-0.055739,-0.146148,-0.641839,-0.556320,0.235083,-0.583332,1.095993,0.015675,0.134331,1
-0.027450,-0.080892,-0.019137,0.334612,-0.304447,0.006862,-0.029623,-0.053885,0.035622,0.437764,-0.432030,-0.006707,0.153404,-0.026185,-0.048152,-0.845355,0.499434,-0.263461,-0.061407,-1.394700,-0.055799,-0.146291,-0.645806,-0.551910,0.238822,-0.583033,1.096005,0.018144,0.133864,1
-0.027458,-0.081020,-0.019137,0.334766,-0.304439,0.006862,-0.029648,-0.053885,0.035663,0.437815,-0.432034,-0.006700,0.152748,-0.026071,-0.048096,-0.845763,0.499087,-0.264779,-0.061683,-1.394712,-0.055870,-0.146411,-0.648418,-0.549621,0.243028,-0.582889,1.096017,0.019942,0.133564,1
-0.027433,-0.081139,-0.019124,0.334936,-0.304439,0.006862,-0.029691,-0.053894,0.035730,0.437943,-0.432030,-0.006707,0.151931,-0.025965,-0.048045,-0.846182,0.498703,-0.265499,-0.061899,-1.394712,-0.055966,-0.146483,-0.650468,-0.547224,0.245521,-0.582769,1.096041,0.021751,0.133289,1
-0.027424,-0.081258,-0.019057,0.335047,-0.304439,0.006862,-0.029742,-0.053902,0.035837,0.438054,-0.432034,-0.006714,0.151034,-0.025889,-0.048015,-0.846482,0.498355,-0.266122,-0.061934,-1.394700,-0.056074,-0.146507,-0.652206,-0.544959,0.247978,-0.582781,1.096053,0.023585,0.132929,1
-0.027407,-0.081403,-0.019070,0.335158,-0.304435,0.006869,-0.029810,-0.053919,0.035957,0.438156,-0.432026,-0.006714,0.150029,-0.025866,-0.048009,-0.846733,0.498008,-0.266757,-0.061934,-1.394700,-0.056098,-0.146555,-0.653596,-0.543005,0.250422,-0.582805,1.096101,0.025514,0.132546,1
-0.027399,-0.081557,-0.019070,0.335260,-0.304439,0.006862,-0.029861,-0.053936,0.036091,0.438284,-0.432026,-0.006685,0.149052,-0.025835,-0.047989,-0.847021,0.497648,-0.267488,-0.061994,-1.394688,-0.056026,-0.146591,-0.654650,-0.541136,0.252508,-0.582817,1.096113,0.028678,0.132102,1
-0.027390,-0.081753,-0.019097,0.335362,-0.304451,0.006826,-0.029913,-0.053936,0.036225,0.438378,-0.432022,-0.006707,0.147739,-0.025835,-0.047979,-0.847345,0.497265,-0.268171,-0.062234,-1.394700,-0.055918,-0.146699,-0.655369,-0.539566,0.254485,-0.582793,1.096101,0.030752,0.131443,1
-0.027390,-0.081906,-0.019097,0.335499,-0.304435,0.006855,-0.029930,-0.053954,0.036279,0.438446,-0.432022,-0.006707,0.146842,-0.025782,-0.047954,-0.847656,0.496869,-0.268770,-0.062522,-1.394700,-0.055835,-0.146771,-0.655753,-0.537960,0.256474,-0.582757,1.096101,0.032753,0.130988,1
-0.027416,-0.082238,-0.019164,0.335763,-0.304426,0.006855,-0.029972,-0.053936,0.036386,0.438540,-0.432026,-0.006700,0.145503,-0.025554,-0.047852,-0.847836,0.496222,-0.269633,-0.062881,-1.394700,-0.055787,-0.146855,-0.655489,-0.535479,0.259518,-0.582697,1.096101,0.035761,0.130316,1
-0.027407,-0.082375,-0.019217,0.335959,-0.304426,0.006869,-0.029972,-0.053936,0.036426,0.438565,-0.432018,-0.006714,0.144606,-0.025440,-0.047796,-0.847980,0.495971,-0.270544,-0.063001,-1.394724,-0.055763,-0.146867,-0.655321,-0.534305,0.261472,-0.582649,1.096101,0.037630,0.129849,1
-0.027416,-0.082537,-0.019351,0.336257,-0.304435,0.006869,-0.029989,-0.053954,0.036480,0.438540,-0.432026,-0.006714,0.143668,-0.025303,-0.047764,-0.848100,0.495659,-0.271263,-0.063217,-1.394712,-0.055751,-0.146891,-0.656220,-0.532531,0.264024,-0.582565,1.096101,0.039440,0.129370,1
-0.027407,-0.082699,-0.019485,0.336462,-0.304439,0.006876,-0.029981,-0.053971,0.036520,0.438514,-0.432026,-0.006714,0.142838,-0.025204,-0.047758,-0.848363,0.495299,-0.272090,-0.063301,-1.394700,-0.055763,-0.146939,-0.658198,-0.530194,0.265774,-0.582529,1.096113,0.041250,0.128914,1
-0.027424,-0.082861,-0.019673,0.336649,-0.304426,0.006884,-0.029998,-0.053971,0.036546,0.438488,-0.432030,-0.006707,0.141927,-0.025151,-0.047772,-0.848783,0.494808,-0.272989,-0.063313,-1.394688,-0.055846,-0.147022,-0.660367,-0.527701,0.267764,-0.582457,1.096089,0.043023,0.128471,1
-0.027416,-0.083031,-0.019860,0.336837,-0.304431,0.006876,-0.030023,-0.053979,0.036587,0.438454,-0.432026,-0.006700,0.141070,-0.025113,-0.047786,-0.849094,0.494329,-0.273840,-0.063337,-1.394700,-0.056026,-0.147058,-0.662584,-0.525724,0.269945,-0.582421,1.096089,0.046187,0.128135,1
-0.027416,-0.083218,-0.020074,0.337050,-0.304443,0.006869,-0.030006,-0.053988,0.036587,0.438446,-0.432026,-0.006700,0.139611,-0.025044,-0.047810,-0.849298,0.493957,-0.274678,-0.063409,-1.394700,-0.056146,-0.147058,-0.664717,-0.524082,0.271886,-0.582361,1.096101,0.048596,0.127824,1
-0.027407,-0.083414,-0.020222,0.337280,-0.304435,0.006884,-0.029989,-0.053988,0.036587,0.438429,-0.432030,-0.006707,0.138539,-0.024923,-0.047789,-0.849562,0.493658,-0.275565,-0.063480,-1.394700,-0.056278,-0.147118,-0.667701,-0.522836,0.273792,-0.582337,1.096113,0.050993,0.127716,1
-0.027416,-0.083653,-0.020436,0.337527,-0.304435,0.006884,-0.029955,-0.053996,0.036573,0.438446,-0.432026,-0.006700,0.137387,-0.024771,-0.047777,-0.849789,0.493430,-0.276404,-0.063480,-1.394700,-0.056446,-0.147178,-0.669355,-0.521853,0.275637,-0.582313,1.096077,0.053174,0.127644,1
-0.027382,-0.084037,-0.020624,0.337791,-0.304439,0.006905,-0.029930,-0.054013,0.036573,0.438463,-0.432030,-0.006692,0.135928,-0.024596,-0.047710,-0.850077,0.493034,-0.277207,-0.063480,-1.394700,-0.056554,-0.147214,-0.670805,-0.519924,0.277639,-0.582301,1.096101,0.055283,0.127596,1
-0.027399,-0.084497,-0.020998,0.338243,-0.304451,0.006927,-0.029844,-0.054030,0.036573,0.438480,-0.432030,-0.006707,0.133490,-0.024413,-0.047678,-0.850461,0.492531,-0.278717,-0.063516,-1.394700,-0.056781,-0.147238,-0.672675,-0.517023,0.281653,-0.582278,1.096089,0.058519,0.127548,1
-0.027399,-0.084838,-0.021146,0.338703,-0.304447,0.006934,-0.029776,-0.054039,0.036587,0.438497,-0.432030,-0.006707,0.131388,-0.024314,-0.047662,-0.850700,0.492243,-0.279688,-0.063516,-1.394700,-0.056913,-0.147298,-0.673813,-0.515070,0.283427,-0.582290,1.096089,0.060460,0.127560,1
-0.027407,-0.085213,-0.021253,0.339044,-0.304463,0.006949,-0.029751,-0.054047,0.036573,0.438488,-0.432022,-0.006707,0.129326,-0.024200,-0.047635,-0.850988,0.492016,-0.280659,-0.063516,-1.394688,-0.057021,-0.147334,-0.674808,-0.513248,0.285249,-0.582278,1.096101,0.062402,0.127608,1
-0.027433,-0.085664,-0.021360,0.339410,-0.304472,0.006963,-0.029725,-0.054064,0.036573,0.438471,-0.432022,-0.006707,0.127250,-0.024124,-0.047644,-0.851299,0.491848,-0.281845,-0.063504,-1.394676,-0.057057,-0.147418,-0.675659,-0.511487,0.287322,-0.582278,1.096089,0.065590,0.127632,1
-0.027433,-0.086193,-0.021440,0.339802,-0.304484,0.006970,-0.029708,-0.054081,0.036573,0.438471,-0.432022,-0.006707,0.125589,-0.024018,-0.047623,-0.851563,0.491716,-0.283259,-0.063504,-1.394652,-0.057081,-0.147502,-0.676354,-0.509653,0.289647,-0.582254,1.096077,0.068010,0.127692,1
-0.027441,-0.086798,-0.021548,0.340237,-0.304501,0.006985,-0.029717,-0.054081,0.036573,0.438454,-0.432022,-0.006707,0.123406,-0.023911,-0.047632,-0.851863,0.491584,-0.284829,-0.063480,-1.394676,-0.057117,-0.147550,-0.676953,-0.507760,0.291732,-0.582278,1.096113,0.070335,0.127716,1
-0.027450,-0.087488,-0.021655,0.340697,-0.304509,0.007014,-0.029768,-0.054064,0.036573,0.438471,-0.432022,-0.006692,0.122014,-0.023797,-0.047645,-0.852234,0.491429,-0.286327,-0.063468,-1.394664,-0.057117,-0.147610,-0.677672,-0.505830,0.293697,-0.582278,1.096101,0.072756,0.127680,1
-0.027475,-0.088604,-0.021775,0.341166,-0.304525,0.007028,-0.029810,-0.054064,0.036573,0.438480,-0.432022,-0.006692,0.120741,-0.023660,-0.047634,-0.852534,0.491261,-0.287454,-0.063480,-1.394640,-0.057105,-0.147682,-0.678247,-0.503733,0.295579,-0.582278,1.096113,0.074853,0.127632,1
-0.027467,-0.089371,-0.021909,0.341635,-0.304538,0.007064,-0.029819,-0.054073,0.036573,0.438497,-0.432022,-0.006692,0.119616,-0.023539,-0.047632,-0.852809,0.491189,-0.288245,-0.063468,-1.394640,-0.057105,-0.147718,-0.679326,-0.502582,0.297401,-0.582290,1.096113,0.076771,0.127596,1
-0.027441,-0.090062,-0.022030,0.342137,-0.304558,0.007086,-0.029853,-0.054081,0.036560,0.438497,-0.432026,-0.006700,0.118625,-0.023402,-0.047640,-0.853109,0.491141,-0.288844,-0.063433,-1.394628,-0.057105,-0.147754,-0.681040,-0.501228,0.300181,-0.582278,1.096077,0.078617,0.127572,1
-0.027441,-0.090769,-0.022271,0.343220,-0.304587,0.007136,-0.029887,-0.054064,0.036573,0.438488,-0.432018,-0.006700,0.117567,-0.023242,-0.047633,-0.853624,0.491045,-0.288724,-0.063289,-1.394628,-0.057105,-0.147766,-0.684287,-0.498592,0.302913,-0.582254,1.096113,0.080965,0.127488,1
-0.027441,-0.090965,-0.022458,0.343774,-0.304608,0.007172,-0.029904,-0.054056,0.036587,0.438505,-0.432006,-0.006678,0.117005,-0.023174,-0.047618,-0.854032,0.491009,-0.288388,-0.063229,-1.394640,-0.057093,-0.147777,-0.686516,-0.496746,0.304687,-0.582230,1.096065,0.082679,0.127488,1
-0.027424,-0.090974,-0.022659,0.344345,-0.304641,0.007215,-0.029921,-0.054090,0.036573,0.438488,-0.432022,-0.006692,0.116576,-0.023098,-0.047548,-0.854439,0.490937,-0.288376,-0.063169,-1.394592,-0.057045,-0.147766,-0.688362,-0.495188,0.306940,-0.582218,1.096113,0.085471,0.127512,1
-0.027433,-0.090863,-0.022954,0.344950,-0.304670,0.007280,-0.029938,-0.054124,0.036573,0.438497,-0.432014,-0.006693,0.116161,-0.022961,-0.047467,-0.854823,0.490781,-0.289012,-0.063193,-1.394580,-0.056757,-0.147825,-0.689920,-0.493858,0.309409,-0.582194,1.096113,0.087449,0.127548,1
-0.027552,-0.090684,-0.023155,0.345555,-0.304715,0.007374,-0.029938,-0.054141,0.036573,0.438497,-0.432010,-0.006685,0.115827,-0.022763,-0.047355,-0.855254,0.490590,-0.289815,-0.063265,-1.394556,-0.056206,-0.147921,-0.691729,-0.492600,0.311662,-0.582170,1.096113,0.089534,0.127524,1
-0.027722,-0.090505,-0.023275,0.346177,-0.304764,0.007475,-0.029938,-0.054132,0.036600,0.438488,-0.432018,-0.006685,0.115197,-0.022512,-0.047179,-0.855470,0.490446,-0.290426,-0.063325,-1.394556,-0.055499,-0.147993,-0.692544,-0.491066,0.313783,-0.582098,1.096101,0.091547,0.127464,1
-0.027910,-0.090173,-0.023315,0.346748,-0.304839,0.007605,-0.029955,-0.054115,0.036627,0.438488,-0.432022,-0.006692,0.114273,-0.022093,-0.046882,-0.855674,0.490338,-0.291013,-0.063313,-1.394580,-0.055032,-0.148053,-0.693036,-0.488525,0.316599,-0.581966,1.096077,0.093513,0.127332,1
-0.028089,-0.089968,-0.023195,0.347259,-0.304913,0.007750,-0.029964,-0.054090,0.036747,0.438480,-0.432018,-0.006685,0.112907,-0.021850,-0.046691,-0.855961,0.490254,-0.291432,-0.063169,-1.394592,-0.054768,-0.148089,-0.693275,-0.486823,0.318469,-0.581762,1.096113,0.095358,0.127129,1
-0.028276,-0.089772,-0.023061,0.347881,-0.304975,0.007829,-0.029998,-0.054107,0.036828,0.438471,-0.432018,-0.006700,0.111327,-0.021720,-0.046526,-0.856501,0.489979,-0.291900,-0.062953,-1.394580,-0.054660,-0.148113,-0.693587,-0.485397,0.320171,-0.581391,1.096089,0.097048,0.126913,1
-0.028464,-0.089602,-0.022833,0.348265,-0.305057,0.007959,-0.030023,-0.054158,0.036935,0.438471,-0.432018,-0.006685,0.108756,-0.021674,-0.046377,-0.857411,0.489451,-0.292954,-0.062845,-1.394580,-0.054384,-0.148089,-0.695648,-0.483563,0.322543,-0.581067,1.096113,0.099229,0.126673,1
-0.028532,-0.089542,-0.022726,0.348393,-0.305102,0.008081,-0.030083,-0.054209,0.036948,0.438471,-0.432026,-0.006685,0.106948,-0.021690,-0.046347,-0.857987,0.489104,-0.293757,-0.062821,-1.394580,-0.054001,-0.148113,-0.697194,-0.482197,0.324281,-0.580923,1.096113,0.100847,0.126553,1
-0.028592,-0.089542,-0.022672,0.348376,-0.305127,0.008183,-0.030117,-0.054243,0.036962,0.438488,-0.432026,-0.006685,0.104122,-0.021651,-0.046302,-0.858502,0.488852,-0.294500,-0.062725,-1.394580,-0.053809,-0.148101,-0.698429,-0.480735,0.326175,-0.580863,1.096113,0.101434,0.126374,1
-0.028660,-0.089584,-0.022686,0.348239,-0.305160,0.008255,-0.030185,-0.054277,0.036962,0.438522,-0.432030,-0.006692,0.102127,-0.021522,-0.046217,-0.859413,0.488636,-0.295040,-0.062606,-1.394592,-0.053725,-0.148089,-0.699951,-0.479093,0.328188,-0.580815,1.096113,0.102022,0.126206,1
-0.028813,-0.089636,-0.022713,0.348026,-0.305176,0.008313,-0.030228,-0.054303,0.036962,0.438531,-0.432022,-0.006678,0.100252,-0.021324,-0.046076,-0.860036,0.488457,-0.295447,-0.062462,-1.394592,-0.053725,-0.148065,-0.701005,-0.477535,0.330070,-0.580696,1.096065,0.103136,0.125930,1
-0.028907,-0.089823,-0.022820,0.347770,-0.305197,0.008378,-0.030245,-0.054363,0.036962,0.438557,-0.432022,-0.006678,0.098805,-0.020989,-0.045835,-0.860707,0.488145,-0.295879,-0.062378,-1.394592,-0.053677,-0.148017,-0.702407,-0.475510,0.332059,-0.580372,1.096089,0.104191,0.125535,1
-0.029018,-0.089917,-0.022914,0.347506,-0.305218,0.008428,-0.030245,-0.054414,0.036975,0.438574,-0.432014,-0.006678,0.097721,-0.020822,-0.045714,-0.861426,0.487905,-0.296705,-0.062342,-1.394592,-0.053522,-0.148029,-0.703905,-0.474360,0.335678,-0.579953,1.096101,0.105042,0.125091,1
-0.029103,-0.090002,-0.022954,0.347319,-0.305230,0.008479,-0.030219,-0.054456,0.036975,0.438582,-0.432014,-0.006664,0.096917,-0.020677,-0.045589,-0.862193,0.487630,-0.297281,-0.062366,-1.394580,-0.053282,-0.148041,-0.705296,-0.473221,0.338315,-0.579437,1.096101,0.105965,0.124660,1
-0.029171,-0.090062,-0.022954,0.347421,-0.305222,0.008508,-0.030177,-0.054490,0.036975,0.438616,-0.432022,-0.006678,0.096381,-0.020525,-0.045459,-0.863032,0.487366,-0.297868,-0.062390,-1.394592,-0.053030,-0.148053,-0.706422,-0.471987,0.340735,-0.579234,1.096125,0.106863,0.124205,1
-0.029214,-0.090087,-0.022954,0.347617,-0.305176,0.008588,-0.030092,-0.054490,0.036988,0.438667,-0.432022,-0.006678,0.096060,-0.020358,-0.045318,-0.863847,0.487138,-0.298287,-0.062426,-1.394580,-0.052743,-0.148053,-0.707357,-0.470656,0.342593,-0.579030,1.096101,0.107810,0.123749,1
-0.029086,-0.090079,-0.022900,0.347864,-0.305171,0.008755,-0.030015,-0.054524,0.037042,0.438761,-0.432014,-0.006678,0.095993,-0.020091,-0.045103,-0.864961,0.486839,-0.298827,-0.062498,-1.394592,-0.052611,-0.148101,-0.708807,-0.468679,0.345266,-0.578586,1.096077,0.109692,0.122599,1
-0.029001,-0.090036,-0.022900,0.347949,-0.305188,0.008856,-0.029972,-0.054593,0.037082,0.438812,-0.432010,-0.006685,0.096288,-0.019954,-0.045012,-0.865489,0.486659,-0.299186,-0.062534,-1.394604,-0.052563,-0.148125,-0.709981,-0.467361,0.347255,-0.578287,1.096089,0.110602,0.121892,1
-0.028967,-0.089985,-0.022954,0.347949,-0.305204,0.008943,-0.029955,-0.054669,0.037096,0.438880,-0.431999,-0.006664,0.096703,-0.019848,-0.044962,-0.865920,0.486419,-0.299582,-0.062594,-1.394616,-0.052503,-0.148149,-0.711935,-0.466198,0.349412,-0.578095,1.096089,0.111417,0.121196,1
-0.029001,-0.089917,-0.022954,0.347881,-0.305200,0.008979,-0.029947,-0.054797,0.037122,0.438906,-0.432007,-0.006664,0.097011,-0.019688,-0.044886,-0.865980,0.486048,-0.300049,-0.062689,-1.394604,-0.052479,-0.148161,-0.713373,-0.464413,0.351545,-0.577963,1.096101,0.112280,0.120501,1
-0.029018,-0.089874,-0.022954,0.347822,-0.305196,0.008986,-0.029938,-0.054874,0.037163,0.438940,-0.432003,-0.006671,0.096931,-0.019490,-0.044755,-0.865872,0.485784,-0.300648,-0.062737,-1.394628,-0.052443,-0.148197,-0.714763,-0.463202,0.353858,-0.577867,1.096089,0.113071,0.119782,1
-0.029009,-0.089857,-0.022900,0.347745,-0.305204,0.008986,-0.029955,-0.054925,0.037283,0.438974,-0.432003,-0.006671,0.096475,-0.019247,-0.044584,-0.865669,0.485496,-0.301919,-0.062749,-1.394616,-0.052431,-0.148281,-0.716009,-0.462016,0.357190,-0.577795,1.096089,0.113910,0.119123,1
-0.028958,-0.089832,-0.022833,0.347660,-0.305196,0.008972,-0.029972,-0.054925,0.037417,0.439025,-0.432002,-0.006686,0.095832,-0.019026,-0.044419,-0.865417,0.485137,-0.302901,-0.062594,-1.394604,-0.052455,-0.148389,-0.717100,-0.460877,0.359215,-0.577783,1.096101,0.114725,0.118380,1
-0.028907,-0.089849,-0.022793,0.347600,-0.305192,0.008950,-0.029998,-0.054976,0.037564,0.439093,-0.432003,-0.006671,0.095069,-0.018866,-0.044294,-0.865105,0.484669,-0.303932,-0.062474,-1.394616,-0.052479,-0.148485,-0.717927,-0.459787,0.360881,-0.577771,1.096113,0.115576,0.117529,1
-0.028839,-0.089857,-0.022753,0.347506,-0.305200,0.008950,-0.030032,-0.055027,0.037698,0.439204,-0.432007,-0.006664,0.094413,-0.018745,-0.044214,-0.864902,0.484166,-0.304963,-0.062390,-1.394628,-0.052479,-0.148544,-0.718586,-0.458744,0.362127,-0.577748,1.096089,0.116666,0.116678,1
-0.028762,-0.089866,-0.022713,0.347430,-0.305192,0.008950,-0.030066,-0.055095,0.037845,0.439324,-0.431999,-0.006664,0.093596,-0.018699,-0.044193,-0.865309,0.483639,-0.305909,-0.062354,-1.394604,-0.052467,-0.148568,-0.719137,-0.457857,0.363398,-0.577676,1.096113,0.117254,0.115372,1
-0.028685,-0.089917,-0.022739,0.347370,-0.305175,0.008965,-0.030109,-0.055164,0.038006,0.439434,-0.432007,-0.006664,0.092873,-0.018646,-0.044188,-0.866747,0.482920,-0.307084,-0.062390,-1.394628,-0.052395,-0.148628,-0.720767,-0.456371,0.366286,-0.577652,1.096101,0.117865,0.114030,1
-0.028660,-0.089951,-0.022726,0.347327,-0.305179,0.008972,-0.030092,-0.055232,0.038033,0.439451,-0.432003,-0.006656,0.092417,-0.018539,-0.044147,-0.867203,0.482321,-0.307695,-0.062414,-1.394628,-0.052335,-0.148664,-0.721894,-0.454885,0.368515,-0.577748,1.096101,0.118129,0.113179,1
-0.028685,-0.089976,-0.022780,0.347302,-0.305163,0.008972,-0.030100,-0.055274,0.038033,0.439417,-0.432007,-0.006664,0.092029,-0.018433,-0.044087,-0.867478,0.481877,-0.308031,-0.062390,-1.394628,-0.052335,-0.148664,-0.723224,-0.453783,0.370432,-0.577891,1.096137,0.118296,0.112304,1
-0.028702,-0.089968,-0.022820,0.347285,-0.305167,0.008979,-0.030092,-0.055317,0.038020,0.439366,-0.432003,-0.006671,0.091641,-0.018334,-0.044022,-0.867706,0.481410,-0.308102,-0.062378,-1.394628,-0.052335,-0.148676,-0.724662,-0.452704,0.373464,-0.577975,1.096161,0.118356,0.111513,1
-0.028745,-0.089968,-0.022873,0.347276,-0.305154,0.009001,-0.030066,-0.055351,0.038033,0.439289,-0.432010,-0.006671,0.091252,-0.018189,-0.043926,-0.868053,0.480906,-0.307863,-0.062402,-1.394640,-0.052323,-0.148664,-0.726112,-0.451614,0.375741,-0.577951,1.096173,0.118560,0.110722,1
-0.028771,-0.089942,-0.022847,0.347276,-0.305150,0.009009,-0.030117,-0.055411,0.038046,0.439281,-0.432007,-0.006664,0.090824,-0.018037,-0.043875,-0.868569,0.480439,-0.307551,-0.062462,-1.394616,-0.052311,-0.148664,-0.727323,-0.450643,0.378150,-0.577879,1.096149,0.118800,0.110135,1
-0.028779,-0.089951,-0.022873,0.347293,-0.305138,0.009001,-0.030092,-0.055453,0.038033,0.439264,-0.432003,-0.006671,0.090355,-0.017877,-0.043829,-0.868892,0.480032,-0.307683,-0.062594,-1.394616,-0.052215,-0.148676,-0.728150,-0.449816,0.380247,-0.577795,1.096185,0.118884,0.109572,1
-0.028788,-0.089925,-0.022860,0.347293,-0.305150,0.009009,-0.030083,-0.055496,0.038046,0.439247,-0.432007,-0.006664,0.089886,-0.017725,-0.043778,-0.869072,0.479552,-0.308150,-0.062773,-1.394628,-0.051880,-0.148760,-0.728713,-0.449001,0.382021,-0.577736,1.096173,0.118800,0.109092,1
-0.028796,-0.089908,-0.022833,0.347319,-0.305138,0.009016,-0.030075,-0.055530,0.038033,0.439204,-0.432003,-0.006671,0.088895,-0.017414,-0.043711,-0.869492,0.478749,-0.308786,-0.063085,-1.394628,-0.051077,-0.149036,-0.729528,-0.447743,0.384202,-0.577604,1.096173,0.118476,0.108349,1
-0.028813,-0.089925,-0.022806,0.347353,-0.305133,0.009023,-0.030058,-0.055581,0.038033,0.439179,-0.431995,-0.006657,0.088387,-0.017239,-0.043625,-0.869875,0.478162,-0.308989,-0.063289,-1.394652,-0.050597,-0.149168,-0.730618,-0.446676,0.385616,-0.577532,1.096185,0.118260,0.108062,1
-0.028830,-0.089917,-0.022780,0.347361,-0.305133,0.009023,-0.030049,-0.055641,0.038033,0.439153,-0.432003,-0.006656,0.087891,-0.016980,-0.043495,-0.870282,0.477287,-0.309109,-0.063409,-1.394652,-0.050274,-0.149276,-0.731889,-0.444938,0.388013,-0.577508,1.096209,0.118105,0.107822,1
-0.028830,-0.089934,-0.022766,0.347378,-0.305129,0.009030,-0.030040,-0.055692,0.038006,0.439128,-0.431999,-0.006664,0.087382,-0.016835,-0.043419,-0.870642,0.476688,-0.309181,-0.063504,-1.394664,-0.050022,-0.149443,-0.733171,-0.443836,0.389727,-0.577568,1.096221,0.118069,0.107606,1
-0.028830,-0.089942,-0.022780,0.347413,-0.305133,0.009009,-0.030023,-0.055726,0.038020,0.439085,-0.432003,-0.006671,0.086779,-0.016729,-0.043369,-0.870954,0.476125,-0.309325,-0.063744,-1.394676,-0.049651,-0.149635,-0.734273,-0.442841,0.391668,-0.577664,1.096245,0.118248,0.107463,1
-0.028813,-0.089942,-0.022753,0.347421,-0.305125,0.009009,-0.029998,-0.055777,0.037993,0.439042,-0.431999,-0.006664,0.086244,-0.016592,-0.043308,-0.871217,0.475514,-0.309493,-0.063948,-1.394676,-0.049171,-0.149827,-0.735076,-0.441894,0.393706,-0.577640,1.096293,0.118440,0.107343,1
-0.028805,-0.089951,-0.022753,0.347447,-0.305129,0.009016,-0.029972,-0.055820,0.037993,0.439017,-0.432010,-0.006671,0.085601,-0.016455,-0.043248,-0.871541,0.474926,-0.309648,-0.064140,-1.394664,-0.048260,-0.150054,-0.735724,-0.440936,0.395815,-0.577604,1.096341,0.118524,0.107295,1
-0.028796,-0.089951,-0.022780,0.347455,-0.305129,0.009016,-0.029955,-0.055828,0.037979,0.438974,-0.432007,-0.006664,0.084530,-0.016280,-0.043192,-0.871900,0.474387,-0.309744,-0.064295,-1.394664,-0.047673,-0.150438,-0.736407,-0.439965,0.398032,-0.577592,1.096413,0.118464,0.107271,1
-0.028805,-0.089959,-0.022766,0.347489,-0.305121,0.009001,-0.029955,-0.055862,0.037966,0.438957,-0.432006,-0.006678,0.083686,-0.016075,-0.043136,-0.872392,0.473848,-0.309828,-0.064427,-1.394664,-0.047146,-0.150678,-0.737869,-0.438850,0.400033,-0.577592,1.096533,0.118332,0.107307,1
-0.028830,-0.089968,-0.022739,0.347515,-0.305125,0.009009,-0.029947,-0.055897,0.037953,0.438949,-0.432007,-0.006664,0.082615,-0.015869,-0.043090,-0.872811,0.473272,-0.309900,-0.064547,-1.394664,-0.046619,-0.150905,-0.738863,-0.437676,0.401663,-0.577652,1.096629,0.118164,0.107331,1
-0.028864,-0.089985,-0.022753,0.347489,-0.305125,0.009009,-0.029972,-0.055956,0.037966,0.438949,-0.432003,-0.006671,0.080740,-0.015596,-0.043008,-0.873410,0.472110,-0.310056,-0.064787,-1.394664,-0.045720,-0.151205,-0.740182,-0.435243,0.403808,-0.577724,1.096820,0.117961,0.107379,1
-0.028864,-0.089985,-0.022753,0.347481,-0.305125,0.009009,-0.029989,-0.055990,0.037979,0.438949,-0.432007,-0.006664,0.079200,-0.015451,-0.042943,-0.873830,0.471571,-0.310236,-0.064990,-1.394664,-0.045097,-0.151373,-0.741009,-0.434009,0.405858,-0.577736,1.096976,0.117829,0.107343,1
-0.028864,-0.090002,-0.022739,0.347464,-0.305117,0.009009,-0.029981,-0.055999,0.037993,0.438940,-0.432007,-0.006664,0.077552,-0.015345,-0.042882,-0.874213,0.471043,-0.310308,-0.065314,-1.394676,-0.044485,-0.151493,-0.741871,-0.432607,0.407020,-0.577700,1.097120,0.117733,0.107367,1
-0.028856,-0.090002,-0.022793,0.347472,-0.305109,0.008994,-0.029972,-0.056024,0.037966,0.438923,-0.432003,-0.006656,0.076026,-0.015253,-0.042793,-0.874525,0.470552,-0.310403,-0.065554,-1.394676,-0.043886,-0.151564,-0.742830,-0.431049,0.408135,-0.577688,1.097276,0.117637,0.107391,1
-0.028873,-0.090002,-0.022793,0.347481,-0.305109,0.009023,-0.029955,-0.056067,0.037953,0.438932,-0.431995,-0.006657,0.074901,-0.015147,-0.042723,-0.874765,0.470121,-0.310415,-0.065865,-1.394664,-0.043011,-0.151612,-0.743837,-0.429455,0.409405,-0.577664,1.097563,0.117613,0.107427,1
-0.028898,-0.090019,-0.022833,0.347506,-0.305080,0.009016,-0.029921,-0.056110,0.037899,0.438923,-0.432007,-0.006664,0.074191,-0.015025,-0.042653,-0.875052,0.469713,-0.310403,-0.066225,-1.394676,-0.042388,-0.151588,-0.744796,-0.427837,0.410879,-0.577616,1.097779,0.117805,0.107463,1
-0.028924,-0.090019,-0.022833,0.347540,-0.305059,0.009053,-0.029879,-0.056135,0.037859,0.438906,-0.432007,-0.006664,0.073803,-0.014919,-0.042583,-0.875316,0.469390,-0.310403,-0.066644,-1.394688,-0.041753,-0.151553,-0.745826,-0.426495,0.412593,-0.577580,1.097983,0.118081,0.107498,1
-0.028941,-0.090028,-0.022927,0.347574,-0.305050,0.009096,-0.029810,-0.056195,0.037779,0.438906,-0.432007,-0.006664,0.073776,-0.014789,-0.042508,-0.875723,0.469090,-0.310415,-0.067100,-1.394700,-0.041022,-0.151541,-0.747360,-0.425464,0.414546,-0.577532,1.098198,0.118332,0.107534,1
-0.028958,-0.090028,-0.022954,0.347609,-0.305030,0.009118,-0.029759,-0.056246,0.037738,0.438889,-0.432007,-0.006664,0.073816,-0.014668,-0.042437,-0.875987,0.468826,-0.310403,-0.067567,-1.394736,-0.040279,-0.151541,-0.748439,-0.424589,0.416751,-0.577472,1.098450,0.118440,0.107498,1
-0.028950,-0.090036,-0.022994,0.347617,-0.305001,0.009155,-0.029717,-0.056272,0.037685,0.438906,-0.432003,-0.006656,0.073856,-0.014394,-0.042267,-0.876215,0.468491,-0.310355,-0.068010,-1.394748,-0.039548,-0.151541,-0.749457,-0.423079,0.418873,-0.577460,1.098678,0.118440,0.107475,1
-0.028898,-0.090036,-0.022954,0.347592,-0.304959,0.009184,-0.029700,-0.056323,0.037698,0.438889,-0.431995,-0.006671,0.073883,-0.014143,-0.042063,-0.876586,0.468119,-0.310296,-0.068610,-1.394772,-0.038565,-0.151529,-0.751039,-0.420514,0.422732,-0.577484,1.099133,0.118284,0.107331,1
-0.028873,-0.090045,-0.022914,0.347557,-0.304951,0.009169,-0.029700,-0.056314,0.037712,0.438949,-0.431999,-0.006678,0.073896,-0.013914,-0.041893,-0.876850,0.467844,-0.310272,-0.069293,-1.394820,-0.037954,-0.151553,-0.752214,-0.418753,0.424481,-0.577496,1.099553,0.118129,0.107211,1
-0.028890,-0.090045,-0.022873,0.347566,-0.304930,0.009177,-0.029734,-0.056331,0.037738,0.439000,-0.432003,-0.006656,0.073910,-0.013755,-0.041749,-0.877161,0.467604,-0.310272,-0.069856,-1.394832,-0.037127,-0.151553,-0.753436,-0.417231,0.426159,-0.577484,1.099804,0.118057,0.107007,1
-0.028856,-0.090062,-0.022833,0.347566,-0.304926,0.009184,-0.029759,-0.056348,0.037738,0.439059,-0.431999,-0.006664,0.073883,-0.013602,-0.041600,-0.877449,0.467388,-0.310308,-0.070383,-1.394832,-0.036660,-0.151553,-0.754790,-0.415901,0.427645,-0.577448,1.100092,0.118093,0.106803,1
-0.028856,-0.090079,-0.022847,0.347557,-0.304909,0.009199,-0.029768,-0.056382,0.037752,0.439128,-0.432007,-0.006664,0.073870,-0.013503,-0.041485,-0.877749,0.467208,-0.310355,-0.070911,-1.394832,-0.036216,-0.151541,-0.756097,-0.414618,0.428903,-0.577412,1.100332,0.118117,0.106552,1
-0.028847,-0.090096,-0.022820,0.347540,-0.304880,0.009206,-0.029768,-0.056425,0.037738,0.439204,-0.432007,-0.006664,0.073843,-0.013450,-0.041391,-0.878168,0.467089,-0.310379,-0.071354,-1.394832,-0.035809,-0.151541,-0.757846,-0.413300,0.430042,-0.577340,1.100583,0.118140,0.106456,1
-0.028830,-0.090113,-0.022847,0.347557,-0.304868,0.009228,-0.029768,-0.056459,0.037752,0.439264,-0.431995,-0.006671,0.073843,-0.013359,-0.041301,-0.878480,0.466933,-0.310439,-0.071750,-1.394832,-0.035449,-0.151541,-0.758985,-0.410951,0.431061,-0.577328,1.100895,0.118176,0.106348,1
-0.028839,-0.090113,-0.022833,0.347557,-0.304839,0.009235,-0.029768,-0.056510,0.037752,0.439307,-0.431999,-0.006678,0.073803,-0.013306,-0.041217,-0.878803,0.466801,-0.310559,-0.072193,-1.394832,-0.035078,-0.151564,-0.760243,-0.409309,0.432067,-0.577328,1.101171,0.118200,0.106276,1
-0.028847,-0.090138,-0.022847,0.347566,-0.304826,0.009257,-0.029768,-0.056536,0.037752,0.439332,-0.432003,-0.006656,0.073789,-0.013214,-0.041118,-0.879103,0.466645,-0.310775,-0.072672,-1.394832,-0.034754,-0.151624,-0.761514,-0.407751,0.433481,-0.577280,1.101518,0.118188,0.106108,1
-0.028864,-0.090138,-0.022860,0.347583,-0.304797,0.009337,-0.029776,-0.056587,0.037752,0.439366,-0.431995,-0.006657,0.073749,-0.013001,-0.040929,-0.879534,0.466406,-0.311087,-0.073763,-1.394844,-0.034335,-0.151696,-0.763120,-0.405510,0.435243,-0.577244,1.102117,0.118200,0.105893,1
-0.028881,-0.090173,-0.022860,0.347583,-0.304747,0.009395,-0.029793,-0.056646,0.037738,0.439392,-0.431999,-0.006664,0.073642,-0.012803,-0.040779,-0.879834,0.466286,-0.311326,-0.074350,-1.394856,-0.034131,-0.151696,-0.763922,-0.403976,0.436765,-0.577232,1.102956,0.118272,0.105761,1
-0.028881,-0.090181,-0.022860,0.347600,-0.304710,0.009461,-0.029793,-0.056681,0.037738,0.439409,-0.431995,-0.006657,0.073455,-0.012621,-0.040630,-0.880145,0.466154,-0.311554,-0.074889,-1.394844,-0.033915,-0.151684,-0.764438,-0.402358,0.438263,-0.577256,1.103711,0.118440,0.105665,1
-0.028856,-0.090207,-0.022833,0.347592,-0.304668,0.009534,-0.029776,-0.056706,0.037752,0.439434,-0.431987,-0.006642,0.072999,-0.012438,-0.040471,-0.880541,0.466034,-0.311818,-0.075453,-1.394868,-0.033819,-0.151660,-0.764689,-0.400465,0.439641,-0.577292,1.104646,0.118500,0.105557,1
-0.028856,-0.090232,-0.022806,0.347583,-0.304643,0.009563,-0.029776,-0.056723,0.037752,0.439468,-0.431991,-0.006635,0.072664,-0.012316,-0.040332,-0.881176,0.465878,-0.312105,-0.075980,-1.394868,-0.033724,-0.151636,-0.764642,-0.398619,0.440840,-0.577292,1.105808,0.118524,0.105497,1
-0.028839,-0.090241,-0.022847,0.347574,-0.304610,0.009607,-0.029793,-0.056757,0.037738,0.439503,-0.431979,-0.006613,0.072236,-0.012119,-0.040133,-0.881584,0.465663,-0.312405,-0.076447,-1.394880,-0.033676,-0.151624,-0.764881,-0.396139,0.441942,-0.577292,1.107223,0.118572,0.105437,1
-0.028847,-0.090241,-0.022780,0.347574,-0.304598,0.009599,-0.029802,-0.056766,0.037738,0.439554,-0.431979,-0.006613,0.071861,-0.012012,-0.040034,-0.881895,0.465531,-0.312932,-0.076951,-1.394892,-0.033640,-0.151648,-0.765624,-0.394485,0.443632,-0.577280,1.108709,0.118608,0.105377,1
-0.028847,-0.090232,-0.022780,0.347566,-0.304581,0.009643,-0.029819,-0.056800,0.037738,0.439622,-0.431971,-0.006599,0.071553,-0.011906,-0.039935,-0.882171,0.465387,-0.313340,-0.077766,-1.394904,-0.033640,-0.151660,-0.766607,-0.392615,0.444830,-0.577316,1.110350,0.118680,0.105317,1
-0.028864,-0.090241,-0.022793,0.347566,-0.304573,0.009629,-0.029836,-0.056817,0.037738,0.439647,-0.431971,-0.006599,0.071285,-0.011822,-0.039860,-0.882387,0.465207,-0.313843,-0.078413,-1.394904,-0.033652,-0.151672,-0.767662,-0.390554,0.445981,-0.577400,1.112208,0.118704,0.105281,1
-0.028873,-0.090232,-0.022793,0.347540,-0.304577,0.009636,-0.029861,-0.056834,0.037725,0.439664,-0.431967,-0.006606,0.071071,-0.011731,-0.039791,-0.882674,0.464955,-0.314706,-0.079503,-1.394904,-0.033700,-0.151660,-0.769279,-0.387474,0.447407,-0.577424,1.116127,0.118692,0.105198,1
-0.028873,-0.090232,-0.022793,0.347506,-0.304585,0.009621,-0.029853,-0.056825,0.037725,0.439656,-0.431971,-0.006613,0.070964,-0.011670,-0.039751,-0.882962,0.464848,-0.315341,-0.080318,-1.394892,-0.033688,-0.151648,-0.770202,-0.385808,0.448258,-0.577424,1.117972,0.118716,0.105150,1
-0.028847,-0.090198,-0.022793,0.347489,-0.304573,0.009643,-0.029853,-0.056825,0.037698,0.439639,-0.431975,-0.006606,0.070843,-0.011617,-0.039706,-0.883441,0.464764,-0.315976,-0.080989,-1.394892,-0.033700,-0.151636,-0.771053,-0.384358,0.449133,-0.577448,1.119926,0.118764,0.105090,1
-0.028805,-0.090190,-0.022793,0.347481,-0.304569,0.009621,-0.029844,-0.056817,0.037685,0.439622,-0.431979,-0.006599,0.070749,-0.011548,-0.039661,-0.883741,0.464680,-0.316515,-0.081661,-1.394892,-0.033700,-0.151660,-0.771928,-0.382944,0.450151,-0.577460,1.121783,0.118860,0.105054,1
-0.028779,-0.090173,-0.022793,0.347472,-0.304573,0.009629,-0.029853,-0.056800,0.037698,0.439639,-0.431971,-0.006599,0.070615,-0.011396,-0.039562,-0.883968,0.464512,-0.316971,-0.082188,-1.394880,-0.033712,-0.151660,-0.772240,-0.380799,0.451242,-0.577484,1.123497,0.118967,0.105078,1
-0.028788,-0.090173,-0.022766,0.347464,-0.304569,0.009650,-0.029887,-0.056791,0.037685,0.439639,-0.431971,-0.006599,0.070495,-0.011290,-0.039462,-0.884208,0.464356,-0.317486,-0.082751,-1.394880,-0.033724,-0.151684,-0.772299,-0.379145,0.453088,-0.577556,1.125199,0.119051,0.105042,1
-0.028813,-0.090164,-0.022753,0.347430,-0.304569,0.009636,-0.029896,-0.056800,0.037685,0.439664,-0.431971,-0.006599,0.070374,-0.011198,-0.039383,-0.884496,0.464200,-0.317798,-0.083878,-1.394880,-0.033736,-0.151732,-0.772359,-0.377419,0.454334,-0.577640,1.127260,0.119003,0.104970,1
-0.028805,-0.090147,-0.022766,0.347404,-0.304573,0.009629,-0.029930,-0.056808,0.037698,0.439647,-0.431971,-0.006599,0.070321,-0.011099,-0.039318,-0.884843,0.463997,-0.318097,-0.084728,-1.394880,-0.033760,-0.151792,-0.772527,-0.375574,0.455652,-0.577688,1.129429,0.118943,0.104898,1
-0.028813,-0.090138,-0.022793,0.347370,-0.304573,0.009643,-0.029947,-0.056800,0.037698,0.439630,-0.431975,-0.006591,0.070240,-0.011016,-0.039263,-0.885191,0.463769,-0.318421,-0.085663,-1.394868,-0.033772,-0.151804,-0.773150,-0.373692,0.456935,-0.577736,1.132665,0.118955,0.104826,1
-0.028805,-0.090121,-0.022793,0.347344,-0.304569,0.009636,-0.029972,-0.056783,0.037685,0.439622,-0.431968,-0.006577,0.070214,-0.010947,-0.039218,-0.885478,0.463577,-0.318816,-0.086466,-1.394880,-0.033760,-0.151816,-0.773989,-0.371954,0.458025,-0.577855,1.134762,0.118991,0.104730,1
-0.028788,-0.090113,-0.022780,0.347336,-0.304573,0.009629,-0.029998,-0.056791,0.037671,0.439605,-0.431967,-0.006592,0.070214,-0.010886,-0.039169,-0.885706,0.463385,-0.319308,-0.087293,-1.394892,-0.033748,-0.151780,-0.774756,-0.370193,0.458984,-0.578011,1.136572,0.118979,0.104610,1
-0.028813,-0.090079,-0.022780,0.347310,-0.304577,0.009636,-0.030032,-0.056800,0.037671,0.439562,-0.431967,-0.006592,0.070214,-0.010803,-0.039124,-0.886114,0.463110,-0.320278,-0.088695,-1.394916,-0.033724,-0.151768,-0.775991,-0.367940,0.460206,-0.578203,1.138981,0.118967,0.104502,1
-0.028805,-0.090045,-0.022793,0.347276,-0.304577,0.009636,-0.030049,-0.056757,0.037618,0.439545,-0.431971,-0.006599,0.070200,-0.010765,-0.039079,-0.886413,0.462834,-0.321081,-0.089702,-1.394904,-0.033724,-0.151756,-0.776434,-0.365795,0.460937,-0.578347,1.140335,0.118955,0.104407,1
-0.028779,-0.090019,-0.022766,0.347242,-0.304585,0.009650,-0.030058,-0.056740,0.037604,0.439528,-0.431967,-0.006606,0.070214,-0.010727,-0.039064,-0.886713,0.462654,-0.322160,-0.090649,-1.394892,-0.033724,-0.151768,-0.776853,-0.364093,0.461632,-0.578467,1.141282,0.118884,0.104239,1
-0.028754,-0.090002,-0.022780,0.347225,-0.304589,0.009657,-0.030075,-0.056732,0.037578,0.439503,-0.431967,-0.006606,0.070214,-0.010704,-0.039039,-0.886976,0.462463,-0.324233,-0.091811,-1.394868,-0.033724,-0.151816,-0.777261,-0.362175,0.462735,-0.578646,1.142001,0.118776,0.104071,1
-0.028737,-0.089985,-0.022753,0.347182,-0.304598,0.009657,-0.030092,-0.056706,0.037564,0.439477,-0.431963,-0.006613,0.070214,-0.010681,-0.039014,-0.887204,0.462199,-0.325707,-0.092506,-1.394880,-0.033724,-0.151780,-0.777656,-0.360162,0.463454,-0.579018,1.142456,0.118680,0.103891,1
-0.028745,-0.089959,-0.022753,0.347157,-0.304610,0.009665,-0.030100,-0.056681,0.037564,0.439460,-0.431964,-0.006599,0.070227,-0.010643,-0.038999,-0.887432,0.461971,-0.326798,-0.093105,-1.394916,-0.033748,-0.151792,-0.778160,-0.358352,0.464173,-0.579234,1.142816,0.118692,0.103699,1
-0.028728,-0.089951,-0.022753,0.347157,-0.304606,0.009643,-0.030117,-0.056646,0.037537,0.439434,-0.431967,-0.006592,0.070214,-0.010643,-0.038989,-0.887660,0.461780,-0.327421,-0.093729,-1.394976,-0.033819,-0.151768,-0.778663,-0.356651,0.464820,-0.579389,1.142816,0.118764,0.103520,1
-0.028720,-0.089959,-0.022753,0.347140,-0.304618,0.009650,-0.030151,-0.056638,0.037497,0.439426,-0.431967,-0.006592,0.070267,-0.010628,-0.038979,-0.887887,0.461660,-0.327661,-0.094472,-1.395048,-0.033951,-0.151780,-0.779166,-0.354889,0.465407,-0.579533,1.142696,0.118800,0.103196,1
-0.028728,-0.089951,-0.022739,0.347114,-0.304639,0.009628,-0.030177,-0.056655,0.037457,0.439366,-0.431971,-0.006599,0.070294,-0.010643,-0.038980,-0.888355,0.461492,-0.327637,-0.096185,-1.395108,-0.034179,-0.151852,-0.780101,-0.352025,0.466078,-0.579737,1.142420,0.118800,0.102825,1
-0.028720,-0.089959,-0.022726,0.347114,-0.304652,0.009621,-0.030177,-0.056638,0.037430,0.439332,-0.431971,-0.006599,0.070348,-0.010635,-0.038994,-0.888582,0.461324,-0.327445,-0.097540,-1.395144,-0.034227,-0.151888,-0.780628,-0.350167,0.466342,-0.579869,1.142241,0.118800,0.102561,1
-0.028702,-0.089968,-0.022739,0.347106,-0.304660,0.009621,-0.030177,-0.056621,0.037417,0.439307,-0.431967,-0.006592,0.070348,-0.010658,-0.038980,-0.888714,0.461144,-0.327349,-0.098211,-1.395156,-0.034239,-0.151876,-0.780916,-0.348393,0.466462,-0.579941,1.142145,0.118800,0.102417,1
-0.028668,-0.089976,-0.022726,0.347106,-0.304681,0.009613,-0.030185,-0.056595,0.037363,0.439264,-0.431971,-0.006613,0.070388,-0.010658,-0.038970,-0.889014,0.460893,-0.326798,-0.100152,-1.395180,-0.034143,-0.151828,-0.781683,-0.346128,0.466570,-0.580049,1.141965,0.118776,0.102034,1
-0.028634,-0.089968,-0.022686,0.347106,-0.304697,0.009599,-0.030194,-0.056587,0.037310,0.439247,-0.431964,-0.006584,0.070361,-0.010613,-0.038940,-0.889158,0.460785,-0.326534,-0.101818,-1.395192,-0.034071,-0.151816,-0.782115,-0.344487,0.466786,-0.580060,1.141941,0.118788,0.101734,1
-0.028609,-0.089985,-0.022713,0.347097,-0.304714,0.009555,-0.030194,-0.056578,0.037256,0.439247,-0.431967,-0.006592,0.070361,-0.010620,-0.038925,-0.889277,0.460665,-0.326247,-0.102597,-1.395227,-0.034011,-0.151840,-0.782510,-0.342425,0.467433,-0.580060,1.142001,0.118896,0.101470,1
-0.028617,-0.089968,-0.022672,0.347106,-0.304747,0.009555,-0.030194,-0.056561,0.037243,0.439238,-0.431967,-0.006592,0.070374,-0.010605,-0.038905,-0.889409,0.460521,-0.325983,-0.103112,-1.395263,-0.033963,-0.151828,-0.782834,-0.340292,0.468176,-0.580060,1.142037,0.119195,0.101243,1
-0.028617,-0.089976,-0.022672,0.347080,-0.304768,0.009533,-0.030211,-0.056527,0.037189,0.439247,-0.431971,-0.006599,0.070388,-0.010612,-0.038900,-0.889601,0.460377,-0.325803,-0.103628,-1.395311,-0.033915,-0.151888,-0.783133,-0.338494,0.468835,-0.580049,1.142097,0.119591,0.100991,1
-0.028617,-0.089968,-0.022672,0.347114,-0.304780,0.009540,-0.030245,-0.056519,0.037149,0.439264,-0.431971,-0.006599,0.070415,-0.010620,-0.038895,-0.889805,0.460186,-0.325611,-0.104622,-1.395323,-0.033939,-0.152068,-0.783361,-0.336948,0.469338,-0.580025,1.142145,0.119639,0.100811,1
-0.028626,-0.089976,-0.022659,0.347114,-0.304797,0.009526,-0.030254,-0.056510,0.037109,0.439272,-0.431967,-0.006606,0.070468,-0.010635,-0.038896,-0.890224,0.460018,-0.325516,-0.105845,-1.395335,-0.033963,-0.152355,-0.783972,-0.335367,0.469698,-0.580025,1.142181,0.119615,0.100608,1
-0.028626,-0.089968,-0.022659,0.347089,-0.304805,0.009526,-0.030271,-0.056493,0.037055,0.439264,-0.431967,-0.006606,0.070562,-0.010651,-0.038896,-0.890680,0.459634,-0.325480,-0.107858,-1.395335,-0.033999,-0.152703,-0.784751,-0.331484,0.470201,-0.580037,1.142192,0.119627,0.100248,1
-0.028617,-0.089976,-0.022686,0.347114,-0.304818,0.009504,-0.030262,-0.056510,0.037029,0.439255,-0.431964,-0.006584,0.070589,-0.010635,-0.038886,-0.890979,0.459479,-0.325659,-0.108985,-1.395383,-0.033963,-0.152703,-0.785159,-0.329566,0.470956,-0.580049,1.142192,0.119615,0.100008,1
-0.028600,-0.089968,-0.022713,0.347106,-0.304818,0.009504,-0.030262,-0.056476,0.037029,0.439221,-0.431971,-0.006599,0.070602,-0.010635,-0.038886,-0.891195,0.459311,-0.325935,-0.110339,-1.395443,-0.033915,-0.152679,-0.785494,-0.327864,0.471639,-0.580072,1.142169,0.119662,0.099817,1
-0.028583,-0.089968,-0.022699,0.347097,-0.304838,0.009511,-0.030262,-0.056442,0.036988,0.439238,-0.431975,-0.006591,0.070602,-0.010650,-0.038886,-0.891423,0.459179,-0.326247,-0.111046,-1.395539,-0.033796,-0.152691,-0.785890,-0.326318,0.472382,-0.580060,1.142192,0.119662,0.099685,1
-0.028541,-0.089968,-0.022699,0.347106,-0.304846,0.009511,-0.030245,-0.056425,0.036962,0.439238,-0.431975,-0.006591,0.070602,-0.010643,-0.038881,-0.891590,0.459035,-0.326582,-0.111753,-1.395611,-0.033592,-0.152679,-0.786405,-0.324569,0.473209,-0.580060,1.142217,0.119627,0.099553,1
-0.028498,-0.089968,-0.022726,0.347089,-0.304859,0.009503,-0.030219,-0.056399,0.036948,0.439247,-0.431975,-0.006591,0.070602,-0.010643,-0.038881,-0.891818,0.458879,-0.326918,-0.112700,-1.395683,-0.033520,-0.152715,-0.786932,-0.322543,0.474036,-0.580049,1.142205,0.119459,0.099421,1
-0.028481,-0.089968,-0.022726,0.347097,-0.304871,0.009511,-0.030228,-0.056357,0.036935,0.439238,-0.431971,-0.006599,0.070602,-0.010651,-0.038896,-0.892046,0.458748,-0.327241,-0.113874,-1.395743,-0.033484,-0.152943,-0.787483,-0.320566,0.474719,-0.579989,1.142241,0.119339,0.099157,1
-0.028455,-0.089968,-0.022739,0.347097,-0.304880,0.009540,-0.030219,-0.056306,0.036935,0.439230,-0.431971,-0.006599,0.070642,-0.010650,-0.038886,-0.892393,0.458592,-0.327577,-0.115144,-1.395755,-0.033508,-0.153110,-0.788562,-0.318780,0.475306,-0.579893,1.142228,0.119267,0.098954,1
-0.028438,-0.089968,-0.022766,0.347097,-0.304888,0.009554,-0.030236,-0.056220,0.036921,0.439264,-0.431975,-0.006591,0.070642,-0.010658,-0.038891,-0.892645,0.458364,-0.328092,-0.117206,-1.395779,-0.033400,-0.153170,-0.790048,-0.315497,0.475942,-0.579653,1.142228,0.119231,0.098582,1
-0.028438,-0.089968,-0.022766,0.347089,-0.304892,0.009547,-0.030211,-0.056178,0.036935,0.439264,-0.431964,-0.006599,0.070642,-0.010658,-0.038891,-0.892777,0.458316,-0.328500,-0.118632,-1.395839,-0.033304,-0.153134,-0.791402,-0.313507,0.476481,-0.579449,1.142228,0.119279,0.098343,1
-0.028421,-0.089968,-0.022780,0.347089,-0.304900,0.009561,-0.030202,-0.056127,0.036935,0.439264,-0.431971,-0.006599,0.070669,-0.010658,-0.038881,-0.892897,0.458292,-0.328775,-0.120214,-1.395899,-0.033184,-0.153146,-0.792948,-0.311290,0.476948,-0.579293,1.142252,0.119399,0.098007,1
-0.028421,-0.089968,-0.022806,0.347097,-0.304909,0.009576,-0.030160,-0.056067,0.036921,0.439255,-0.431975,-0.006591,0.070656,-0.010658,-0.038881,-0.893028,0.458292,-0.328991,-0.122335,-1.395994,-0.033088,-0.153134,-0.794482,-0.309097,0.477499,-0.579102,1.142252,0.119651,0.097743,1
-0.028413,-0.089959,-0.022820,0.347097,-0.304913,0.009568,-0.030117,-0.056041,0.036921,0.439264,-0.431968,-0.006577,0.070629,-0.010658,-0.038881,-0.893148,0.458256,-0.329195,-0.123581,-1.396030,-0.032921,-0.153146,-0.796040,-0.307323,0.478111,-0.578922,1.142276,0.119938,0.097408,1
-0.028404,-0.089968,-0.022793,0.347106,-0.304925,0.009590,-0.030126,-0.055982,0.036935,0.439289,-0.431964,-0.006599,0.070629,-0.010643,-0.038871,-0.893268,0.458208,-0.329350,-0.124708,-1.396078,-0.032789,-0.153146,-0.797646,-0.305861,0.478698,-0.578706,1.142312,0.120453,0.097024,1
-0.028387,-0.089976,-0.022793,0.347097,-0.304929,0.009597,-0.030109,-0.055939,0.036935,0.439332,-0.431967,-0.006592,0.070589,-0.010650,-0.038866,-0.893292,0.458196,-0.329506,-0.125822,-1.396114,-0.032633,-0.153146,-0.799528,-0.304351,0.479285,-0.578491,1.142336,0.120825,0.096269,1
-0.028404,-0.089968,-0.022793,0.347097,-0.304933,0.009604,-0.030151,-0.055905,0.036935,0.439375,-0.431971,-0.006599,0.070562,-0.010650,-0.038876,-0.893292,0.458196,-0.329650,-0.127009,-1.396174,-0.032453,-0.153146,-0.801553,-0.302674,0.479848,-0.578287,1.142360,0.121137,0.095646,1
-0.028387,-0.089968,-0.022833,0.347097,-0.304937,0.009612,-0.030177,-0.055854,0.036935,0.439392,-0.431964,-0.006599,0.070508,-0.010658,-0.038861,-0.893268,0.458184,-0.329770,-0.128375,-1.396198,-0.032226,-0.153134,-0.804046,-0.300816,0.480484,-0.578107,1.142408,0.121388,0.094939,1
-0.028370,-0.089976,-0.022833,0.347106,-0.304946,0.009597,-0.030185,-0.055794,0.036948,0.439417,-0.431971,-0.006599,0.070482,-0.010673,-0.038861,-0.893268,0.458172,-0.329878,-0.130053,-1.396234,-0.031986,-0.153146,-0.804753,-0.298323,0.481167,-0.577903,1.142456,0.121616,0.094124,1
-0.028370,-0.089976,-0.022847,0.347097,-0.304950,0.009590,-0.030202,-0.055752,0.036935,0.439417,-0.431960,-0.006592,0.070428,-0.010673,-0.038871,-0.893268,0.458184,-0.329938,-0.131551,-1.396258,-0.031770,-0.153134,-0.804956,-0.296741,0.482401,-0.577652,1.142480,0.121808,0.093285,1
-0.028362,-0.089968,-0.022873,0.347097,-0.304962,0.009611,-0.030194,-0.055701,0.036935,0.439409,-0.431964,-0.006599,0.070374,-0.010681,-0.038856,-0.893256,0.458184,-0.329974,-0.133708,-1.396258,-0.031566,-0.153146,-0.804741,-0.295171,0.483360,-0.577268,1.142516,0.121987,0.092386,1
-0.028379,-0.089968,-0.022873,0.347072,-0.304983,0.009619,-0.030177,-0.055658,0.036948,0.439434,-0.431968,-0.006577,0.070361,-0.010658,-0.038861,-0.893232,0.458184,-0.330022,-0.135997,-1.396258,-0.031243,-0.153146,-0.803830,-0.292655,0.484882,-0.576933,1.142516,0.122059,0.090984,1
-0.028362,-0.089959,-0.022860,0.347055,-0.304979,0.009597,-0.030168,-0.055590,0.036935,0.439451,-0.431964,-0.006584,0.070321,-0.010681,-0.038866,-0.893184,0.458184,-0.330046,-0.137699,-1.396270,-0.030859,-0.153158,-0.803183,-0.290929,0.485769,-0.576669,1.142504,0.122023,0.090073,1
-0.028362,-0.089934,-0.022847,0.347063,-0.304987,0.009611,-0.030160,-0.055539,0.036948,0.439434,-0.431960,-0.006592,0.070294,-0.010681,-0.038866,-0.893172,0.458184,-0.330058,-0.139460,-1.396282,-0.030608,-0.153158,-0.802572,-0.289335,0.486572,-0.576369,1.142516,0.122023,0.088647,1
-0.028362,-0.089968,-0.022873,0.347055,-0.304995,0.009640,-0.030177,-0.055513,0.036948,0.439434,-0.431967,-0.006592,0.070267,-0.010681,-0.038866,-0.893088,0.458184,-0.330046,-0.141162,-1.396282,-0.030392,-0.153158,-0.802092,-0.287885,0.487279,-0.575998,1.142540,0.122011,0.087629,1
-0.028379,-0.089968,-0.022873,0.347072,-0.304991,0.009619,-0.030177,-0.055462,0.036935,0.439434,-0.431964,-0.006599,0.070227,-0.010673,-0.038861,-0.893052,0.458196,-0.330034,-0.142708,-1.396294,-0.030176,-0.153170,-0.802164,-0.286591,0.487950,-0.575614,1.142564,0.122011,0.086550,1
-0.028370,-0.089968,-0.022873,0.347055,-0.305008,0.009604,-0.030168,-0.055360,0.036948,0.439417,-0.431964,-0.006584,0.070227,-0.010673,-0.038861,-0.893028,0.458172,-0.330046,-0.143919,-1.396282,-0.029997,-0.153182,-0.803027,-0.284158,0.488705,-0.575303,1.142588,0.122023,0.085507,1
-0.028379,-0.089985,-0.022847,0.347063,-0.305020,0.009611,-0.030185,-0.055309,0.036935,0.439392,-0.431964,-0.006599,0.070254,-0.010673,-0.038871,-0.893028,0.458100,-0.330105,-0.145261,-1.396282,-0.029841,-0.153254,-0.804142,-0.282336,0.489915,-0.575039,1.142600,0.122059,0.084585,1
-0.028362,-0.089985,-0.022900,0.347072,-0.305020,0.009582,-0.030177,-0.055240,0.036948,0.439375,-0.431967,-0.006606,0.070267,-0.010666,-0.038876,-0.893017,0.457957,-0.330249,-0.146915,-1.396294,-0.029721,-0.153422,-0.805172,-0.280527,0.490742,-0.574859,1.142624,0.122095,0.083674,1
-0.028370,-0.089985,-0.022887,0.347072,-0.305041,0.009546,-0.030194,-0.055155,0.036948,0.439349,-0.431971,-0.006599,0.070321,-0.010666,-0.038866,-0.893052,0.457765,-0.330417,-0.150426,-1.396294,-0.029541,-0.153698,-0.806179,-0.278070,0.492060,-0.574392,1.142684,0.122107,0.082451,1
-0.028370,-0.089976,-0.022887,0.347063,-0.305050,0.009531,-0.030185,-0.055087,0.036935,0.439307,-0.431971,-0.006599,0.070321,-0.010688,-0.038861,-0.893052,0.457669,-0.330477,-0.152008,-1.396330,-0.029409,-0.153770,-0.806730,-0.276524,0.492947,-0.574032,1.142708,0.122119,0.081553,1
-0.028370,-0.089994,-0.022887,0.347055,-0.305045,0.009524,-0.030160,-0.055053,0.036935,0.439281,-0.431967,-0.006606,0.070321,-0.010688,-0.038861,-0.893052,0.457657,-0.330501,-0.152703,-1.396354,-0.029277,-0.153794,-0.807018,-0.275745,0.493403,-0.573817,1.142732,0.122107,0.081061,1
-0.028387,-0.089959,-0.022900,0.347046,-0.305066,0.009502,-0.030160,-0.054976,0.036935,0.439221,-0.431975,-0.006606,0.070441,-0.010666,-0.038866,-0.893040,0.457609,-0.330561,-0.154944,-1.396426,-0.029146,-0.153794,-0.808168,-0.273252,0.494745,-0.573241,1.142792,0.122083,0.079180,1
-0.028379,-0.089976,-0.022887,0.347038,-0.305066,0.009502,-0.030126,-0.054899,0.036935,0.439187,-0.431971,-0.006599,0.070468,-0.010688,-0.038861,-0.893028,0.457573,-0.330609,-0.156634,-1.396438,-0.029074,-0.153818,-0.809594,-0.271598,0.495620,-0.572822,1.142852,0.121999,0.078245,1
-0.028370,-0.089968,-0.022887,0.347038,-0.305075,0.009487,-0.030117,-0.054763,0.036935,0.439153,-0.431979,-0.006613,0.070508,-0.010688,-0.038861,-0.893052,0.457405,-0.330657,-0.158539,-1.396462,-0.028978,-0.153853,-0.810781,-0.269501,0.496327,-0.572450,1.142912,0.121951,0.077418,1
-0.028370,-0.089968,-0.022873,0.347046,-0.305079,0.009480,-0.030109,-0.054678,0.036948,0.439111,-0.431967,-0.006606,0.070549,-0.010681,-0.038866,-0.893052,0.457333,-0.330729,-0.160517,-1.396474,-0.028894,-0.153841,-0.812015,-0.268267,0.497297,-0.572067,1.142972,0.121975,0.076543,1
-0.028379,-0.089968,-0.022887,0.347038,-0.305075,0.009458,-0.030100,-0.054593,0.036948,0.439042,-0.431971,-0.006599,0.070562,-0.010681,-0.038876,-0.893076,0.457310,-0.330765,-0.163297,-1.396510,-0.028810,-0.153841,-0.813321,-0.267236,0.497969,-0.571540,1.143043,0.121999,0.075632,1
-0.028387,-0.089976,-0.022873,0.347012,-0.305087,0.009466,-0.030100,-0.054507,0.036935,0.439017,-0.431971,-0.006599,0.070562,-0.010688,-0.038861,-0.893064,0.457298,-0.330777,-0.164927,-1.396546,-0.028714,-0.153853,-0.814412,-0.266230,0.498783,-0.571144,1.143151,0.122119,0.074650,1
-0.028370,-0.089976,-0.022887,0.347021,-0.305095,0.009451,-0.030075,-0.054448,0.036948,0.438991,-0.431975,-0.006620,0.070549,-0.010681,-0.038876,-0.893052,0.457321,-0.330753,-0.166677,-1.396570,-0.028630,-0.153841,-0.815179,-0.265067,0.499682,-0.570749,1.143343,0.122311,0.073655,1
-0.028379,-0.089985,-0.022900,0.346986,-0.305091,0.009458,-0.030040,-0.054328,0.036935,0.438949,-0.431971,-0.006599,0.070575,-0.010681,-0.038856,-0.893040,0.457298,-0.330753,-0.169529,-1.396642,-0.028487,-0.153853,-0.815862,-0.262886,0.501144,-0.570233,1.143535,0.122539,0.071450,1
-0.028379,-0.089985,-0.022887,0.346969,-0.305099,0.009444,-0.030032,-0.054260,0.036935,0.438906,-0.431979,-0.006613,0.070602,-0.010666,-0.038846,-0.893028,0.457298,-0.330753,-0.171374,-1.396666,-0.028415,-0.153853,-0.816341,-0.261208,0.502151,-0.569898,1.143691,0.122575,0.070299,1
-0.028387,-0.089994,-0.022914,0.346961,-0.305099,0.009444,-0.030058,-0.054184,0.036948,0.438906,-0.431979,-0.006613,0.070642,-0.010681,-0.038846,-0.893052,0.457298,-0.330717,-0.173208,-1.396690,-0.028331,-0.153853,-0.817624,-0.259818,0.503110,-0.569634,1.143858,0.122563,0.069233,1
-0.028387,-0.089976,-0.022914,0.346927,-0.305095,0.009451,-0.030066,-0.054124,0.036935,0.438880,-0.431979,-0.006613,0.070669,-0.010673,-0.038851,-0.893052,0.457298,-0.330705,-0.175090,-1.396713,-0.028307,-0.153865,-0.818918,-0.258464,0.504057,-0.569359,1.144062,0.122575,0.068118,1
-0.028379,-0.089976,-0.022927,0.346918,-0.305099,0.009444,-0.030083,-0.054030,0.036935,0.438880,-0.431979,-0.006613,0.070682,-0.010696,-0.038856,-0.893052,0.457298,-0.330693,-0.177115,-1.396726,-0.028259,-0.153853,-0.820464,-0.256570,0.505351,-0.569059,1.144266,0.122575,0.066920,1
-0.028387,-0.089968,-0.022914,0.346918,-0.305104,0.009437,-0.030100,-0.053971,0.036948,0.438889,-0.431975,-0.006606,0.070682,-0.010719,-0.038862,-0.893028,0.457345,-0.330669,-0.179116,-1.396785,-0.028187,-0.153865,-0.821950,-0.255228,0.506202,-0.568747,1.144542,0.122563,0.065710,1
-0.028362,-0.089985,-0.022940,0.346901,-0.305116,0.009415,-0.030126,-0.053902,0.036948,0.438889,-0.431975,-0.006620,0.070682,-0.010719,-0.038871,-0.893052,0.457381,-0.330657,-0.181765,-1.396809,-0.028163,-0.153853,-0.823244,-0.253850,0.506873,-0.568208,1.144841,0.122563,0.064379,1
-0.028379,-0.089985,-0.022940,0.346893,-0.305129,0.009407,-0.030134,-0.053817,0.036948,0.438889,-0.431979,-0.006613,0.070709,-0.010742,-0.038886,-0.893052,0.457405,-0.330609,-0.183323,-1.396833,-0.028127,-0.153889,-0.824203,-0.252532,0.507592,-0.567861,1.145404,0.122599,0.063169,1
-0.028379,-0.089968,-0.022900,0.346901,-0.305124,0.009400,-0.030126,-0.053749,0.036948,0.438889,-0.431975,-0.006620,0.070696,-0.010734,-0.038871,-0.893052,0.457441,-0.330573,-0.185024,-1.396857,-0.028139,-0.153997,-0.824850,-0.251237,0.508395,-0.567549,1.145908,0.122718,0.062126,1
-0.028387,-0.089976,-0.022914,0.346901,-0.305129,0.009393,-0.030109,-0.053630,0.036948,0.438880,-0.431979,-0.006613,0.070723,-0.010711,-0.038847,-0.893052,0.457405,-0.330585,-0.188248,-1.396869,-0.028139,-0.154525,-0.825461,-0.249548,0.509773,-0.567070,1.146878,0.122910,0.060628,1
-0.028387,-0.089951,-0.022954,0.346884,-0.305133,0.009371,-0.030117,-0.053527,0.036935,0.438880,-0.431975,-0.006620,0.070776,-0.010666,-0.038837,-0.893028,0.457393,-0.330609,-0.190190,-1.396869,-0.028139,-0.154812,-0.826432,-0.248373,0.510756,-0.566674,1.147729,0.123054,0.059969,1
-0.028396,-0.089951,-0.022980,0.346884,-0.305133,0.009386,-0.030126,-0.053519,0.036948,0.438880,-0.431975,-0.006606,0.070830,-0.010673,-0.038841,-0.893052,0.457369,-0.330585,-0.191088,-1.396869,-0.028151,-0.154920,-0.826959,-0.247702,0.511187,-0.566482,1.148185,0.123102,0.059669,1
-0.028370,-0.089934,-0.022954,0.346842,-0.305145,0.009364,-0.030160,-0.053400,0.036948,0.438880,-0.431975,-0.006620,0.070910,-0.010704,-0.038852,-0.893052,0.457286,-0.330573,-0.193629,-1.396929,-0.028127,-0.155208,-0.828541,-0.245125,0.512362,-0.565847,1.149946,0.123210,0.058759,1
-0.028379,-0.089908,-0.022980,0.346799,-0.305141,0.009371,-0.030143,-0.053323,0.036935,0.438880,-0.431983,-0.006606,0.070990,-0.010704,-0.038852,-0.893052,0.457286,-0.330585,-0.195415,-1.396953,-0.028103,-0.155387,-0.829644,-0.243795,0.513272,-0.565404,1.151348,0.123258,0.058255,1
-0.028379,-0.089900,-0.023007,0.346765,-0.305149,0.009357,-0.030160,-0.053255,0.036935,0.438880,-0.431975,-0.006606,0.071057,-0.010688,-0.038851,-0.893052,0.457286,-0.330585,-0.198447,-1.397001,-0.028151,-0.155639,-0.830830,-0.242549,0.513752,-0.564733,1.152894,0.123294,0.057884,1
-0.028379,-0.089874,-0.023074,0.346739,-0.305141,0.009342,-0.030160,-0.053178,0.036948,0.438872,-0.431975,-0.006606,0.071071,-0.010704,-0.038842,-0.893052,0.457286,-0.330561,-0.200544,-1.397037,-0.028127,-0.155915,-0.832161,-0.241386,0.514255,-0.564277,1.155255,0.123354,0.057632,1
-0.028370,-0.089849,-0.023114,0.346697,-0.305158,0.009342,-0.030134,-0.053127,0.036948,0.438880,-0.431975,-0.006620,0.071071,-0.010696,-0.038847,-0.893052,0.457298,-0.330525,-0.202378,-1.397049,-0.028139,-0.156178,-0.833767,-0.240212,0.514770,-0.563774,1.156861,0.123641,0.057428,1
-0.028387,-0.089823,-0.023114,0.346654,-0.305162,0.009320,-0.030143,-0.053033,0.036948,0.438889,-0.431983,-0.006606,0.071084,-0.010688,-0.038851,-0.893040,0.457298,-0.330501,-0.204079,-1.397037,-0.028103,-0.156670,-0.835552,-0.239013,0.515382,-0.563259,1.158719,0.123917,0.057345,1
-0.028396,-0.089806,-0.023155,0.346611,-0.305170,0.009320,-0.030126,-0.052965,0.036935,0.438889,-0.431983,-0.006606,0.071071,-0.010719,-0.038852,-0.893040,0.457310,-0.330465,-0.205973,-1.397097,-0.028091,-0.157041,-0.837434,-0.237515,0.516005,-0.562731,1.160720,0.124312,0.057309,1
-0.028379,-0.089763,-0.023155,0.346586,-0.305178,0.009306,-0.030134,-0.052888,0.036935,0.438889,-0.431979,-0.006599,0.071057,-0.010711,-0.038847,-0.893040,0.457310,-0.330441,-0.208070,-1.397109,-0.028139,-0.157497,-0.840861,-0.235909,0.516472,-0.562216,1.162650,0.124744,0.057321,1
-0.028370,-0.089729,-0.023155,0.346509,-0.305195,0.009276,-0.030143,-0.052752,0.036935,0.438880,-0.431979,-0.006599,0.071044,-0.010757,-0.038857,-0.893040,0.457298,-0.330333,-0.210958,-1.397157,-0.028127,-0.158192,-0.844409,-0.232374,0.516868,-0.561485,1.165753,0.125583,0.057368,1
-0.028379,-0.089721,-0.023141,0.346467,-0.305208,0.009255,-0.030143,-0.052684,0.036935,0.438889,-0.431983,-0.006606,0.071071,-0.010772,-0.038867,-0.893040,0.457357,-0.330189,-0.212732,-1.397157,-0.028139,-0.158707,-0.846386,-0.230708,0.517071,-0.561077,1.167707,0.126338,0.057380,1
-0.028370,-0.089704,-0.023141,0.346398,-0.305212,0.009247,-0.030143,-0.052624,0.036895,0.438863,-0.431975,-0.006606,0.071057,-0.010765,-0.038852,-0.893052,0.457393,-0.330058,-0.215488,-1.397181,-0.028127,-0.159210,-0.847716,-0.229318,0.517119,-0.560514,1.169708,0.127296,0.057357,1
-0.028370,-0.089695,-0.023141,0.346373,-0.305228,0.009218,-0.030143,-0.052573,0.036895,0.438880,-0.431987,-0.006613,0.071057,-0.010795,-0.038852,-0.893052,0.457417,-0.329938,-0.217574,-1.397205,-0.028115,-0.159882,-0.848555,-0.228252,0.517155,-0.560143,1.172884,0.128471,0.057345,1
-0.028362,-0.089678,-0.023141,0.346347,-0.305241,0.009211,-0.030134,-0.052488,0.036881,0.438897,-0.431987,-0.006613,0.071057,-0.010810,-0.038852,-0.893040,0.457429,-0.329842,-0.219587,-1.397205,-0.028127,-0.160505,-0.848951,-0.227245,0.517119,-0.559819,1.174909,0.129825,0.057297,1
-0.028353,-0.089670,-0.023155,0.346279,-0.305253,0.009175,-0.030126,-0.052437,0.036868,0.438889,-0.431991,-0.006620,0.071057,-0.010833,-0.038857,-0.893028,0.457453,-0.329758,-0.221301,-1.397205,-0.028127,-0.161188,-0.848939,-0.226226,0.517047,-0.559603,1.176827,0.132258,0.057261,1
-0.028370,-0.089670,-0.023181,0.346245,-0.305266,0.009153,-0.030126,-0.052420,0.036868,0.438889,-0.431979,-0.006599,0.071071,-0.010848,-0.038857,-0.893040,0.457453,-0.329698,-0.222751,-1.397205,-0.028115,-0.162206,-0.848663,-0.225016,0.516916,-0.559424,1.178780,0.134008,0.057189,1
-0.028370,-0.089661,-0.023181,0.346211,-0.305282,0.009124,-0.030168,-0.052343,0.036828,0.438889,-0.431979,-0.006599,0.071057,-0.010917,-0.038892,-0.893040,0.457441,-0.329614,-0.225220,-1.397181,-0.028151,-0.163513,-0.847596,-0.222823,0.516520,-0.559268,1.181465,0.136956,0.057021,1
-0.028353,-0.089627,-0.023155,0.346185,-0.305299,0.009095,-0.030168,-0.052249,0.036814,0.438889,-0.431971,-0.006613,0.071071,-0.010970,-0.038907,-0.893028,0.457405,-0.329602,-0.227281,-1.397193,-0.028187,-0.164531,-0.846925,-0.220809,0.516113,-0.559220,1.183203,0.138933,0.056817,1
-0.028370,-0.089644,-0.023168,0.346143,-0.305320,0.009073,-0.030168,-0.052206,0.036788,0.438880,-0.431975,-0.006620,0.071124,-0.011000,-0.038917,-0.893028,0.457393,-0.329602,-0.229246,-1.397205,-0.028175,-0.165526,-0.846362,-0.219611,0.515358,-0.559208,1.184916,0.140899,0.056566,1
-0.028379,-0.089627,-0.023141,0.346100,-0.305336,0.009058,-0.030168,-0.052155,0.036761,0.438880,-0.431979,-0.006628,0.071124,-0.011053,-0.038923,-0.893040,0.457345,-0.329566,-0.231727,-1.397229,-0.028199,-0.166497,-0.846482,-0.218413,0.514794,-0.559196,1.186438,0.142960,0.056278,1
-0.028370,-0.089619,-0.023155,0.346083,-0.305361,0.009014,-0.030168,-0.052121,0.036680,0.438889,-0.431983,-0.006620,0.071178,-0.011122,-0.038908,-0.893028,0.457298,-0.329530,-0.233297,-1.397241,-0.028187,-0.167468,-0.847728,-0.217046,0.514291,-0.559232,1.188416,0.145069,0.055954,1
-0.028379,-0.089602,-0.023155,0.346040,-0.305370,0.009000,-0.030168,-0.052087,0.036627,0.438897,-0.431975,-0.006606,0.071245,-0.011205,-0.038904,-0.893040,0.457238,-0.329518,-0.234939,-1.397229,-0.028187,-0.168450,-0.849202,-0.215608,0.513800,-0.559388,1.189686,0.147142,0.055631,1
-0.028370,-0.089602,-0.023141,0.346006,-0.305378,0.008985,-0.030177,-0.052036,0.036600,0.438906,-0.431971,-0.006613,0.071285,-0.011319,-0.038900,-0.893088,0.457178,-0.329518,-0.236688,-1.397265,-0.028187,-0.169433,-0.850341,-0.214110,0.513380,-0.559543,1.190992,0.150102,0.055259,1
-0.028396,-0.089602,-0.023141,0.345972,-0.305386,0.008971,-0.030168,-0.052002,0.036506,0.438889,-0.431975,-0.006620,0.071352,-0.011441,-0.038920,-0.893124,0.457106,-0.329506,-0.238642,-1.397265,-0.028187,-0.170931,-0.851180,-0.212768,0.513009,-0.559579,1.192382,0.152260,0.054600,1
-0.028370,-0.089584,-0.023155,0.345938,-0.305395,0.008971,-0.030134,-0.051951,0.036439,0.438880,-0.431979,-0.006613,0.071365,-0.011578,-0.038921,-0.893184,0.457082,-0.329506,-0.240440,-1.397265,-0.028187,-0.171974,-0.851899,-0.211737,0.512745,-0.559567,1.193845,0.154501,0.054109,1
-0.028370,-0.089559,-0.023155,0.345921,-0.305395,0.009000,-0.030117,-0.051900,0.036386,0.438880,-0.431979,-0.006613,0.071325,-0.011684,-0.038941,-0.893172,0.457118,-0.329470,-0.241962,-1.397253,-0.028175,-0.173100,-0.852258,-0.210611,0.512565,-0.559591,1.195331,0.156802,0.053546,1
-0.028396,-0.089533,-0.023195,0.345904,-0.305390,0.009007,-0.030083,-0.051857,0.036319,0.438872,-0.431975,-0.006620,0.071339,-0.011738,-0.038927,-0.893148,0.457142,-0.329434,-0.243448,-1.397253,-0.028175,-0.174275,-0.852881,-0.209652,0.512398,-0.559627,1.196853,0.159151,0.052934,1
-0.028353,-0.089491,-0.023195,0.345870,-0.305378,0.009000,-0.030040,-0.051797,0.036212,0.438880,-0.431979,-0.006613,0.071325,-0.011814,-0.038977,-0.893148,0.457082,-0.329446,-0.246791,-1.397253,-0.028187,-0.176288,-0.854523,-0.207759,0.512386,-0.559855,1.199669,0.162422,0.052012,1
-0.028345,-0.089474,-0.023208,0.345853,-0.305386,0.009000,-0.030015,-0.051755,0.036145,0.438872,-0.431979,-0.006613,0.071312,-0.011920,-0.039046,-0.893208,0.457046,-0.329458,-0.248505,-1.397265,-0.028199,-0.177762,-0.855662,-0.206440,0.512445,-0.560047,1.202461,0.164448,0.051400,1
-0.028353,-0.089448,-0.023208,0.345827,-0.305395,0.009000,-0.030006,-0.051704,0.036118,0.438880,-0.431979,-0.006628,0.071339,-0.011989,-0.039091,-0.893268,0.456998,-0.329458,-0.250231,-1.397253,-0.028187,-0.179464,-0.856848,-0.205098,0.512541,-0.560191,1.204678,0.167504,0.050789,1
-0.028336,-0.089431,-0.023168,0.345836,-0.305403,0.009014,-0.029972,-0.051670,0.036078,0.438880,-0.431979,-0.006613,0.071325,-0.012095,-0.039151,-0.893268,0.456998,-0.329398,-0.251777,-1.397277,-0.028187,-0.182208,-0.858047,-0.203720,0.512625,-0.560155,1.206871,0.169565,0.050106,1
-0.028353,-0.089406,-0.023195,0.345836,-0.305403,0.009014,-0.029964,-0.051635,0.036038,0.438872,-0.431983,-0.006606,0.071325,-0.012179,-0.039196,-0.893208,0.456986,-0.329315,-0.253275,-1.397253,-0.028175,-0.184162,-0.859161,-0.202330,0.512709,-0.560071,1.209029,0.171590,0.049027,1
-0.028345,-0.089397,-0.023141,0.345836,-0.305403,0.009014,-0.029904,-0.051593,0.036024,0.438880,-0.431983,-0.006620,0.071339,-0.012224,-0.039206,-0.893124,0.457034,-0.329207,-0.254940,-1.397253,-0.028187,-0.186079,-0.860767,-0.201155,0.512745,-0.559999,1.211030,0.173759,0.048284,1
-0.028362,-0.089371,-0.023141,0.345827,-0.305407,0.009021,-0.029879,-0.051533,0.035997,0.438889,-0.431987,-0.006613,0.071339,-0.012209,-0.039216,-0.893088,0.457094,-0.329075,-0.256510,-1.397253,-0.028187,-0.187925,-0.861678,-0.199549,0.512757,-0.559963,1.212888,0.175857,0.047589,1
-0.028345,-0.089363,-0.023181,0.345819,-0.305419,0.009029,-0.029879,-0.051516,0.035984,0.438889,-0.431979,-0.006628,0.071312,-0.012224,-0.039206,-0.893028,0.457142,-0.328931,-0.258068,-1.397241,-0.028187,-0.189614,-0.862469,-0.198399,0.512721,-0.559987,1.214661,0.178038,0.046882,1
-0.028353,-0.089346,-0.023195,0.345810,-0.305407,0.009036,-0.029887,-0.051474,0.035997,0.438897,-0.431975,-0.006620,0.071339,-0.012247,-0.039231,-0.893005,0.457190,-0.328847,-0.259399,-1.397277,-0.028187,-0.191292,-0.863068,-0.197057,0.512649,-0.559975,1.216411,0.180291,0.046187,1
-0.028362,-0.089312,-0.023195,0.345819,-0.305419,0.009029,-0.029913,-0.051474,0.035997,0.438897,-0.431979,-0.006613,0.071325,-0.012338,-0.039261,-0.893017,0.457250,-0.328763,-0.262155,-1.397241,-0.028223,-0.193869,-0.863655,-0.194768,0.512541,-0.559963,1.219814,0.183562,0.045085,1
-0.028362,-0.089312,-0.023222,0.345802,-0.305419,0.009043,-0.029947,-0.051439,0.036011,0.438889,-0.431983,-0.006606,0.071339,-0.012369,-0.039281,-0.893017,0.457321,-0.328739,-0.263833,-1.397241,-0.028307,-0.195619,-0.864135,-0.193090,0.512421,-0.559939,1.221432,0.186738,0.044330,1
-0.028370,-0.089303,-0.023235,0.345802,-0.305424,0.009036,-0.029938,-0.051448,0.035997,0.438889,-0.431979,-0.006613,0.071312,-0.012376,-0.039296,-0.893028,0.457345,-0.328739,-0.264756,-1.397277,-0.028331,-0.196457,-0.864566,-0.192287,0.512350,-0.559963,1.222331,0.187793,0.043934,1
-0.028370,-0.089278,-0.023208,0.345785,-0.305428,0.009057,-0.029947,-0.051431,0.036011,0.438889,-0.431987,-0.006613,0.071298,-0.012453,-0.039356,-0.893017,0.457333,-0.328763,-0.267404,-1.397253,-0.028367,-0.199633,-0.866280,-0.190309,0.511978,-0.559975,1.224908,0.190513,0.042352,1
-0.028353,-0.089252,-0.023222,0.345776,-0.305428,0.009072,-0.029947,-0.051422,0.036011,0.438880,-0.431983,-0.006606,0.071325,-0.012498,-0.039376,-0.893017,0.457310,-0.328799,-0.268902,-1.397277,-0.028367,-0.201251,-0.867993,-0.189255,0.511702,-0.559939,1.226621,0.192239,0.041573,1
-0.028353,-0.089235,-0.023222,0.345759,-0.305432,0.009065,-0.029921,-0.051422,0.036011,0.438897,-0.431979,-0.006628,0.071312,-0.012544,-0.039406,-0.893040,0.457298,-0.328799,-0.270244,-1.397253,-0.028355,-0.202773,-0.869168,-0.187925,0.511403,-0.559867,1.228239,0.194013,0.040866,1
-0.028370,-0.089210,-0.023235,0.345734,-0.305424,0.009050,-0.029930,-0.051431,0.035997,0.438897,-0.431979,-0.006628,0.071298,-0.012574,-0.039396,-0.893028,0.457333,-0.328751,-0.271682,-1.397265,-0.028355,-0.204283,-0.870306,-0.187134,0.511223,-0.559783,1.229689,0.195810,0.040219,1
-0.028370,-0.089192,-0.023329,0.345725,-0.305432,0.009065,-0.029938,-0.051431,0.035997,0.438880,-0.431983,-0.006620,0.071339,-0.012529,-0.039386,-0.893028,0.457345,-0.328715,-0.274163,-1.397265,-0.028355,-0.205949,-0.871205,-0.186451,0.511007,-0.559699,1.231032,0.197668,0.039668,1
-0.028370,-0.089167,-0.023369,0.345708,-0.305436,0.009057,-0.029921,-0.051431,0.035997,0.438880,-0.431975,-0.006620,0.071365,-0.012536,-0.039381,-0.893040,0.457345,-0.328691,-0.276105,-1.397265,-0.028355,-0.207735,-0.871996,-0.185851,0.510888,-0.559615,1.232218,0.199585,0.039117,1
-0.028370,-0.089150,-0.023409,0.345708,-0.305444,0.009072,-0.029913,-0.051431,0.035997,0.438880,-0.431991,-0.006620,0.071365,-0.012559,-0.039396,-0.893040,0.457345,-0.328655,-0.277998,-1.397277,-0.028367,-0.209544,-0.872667,-0.185360,0.510720,-0.559543,1.233812,0.201479,0.038565,1
-0.028362,-0.089116,-0.023476,0.345683,-0.305444,0.009072,-0.029930,-0.051431,0.035984,0.438889,-0.431979,-0.006628,0.071392,-0.012559,-0.039416,-0.893028,0.457345,-0.328631,-0.280587,-1.397277,-0.028355,-0.211917,-0.873566,-0.184869,0.510396,-0.559436,1.235502,0.205182,0.037690,1
-0.028353,-0.089099,-0.023530,0.345674,-0.305440,0.009079,-0.029955,-0.051439,0.035984,0.438889,-0.431975,-0.006620,0.071392,-0.012567,-0.039411,-0.893017,0.457333,-0.328631,-0.282001,-1.397265,-0.028343,-0.214182,-0.874309,-0.184605,0.510132,-0.559376,1.236916,0.206896,0.036600,1
-0.028362,-0.089082,-0.023543,0.345666,-0.305436,0.009086,-0.029955,-0.051439,0.035984,0.438889,-0.431983,-0.006606,0.071392,-0.012567,-0.039411,-0.893005,0.457369,-0.328655,-0.283475,-1.397253,-0.028343,-0.215740,-0.875915,-0.184186,0.509869,-0.559316,1.238462,0.208334,0.035725,1
-0.028345,-0.089056,-0.023556,0.345674,-0.305457,0.009079,-0.029938,-0.051457,0.035997,0.438889,-0.431987,-0.006613,0.071392,-0.012544,-0.039396,-0.893040,0.457357,-0.328643,-0.285021,-1.397253,-0.028355,-0.217538,-0.877401,-0.183299,0.509677,-0.559280,1.240080,0.209448,0.034730,1
-0.028353,-0.089039,-0.023597,0.345657,-0.305440,0.009079,-0.029921,-0.051448,0.035997,0.438906,-0.431983,-0.006606,0.071392,-0.012544,-0.039406,-0.893040,0.457345,-0.328643,-0.286507,-1.397277,-0.028355,-0.219347,-0.879211,-0.181741,0.509569,-0.559304,1.241710,0.210455,0.033700,1
-0.028353,-0.089022,-0.023610,0.345657,-0.305448,0.009094,-0.029930,-0.051448,0.035997,0.438906,-0.431983,-0.006606,0.071392,-0.012536,-0.039401,-0.893040,0.457321,-0.328643,-0.287897,-1.397253,-0.028355,-0.221217,-0.881260,-0.180698,0.509425,-0.559316,1.243735,0.211785,0.032513,1
-0.028362,-0.089013,-0.023677,0.345640,-0.305448,0.009094,-0.029930,-0.051457,0.035984,0.438897,-0.431983,-0.006620,0.071419,-0.012536,-0.039391,-0.893040,0.457321,-0.328655,-0.289767,-1.397265,-0.028355,-0.223098,-0.883046,-0.179847,0.509413,-0.559256,1.245868,0.212936,0.031351,1
-0.028379,-0.088996,-0.023717,0.345640,-0.305452,0.009101,-0.029930,-0.051448,0.035984,0.438889,-0.431983,-0.006620,0.071459,-0.012506,-0.039381,-0.893040,0.457310,-0.328655,-0.290869,-1.397277,-0.028355,-0.225052,-0.884484,-0.179128,0.509449,-0.559208,1.248996,0.213978,0.030092,1
-0.028387,-0.088971,-0.023771,0.345631,-0.305461,0.009115,-0.029947,-0.051448,0.035971,0.438897,-0.431979,-0.006613,0.071473,-0.012513,-0.039396,-0.893052,0.457321,-0.328655,-0.292032,-1.397253,-0.028343,-0.227101,-0.885706,-0.178565,0.509497,-0.559232,1.250913,0.215596,0.028798,1
-0.028387,-0.088971,-0.023771,0.345623,-0.305457,0.009122,-0.029964,-0.051439,0.035984,0.438889,-0.431979,-0.006613,0.071473,-0.012506,-0.039400,-0.893028,0.457310,-0.328643,-0.293302,-1.397277,-0.028367,-0.229953,-0.886593,-0.178038,0.509569,-0.559232,1.252555,0.216914,0.026701,1
-0.028387,-0.088971,-0.023797,0.345623,-0.305461,0.009115,-0.029981,-0.051448,0.035984,0.438872,-0.431987,-0.006613,0.071473,-0.012468,-0.039395,-0.893040,0.457298,-0.328619,-0.295447,-1.397277,-0.028355,-0.232194,-0.887660,-0.177079,0.509641,-0.559256,1.254473,0.218892,0.024556,1
-0.028379,-0.088962,-0.023851,0.345614,-0.305465,0.009108,-0.029998,-0.051439,0.035984,0.438880,-0.431987,-0.006613,0.071486,-0.012475,-0.039400,-0.893040,0.457286,-0.328631,-0.296825,-1.397301,-0.028343,-0.233285,-0.887755,-0.175737,0.509653,-0.559328,1.255563,0.220210,0.023297,1
-0.028362,-0.088979,-0.023864,0.345606,-0.305465,0.009108,-0.029998,-0.051448,0.035957,0.438880,-0.431979,-0.006628,0.071473,-0.012445,-0.039380,-0.893040,0.457286,-0.328643,-0.298096,-1.397277,-0.028355,-0.234567,-0.887588,-0.174730,0.509629,-0.559484,1.256606,0.221600,0.022099,1
-0.028353,-0.088971,-0.023878,0.345606,-0.305465,0.009108,-0.029998,-0.051448,0.035971,0.438889,-0.431983,-0.006620,0.071473,-0.012437,-0.039375,-0.893028,0.457286,-0.328631,-0.299354,-1.397265,-0.028367,-0.235945,-0.887324,-0.173867,0.509557,-0.559579,1.257661,0.223050,0.021032,1
-0.028362,-0.088971,-0.023891,0.345597,-0.305469,0.009115,-0.030015,-0.051448,0.035984,0.438889,-0.431979,-0.006599,0.071473,-0.012437,-0.039375,-0.893005,0.457286,-0.328631,-0.301212,-1.397241,-0.028355,-0.237084,-0.886953,-0.173208,0.509485,-0.559663,1.258655,0.224465,0.020062,1
-0.028345,-0.088962,-0.023945,0.345580,-0.305465,0.009122,-0.030023,-0.051448,0.035984,0.438889,-0.431983,-0.006620,0.071473,-0.012437,-0.039385,-0.893040,0.457286,-0.328607,-0.302722,-1.397277,-0.028379,-0.238186,-0.886988,-0.172609,0.509365,-0.559651,1.260045,0.225855,0.019199,1
-0.028345,-0.088962,-0.023891,0.345563,-0.305461,0.009115,-0.030032,-0.051448,0.035957,0.438880,-0.431983,-0.006620,0.071459,-0.012437,-0.039395,-0.893028,0.457250,-0.328619,-0.304291,-1.397265,-0.028367,-0.239373,-0.887851,-0.171962,0.509222,-0.559711,1.260980,0.227533,0.018444,1
-0.028345,-0.088954,-0.023931,0.345538,-0.305469,0.009115,-0.030040,-0.051448,0.035971,0.438880,-0.431979,-0.006628,0.071473,-0.012445,-0.039420,-0.893040,0.457142,-0.328631,-0.305885,-1.397277,-0.028367,-0.240907,-0.889002,-0.171123,0.509042,-0.559795,1.261987,0.228491,0.017809,1
-0.028362,-0.088962,-0.023958,0.345495,-0.305465,0.009122,-0.030040,-0.051448,0.035971,0.438872,-0.431975,-0.006620,0.071513,-0.012453,-0.039415,-0.893028,0.457070,-0.328631,-0.307288,-1.397277,-0.028367,-0.241746,-0.889949,-0.170332,0.508826,-0.559891,1.263053,0.229414,0.017018,1
-0.028345,-0.088962,-0.023971,0.345461,-0.305477,0.009086,-0.030015,-0.051439,0.035997,0.438855,-0.431975,-0.006620,0.071499,-0.012445,-0.039420,-0.893052,0.456986,-0.328631,-0.308426,-1.397277,-0.028367,-0.242573,-0.890835,-0.169673,0.508635,-0.559843,1.264168,0.230241,0.016574,1
-0.028362,-0.088945,-0.023985,0.345410,-0.305477,0.009086,-0.029981,-0.051448,0.035944,0.438855,-0.431983,-0.006620,0.071540,-0.012407,-0.039405,-0.893052,0.456914,-0.328655,-0.309984,-1.397265,-0.028367,-0.243831,-0.891135,-0.168462,0.508371,-0.559747,1.265954,0.231212,0.016035,1
-0.028379,-0.088945,-0.024025,0.345384,-0.305477,0.009101,-0.029964,-0.051457,0.035971,0.438855,-0.431979,-0.006628,0.071553,-0.012415,-0.039400,-0.893088,0.456878,-0.328667,-0.311254,-1.397277,-0.028367,-0.244838,-0.891531,-0.167839,0.508191,-0.559699,1.267164,0.231751,0.015735,1
-0.028362,-0.088945,-0.023985,0.345350,-0.305477,0.009101,-0.029955,-0.051439,0.035984,0.438863,-0.431975,-0.006620,0.071566,-0.012430,-0.039420,-0.893148,0.456794,-0.328691,-0.312609,-1.397277,-0.028367,-0.245940,-0.892166,-0.167168,0.508047,-0.559735,1.268374,0.232254,0.015472,1
-0.028362,-0.088928,-0.023985,0.345316,-0.305465,0.009108,-0.029955,-0.051457,0.035971,0.438897,-0.431975,-0.006620,0.071566,-0.012460,-0.039449,-0.893244,0.456602,-0.328763,-0.315065,-1.397265,-0.028367,-0.247163,-0.892729,-0.166521,0.507927,-0.559783,1.270136,0.232674,0.015220,1
-0.028362,-0.088928,-0.023971,0.345291,-0.305477,0.009086,-0.029964,-0.051448,0.035971,0.438897,-0.431979,-0.006628,0.071606,-0.012498,-0.039494,-0.893388,0.456399,-0.328859,-0.316875,-1.397277,-0.028343,-0.248493,-0.893076,-0.165862,0.507820,-0.559819,1.271227,0.232961,0.014992,1
-0.028362,-0.088928,-0.023985,0.345248,-0.305481,0.009093,-0.029964,-0.051448,0.035957,0.438880,-0.431979,-0.006613,0.071566,-0.012506,-0.039529,-0.893484,0.456207,-0.328895,-0.318517,-1.397277,-0.028259,-0.249835,-0.893376,-0.165274,0.507724,-0.559831,1.272138,0.233261,0.014789,1
-0.028353,-0.088928,-0.023998,0.345214,-0.305481,0.009079,-0.029955,-0.051439,0.035984,0.438863,-0.431979,-0.006628,0.071540,-0.012491,-0.039539,-0.893544,0.456075,-0.328907,-0.319907,-1.397277,-0.028199,-0.251825,-0.893688,-0.164747,0.507664,-0.559879,1.272916,0.233417,0.014537,1
-0.028345,-0.088903,-0.023998,0.345171,-0.305494,0.009071,-0.029896,-0.051439,0.035971,0.438863,-0.431979,-0.006613,0.071566,-0.012498,-0.039534,-0.893544,0.455955,-0.328907,-0.321225,-1.397289,-0.028163,-0.253095,-0.894371,-0.164340,0.507628,-0.559927,1.273528,0.233453,0.014405,1
-0.028336,-0.088903,-0.023985,0.345146,-0.305511,0.009057,-0.029810,-0.051457,0.035971,0.438863,-0.431979,-0.006628,0.071566,-0.012498,-0.039553,-0.893568,0.455788,-0.328919,-0.323286,-1.397289,-0.028115,-0.254964,-0.894814,-0.163369,0.507568,-0.560119,1.274343,0.233369,0.014261,1
-0.028336,-0.088886,-0.023985,0.345095,-0.305511,0.009057,-0.029776,-0.051457,0.035984,0.438863,-0.431987,-0.006613,0.071553,-0.012514,-0.039563,-0.893604,0.455608,-0.328955,-0.324856,-1.397301,-0.028079,-0.256223,-0.895018,-0.162818,0.507568,-0.560287,1.274774,0.233261,0.014153,1
-0.028336,-0.088869,-0.023971,0.345043,-0.305506,0.009050,-0.029768,-0.051457,0.035984,0.438863,-0.431979,-0.006628,0.071566,-0.012536,-0.039578,-0.893652,0.455392,-0.329003,-0.326426,-1.397277,-0.028055,-0.257325,-0.895234,-0.162242,0.507592,-0.560418,1.275146,0.233153,0.014081,1
-0.028345,-0.088860,-0.023945,0.345018,-0.305506,0.009064,-0.029751,-0.051439,0.035971,0.438846,-0.431987,-0.006613,0.071553,-0.012552,-0.039608,-0.893688,0.455224,-0.329051,-0.328643,-1.397301,-0.028019,-0.258500,-0.895497,-0.161607,0.507580,-0.560646,1.275481,0.233045,0.014034,1
-0.028328,-0.088860,-0.023971,0.344967,-0.305506,0.009064,-0.029725,-0.051457,0.035971,0.438846,-0.431983,-0.006620,0.071580,-0.012574,-0.039613,-0.893700,0.455080,-0.329051,-0.329938,-1.397277,-0.027983,-0.259614,-0.895809,-0.160936,0.507592,-0.560790,1.275900,0.232937,0.013998,1
-0.028345,-0.088843,-0.023945,0.344950,-0.305511,0.009057,-0.029717,-0.051448,0.035971,0.438829,-0.431995,-0.006627,0.071553,-0.012582,-0.039628,-0.893688,0.454937,-0.329063,-0.331112,-1.397277,-0.027911,-0.260801,-0.896061,-0.160265,0.507604,-0.560994,1.276152,0.232806,0.013974,1
-0.028353,-0.088826,-0.023945,0.344933,-0.305506,0.009064,-0.029700,-0.051448,0.035971,0.438855,-0.431987,-0.006642,0.071540,-0.012597,-0.039628,-0.893688,0.454829,-0.329039,-0.332203,-1.397277,-0.027887,-0.261903,-0.896324,-0.159522,0.507580,-0.561149,1.276416,0.232734,0.013938,1
-0.028345,-0.088835,-0.023931,0.344899,-0.305511,0.009057,-0.029683,-0.051457,0.035971,0.438863,-0.431991,-0.006635,0.071486,-0.012582,-0.039628,-0.893640,0.454733,-0.329015,-0.333281,-1.397289,-0.027887,-0.263413,-0.896576,-0.158707,0.507592,-0.561269,1.276716,0.232674,0.013866,1
-0.028345,-0.088835,-0.023918,0.344873,-0.305511,0.009057,-0.029674,-0.051448,0.035971,0.438846,-0.431987,-0.006642,0.071446,-0.012590,-0.039623,-0.893592,0.454589,-0.328991,-0.334444,-1.397301,-0.027887,-0.264492,-0.897103,-0.157760,0.507568,-0.561389,1.277051,0.232614,0.013830,1
-0.028345,-0.088826,-0.023918,0.344822,-0.305502,0.009057,-0.029665,-0.051439,0.035971,0.438855,-0.431987,-0.006642,0.071473,-0.012582,-0.039618,-0.893556,0.454409,-0.328967,-0.335510,-1.397277,-0.027887,-0.265499,-0.897606,-0.156406,0.507568,-0.561533,1.277459,0.232602,0.013770,1
-0.028345,-0.088826,-0.023931,0.344813,-0.305511,0.009057,-0.029674,-0.051439,0.035971,0.438872,-0.431987,-0.006642,0.071446,-0.012582,-0.039628,-0.893544,0.454301,-0.328955,-0.336577,-1.397265,-0.027875,-0.266529,-0.898146,-0.155483,0.507544,-0.561677,1.277962,0.232542,0.013698,1
-0.028345,-0.088843,-0.023931,0.344737,-0.305511,0.009057,-0.029665,-0.051448,0.035984,0.438855,-0.431987,-0.006642,0.071432,-0.012574,-0.039623,-0.893532,0.454182,-0.328943,-0.338075,-1.397277,-0.027887,-0.268123,-0.899200,-0.154153,0.507568,-0.561904,1.278957,0.232494,0.013626,1
-0.028353,-0.088835,-0.023931,0.344720,-0.305506,0.009064,-0.029674,-0.051448,0.035997,0.438872,-0.431995,-0.006642,0.071406,-0.012582,-0.039618,-0.893544,0.454074,-0.328895,-0.338446,-1.397277,-0.027899,-0.269106,-0.899836,-0.153362,0.507544,-0.562000,1.280239,0.232482,0.013554,1
-0.028362,-0.088826,-0.023945,0.344694,-0.305502,0.009042,-0.029691,-0.051457,0.035971,0.438855,-0.431999,-0.006649,0.071406,-0.012567,-0.039618,-0.893520,0.453978,-0.328847,-0.338470,-1.397277,-0.027887,-0.269993,-0.900435,-0.152727,0.507556,-0.562048,1.281329,0.232482,0.013470,1
-0.028362,-0.088835,-0.023918,0.344660,-0.305511,0.009057,-0.029700,-0.051465,0.035957,0.438855,-0.431999,-0.006649,0.071392,-0.012559,-0.039603,-0.893508,0.453882,-0.328799,-0.338231,-1.397277,-0.027899,-0.270688,-0.900842,-0.152320,0.507568,-0.562072,1.282504,0.232470,0.013410,1
-0.028362,-0.088835,-0.023931,0.344626,-0.305515,0.009050,-0.029734,-0.051448,0.035957,0.438846,-0.431991,-0.006649,0.071446,-0.012559,-0.039613,-0.893484,0.453786,-0.328727,-0.338015,-1.397277,-0.027911,-0.271371,-0.900986,-0.152056,0.507568,-0.562036,1.283834,0.232470,0.013326,1
-0.028353,-0.088843,-0.023905,0.344600,-0.305502,0.009057,-0.029734,-0.051457,0.035957,0.438855,-0.431995,-0.006627,0.071392,-0.012529,-0.039613,-0.893472,0.453678,-0.328703,-0.338578,-1.397301,-0.027935,-0.272114,-0.900830,-0.151912,0.507604,-0.562012,1.285284,0.232470,0.013267,1
-0.028345,-0.088835,-0.023905,0.344592,-0.305506,0.009064,-0.029751,-0.051448,0.035971,0.438855,-0.432003,-0.006642,0.071419,-0.012529,-0.039613,-0.893448,0.453499,-0.328715,-0.340040,-1.397253,-0.028007,-0.273192,-0.900639,-0.151960,0.507616,-0.562012,1.286722,0.232446,0.013255,1
-0.028336,-0.088835,-0.023891,0.344558,-0.305506,0.009050,-0.029768,-0.051457,0.035971,0.438846,-0.432003,-0.006642,0.071419,-0.012536,-0.039608,-0.893436,0.453295,-0.328883,-0.341407,-1.397277,-0.028103,-0.274283,-0.900411,-0.152128,0.507640,-0.561988,1.288280,0.232470,0.013231,1
-0.028336,-0.088826,-0.023971,0.344507,-0.305511,0.009057,-0.029768,-0.051439,0.035957,0.438846,-0.431999,-0.006635,0.071446,-0.012529,-0.039603,-0.893448,0.453067,-0.328979,-0.343324,-1.397277,-0.028115,-0.274966,-0.900243,-0.152355,0.507616,-0.561964,1.289766,0.232470,0.013243,1
-0.028336,-0.088826,-0.023958,0.344489,-0.305502,0.009042,-0.029742,-0.051439,0.035984,0.438846,-0.431991,-0.006649,0.071486,-0.012483,-0.039593,-0.893460,0.452756,-0.328931,-0.345050,-1.397313,-0.028079,-0.275493,-0.900159,-0.152727,0.507604,-0.561988,1.292103,0.232470,0.013267,1
-0.028336,-0.088809,-0.023945,0.344489,-0.305502,0.009042,-0.029734,-0.051457,0.035971,0.438838,-0.431995,-0.006657,0.071499,-0.012491,-0.039578,-0.893460,0.452624,-0.328859,-0.346104,-1.397337,-0.028067,-0.275589,-0.900171,-0.152907,0.507592,-0.561988,1.292882,0.232470,0.013267,1
-0.028345,-0.088783,-0.023985,0.344481,-0.305502,0.009042,-0.029742,-0.051439,0.035957,0.438855,-0.431995,-0.006657,0.071486,-0.012483,-0.039553,-0.893472,0.452504,-0.328811,-0.346979,-1.397289,-0.028067,-0.275697,-0.900195,-0.152739,0.507628,-0.562000,1.293326,0.232470,0.013267,1
-0.028336,-0.088766,-0.023985,0.344472,-0.305506,0.009064,-0.029751,-0.051448,0.035971,0.438872,-0.431999,-0.006649,0.071473,-0.012468,-0.039553,-0.893484,0.452384,-0.328835,-0.347638,-1.397301,-0.028055,-0.275721,-0.900195,-0.152320,0.507652,-0.561964,1.293505,0.232434,0.013267,1
-0.028353,-0.088741,-0.023985,0.344481,-0.305506,0.009050,-0.029768,-0.051457,0.035957,0.438855,-0.431999,-0.006635,0.071499,-0.012468,-0.039553,-0.893484,0.452252,-0.328895,-0.348046,-1.397313,-0.028055,-0.275493,-0.900195,-0.151756,0.507652,-0.561988,1.293398,0.232410,0.013267,1
-0.028353,-0.088707,-0.023945,0.344464,-0.305506,0.009050,-0.029768,-0.051431,0.035957,0.438855,-0.431999,-0.006635,0.071473,-0.012460,-0.039548,-0.893460,0.452108,-0.328955,-0.348238,-1.397289,-0.027995,-0.275242,-0.900195,-0.151229,0.507676,-0.561976,1.293062,0.232422,0.013243,1
-0.028353,-0.088664,-0.023945,0.344464,-0.305506,0.009064,-0.029768,-0.051457,0.035984,0.438846,-0.431995,-0.006642,0.071459,-0.012460,-0.039558,-0.893472,0.451869,-0.328979,-0.348489,-1.397325,-0.027995,-0.275038,-0.900207,-0.150654,0.507712,-0.561988,1.292547,0.232446,0.013267,1
-0.028353,-0.088630,-0.023971,0.344447,-0.305515,0.009064,-0.029768,-0.051457,0.035984,0.438855,-0.431999,-0.006649,0.071473,-0.012437,-0.039563,-0.893460,0.451701,-0.328979,-0.349112,-1.397313,-0.028007,-0.274954,-0.900219,-0.150366,0.507844,-0.562012,1.292031,0.232518,0.013267,1
-0.028336,-0.088621,-0.023945,0.344455,-0.305498,0.009050,-0.029768,-0.051457,0.035957,0.438855,-0.431987,-0.006642,0.071486,-0.012437,-0.039553,-0.893484,0.451509,-0.329051,-0.350862,-1.397289,-0.027995,-0.274966,-0.900231,-0.150150,0.507903,-0.561988,1.291636,0.232590,0.013302,1
-0.028328,-0.088579,-0.023958,0.344438,-0.305506,0.009064,-0.029768,-0.051448,0.035984,0.438863,-0.431987,-0.006642,0.071473,-0.012445,-0.039548,-0.893520,0.451293,-0.329111,-0.352109,-1.397325,-0.027995,-0.274954,-0.900219,-0.149959,0.507987,-0.561988,1.291132,0.232566,0.013302,1
-0.028336,-0.088545,-0.023985,0.344455,-0.305506,0.009064,-0.029751,-0.051457,0.035957,0.438855,-0.431991,-0.006649,0.071473,-0.012437,-0.039543,-0.893532,0.451078,-0.329135,-0.353367,-1.397289,-0.027971,-0.274894,-0.900243,-0.149767,0.508083,-0.561988,1.290953,0.232578,0.013291,1
-0.028336,-0.088528,-0.023945,0.344447,-0.305511,0.009057,-0.029717,-0.051448,0.035984,0.438855,-0.431987,-0.006642,0.071459,-0.012384,-0.039518,-0.893592,0.450814,-0.329123,-0.355308,-1.397301,-0.027923,-0.274654,-0.900219,-0.149311,0.508299,-0.561976,1.290905,0.232590,0.013195,1
-0.028345,-0.088494,-0.023945,0.344447,-0.305511,0.009057,-0.029725,-0.051439,0.035984,0.438838,-0.431995,-0.006642,0.071473,-0.012377,-0.039493,-0.893568,0.450646,-0.329135,-0.356471,-1.397325,-0.027911,-0.274487,-0.900219,-0.148976,0.508467,-0.561976,1.290977,0.232578,0.013183,1
-0.028370,-0.088468,-0.023971,0.344464,-0.305502,0.009057,-0.029725,-0.051448,0.035957,0.438855,-0.431991,-0.006635,0.071473,-0.012369,-0.039508,-0.893556,0.450395,-0.329159,-0.357573,-1.397325,-0.027887,-0.274295,-0.900243,-0.148520,0.508623,-0.562000,1.291121,0.232566,0.013159,1
-0.028379,-0.088425,-0.023945,0.344447,-0.305511,0.009057,-0.029734,-0.051457,0.035984,0.438863,-0.431991,-0.006635,0.071473,-0.012377,-0.039503,-0.893568,0.450227,-0.329207,-0.358556,-1.397325,-0.027875,-0.274067,-0.900231,-0.148221,0.508742,-0.562012,1.291240,0.232578,0.013183,1
-0.028387,-0.088408,-0.023958,0.344447,-0.305511,0.009057,-0.029759,-0.051457,0.035944,0.438880,-0.431983,-0.006620,0.071446,-0.012384,-0.039498,-0.893568,0.449999,-0.329267,-0.359443,-1.397325,-0.027863,-0.273828,-0.900231,-0.147981,0.508898,-0.561988,1.291360,0.232578,0.013207,1
-0.028387,-0.088391,-0.024025,0.344455,-0.305498,0.009064,-0.029759,-0.051465,0.035971,0.438880,-0.431995,-0.006627,0.071406,-0.012377,-0.039503,-0.893568,0.449783,-0.329279,-0.360485,-1.397325,-0.027863,-0.273588,-0.900231,-0.147730,0.509042,-0.561976,1.291432,0.232590,0.013207,1
-0.028362,-0.088374,-0.023971,0.344447,-0.305511,0.009057,-0.029768,-0.051457,0.035971,0.438863,-0.431987,-0.006642,0.071446,-0.012369,-0.039498,-0.893544,0.449580,-0.329291,-0.361169,-1.397361,-0.027875,-0.273408,-0.900231,-0.147430,0.509198,-0.561976,1.291444,0.232614,0.013183,1
-0.028362,-0.088357,-0.023985,0.344430,-0.305498,0.009064,-0.029768,-0.051448,0.035971,0.438855,-0.431991,-0.006635,0.071446,-0.012377,-0.039493,-0.893532,0.449388,-0.329291,-0.361864,-1.397325,-0.027851,-0.273228,-0.900243,-0.147106,0.509365,-0.561964,1.291420,0.232650,0.013219,1
-0.028353,-0.088340,-0.023985,0.344447,-0.305502,0.009086,-0.029768,-0.051457,0.035971,0.438846,-0.431991,-0.006635,0.071392,-0.012339,-0.039488,-0.893532,0.449076,-0.329327,-0.363074,-1.397325,-0.027803,-0.272773,-0.900231,-0.146651,0.509605,-0.562000,1.291324,0.232722,0.013231,1
-0.028345,-0.088315,-0.023971,0.344438,-0.305498,0.009064,-0.029768,-0.051457,0.035997,0.438855,-0.431991,-0.006649,0.071406,-0.012323,-0.039459,-0.893496,0.448861,-0.329327,-0.364033,-1.397325,-0.027767,-0.272533,-0.900231,-0.146411,0.509797,-0.562000,1.291312,0.232734,0.013231,1
-0.028336,-0.088315,-0.023998,0.344430,-0.305506,0.009079,-0.029768,-0.051457,0.035957,0.438863,-0.431995,-0.006627,0.071406,-0.012308,-0.039458,-0.893496,0.448561,-0.329338,-0.364992,-1.397313,-0.027743,-0.272282,-0.900219,-0.146196,0.509953,-0.562012,1.291312,0.232734,0.013219,1
-0.028353,-0.088289,-0.023985,0.344430,-0.305502,0.009071,-0.029793,-0.051448,0.035971,0.438855,-0.431983,-0.006635,0.071392,-0.012301,-0.039453,-0.893472,0.448369,-0.329350,-0.365878,-1.397325,-0.027684,-0.272078,-0.900219,-0.145944,0.510109,-0.562000,1.291312,0.232734,0.013243,1
-0.028336,-0.088272,-0.023985,0.344430,-0.305498,0.009064,-0.029802,-0.051431,0.035997,0.438863,-0.431991,-0.006620,0.071392,-0.012301,-0.039453,-0.893436,0.448118,-0.329398,-0.366550,-1.397325,-0.027648,-0.271850,-0.900219,-0.145752,0.510324,-0.561988,1.291312,0.232722,0.013243,1
-0.028345,-0.088247,-0.024012,0.344438,-0.305498,0.009079,-0.029827,-0.051457,0.035984,0.438863,-0.431991,-0.006620,0.071392,-0.012308,-0.039449,-0.893424,0.447902,-0.329410,-0.367305,-1.397337,-0.027576,-0.271575,-0.900231,-0.145512,0.510516,-0.561988,1.291312,0.232746,0.013267,1
-0.028336,-0.088221,-0.024025,0.344430,-0.305498,0.009050,-0.029870,-0.051431,0.035984,0.438855,-0.431995,-0.006598,0.071392,-0.012301,-0.039453,-0.893424,0.447650,-0.329410,-0.367736,-1.397337,-0.027468,-0.271299,-0.900219,-0.145261,0.510684,-0.561988,1.291324,0.232734,0.013302,1
-0.028345,-0.088212,-0.023998,0.344413,-0.305498,0.009050,-0.029887,-0.051448,0.035971,0.438863,-0.431991,-0.006620,0.071392,-0.012293,-0.039439,-0.893424,0.447399,-0.329398,-0.368203,-1.397337,-0.027360,-0.271083,-0.900231,-0.145033,0.510852,-0.562000,1.291312,0.232746,0.013362,1
-0.028345,-0.088178,-0.024012,0.344404,-0.305490,0.009064,-0.029913,-0.051448,0.035984,0.438863,-0.431979,-0.006628,0.071392,-0.012278,-0.039439,-0.893424,0.447171,-0.329422,-0.368647,-1.397337,-0.027288,-0.270927,-0.900219,-0.144841,0.510983,-0.562012,1.291312,0.232746,0.013410,1
-0.028336,-0.088161,-0.024025,0.344396,-0.305502,0.009042,-0.029964,-0.051457,0.035984,0.438863,-0.431979,-0.006613,0.071392,-0.012240,-0.039414,-0.893424,0.446763,-0.329398,-0.369294,-1.397325,-0.027132,-0.270820,-0.900219,-0.144674,0.511163,-0.561976,1.291312,0.232746,0.013506,1
-0.028345,-0.088127,-0.024025,0.344396,-0.305494,0.009057,-0.029972,-0.051457,0.035971,0.438855,-0.431987,-0.006613,0.071392,-0.012240,-0.039414,-0.893412,0.446380,-0.329410,-0.369629,-1.397337,-0.026988,-0.270796,-0.900231,-0.144518,0.511271,-0.562000,1.291312,0.232734,0.013566,1
-0.028345,-0.088110,-0.024012,0.344379,-0.305494,0.009057,-0.029981,-0.051457,0.035971,0.438838,-0.431987,-0.006613,0.071392,-0.012247,-0.039419,-0.893424,0.446140,-0.329422,-0.369881,-1.397337,-0.026809,-0.270796,-0.900231,-0.144398,0.511367,-0.561964,1.291312,0.232746,0.013614,1
-0.028353,-0.088076,-0.024012,0.344387,-0.305490,0.009064,-0.029972,-0.051448,0.035984,0.438855,-0.431983,-0.006606,0.071392,-0.012232,-0.039409,-0.893424,0.445853,-0.329458,-0.370145,-1.397325,-0.026617,-0.270843,-0.900219,-0.144302,0.511571,-0.562000,1.291288,0.232746,0.013662,1
-0.028353,-0.088042,-0.024025,0.344387,-0.305494,0.009057,-0.029981,-0.051465,0.035944,0.438855,-0.431987,-0.006613,0.071379,-0.012240,-0.039394,-0.893424,0.445601,-0.329458,-0.370456,-1.397337,-0.026389,-0.270843,-0.900219,-0.144218,0.511666,-0.562012,1.291300,0.232734,0.013722,1
-0.028345,-0.088042,-0.024012,0.344370,-0.305498,0.009064,-0.029981,-0.051457,0.035971,0.438863,-0.431987,-0.006613,0.071392,-0.012232,-0.039399,-0.893424,0.445313,-0.329458,-0.370672,-1.397325,-0.026150,-0.270867,-0.900243,-0.144146,0.511750,-0.562012,1.291324,0.232734,0.013746,1
-0.028345,-0.088016,-0.024052,0.344370,-0.305502,0.009057,-0.029989,-0.051457,0.035984,0.438863,-0.431987,-0.006613,0.071419,-0.012209,-0.039384,-0.893412,0.445002,-0.329446,-0.370900,-1.397337,-0.025730,-0.270855,-0.900231,-0.144122,0.511858,-0.562000,1.291312,0.232734,0.013782,1
-0.028345,-0.087991,-0.024052,0.344379,-0.305498,0.009050,-0.029998,-0.051448,0.035984,0.438846,-0.431987,-0.006613,0.071379,-0.012194,-0.039384,-0.893424,0.444678,-0.329446,-0.371104,-1.397325,-0.025407,-0.270891,-0.900231,-0.144086,0.511966,-0.562036,1.291324,0.232746,0.013854,1
-0.028353,-0.087957,-0.024065,0.344379,-0.305502,0.009057,-0.030006,-0.051457,0.035984,0.438863,-0.431991,-0.006620,0.071392,-0.012186,-0.039379,-0.893424,0.444391,-0.329446,-0.371367,-1.397349,-0.025035,-0.270879,-0.900243,-0.144026,0.512074,-0.562000,1.291324,0.232722,0.013854,1
-0.028353,-0.087940,-0.024105,0.344387,-0.305502,0.009071,-0.030058,-0.051448,0.035971,0.438863,-0.431987,-0.006613,0.071406,-0.012171,-0.039369,-0.893448,0.443839,-0.329434,-0.371739,-1.397361,-0.024352,-0.270867,-0.900231,-0.143978,0.512146,-0.562000,1.291336,0.232710,0.013866,1
-0.028353,-0.087923,-0.024132,0.344370,-0.305486,0.009072,-0.030058,-0.051457,0.035957,0.438863,-0.431987,-0.006613,0.071419,-0.012171,-0.039389,-0.893448,0.443552,-0.329434,-0.372050,-1.397361,-0.023813,-0.270855,-0.900231,-0.143978,0.512218,-0.561988,1.291336,0.232698,0.013878,1
-0.028345,-0.087923,-0.024132,0.344362,-0.305494,0.009057,-0.030058,-0.051457,0.035984,0.438880,-0.431987,-0.006613,0.071406,-0.012186,-0.039369,-0.893424,0.443204,-0.329350,-0.372542,-1.397325,-0.023309,-0.270867,-0.900219,-0.143966,0.512254,-0.561988,1.291336,0.232734,0.013878,1
-0.028345,-0.087889,-0.024119,0.344379,-0.305494,0.009057,-0.030058,-0.051457,0.035984,0.438880,-0.431979,-0.006628,0.071406,-0.012186,-0.039369,-0.893424,0.442869,-0.329315,-0.372901,-1.397337,-0.022734,-0.270879,-0.900219,-0.143978,0.512254,-0.562012,1.291336,0.232698,0.013878,1
-0.028353,-0.087889,-0.024146,0.344387,-0.305494,0.009057,-0.030049,-0.051457,0.035971,0.438880,-0.431987,-0.006613,0.071392,-0.012186,-0.039369,-0.893424,0.442485,-0.329267,-0.373225,-1.397325,-0.022159,-0.270879,-0.900231,-0.143978,0.512254,-0.562000,1.291348,0.232698,0.013890,1
-0.028345,-0.087863,-0.024146,0.344379,-0.305494,0.009057,-0.030049,-0.051448,0.035984,0.438863,-0.431987,-0.006613,0.071392,-0.012194,-0.039374,-0.893424,0.442149,-0.329255,-0.373452,-1.397325,-0.021200,-0.270867,-0.900231,-0.143955,0.512254,-0.562000,1.291360,0.232698,0.013938,1
-0.028353,-0.087854,-0.024172,0.344387,-0.305490,0.009064,-0.030066,-0.051465,0.035971,0.438863,-0.431987,-0.006613,0.071406,-0.012179,-0.039364,-0.893448,0.441802,-0.329219,-0.373584,-1.397337,-0.020529,-0.270867,-0.900243,-0.143990,0.512278,-0.562012,1.291372,0.232710,0.014165,1
-0.028345,-0.087846,-0.024199,0.344370,-0.305494,0.009071,-0.030075,-0.051457,0.035971,0.438872,-0.431983,-0.006606,0.071392,-0.012164,-0.039384,-0.893424,0.441514,-0.329219,-0.373608,-1.397337,-0.019834,-0.270843,-0.900243,-0.144002,0.512278,-0.562012,1.291348,0.232686,0.014405,1
-0.028345,-0.087820,-0.024199,0.344370,-0.305494,0.009071,-0.030066,-0.051457,0.035984,0.438855,-0.431983,-0.006606,0.071432,-0.012171,-0.039389,-0.893424,0.441275,-0.329219,-0.373524,-1.397325,-0.019103,-0.270867,-0.900219,-0.144038,0.512278,-0.562000,1.291360,0.232710,0.014621,1
-0.028336,-0.087795,-0.024172,0.344379,-0.305498,0.009079,-0.030066,-0.051465,0.035997,0.438838,-0.431991,-0.006620,0.071446,-0.012164,-0.039374,-0.893436,0.440795,-0.329207,-0.373369,-1.397325,-0.018396,-0.270879,-0.900219,-0.144074,0.512278,-0.561988,1.291372,0.232698,0.014836,1
-0.028345,-0.087803,-0.024239,0.344379,-0.305494,0.009071,-0.030075,-0.051457,0.035984,0.438855,-0.431987,-0.006613,0.071419,-0.012171,-0.039359,-0.893412,0.440244,-0.329195,-0.373141,-1.397325,-0.017341,-0.270867,-0.900231,-0.144134,0.512278,-0.561976,1.291360,0.232674,0.015040,1
-0.028336,-0.087795,-0.024253,0.344362,-0.305486,0.009086,-0.030083,-0.051457,0.035971,0.438846,-0.431983,-0.006606,0.071392,-0.012164,-0.039364,-0.893400,0.439920,-0.329195,-0.373009,-1.397337,-0.016610,-0.270867,-0.900243,-0.144134,0.512254,-0.561964,1.291384,0.232674,0.015172,1
-0.028336,-0.087778,-0.024280,0.344370,-0.305486,0.009086,-0.030075,-0.051465,0.035957,0.438863,-0.431983,-0.006620,0.071459,-0.012194,-0.039374,-0.893424,0.439597,-0.329207,-0.372985,-1.397349,-0.015831,-0.270879,-0.900231,-0.144158,0.512254,-0.561976,1.291384,0.232638,0.015304,1
-0.028345,-0.087769,-0.024280,0.344379,-0.305490,0.009079,-0.030075,-0.051457,0.035971,0.438863,-0.431979,-0.006613,0.071446,-0.012194,-0.039374,-0.893448,0.439285,-0.329207,-0.373045,-1.397325,-0.014657,-0.270843,-0.900243,-0.144194,0.512254,-0.562000,1.291360,0.232662,0.015448,1
-0.028328,-0.087752,-0.024306,0.344387,-0.305494,0.009071,-0.030066,-0.051465,0.035971,0.438863,-0.431975,-0.006620,0.071432,-0.012179,-0.039374,-0.893436,0.438962,-0.329207,-0.373189,-1.397337,-0.013830,-0.270867,-0.900243,-0.144242,0.512230,-0.562012,1.291372,0.232626,0.015615,1
-0.028336,-0.087744,-0.024293,0.344387,-0.305494,0.009057,-0.030066,-0.051457,0.035984,0.438863,-0.431983,-0.006606,0.071432,-0.012179,-0.039374,-0.893436,0.438650,-0.329207,-0.373273,-1.397325,-0.013087,-0.270867,-0.900219,-0.144278,0.512194,-0.562012,1.291348,0.232614,0.015867,1
-0.028345,-0.087744,-0.024306,0.344387,-0.305498,0.009064,-0.030083,-0.051465,0.035971,0.438880,-0.431979,-0.006599,0.071432,-0.012194,-0.039374,-0.893436,0.438362,-0.329195,-0.373321,-1.397325,-0.012332,-0.270879,-0.900219,-0.144350,0.512170,-0.561988,1.291348,0.232602,0.016047,1
-0.028345,-0.087735,-0.024306,0.344370,-0.305494,0.009057,-0.030083,-0.051448,0.035971,0.438880,-0.431983,-0.006606,0.071459,-0.012179,-0.039374,-0.893448,0.437943,-0.329207,-0.373321,-1.397325,-0.011673,-0.270867,-0.900219,-0.144362,0.512146,-0.561976,1.291372,0.232590,0.016239,1
-0.028353,-0.087718,-0.024293,0.344370,-0.305490,0.009064,-0.030066,-0.051457,0.035971,0.438880,-0.431983,-0.006606,0.071432,-0.012202,-0.039369,-0.893436,0.437655,-0.329267,-0.373309,-1.397325,-0.011025,-0.270867,-0.900231,-0.144386,0.512134,-0.561952,1.291372,0.232578,0.016406,1
-0.028345,-0.087718,-0.024306,0.344370,-0.305502,0.009086,-0.030083,-0.051457,0.035984,0.438880,-0.431987,-0.006613,0.071432,-0.012194,-0.039384,-0.893436,0.437368,-0.329315,-0.373249,-1.397325,-0.010414,-0.270867,-0.900243,-0.144422,0.512110,-0.561964,1.291360,0.232590,0.016634,1
-0.028345,-0.087718,-0.024306,0.344370,-0.305494,0.009071,-0.030075,-0.051448,0.035971,0.438863,-0.431979,-0.006628,0.071446,-0.012202,-0.039389,-0.893424,0.436936,-0.329458,-0.373225,-1.397337,-0.009599,-0.270820,-0.900219,-0.144506,0.512074,-0.562000,1.291384,0.232566,0.016994,1
-0.028362,-0.087710,-0.024333,0.344362,-0.305486,0.009072,-0.030083,-0.051457,0.035984,0.438880,-0.431979,-0.006599,0.071419,-0.012194,-0.039384,-0.893424,0.436685,-0.329578,-0.373213,-1.397325,-0.008856,-0.270855,-0.900231,-0.144530,0.512050,-0.561988,1.291360,0.232554,0.017281,1
-0.028353,-0.087693,-0.024320,0.344345,-0.305490,0.009079,-0.030066,-0.051448,0.035971,0.438880,-0.431983,-0.006620,0.071432,-0.012194,-0.039384,-0.893412,0.436445,-0.329710,-0.373201,-1.397325,-0.008365,-0.270867,-0.900219,-0.144554,0.512050,-0.562012,1.291348,0.232590,0.017797,1
-0.028345,-0.087693,-0.024306,0.344370,-0.305490,0.009064,-0.030075,-0.051457,0.035957,0.438889,-0.431975,-0.006620,0.071432,-0.012202,-0.039389,-0.893412,0.436217,-0.329854,-0.373225,-1.397313,-0.007874,-0.270855,-0.900231,-0.144578,0.512026,-0.561964,1.291360,0.232554,0.018252,1
-0.028362,-0.087684,-0.024280,0.344362,-0.305494,0.009057,-0.030075,-0.051465,0.035971,0.438897,-0.431975,-0.006606,0.071432,-0.012194,-0.039384,-0.893412,0.435942,-0.329998,-0.373237,-1.397325,-0.007382,-0.270855,-0.900243,-0.144602,0.512002,-0.561952,1.291348,0.232566,0.018815,1
-0.028345,-0.087693,-0.024293,0.344370,-0.305502,0.009086,-0.030075,-0.051457,0.035984,0.438923,-0.431979,-0.006613,0.071419,-0.012209,-0.039384,-0.893424,0.435630,-0.330165,-0.373225,-1.397313,-0.006903,-0.270855,-0.900231,-0.144626,0.511990,-0.561952,1.291360,0.232542,0.019486,1
-0.028345,-0.087676,-0.024306,0.344362,-0.305494,0.009071,-0.030075,-0.051448,0.035984,0.438949,-0.431979,-0.006613,0.071419,-0.012202,-0.039379,-0.893424,0.435139,-0.330285,-0.373225,-1.397325,-0.006376,-0.270831,-0.900243,-0.144650,0.511990,-0.561976,1.291348,0.232554,0.020289,1
-0.028345,-0.087676,-0.024360,0.344370,-0.305490,0.009064,-0.030049,-0.051448,0.035971,0.438974,-0.431983,-0.006606,0.071379,-0.012209,-0.039374,-0.893412,0.434767,-0.330393,-0.373237,-1.397325,-0.005824,-0.270843,-0.900231,-0.144662,0.511978,-0.561976,1.291348,0.232554,0.021104,1
-0.028345,-0.087676,-0.024320,0.344370,-0.305498,0.009064,-0.030058,-0.051457,0.035971,0.439000,-0.431983,-0.006606,0.071392,-0.012209,-0.039374,-0.893400,0.434444,-0.330441,-0.373225,-1.397337,-0.005153,-0.270820,-0.900219,-0.144674,0.511966,-0.561976,1.291348,0.232566,0.021943,1
-0.028336,-0.087676,-0.024333,0.344370,-0.305494,0.009071,-0.030066,-0.051465,0.035971,0.439000,-0.431975,-0.006591,0.071352,-0.012202,-0.039379,-0.893412,0.434000,-0.330465,-0.373201,-1.397325,-0.004015,-0.270820,-0.900243,-0.144710,0.511966,-0.561988,1.291336,0.232566,0.023130,1
-0.028345,-0.087676,-0.024346,0.344370,-0.305494,0.009071,-0.030049,-0.051457,0.035971,0.439000,-0.431979,-0.006599,0.071352,-0.012209,-0.039364,-0.893424,0.433820,-0.330453,-0.373213,-1.397325,-0.003583,-0.270820,-0.900231,-0.144722,0.511966,-0.561964,1.291336,0.232554,0.023513,1
-0.028353,-0.087676,-0.024333,0.344370,-0.305498,0.009079,-0.030049,-0.051457,0.035984,0.439025,-0.431975,-0.006606,0.071379,-0.012209,-0.039374,-0.893436,0.433293,-0.330405,-0.373225,-1.397325,-0.001690,-0.270808,-0.900231,-0.144745,0.511930,-0.561796,1.291348,0.232554,0.024795,1
-0.028345,-0.087676,-0.024346,0.344387,-0.305486,0.009072,-0.030032,-0.051457,0.035971,0.439017,-0.431979,-0.006628,0.071379,-0.012202,-0.039379,-0.893436,0.432910,-0.330309,-0.373261,-1.397325,-0.000743,-0.270784,-0.900231,-0.144769,0.511894,-0.561545,1.291324,0.232566,0.025275,1
-0.028345,-0.087658,-0.024333,0.344370,-0.305486,0.009072,-0.030023,-0.051457,0.035944,0.439034,-0.431979,-0.006599,0.071392,-0.012202,-0.039379,-0.893424,0.432215,-0.330213,-0.373285,-1.397337,0.000216,-0.270796,-0.900231,-0.144817,0.511882,-0.561269,1.291312,0.232566,0.025586,1
-0.028362,-0.087658,-0.024293,0.344379,-0.305490,0.009079,-0.030032,-0.051465,0.035944,0.439059,-0.431971,-0.006613,0.071392,-0.012194,-0.039384,-0.893412,0.431735,-0.330094,-0.373297,-1.397337,0.001115,-0.270784,-0.900243,-0.144877,0.511870,-0.561089,1.291312,0.232578,0.025754,1
-0.028362,-0.087676,-0.024333,0.344387,-0.305490,0.009064,-0.030023,-0.051457,0.035971,0.439042,-0.431975,-0.006620,0.071392,-0.012217,-0.039379,-0.893400,0.431316,-0.329986,-0.373309,-1.397337,0.002025,-0.270724,-0.900231,-0.144901,0.511870,-0.561029,1.291312,0.232554,0.025766,1
-0.028345,-0.087676,-0.024346,0.344396,-0.305490,0.009064,-0.030032,-0.051457,0.035971,0.439042,-0.431983,-0.006606,0.071392,-0.012209,-0.039384,-0.893400,0.430968,-0.329986,-0.373285,-1.397325,0.002972,-0.270688,-0.900219,-0.144973,0.511846,-0.560898,1.291312,0.232554,0.025634,1
-0.028353,-0.087676,-0.024320,0.344396,-0.305486,0.009072,-0.030015,-0.051457,0.035944,0.439042,-0.431975,-0.006620,0.071432,-0.012217,-0.039379,-0.893400,0.430609,-0.329986,-0.373273,-1.397337,0.003979,-0.270664,-0.900243,-0.145033,0.511846,-0.560754,1.291288,0.232578,0.025419,1
-0.028353,-0.087658,-0.024360,0.344404,-0.305490,0.009064,-0.030006,-0.051439,0.035971,0.439042,-0.431979,-0.006613,0.071459,-0.012202,-0.039369,-0.893412,0.430249,-0.329998,-0.373273,-1.397361,0.005525,-0.270628,-0.900231,-0.145081,0.511846,-0.560694,1.291300,0.232566,0.025155,1
-0.028345,-0.087667,-0.024360,0.344430,-0.305494,0.009057,-0.029998,-0.051457,0.035957,0.439025,-0.431991,-0.006591,0.071526,-0.012202,-0.039379,-0.893400,0.429638,-0.329974,-0.373237,-1.397325,0.007023,-0.270604,-0.900219,-0.145153,0.511870,-0.560646,1.291276,0.232578,0.024699,1
-0.028345,-0.087658,-0.024360,0.344413,-0.305490,0.009064,-0.029998,-0.051465,0.035957,0.439017,-0.431991,-0.006591,0.071566,-0.012194,-0.039384,-0.893400,0.429278,-0.329950,-0.373237,-1.397325,0.007886,-0.270532,-0.900219,-0.145189,0.511858,-0.560658,1.291288,0.232566,0.024376,1
-0.028345,-0.087667,-0.024360,0.344421,-0.305482,0.009050,-0.029989,-0.051457,0.035957,0.439008,-0.431987,-0.006584,0.071620,-0.012209,-0.039374,-0.893412,0.428907,-0.329914,-0.373249,-1.397325,0.008653,-0.270484,-0.900195,-0.145225,0.511870,-0.560646,1.291276,0.232566,0.024232,1
-0.028345,-0.087667,-0.024333,0.344421,-0.305469,0.009028,-0.029981,-0.051465,0.035957,0.439000,-0.431983,-0.006577,0.071660,-0.012209,-0.039384,-0.893400,0.428356,-0.329890,-0.373237,-1.397325,0.009276,-0.270412,-0.900195,-0.145297,0.511846,-0.560622,1.291276,0.232578,0.024184,1
-0.028345,-0.087676,-0.024373,0.344430,-0.305461,0.009043,-0.029981,-0.051465,0.035971,0.439000,-0.431987,-0.006584,0.071673,-0.012240,-0.039384,-0.893424,0.427972,-0.329950,-0.373237,-1.397325,0.009779,-0.270316,-0.900183,-0.145297,0.511834,-0.560646,1.291240,0.232566,0.024160,1
-0.028362,-0.087658,-0.024360,0.344430,-0.305461,0.009043,-0.029989,-0.051457,0.035971,0.439017,-0.431983,-0.006606,0.071673,-0.012217,-0.039389,-0.893436,0.427565,-0.330058,-0.373225,-1.397325,0.010211,-0.270268,-0.900171,-0.145345,0.511834,-0.560646,1.291240,0.232578,0.024184,1
-0.028353,-0.087676,-0.024387,0.344430,-0.305465,0.009035,-0.029998,-0.051457,0.035984,0.439025,-0.431971,-0.006613,0.071700,-0.012225,-0.039394,-0.893436,0.427193,-0.330225,-0.373225,-1.397325,0.010570,-0.270172,-0.900171,-0.145345,0.511810,-0.560622,1.291240,0.232578,0.024220,1
-0.028362,-0.087676,-0.024413,0.344430,-0.305469,0.009028,-0.029998,-0.051457,0.035971,0.439017,-0.431979,-0.006613,0.071660,-0.012209,-0.039384,-0.893424,0.426894,-0.330417,-0.373225,-1.397337,0.010882,-0.270112,-0.900159,-0.145369,0.511810,-0.560598,1.291216,0.232566,0.024268,1
-0.028370,-0.087676,-0.024427,0.344447,-0.305465,0.009006,-0.029998,-0.051439,0.035957,0.439000,-0.431979,-0.006613,0.071647,-0.012209,-0.039394,-0.893424,0.426654,-0.330621,-0.373213,-1.397325,0.011277,-0.270077,-0.900159,-0.145369,0.511810,-0.560598,1.291204,0.232590,0.024328,1
-0.028353,-0.087667,-0.024454,0.344455,-0.305444,0.008985,-0.029998,-0.051457,0.035957,0.438991,-0.431975,-0.006620,0.071620,-0.012202,-0.039379,-0.893424,0.426450,-0.330837,-0.373201,-1.397325,0.011445,-0.270005,-0.900171,-0.145357,0.511810,-0.560550,1.291216,0.232578,0.024364,1
-0.028362,-0.087676,-0.024440,0.344472,-0.305444,0.008985,-0.030015,-0.051465,0.035957,0.439000,-0.431983,-0.006606,0.071647,-0.012217,-0.039389,-0.893424,0.426127,-0.331232,-0.373213,-1.397313,0.011505,-0.269957,-0.900159,-0.145357,0.511810,-0.560514,1.291216,0.232590,0.024364,1
-0.028336,-0.087693,-0.024454,0.344498,-0.305444,0.008985,-0.030015,-0.051465,0.035984,0.439017,-0.431979,-0.006613,0.071647,-0.012202,-0.039379,-0.893400,0.425719,-0.331496,-0.373225,-1.397313,0.011469,-0.269945,-0.900159,-0.145357,0.511798,-0.560490,1.291192,0.232590,0.024328,1
-0.028328,-0.087684,-0.024427,0.344481,-0.305440,0.008978,-0.030023,-0.051448,0.035984,0.439000,-0.431979,-0.006613,0.071633,-0.012186,-0.039359,-0.893388,0.425431,-0.331747,-0.373261,-1.397313,0.011385,-0.269933,-0.900171,-0.145357,0.511786,-0.560430,1.291204,0.232578,0.024304,1
-0.028336,-0.087693,-0.024454,0.344489,-0.305440,0.008978,-0.030023,-0.051465,0.035957,0.438991,-0.431975,-0.006620,0.071620,-0.012179,-0.039354,-0.893340,0.425192,-0.332155,-0.373261,-1.397325,0.011253,-0.269909,-0.900183,-0.145345,0.511798,-0.560370,1.291204,0.232578,0.024280,1
-0.028328,-0.087710,-0.024440,0.344507,-0.305428,0.008956,-0.030032,-0.051465,0.035971,0.438991,-0.431979,-0.006613,0.071620,-0.012164,-0.039354,-0.893304,0.424952,-0.332442,-0.373237,-1.397325,0.011109,-0.269897,-0.900159,-0.145357,0.511798,-0.560346,1.291192,0.232590,0.024256,1
-0.028328,-0.087710,-0.024454,0.344507,-0.305436,0.008956,-0.030040,-0.051457,0.035984,0.439000,-0.431975,-0.006620,0.071647,-0.012164,-0.039364,-0.893208,0.424796,-0.332718,-0.373201,-1.397289,0.010954,-0.269897,-0.900171,-0.145369,0.511786,-0.560322,1.291192,0.232578,0.024280,1
-0.028328,-0.087701,-0.024440,0.344515,-0.305428,0.008941,-0.030058,-0.051465,0.035957,0.439042,-0.431975,-0.006606,0.071620,-0.012164,-0.039354,-0.893088,0.424605,-0.332958,-0.373189,-1.397325,0.010666,-0.269909,-0.900171,-0.145357,0.511810,-0.560358,1.291192,0.232590,0.024292,1
-0.028336,-0.087710,-0.024454,0.344507,-0.305428,0.008941,-0.030066,-0.051457,0.035957,0.439025,-0.431979,-0.006613,0.071633,-0.012171,-0.039349,-0.892945,0.424425,-0.333209,-0.373177,-1.397325,0.010486,-0.269897,-0.900171,-0.145369,0.511810,-0.560370,1.291216,0.232554,0.024340,1
-0.028345,-0.087727,-0.024454,0.344524,-0.305424,0.008934,-0.030083,-0.051465,0.035971,0.439025,-0.431979,-0.006613,0.071620,-0.012179,-0.039344,-0.892717,0.424185,-0.333473,-0.373201,-1.397325,0.010282,-0.269885,-0.900171,-0.145381,0.511822,-0.560346,1.291216,0.232590,0.024316,1
-0.028345,-0.087727,-0.024454,0.344524,-0.305415,0.008934,-0.030092,-0.051448,0.035944,0.439025,-0.431983,-0.006606,0.071620,-0.012164,-0.039354,-0.892513,0.423778,-0.333785,-0.373237,-1.397325,0.010019,-0.269885,-0.900171,-0.145405,0.511810,-0.560370,1.291216,0.232578,0.024340,1
-0.028345,-0.087727,-0.024427,0.344541,-0.305411,0.008927,-0.030083,-0.051457,0.035971,0.439025,-0.431983,-0.006606,0.071620,-0.012148,-0.039354,-0.892417,0.423418,-0.334060,-0.373261,-1.397325,0.009923,-0.269885,-0.900171,-0.145393,0.511798,-0.560382,1.291228,0.232590,0.024352,1
-0.028353,-0.087727,-0.024440,0.344558,-0.305411,0.008927,-0.030083,-0.051439,0.035957,0.439008,-0.431979,-0.006613,0.071620,-0.012148,-0.039344,-0.892321,0.423178,-0.334228,-0.373249,-1.397337,0.009839,-0.269885,-0.900183,-0.145405,0.511786,-0.560382,1.291216,0.232590,0.024328,1
-0.028353,-0.087735,-0.024440,0.344549,-0.305415,0.008920,-0.030100,-0.051465,0.035957,0.439008,-0.431971,-0.006613,0.071620,-0.012164,-0.039354,-0.892214,0.422939,-0.334372,-0.373225,-1.397325,0.009839,-0.269873,-0.900183,-0.145405,0.511786,-0.560394,1.291228,0.232578,0.024340,1
-0.028345,-0.087735,-0.024413,0.344566,-0.305407,0.008905,-0.030092,-0.051448,0.035957,0.439017,-0.431979,-0.006613,0.071633,-0.012171,-0.039359,-0.892082,0.422711,-0.334492,-0.373177,-1.397325,0.009791,-0.269909,-0.900183,-0.145393,0.511810,-0.560430,1.291252,0.232578,0.024328,1
-0.028336,-0.087735,-0.024427,0.344575,-0.305407,0.008920,-0.030092,-0.051448,0.035957,0.439017,-0.431975,-0.006606,0.071593,-0.012156,-0.039349,-0.891902,0.422471,-0.334636,-0.373189,-1.397325,0.009815,-0.269909,-0.900183,-0.145417,0.511798,-0.560466,1.291264,0.232578,0.024316,1
-0.028345,-0.087735,-0.024400,0.344583,-0.305399,0.008920,-0.030100,-0.051431,0.035957,0.439025,-0.431979,-0.006613,0.071620,-0.012171,-0.039339,-0.891686,0.422220,-0.334779,-0.373213,-1.397349,0.009803,-0.269909,-0.900195,-0.145417,0.511822,-0.560514,1.291264,0.232578,0.024316,1
-0.028336,-0.087744,-0.024413,0.344592,-0.305399,0.008920,-0.030117,-0.051457,0.035957,0.439000,-0.431983,-0.006606,0.071593,-0.012156,-0.039349,-0.891471,0.421944,-0.334911,-0.373213,-1.397325,0.009827,-0.269897,-0.900195,-0.145417,0.511810,-0.560538,1.291264,0.232578,0.024328,1
-0.028336,-0.087752,-0.024400,0.344600,-0.305395,0.008913,-0.030134,-0.051457,0.035971,0.439008,-0.431979,-0.006613,0.071593,-0.012171,-0.039349,-0.891099,0.421680,-0.335007,-0.373249,-1.397325,0.009839,-0.269885,-0.900195,-0.145429,0.511798,-0.560550,1.291264,0.232578,0.024316,1
-0.028336,-0.087752,-0.024400,0.344617,-0.305411,0.008898,-0.030117,-0.051465,0.035971,0.438991,-0.431983,-0.006606,0.071593,-0.012156,-0.039339,-0.890740,0.421177,-0.335211,-0.373285,-1.397325,0.009851,-0.269885,-0.900195,-0.145441,0.511786,-0.560586,1.291288,0.232590,0.024328,1
-0.028336,-0.087735,-0.024387,0.344626,-0.305391,0.008905,-0.030134,-0.051465,0.035957,0.439017,-0.431979,-0.006599,0.071606,-0.012171,-0.039349,-0.890548,0.420937,-0.335403,-0.373261,-1.397325,0.009863,-0.269897,-0.900195,-0.145453,0.511774,-0.560598,1.291300,0.232578,0.024304,1
-0.028336,-0.087752,-0.024413,0.344643,-0.305399,0.008876,-0.030151,-0.051465,0.035957,0.439000,-0.431983,-0.006606,0.071620,-0.012164,-0.039354,-0.890344,0.420674,-0.335558,-0.373225,-1.397325,0.009851,-0.269909,-0.900195,-0.145417,0.511762,-0.560610,1.291300,0.232578,0.024304,1
-0.028336,-0.087752,-0.024387,0.344643,-0.305395,0.008898,-0.030160,-0.051457,0.035957,0.438991,-0.431979,-0.006599,0.071593,-0.012164,-0.039354,-0.890152,0.420434,-0.335690,-0.373213,-1.397349,0.009851,-0.269909,-0.900195,-0.145429,0.511762,-0.560646,1.291312,0.232578,0.024304,1
-0.028345,-0.087761,-0.024413,0.344660,-0.305378,0.008898,-0.030177,-0.051457,0.035957,0.438974,-0.431979,-0.006599,0.071620,-0.012148,-0.039344,-0.889949,0.420158,-0.335822,-0.373237,-1.397325,0.009851,-0.269909,-0.900195,-0.145405,0.511738,-0.560646,1.291324,0.232578,0.024316,1
-0.028353,-0.087761,-0.024387,0.344677,-0.305382,0.008877,-0.030194,-0.051474,0.035971,0.439000,-0.431979,-0.006613,0.071620,-0.012156,-0.039339,-0.889757,0.419907,-0.335966,-0.373285,-1.397325,0.009839,-0.269921,-0.900183,-0.145429,0.511702,-0.560670,1.291336,0.232578,0.024304,1
-0.028362,-0.087769,-0.024413,0.344694,-0.305374,0.008862,-0.030194,-0.051448,0.035957,0.438974,-0.431979,-0.006599,0.071593,-0.012141,-0.039359,-0.889613,0.419631,-0.336098,-0.373333,-1.397325,0.009839,-0.269921,-0.900195,-0.145417,0.511643,-0.560682,1.291312,0.232566,0.024316,1
-0.028379,-0.087752,-0.024373,0.344694,-0.305382,0.008877,-0.030202,-0.051465,0.035957,0.438966,-0.431975,-0.006591,0.071620,-0.012148,-0.039344,-0.889457,0.419367,-0.336217,-0.373345,-1.397313,0.009827,-0.269945,-0.900195,-0.145441,0.511559,-0.560706,1.291348,0.232578,0.024316,1
-0.028370,-0.087761,-0.024400,0.344711,-0.305387,0.008884,-0.030185,-0.051457,0.035957,0.438974,-0.431983,-0.006606,0.071620,-0.012156,-0.039329,-0.889337,0.419116,-0.336349,-0.373333,-1.397325,0.009839,-0.269933,-0.900195,-0.145453,0.511379,-0.560682,1.291348,0.232542,0.024304,1
-0.028362,-0.087769,-0.024346,0.344711,-0.305374,0.008862,-0.030219,-0.051465,0.035944,0.438966,-0.431983,-0.006606,0.071620,-0.012156,-0.039349,-0.889122,0.418828,-0.336457,-0.373333,-1.397325,0.009839,-0.269933,-0.900183,-0.145453,0.511151,-0.560694,1.291348,0.232506,0.024304,1
-0.028353,-0.087769,-0.024387,0.344720,-0.305374,0.008862,-0.030228,-0.051457,0.035957,0.438957,-0.431979,-0.006599,0.071620,-0.012148,-0.039344,-0.888882,0.418253,-0.336649,-0.373297,-1.397325,0.009827,-0.269945,-0.900195,-0.145453,0.510732,-0.560730,1.291372,0.232494,0.024316,1
-0.028370,-0.087778,-0.024360,0.344720,-0.305370,0.008840,-0.030219,-0.051465,0.035971,0.438949,-0.431983,-0.006606,0.071620,-0.012141,-0.039339,-0.888702,0.417965,-0.336817,-0.373309,-1.397337,0.009815,-0.269945,-0.900195,-0.145441,0.510348,-0.560718,1.291384,0.232494,0.024304,1
-0.028353,-0.087786,-0.024360,0.344745,-0.305366,0.008848,-0.030236,-0.051457,0.035957,0.438932,-0.431975,-0.006620,0.071633,-0.012141,-0.039339,-0.888558,0.417630,-0.336925,-0.373297,-1.397313,0.009815,-0.269945,-0.900195,-0.145441,0.510061,-0.560730,1.291396,0.232506,0.024316,1
-0.028362,-0.087786,-0.024387,0.344754,-0.305374,0.008833,-0.030236,-0.051457,0.035957,0.438932,-0.431979,-0.006599,0.071620,-0.012148,-0.039344,-0.888439,0.417258,-0.337032,-0.373309,-1.397325,0.009815,-0.269933,-0.900195,-0.145441,0.509821,-0.560742,1.291396,0.232494,0.024304,1
-0.028345,-0.087778,-0.024360,0.344754,-0.305358,0.008833,-0.030236,-0.051457,0.035957,0.438932,-0.431975,-0.006606,0.071593,-0.012148,-0.039334,-0.888295,0.416971,-0.337116,-0.373285,-1.397325,0.009815,-0.269933,-0.900195,-0.145441,0.509569,-0.560730,1.291396,0.232494,0.024340,1
-0.028345,-0.087803,-0.024373,0.344771,-0.305362,0.008840,-0.030219,-0.051457,0.035971,0.438923,-0.431979,-0.006599,0.071606,-0.012148,-0.039334,-0.888151,0.416623,-0.337200,-0.373285,-1.397325,0.009839,-0.269921,-0.900195,-0.145441,0.509318,-0.560730,1.291396,0.232494,0.024304,1
-0.028345,-0.087803,-0.024360,0.344754,-0.305358,0.008833,-0.030219,-0.051465,0.035957,0.438940,-0.431979,-0.006599,0.071620,-0.012148,-0.039334,-0.887971,0.416323,-0.337272,-0.373273,-1.397325,0.009839,-0.269897,-0.900195,-0.145441,0.509042,-0.560730,1.291408,0.232482,0.024304,1
-0.028345,-0.087812,-0.024346,0.344771,-0.305345,0.008826,-0.030228,-0.051457,0.035957,0.438932,-0.431975,-0.006591,0.071620,-0.012164,-0.039334,-0.887708,0.416072,-0.337320,-0.373237,-1.397325,0.009827,-0.269885,-0.900195,-0.145441,0.508718,-0.560742,1.291420,0.232494,0.024304,1
-0.028345,-0.087803,-0.024320,0.344796,-0.305358,0.008833,-0.030219,-0.051457,0.035971,0.438923,-0.431983,-0.006606,0.071633,-0.012148,-0.039334,-0.887564,0.415628,-0.337416,-0.373225,-1.397325,0.009839,-0.269885,-0.900195,-0.145453,0.508407,-0.560742,1.291420,0.232482,0.024280,1
-0.028362,-0.087812,-0.024360,0.344788,-0.305349,0.008819,-0.030236,-0.051457,0.035984,0.438923,-0.431975,-0.006591,0.071620,-0.012148,-0.039314,-0.887384,0.415329,-0.337524,-0.373237,-1.397313,0.009839,-0.269873,-0.900195,-0.145453,0.507903,-0.560742,1.291420,0.232482,0.024316,1
-0.028345,-0.087820,-0.024320,0.344813,-0.305345,0.008812,-0.030211,-0.051465,0.035971,0.438949,-0.431979,-0.006599,0.071620,-0.012164,-0.039324,-0.887096,0.414885,-0.337632,-0.373201,-1.397325,0.009827,-0.269873,-0.900195,-0.145453,0.507472,-0.560718,1.291420,0.232482,0.024292,1
-0.028345,-0.087829,-0.024346,0.344839,-0.305337,0.008826,-0.030245,-0.051457,0.035957,0.438949,-0.431983,-0.006606,0.071606,-0.012164,-0.039314,-0.886905,0.414586,-0.337703,-0.373213,-1.397325,0.009827,-0.269873,-0.900195,-0.145453,0.507208,-0.560730,1.291420,0.232506,0.024304,1
-0.028345,-0.087837,-0.024333,0.344856,-0.305341,0.008804,-0.030228,-0.051465,0.035984,0.438949,-0.431979,-0.006599,0.071620,-0.012156,-0.039319,-0.886677,0.414262,-0.337763,-0.373225,-1.397325,0.009827,-0.269861,-0.900195,-0.145465,0.506969,-0.560718,1.291420,0.232494,0.024292,1
-0.028353,-0.087837,-0.024360,0.344873,-0.305349,0.008819,-0.030236,-0.051465,0.035971,0.438949,-0.431971,-0.006599,0.071620,-0.012171,-0.039319,-0.886485,0.413951,-0.337823,-0.373261,-1.397313,0.009827,-0.269837,-0.900195,-0.145465,0.506705,-0.560718,1.291444,0.232494,0.024292,1
-0.028353,-0.087854,-0.024333,0.344890,-0.305345,0.008812,-0.030236,-0.051465,0.035984,0.438949,-0.431975,-0.006591,0.071620,-0.012194,-0.039324,-0.886245,0.413615,-0.337847,-0.373261,-1.397325,0.009827,-0.269849,-0.900195,-0.145465,0.506465,-0.560694,1.291444,0.232470,0.024292,1
-0.028353,-0.087863,-0.024306,0.344907,-0.305349,0.008819,-0.030271,-0.051465,0.035944,0.438932,-0.431979,-0.006599,0.071620,-0.012194,-0.039334,-0.885958,0.413279,-0.337907,-0.373249,-1.397325,0.009815,-0.269849,-0.900195,-0.145453,0.506190,-0.560694,1.291444,0.232494,0.024292,1
-0.028362,-0.087863,-0.024293,0.344916,-0.305345,0.008812,-0.030262,-0.051448,0.035957,0.438915,-0.431975,-0.006606,0.071606,-0.012202,-0.039329,-0.885730,0.412764,-0.337931,-0.373213,-1.397325,0.009827,-0.269861,-0.900195,-0.145465,0.505926,-0.560706,1.291456,0.232494,0.024292,1
-0.028353,-0.087863,-0.024266,0.344950,-0.305349,0.008804,-0.030236,-0.051465,0.035957,0.438949,-0.431975,-0.006620,0.071647,-0.012179,-0.039315,-0.885407,0.412237,-0.337979,-0.373201,-1.397325,0.009827,-0.269861,-0.900195,-0.145441,0.505543,-0.560706,1.291456,0.232482,0.024292,1
-0.028353,-0.087889,-0.024280,0.344958,-0.305345,0.008797,-0.030236,-0.051457,0.035984,0.438966,-0.431975,-0.006591,0.071620,-0.012164,-0.039314,-0.885227,0.411949,-0.338003,-0.373225,-1.397313,0.009839,-0.269849,-0.900195,-0.145465,0.505399,-0.560694,1.291456,0.232494,0.024304,1
-0.028362,-0.087897,-0.024293,0.344967,-0.305337,0.008826,-0.030219,-0.051474,0.035957,0.438957,-0.431967,-0.006606,0.071620,-0.012164,-0.039305,-0.885023,0.411674,-0.338015,-0.373261,-1.397325,0.009827,-0.269849,-0.900195,-0.145441,0.505243,-0.560706,1.291456,0.232482,0.024280,1
-0.028353,-0.087897,-0.024280,0.344967,-0.305337,0.008826,-0.030219,-0.051465,0.035971,0.438949,-0.431971,-0.006599,0.071633,-0.012164,-0.039324,-0.884807,0.411422,-0.338039,-0.373285,-1.397337,0.009815,-0.269849,-0.900207,-0.145465,0.505087,-0.560694,1.291444,0.232470,0.024316,1
-0.028353,-0.087906,-0.024293,0.344967,-0.305345,0.008812,-0.030219,-0.051465,0.035957,0.438949,-0.431979,-0.006599,0.071633,-0.012171,-0.039319,-0.884628,0.411146,-0.338087,-0.373285,-1.397313,0.009815,-0.269861,-0.900195,-0.145465,0.504931,-0.560670,1.291456,0.232458,0.024304,1
-0.028362,-0.087923,-0.024266,0.345001,-0.305337,0.008797,-0.030219,-0.051457,0.035971,0.438932,-0.431979,-0.006599,0.071647,-0.012179,-0.039315,-0.884424,0.410859,-0.338111,-0.373261,-1.397325,0.009827,-0.269861,-0.900195,-0.145465,0.504788,-0.560670,1.291456,0.232422,0.024304,1
-0.028379,-0.087931,-0.024239,0.344992,-0.305337,0.008797,-0.030211,-0.051474,0.035957,0.438932,-0.431983,-0.006606,0.071647,-0.012179,-0.039315,-0.884100,0.410487,-0.338099,-0.373237,-1.397325,0.009827,-0.269861,-0.900207,-0.145453,0.504608,-0.560682,1.291456,0.232410,0.024292,1
-0.028370,-0.087940,-0.024239,0.345009,-0.305337,0.008797,-0.030211,-0.051457,0.035971,0.438949,-0.431983,-0.006577,0.071593,-0.012156,-0.039319,-0.883885,0.409924,-0.338123,-0.373213,-1.397325,0.009815,-0.269861,-0.900195,-0.145465,0.504440,-0.560670,1.291444,0.232386,0.024280,1
-0.028370,-0.087940,-0.024293,0.345026,-0.305333,0.008804,-0.030185,-0.051465,0.035984,0.438932,-0.431983,-0.006606,0.071620,-0.012171,-0.039319,-0.883645,0.409564,-0.338111,-0.373225,-1.397325,0.009815,-0.269861,-0.900207,-0.145477,0.504272,-0.560670,1.291444,0.232386,0.024292,1
-0.028370,-0.087948,-0.024239,0.345035,-0.305337,0.008797,-0.030202,-0.051457,0.035957,0.438949,-0.431983,-0.006606,0.071620,-0.012156,-0.039319,-0.883405,0.409229,-0.338099,-0.373213,-1.397325,0.009827,-0.269873,-0.900195,-0.145489,0.504080,-0.560646,1.291456,0.232398,0.024304,1
-0.028353,-0.087957,-0.024239,0.345060,-0.305333,0.008790,-0.030185,-0.051465,0.035957,0.438949,-0.431975,-0.006591,0.071620,-0.012156,-0.039319,-0.883118,0.408857,-0.338111,-0.373273,-1.397337,0.009827,-0.269873,-0.900195,-0.145477,0.503865,-0.560658,1.291456,0.232386,0.024304,1
-0.028353,-0.087974,-0.024226,0.345077,-0.305337,0.008797,-0.030177,-0.051465,0.035984,0.438949,-0.431975,-0.006591,0.071633,-0.012164,-0.039324,-0.882890,0.408618,-0.338123,-0.373273,-1.397325,0.009827,-0.269861,-0.900219,-0.145465,0.503757,-0.560658,1.291456,0.232398,0.024304,1
-0.028353,-0.087991,-0.024226,0.345077,-0.305341,0.008790,-0.030168,-0.051465,0.035944,0.438949,-0.431975,-0.006591,0.071633,-0.012164,-0.039324,-0.882662,0.408402,-0.338099,-0.373285,-1.397337,0.009815,-0.269861,-0.900195,-0.145465,0.503637,-0.560670,1.291444,0.232398,0.024292,1
-0.028353,-0.087991,-0.024213,0.345103,-0.305341,0.008804,-0.030168,-0.051465,0.035957,0.438949,-0.431979,-0.006599,0.071620,-0.012156,-0.039319,-0.882470,0.408186,-0.338099,-0.373261,-1.397325,0.009803,-0.269873,-0.900195,-0.145465,0.503517,-0.560646,1.291456,0.232386,0.024304,1
-0.028345,-0.088008,-0.024186,0.345120,-0.305333,0.008790,-0.030168,-0.051465,0.035957,0.438949,-0.431979,-0.006599,0.071606,-0.012148,-0.039324,-0.882123,0.407934,-0.338123,-0.373273,-1.397325,0.009815,-0.269861,-0.900195,-0.145465,0.503385,-0.560634,1.291456,0.232374,0.024292,1
-0.028336,-0.088025,-0.024186,0.345146,-0.305325,0.008790,-0.030160,-0.051457,0.035957,0.438949,-0.431983,-0.006606,0.071606,-0.012164,-0.039324,-0.881919,0.407611,-0.338099,-0.373285,-1.397325,0.009803,-0.269861,-0.900195,-0.145489,0.503278,-0.560634,1.291444,0.232386,0.024304,1
-0.028353,-0.088033,-0.024226,0.345163,-0.305333,0.008804,-0.030177,-0.051457,0.035957,0.438949,-0.431979,-0.006599,0.071647,-0.012164,-0.039334,-0.881727,0.407383,-0.338123,-0.373297,-1.397325,0.009791,-0.269873,-0.900195,-0.145489,0.503218,-0.560634,1.291444,0.232398,0.024328,1
-0.028353,-0.088059,-0.024213,0.345171,-0.305333,0.008790,-0.030168,-0.051457,0.035971,0.438949,-0.431979,-0.006599,0.071620,-0.012141,-0.039329,-0.881512,0.407167,-0.338123,-0.373333,-1.397325,0.009791,-0.269861,-0.900195,-0.145489,0.503098,-0.560634,1.291444,0.232386,0.024316,1
-0.028353,-0.088076,-0.024186,0.345205,-0.305333,0.008790,-0.030143,-0.051465,0.035957,0.438957,-0.431971,-0.006613,0.071620,-0.012148,-0.039334,-0.881344,0.406988,-0.338147,-0.373345,-1.397325,0.009791,-0.269861,-0.900195,-0.145512,0.503026,-0.560622,1.291456,0.232374,0.024316,1
-0.028353,-0.088102,-0.024172,0.345222,-0.305337,0.008797,-0.030168,-0.051465,0.035957,0.438949,-0.431975,-0.006606,0.071633,-0.012148,-0.039334,-0.881152,0.406784,-0.338171,-0.373369,-1.397325,0.009791,-0.269873,-0.900195,-0.145512,0.502930,-0.560622,1.291444,0.232374,0.024304,1
-0.028345,-0.088110,-0.024172,0.345256,-0.305337,0.008783,-0.030160,-0.051474,0.035957,0.438957,-0.431979,-0.006599,0.071620,-0.012148,-0.039324,-0.880889,0.406484,-0.338195,-0.373392,-1.397325,0.009791,-0.269873,-0.900195,-0.145512,0.502846,-0.560634,1.291444,0.232362,0.024304,1
-0.028336,-0.088127,-0.024132,0.345273,-0.305329,0.008783,-0.030151,-0.051465,0.035984,0.438966,-0.431983,-0.006606,0.071620,-0.012164,-0.039324,-0.880697,0.406317,-0.338231,-0.373392,-1.397301,0.009791,-0.269873,-0.900195,-0.145500,0.502822,-0.560622,1.291432,0.232362,0.024292,1
-0.028345,-0.088136,-0.024172,0.345299,-0.305337,0.008768,-0.030160,-0.051465,0.035971,0.438991,-0.431983,-0.006606,0.071633,-0.012156,-0.039329,-0.880421,0.406125,-0.338255,-0.373428,-1.397325,0.009791,-0.269873,-0.900183,-0.145500,0.502774,-0.560622,1.291432,0.232374,0.024304,1
-0.028345,-0.088144,-0.024146,0.345316,-0.305333,0.008775,-0.030160,-0.051457,0.035971,0.439000,-0.431971,-0.006613,0.071647,-0.012141,-0.039329,-0.880277,0.405921,-0.338315,-0.373428,-1.397325,0.009791,-0.269873,-0.900195,-0.145500,0.502714,-0.560634,1.291432,0.232350,0.024304,1
-0.028345,-0.088170,-0.024146,0.345325,-0.305337,0.008797,-0.030168,-0.051465,0.035971,0.439000,-0.431979,-0.006613,0.071633,-0.012141,-0.039329,-0.880098,0.405634,-0.338363,-0.373416,-1.397325,0.009791,-0.269873,-0.900195,-0.145512,0.502690,-0.560622,1.291420,0.232350,0.024304,1
-0.028345,-0.088178,-0.024105,0.345333,-0.305329,0.008783,-0.030168,-0.051465,0.035971,0.439025,-0.431975,-0.006606,0.071633,-0.012133,-0.039334,-0.879942,0.405466,-0.338470,-0.373440,-1.397325,0.009791,-0.269873,-0.900183,-0.145512,0.502618,-0.560634,1.291420,0.232350,0.024292,1
-0.028353,-0.088195,-0.024119,0.345376,-0.305325,0.008775,-0.030168,-0.051474,0.035957,0.439017,-0.431979,-0.006613,0.071606,-0.012141,-0.039319,-0.879774,0.405310,-0.338554,-0.373428,-1.397313,0.009791,-0.269861,-0.900171,-0.145524,0.502582,-0.560646,1.291444,0.232350,0.024304,1
-0.028353,-0.088204,-0.024105,0.345418,-0.305337,0.008783,-0.030168,-0.051465,0.035957,0.439025,-0.431983,-0.006606,0.071660,-0.012164,-0.039324,-0.879642,0.405166,-0.338650,-0.373416,-1.397325,0.009803,-0.269885,-0.900159,-0.145512,0.502558,-0.560670,1.291408,0.232350,0.024292,1
-0.028353,-0.088221,-0.024079,0.345418,-0.305337,0.008783,-0.030168,-0.051457,0.035971,0.439008,-0.431979,-0.006613,0.071606,-0.012156,-0.039329,-0.879474,0.405058,-0.338758,-0.373428,-1.397325,0.009791,-0.269885,-0.900171,-0.145524,0.502511,-0.560646,1.291420,0.232350,0.024304,1
-0.028345,-0.088238,-0.024079,0.345427,-0.305333,0.008775,-0.030177,-0.051465,0.035957,0.439034,-0.431979,-0.006613,0.071606,-0.012148,-0.039334,-0.879343,0.404914,-0.338854,-0.373428,-1.397301,0.009755,-0.269873,-0.900135,-0.145524,0.502463,-0.560658,1.291420,0.232326,0.024280,1
-0.028362,-0.088247,-0.024079,0.345435,-0.305329,0.008783,-0.030177,-0.051465,0.035971,0.439017,-0.431967,-0.006606,0.071620,-0.012133,-0.039334,-0.879235,0.404807,-0.338962,-0.373440,-1.397325,0.009779,-0.269873,-0.900135,-0.145536,0.502439,-0.560670,1.291420,0.232338,0.024304,1
-0.028345,-0.088255,-0.024105,0.345470,-0.305333,0.008790,-0.030168,-0.051474,0.035957,0.439017,-0.431967,-0.006606,0.071647,-0.012126,-0.039349,-0.879019,0.404591,-0.339190,-0.373440,-1.397325,0.009755,-0.269885,-0.900123,-0.145536,0.502403,-0.560646,1.291432,0.232338,0.024304,1
-0.028353,-0.088272,-0.024065,0.345461,-0.305325,0.008790,-0.030160,-0.051465,0.035957,0.439017,-0.431971,-0.006613,0.071647,-0.012141,-0.039339,-0.878887,0.404399,-0.339333,-0.373440,-1.397325,0.009731,-0.269873,-0.900087,-0.145548,0.502391,-0.560646,1.291408,0.232338,0.024292,1
-0.028345,-0.088281,-0.024079,0.345487,-0.305325,0.008790,-0.030168,-0.051465,0.035971,0.439008,-0.431979,-0.006613,0.071633,-0.012126,-0.039339,-0.878791,0.404279,-0.339561,-0.373428,-1.397325,0.009695,-0.269873,-0.900075,-0.145548,0.502343,-0.560634,1.291384,0.232338,0.024304,1
-0.028353,-0.088289,-0.024052,0.345470,-0.305329,0.008783,-0.030177,-0.051457,0.035971,0.439034,-0.431975,-0.006606,0.071647,-0.012141,-0.039319,-0.878731,0.404159,-0.339765,-0.373416,-1.397313,0.009659,-0.269873,-0.900027,-0.145548,0.502343,-0.560646,1.291396,0.232338,0.024304,1
-0.028362,-0.088306,-0.024079,0.345512,-0.305329,0.008783,-0.030177,-0.051482,0.035957,0.439017,-0.431971,-0.006599,0.071620,-0.012133,-0.039324,-0.878635,0.404088,-0.339992,-0.373416,-1.397325,0.009587,-0.269873,-0.900003,-0.145536,0.502319,-0.560646,1.291408,0.232338,0.024316,1
-0.028362,-0.088323,-0.024065,0.345504,-0.305341,0.008790,-0.030177,-0.051474,0.035957,0.439034,-0.431975,-0.006606,0.071647,-0.012126,-0.039329,-0.878540,0.404004,-0.340256,-0.373428,-1.397325,0.009539,-0.269873,-0.899967,-0.145536,0.502283,-0.560634,1.291408,0.232338,0.024328,1
-0.028362,-0.088332,-0.024065,0.345504,-0.305333,0.008775,-0.030168,-0.051465,0.035957,0.439017,-0.431971,-0.006599,0.071620,-0.012133,-0.039334,-0.878468,0.403980,-0.340568,-0.373405,-1.397325,0.009432,-0.269861,-0.899967,-0.145536,0.502259,-0.560634,1.291408,0.232326,0.024304,1
-0.028353,-0.088332,-0.024052,0.345521,-0.305329,0.008783,-0.030177,-0.051457,0.035957,0.439008,-0.431967,-0.006606,0.071633,-0.012141,-0.039329,-0.878432,0.403896,-0.340951,-0.373381,-1.397313,0.009348,-0.269837,-0.899943,-0.145548,0.502259,-0.560670,1.291408,0.232314,0.024316,1
-0.028362,-0.088374,-0.024079,0.345521,-0.305325,0.008790,-0.030168,-0.051482,0.035971,0.439025,-0.431975,-0.006591,0.071620,-0.012133,-0.039324,-0.878324,0.403812,-0.341670,-0.373381,-1.397313,0.009144,-0.269825,-0.899895,-0.145536,0.502187,-0.560670,1.291396,0.232326,0.024328,1
-0.028353,-0.088374,-0.024052,0.345521,-0.305329,0.008783,-0.030160,-0.051474,0.035957,0.439025,-0.431967,-0.006606,0.071633,-0.012133,-0.039334,-0.878300,0.403788,-0.341922,-0.373381,-1.397313,0.009108,-0.269825,-0.899895,-0.145548,0.502199,-0.560670,1.291384,0.232314,0.024340,1
-0.028370,-0.088408,-0.024079,0.345521,-0.305325,0.008790,-0.030185,-0.051474,0.035957,0.439034,-0.431975,-0.006591,0.071660,-0.012133,-0.039334,-0.878240,0.403728,-0.342749,-0.373333,-1.397313,0.008964,-0.269825,-0.899848,-0.145536,0.502151,-0.560670,1.291396,0.232338,0.024328,1
-0.028353,-0.088417,-0.024052,0.345521,-0.305325,0.008790,-0.030177,-0.051465,0.035984,0.439025,-0.431975,-0.006591,0.071647,-0.012141,-0.039329,-0.878216,0.403716,-0.343720,-0.373333,-1.397289,0.008880,-0.269801,-0.899812,-0.145548,0.502067,-0.560670,1.291384,0.232338,0.024328,1
-0.028379,-0.088425,-0.024052,0.345521,-0.305329,0.008783,-0.030177,-0.051465,0.035971,0.439017,-0.431975,-0.006591,0.071620,-0.012126,-0.039319,-0.878168,0.403716,-0.344379,-0.373333,-1.397313,0.008832,-0.269801,-0.899800,-0.145548,0.502031,-0.560694,1.291396,0.232326,0.024328,1
-0.028370,-0.088425,-0.024065,0.345529,-0.305320,0.008783,-0.030185,-0.051474,0.035957,0.439017,-0.431983,-0.006606,0.071620,-0.012133,-0.039334,-0.878144,0.403716,-0.345074,-0.373345,-1.397289,0.008784,-0.269825,-0.899812,-0.145548,0.501983,-0.560682,1.291384,0.232338,0.024328,1
-0.028370,-0.088434,-0.024038,0.345504,-0.305329,0.008783,-0.030177,-0.051448,0.035957,0.439025,-0.431975,-0.006606,0.071606,-0.012133,-0.039334,-0.878096,0.403668,-0.345781,-0.373333,-1.397289,0.008748,-0.269825,-0.899776,-0.145548,0.501959,-0.560694,1.291372,0.232350,0.024352,1
-0.028370,-0.088451,-0.024025,0.345521,-0.305325,0.008790,-0.030185,-0.051465,0.035971,0.439017,-0.431979,-0.006599,0.071633,-0.012118,-0.039334,-0.878060,0.403656,-0.346404,-0.373345,-1.397313,0.008725,-0.269789,-0.899752,-0.145536,0.501899,-0.560706,1.291372,0.232350,0.024352,1
-0.028370,-0.088460,-0.024025,0.345521,-0.305329,0.008783,-0.030194,-0.051474,0.035971,0.439000,-0.431975,-0.006591,0.071633,-0.012141,-0.039329,-0.878000,0.403656,-0.347135,-0.373333,-1.397289,0.008713,-0.269777,-0.899728,-0.145536,0.501827,-0.560730,1.291360,0.232338,0.024340,1
-0.028370,-0.088468,-0.024012,0.345512,-0.305329,0.008783,-0.030194,-0.051474,0.035957,0.439025,-0.431975,-0.006591,0.071647,-0.012126,-0.039329,-0.877976,0.403644,-0.347291,-0.373333,-1.397313,0.008701,-0.269777,-0.899728,-0.145548,0.501827,-0.560706,1.291360,0.232338,0.024328,1
-0.028353,-0.088494,-0.024025,0.345538,-0.305325,0.008790,-0.030194,-0.051474,0.035957,0.439008,-0.431975,-0.006591,0.071606,-0.012133,-0.039324,-0.877928,0.403656,-0.347626,-0.373333,-1.397289,0.008737,-0.269765,-0.899692,-0.145536,0.501708,-0.560730,1.291360,0.232338,0.024316,1
-0.028353,-0.088502,-0.023985,0.345521,-0.305333,0.008775,-0.030194,-0.051474,0.035971,0.438991,-0.431983,-0.006606,0.071633,-0.012126,-0.039319,-0.877892,0.403680,-0.347567,-0.373333,-1.397325,0.008737,-0.269729,-0.899704,-0.145548,0.501636,-0.560718,1.291360,0.232338,0.024316,1
-0.028362,-0.088502,-0.023998,0.345504,-0.305333,0.008775,-0.030194,-0.051474,0.035957,0.438991,-0.431975,-0.006620,0.071620,-0.012118,-0.039324,-0.877845,0.403644,-0.347459,-0.373297,-1.397325,0.008725,-0.269717,-0.899704,-0.145536,0.501576,-0.560730,1.291360,0.232338,0.024304,1
-0.028379,-0.088502,-0.023998,0.345512,-0.305333,0.008775,-0.030185,-0.051474,0.035957,0.439000,-0.431971,-0.006599,0.071593,-0.012133,-0.039314,-0.877809,0.403644,-0.347231,-0.373309,-1.397313,0.008725,-0.269705,-0.899680,-0.145536,0.501504,-0.560718,1.291324,0.232338,0.024304,1
-0.028370,-0.088511,-0.023971,0.345512,-0.305329,0.008783,-0.030185,-0.051465,0.035971,0.439000,-0.431979,-0.006613,0.071633,-0.012141,-0.039319,-0.877797,0.403644,-0.347015,-0.373309,-1.397301,0.008737,-0.269681,-0.899680,-0.145536,0.501396,-0.560730,1.291348,0.232338,0.024304,1
-0.028362,-0.088536,-0.023971,0.345512,-0.305320,0.008768,-0.030194,-0.051465,0.035984,0.438991,-0.431975,-0.006591,0.071620,-0.012110,-0.039319,-0.877773,0.403644,-0.346716,-0.373333,-1.397301,0.008725,-0.269669,-0.899680,-0.145536,0.501288,-0.560730,1.291324,0.232350,0.024304,1
-0.028362,-0.088536,-0.024012,0.345512,-0.305329,0.008783,-0.030211,-0.051474,0.035957,0.438974,-0.431971,-0.006613,0.071620,-0.012126,-0.039309,-0.877713,0.403644,-0.346452,-0.373333,-1.397301,0.008737,-0.269645,-0.899668,-0.145548,0.501180,-0.560754,1.291324,0.232338,0.024304,1
-0.028353,-0.088536,-0.023985,0.345521,-0.305325,0.008790,-0.030194,-0.051474,0.035957,0.438966,-0.431975,-0.006606,0.071633,-0.012095,-0.039309,-0.877665,0.403656,-0.346224,-0.373309,-1.397301,0.008737,-0.269633,-0.899668,-0.145548,0.501084,-0.560742,1.291348,0.232350,0.024304,1
-0.028370,-0.088553,-0.023958,0.345521,-0.305333,0.008790,-0.030194,-0.051474,0.035984,0.438957,-0.431975,-0.006591,0.071647,-0.012110,-0.039309,-0.877617,0.403632,-0.346021,-0.373285,-1.397313,0.008737,-0.269633,-0.899668,-0.145548,0.500953,-0.560766,1.291348,0.232350,0.024304,1
-0.028353,-0.088553,-0.023971,0.345521,-0.305329,0.008783,-0.030202,-0.051482,0.035957,0.438957,-0.431975,-0.006606,0.071620,-0.012103,-0.039294,-0.877593,0.403632,-0.345997,-0.373297,-1.397277,0.008737,-0.269633,-0.899668,-0.145536,0.500869,-0.560766,1.291336,0.232350,0.024304,1
-0.028353,-0.088553,-0.023945,0.345512,-0.305333,0.008775,-0.030211,-0.051457,0.035957,0.438966,-0.431979,-0.006599,0.071620,-0.012118,-0.039314,-0.877533,0.403632,-0.346092,-0.373333,-1.397325,0.008737,-0.269633,-0.899668,-0.145536,0.500701,-0.560802,1.291336,0.232350,0.024292,1
-0.028353,-0.088553,-0.023918,0.345512,-0.305337,0.008783,-0.030202,-0.051448,0.035971,0.438966,-0.431971,-0.006613,0.071633,-0.012110,-0.039309,-0.877497,0.403632,-0.346212,-0.373333,-1.397301,0.008737,-0.269633,-0.899656,-0.145536,0.500593,-0.560790,1.291336,0.232350,0.024292,1
-0.028370,-0.088570,-0.023931,0.345512,-0.305329,0.008783,-0.030211,-0.051474,0.035957,0.438966,-0.431975,-0.006620,0.071620,-0.012110,-0.039319,-0.877461,0.403632,-0.346320,-0.373333,-1.397301,0.008737,-0.269621,-0.899668,-0.145536,0.500449,-0.560826,1.291336,0.232350,0.024328,1
-0.028362,-0.088579,-0.023931,0.345504,-0.305329,0.008783,-0.030219,-0.051465,0.035957,0.438957,-0.431979,-0.006613,0.071620,-0.012118,-0.039304,-0.877413,0.403656,-0.346428,-0.373333,-1.397301,0.008737,-0.269633,-0.899644,-0.145536,0.500317,-0.560862,1.291360,0.232362,0.024316,1
-0.028362,-0.088570,-0.023891,0.345512,-0.305337,0.008783,-0.030219,-0.051465,0.035957,0.438957,-0.431979,-0.006599,0.071620,-0.012080,-0.039299,-0.877365,0.403632,-0.346476,-0.373333,-1.397277,0.008737,-0.269621,-0.899656,-0.145548,0.500174,-0.560910,1.291360,0.232362,0.024316,1
-0.028353,-0.088587,-0.023931,0.345512,-0.305329,0.008783,-0.030219,-0.051448,0.035957,0.438949,-0.431983,-0.006606,0.071620,-0.012118,-0.039314,-0.877269,0.403644,-0.346464,-0.373333,-1.397289,0.008737,-0.269609,-0.899668,-0.145548,0.500006,-0.560922,1.291336,0.232362,0.024316,1
-0.028353,-0.088596,-0.023931,0.345521,-0.305329,0.008783,-0.030219,-0.051465,0.035957,0.438949,-0.431975,-0.006606,0.071620,-0.012110,-0.039309,-0.877233,0.403644,-0.346452,-0.373309,-1.397301,0.008737,-0.269609,-0.899668,-0.145536,0.499826,-0.560934,1.291348,0.232362,0.024316,1
-0.028353,-0.088587,-0.023891,0.345529,-0.305325,0.008761,-0.030219,-0.051474,0.035971,0.438949,-0.431964,-0.006599,0.071633,-0.012103,-0.039314,-0.877173,0.403632,-0.346452,-0.373333,-1.397301,0.008748,-0.269609,-0.899680,-0.145548,0.499514,-0.560958,1.291372,0.232374,0.024316,1
-0.028345,-0.088596,-0.023905,0.345521,-0.305325,0.008790,-0.030228,-0.051465,0.035971,0.438949,-0.431971,-0.006613,0.071620,-0.012110,-0.039299,-0.877113,0.403620,-0.346500,-0.373333,-1.397313,0.008748,-0.269621,-0.899668,-0.145536,0.499275,-0.560982,1.291372,0.232386,0.024304,1
-0.028336,-0.088613,-0.023891,0.345504,-0.305345,0.008797,-0.030219,-0.051474,0.035971,0.438957,-0.431979,-0.006613,0.071620,-0.012118,-0.039294,-0.877030,0.403608,-0.346560,-0.373333,-1.397313,0.008784,-0.269609,-0.899668,-0.145548,0.499023,-0.561054,1.291372,0.232410,0.024316,1
-0.028353,-0.088613,-0.023905,0.345512,-0.305333,0.008790,-0.030219,-0.051465,0.035957,0.438949,-0.431979,-0.006599,0.071620,-0.012110,-0.039289,-0.876922,0.403584,-0.346656,-0.373369,-1.397277,0.008832,-0.269609,-0.899668,-0.145536,0.498520,-0.561125,1.291372,0.232422,0.024304,1
-0.028345,-0.088630,-0.023891,0.345512,-0.305329,0.008783,-0.030236,-0.051457,0.035971,0.438966,-0.431979,-0.006599,0.071606,-0.012110,-0.039309,-0.876886,0.403596,-0.346716,-0.373369,-1.397289,0.008844,-0.269609,-0.899668,-0.145536,0.498328,-0.561125,1.291384,0.232446,0.024280,1
-0.028362,-0.088639,-0.023851,0.345504,-0.305325,0.008790,-0.030236,-0.051465,0.035957,0.438932,-0.431983,-0.006606,0.071620,-0.012095,-0.039299,-0.876766,0.403572,-0.346788,-0.373345,-1.397301,0.008832,-0.269621,-0.899656,-0.145548,0.497621,-0.561137,1.291396,0.232446,0.024304,1
-0.028370,-0.088639,-0.023851,0.345521,-0.305333,0.008804,-0.030219,-0.051465,0.035984,0.438923,-0.431979,-0.006613,0.071620,-0.012103,-0.039304,-0.876670,0.403596,-0.346800,-0.373369,-1.397277,0.008820,-0.269621,-0.899668,-0.145536,0.497094,-0.561173,1.291384,0.232434,0.024316,1
-0.028362,-0.088647,-0.023851,0.345495,-0.305333,0.008790,-0.030219,-0.051474,0.035971,0.438932,-0.431979,-0.006613,0.071606,-0.012095,-0.039289,-0.876586,0.403572,-0.346823,-0.373357,-1.397301,0.008832,-0.269621,-0.899656,-0.145536,0.496447,-0.561221,1.291396,0.232434,0.024304,1
-0.028370,-0.088656,-0.023838,0.345504,-0.305329,0.008783,-0.030219,-0.051457,0.035957,0.438940,-0.431975,-0.006606,0.071620,-0.012118,-0.039304,-0.876502,0.403560,-0.346847,-0.373369,-1.397289,0.008832,-0.269621,-0.899668,-0.145548,0.495811,-0.561257,1.291396,0.232422,0.024316,1
-0.028370,-0.088656,-0.023864,0.345504,-0.305341,0.008790,-0.030219,-0.051465,0.035971,0.438940,-0.431967,-0.006606,0.071566,-0.012110,-0.039299,-0.876382,0.403536,-0.346859,-0.373392,-1.397277,0.008832,-0.269609,-0.899668,-0.145560,0.494877,-0.561269,1.291420,0.232434,0.024328,1
-0.028362,-0.088664,-0.023838,0.345512,-0.305345,0.008797,-0.030236,-0.051465,0.035971,0.438949,-0.431971,-0.006613,0.071566,-0.012095,-0.039299,-0.876287,0.403536,-0.346883,-0.373381,-1.397289,0.008832,-0.269621,-0.899668,-0.145548,0.494373,-0.561269,1.291408,0.232446,0.024316,1
-0.028362,-0.088673,-0.023838,0.345495,-0.305329,0.008812,-0.030236,-0.051465,0.035971,0.438923,-0.431971,-0.006599,0.071566,-0.012103,-0.039304,-0.876191,0.403548,-0.346883,-0.373392,-1.397289,0.008832,-0.269633,-0.899656,-0.145548,0.493870,-0.561305,1.291432,0.232434,0.024304,1
-0.028345,-0.088690,-0.023851,0.345495,-0.305325,0.008790,-0.030228,-0.051448,0.035957,0.438906,-0.431979,-0.006613,0.071566,-0.012095,-0.039309,-0.876107,0.403536,-0.346883,-0.373416,-1.397289,0.008832,-0.269633,-0.899668,-0.145536,0.493750,-0.561329,1.291420,0.232434,0.024304,1
-0.028345,-0.088690,-0.023838,0.345504,-0.305325,0.008790,-0.030236,-0.051465,0.035971,0.438923,-0.431979,-0.006613,0.071553,-0.012095,-0.039299,-0.875987,0.403536,-0.346871,-0.373416,-1.397277,0.008832,-0.269633,-0.899668,-0.145548,0.493774,-0.561377,1.291420,0.232434,0.024316,1
-0.028345,-0.088698,-0.023838,0.345504,-0.305329,0.008783,-0.030236,-0.051465,0.035971,0.438923,-0.431971,-0.006599,0.071526,-0.012103,-0.039294,-0.875843,0.403524,-0.346859,-0.373416,-1.397277,0.008844,-0.269621,-0.899656,-0.145548,0.493930,-0.561377,1.291444,0.232446,0.024316,1
-0.028336,-0.088690,-0.023851,0.345504,-0.305333,0.008804,-0.030219,-0.051474,0.035971,0.438923,-0.431971,-0.006599,0.071566,-0.012088,-0.039294,-0.875759,0.403512,-0.346859,-0.373416,-1.397325,0.008820,-0.269645,-0.899668,-0.145548,0.494170,-0.561401,1.291444,0.232434,0.024316,1
-0.028345,-0.088707,-0.023851,0.345504,-0.305341,0.008790,-0.030219,-0.051465,0.035957,0.438915,-0.431971,-0.006613,0.071540,-0.012103,-0.039294,-0.875675,0.403524,-0.346859,-0.373416,-1.397301,0.008820,-0.269645,-0.899680,-0.145560,0.494409,-0.561389,1.291432,0.232422,0.024316,1
-0.028345,-0.088698,-0.023838,0.345495,-0.305341,0.008790,-0.030236,-0.051474,0.035957,0.438932,-0.431983,-0.006606,0.071566,-0.012103,-0.039304,-0.875579,0.403512,-0.346847,-0.373416,-1.397301,0.008832,-0.269645,-0.899668,-0.145572,0.494745,-0.561425,1.291456,0.232446,0.024292,1
-0.028345,-0.088707,-0.023824,0.345504,-0.305341,0.008790,-0.030228,-0.051474,0.035957,0.438932,-0.431975,-0.006620,0.071540,-0.012110,-0.039299,-0.875520,0.403512,-0.346823,-0.373392,-1.397277,0.008832,-0.269645,-0.899668,-0.145572,0.494937,-0.561449,1.291456,0.232422,0.024292,1
-0.028345,-0.088707,-0.023797,0.345504,-0.305345,0.008783,-0.030219,-0.051465,0.035971,0.438940,-0.431983,-0.006606,0.071540,-0.012088,-0.039294,-0.875388,0.403512,-0.346800,-0.373392,-1.397289,0.008832,-0.269657,-0.899668,-0.145572,0.495032,-0.561461,1.291456,0.232434,0.024304,1
-0.028362,-0.088715,-0.023838,0.345487,-0.305337,0.008826,-0.030219,-0.051482,0.035944,0.438923,-0.431975,-0.006620,0.071540,-0.012088,-0.039294,-0.875292,0.403524,-0.346788,-0.373416,-1.397301,0.008832,-0.269669,-0.899668,-0.145560,0.495068,-0.561461,1.291444,0.232434,0.024304,1
-0.028353,-0.088715,-0.023864,0.345495,-0.305337,0.008826,-0.030219,-0.051474,0.035957,0.438932,-0.431983,-0.006606,0.071540,-0.012088,-0.039284,-0.875232,0.403536,-0.346752,-0.373416,-1.397277,0.008820,-0.269705,-0.899668,-0.145548,0.495032,-0.561461,1.291468,0.232434,0.024292,1
-0.028345,-0.088715,-0.023838,0.345495,-0.305345,0.008812,-0.030211,-0.051474,0.035984,0.438923,-0.431975,-0.006606,0.071540,-0.012103,-0.039304,-0.875088,0.403524,-0.346740,-0.373392,-1.397301,0.008832,-0.269693,-0.899668,-0.145560,0.494901,-0.561485,1.291444,0.232434,0.024304,1
-0.028353,-0.088724,-0.023864,0.345495,-0.305345,0.008826,-0.030185,-0.051474,0.035997,0.438932,-0.431979,-0.006613,0.071540,-0.012103,-0.039304,-0.874920,0.403500,-0.346728,-0.373416,-1.397313,0.008820,-0.269693,-0.899668,-0.145548,0.494793,-0.561485,1.291444,0.232434,0.024340,1
-0.028345,-0.088724,-0.023851,0.345504,-0.305349,0.008819,-0.030185,-0.051482,0.035944,0.438932,-0.431975,-0.006620,0.071566,-0.012080,-0.039299,-0.874836,0.403536,-0.346716,-0.373392,-1.397301,0.008832,-0.269693,-0.899644,-0.145536,0.494721,-0.561485,1.291456,0.232434,0.024304,1
-0.028353,-0.088741,-0.023864,0.345495,-0.305349,0.008819,-0.030194,-0.051474,0.035957,0.438949,-0.431975,-0.006620,0.071540,-0.012080,-0.039299,-0.874753,0.403536,-0.346704,-0.373416,-1.397325,0.008820,-0.269669,-0.899644,-0.145548,0.494661,-0.561485,1.291468,0.232446,0.024304,1
-0.028353,-0.088732,-0.023811,0.345495,-0.305354,0.008797,-0.030219,-0.051474,0.035971,0.438932,-0.431975,-0.006620,0.071540,-0.012072,-0.039314,-0.874681,0.403536,-0.346668,-0.373416,-1.397301,0.008844,-0.269681,-0.899644,-0.145560,0.494685,-0.561485,1.291444,0.232434,0.024304,1
-0.028353,-0.088749,-0.023811,0.345512,-0.305349,0.008819,-0.030194,-0.051465,0.035971,0.438940,-0.431983,-0.006606,0.071540,-0.012080,-0.039309,-0.874609,0.403536,-0.346632,-0.373416,-1.397313,0.008832,-0.269693,-0.899668,-0.145572,0.494733,-0.561485,1.291444,0.232434,0.024280,1
-0.028362,-0.088732,-0.023811,0.345487,-0.305349,0.008819,-0.030194,-0.051474,0.035971,0.438932,-0.431979,-0.006599,0.071540,-0.012065,-0.039309,-0.874525,0.403524,-0.346644,-0.373416,-1.397313,0.008832,-0.269681,-0.899644,-0.145548,0.494757,-0.561485,1.291468,0.232446,0.024280,1
-0.028353,-0.088732,-0.023811,0.345504,-0.305354,0.008811,-0.030185,-0.051482,0.035957,0.438923,-0.431983,-0.006606,0.071540,-0.012072,-0.039304,-0.874429,0.403536,-0.346632,-0.373416,-1.397277,0.008820,-0.269669,-0.899644,-0.145548,0.494697,-0.561485,1.291456,0.232434,0.024292,1
-0.028362,-0.088732,-0.023811,0.345495,-0.305362,0.008840,-0.030194,-0.051482,0.035971,0.438932,-0.431979,-0.006613,0.071566,-0.012103,-0.039314,-0.874285,0.403548,-0.346632,-0.373416,-1.397313,0.008820,-0.269693,-0.899644,-0.145560,0.494541,-0.561473,1.291468,0.232434,0.024292,1
-0.028353,-0.088732,-0.023864,0.345495,-0.305362,0.008840,-0.030185,-0.051482,0.035971,0.438923,-0.431975,-0.006620,0.071540,-0.012072,-0.039314,-0.874177,0.403560,-0.346620,-0.373416,-1.397301,0.008832,-0.269681,-0.899668,-0.145572,0.494433,-0.561461,1.291456,0.232434,0.024316,1
-0.028345,-0.088732,-0.023824,0.345495,-0.305358,0.008833,-0.030194,-0.051474,0.035957,0.438932,-0.431979,-0.006613,0.071566,-0.012072,-0.039314,-0.874034,0.403572,-0.346596,-0.373392,-1.397313,0.008820,-0.269669,-0.899644,-0.145584,0.494349,-0.561461,1.291456,0.232434,0.024292,1
-0.028345,-0.088732,-0.023851,0.345478,-0.305366,0.008848,-0.030177,-0.051474,0.035957,0.438932,-0.431987,-0.006584,0.071540,-0.012095,-0.039319,-0.873974,0.403596,-0.346584,-0.373392,-1.397301,0.008820,-0.269681,-0.899644,-0.145560,0.494265,-0.561473,1.291456,0.232422,0.024304,1
-0.028345,-0.088741,-0.023811,0.345495,-0.305358,0.008833,-0.030177,-0.051474,0.035971,0.438940,-0.431987,-0.006584,0.071540,-0.012110,-0.039299,-0.873890,0.403572,-0.346560,-0.373416,-1.397277,0.008820,-0.269693,-0.899644,-0.145560,0.494182,-0.561449,1.291444,0.232434,0.024304,1
-0.028370,-0.088741,-0.023784,0.345495,-0.305370,0.008855,-0.030177,-0.051482,0.035971,0.438915,-0.431991,-0.006591,0.071566,-0.012095,-0.039309,-0.873806,0.403596,-0.346548,-0.373416,-1.397277,0.008820,-0.269681,-0.899644,-0.145560,0.494146,-0.561437,1.291456,0.232434,0.024304,1
-0.028353,-0.088741,-0.023811,0.345495,-0.305370,0.008840,-0.030168,-0.051474,0.035957,0.438923,-0.431983,-0.006606,0.071566,-0.012095,-0.039309,-0.873722,0.403608,-0.346548,-0.373416,-1.397313,0.008820,-0.269705,-0.899668,-0.145572,0.494110,-0.561437,1.291468,0.232410,0.024304,1
-0.028353,-0.088741,-0.023824,0.345495,-0.305366,0.008848,-0.030177,-0.051474,0.035957,0.438906,-0.431979,-0.006613,0.071540,-0.012088,-0.039304,-0.873650,0.403608,-0.346548,-0.373416,-1.397313,0.008820,-0.269705,-0.899644,-0.145560,0.494074,-0.561413,1.291456,0.232434,0.024304,1
-0.028353,-0.088741,-0.023838,0.345504,-0.305370,0.008855,-0.030168,-0.051474,0.035984,0.438915,-0.431979,-0.006613,0.071566,-0.012095,-0.039309,-0.873554,0.403608,-0.346548,-0.373392,-1.397301,0.008820,-0.269693,-0.899656,-0.145572,0.494038,-0.561413,1.291456,0.232434,0.024280,1
-0.028353,-0.088724,-0.023811,0.345495,-0.305374,0.008862,-0.030151,-0.051474,0.035984,0.438906,-0.431979,-0.006599,0.071540,-0.012088,-0.039314,-0.873446,0.403608,-0.346548,-0.373416,-1.397313,0.008808,-0.269705,-0.899668,-0.145560,0.493978,-0.561389,1.291456,0.232434,0.024280,1
-0.028353,-0.088741,-0.023838,0.345495,-0.305366,0.008848,-0.030168,-0.051474,0.035957,0.438906,-0.431983,-0.006606,0.071553,-0.012080,-0.039319,-0.873338,0.403632,-0.346524,-0.373416,-1.397289,0.008820,-0.269705,-0.899668,-0.145548,0.493942,-0.561377,1.291456,0.232434,0.024292,1
-0.028362,-0.088741,-0.023824,0.345495,-0.305366,0.008862,-0.030151,-0.051465,0.035997,0.438906,-0.431983,-0.006606,0.071566,-0.012095,-0.039309,-0.873243,0.403632,-0.346536,-0.373416,-1.397313,0.008832,-0.269717,-0.899656,-0.145560,0.493906,-0.561377,1.291444,0.232434,0.024304,1
-0.028353,-0.088758,-0.023838,0.345495,-0.305370,0.008855,-0.030160,-0.051482,0.035984,0.438906,-0.431979,-0.006599,0.071566,-0.012088,-0.039314,-0.873159,0.403644,-0.346536,-0.373416,-1.397313,0.008808,-0.269717,-0.899668,-0.145560,0.493894,-0.561377,1.291444,0.232422,0.024304,1
-0.028353,-0.088749,-0.023838,0.345495,-0.305366,0.008862,-0.030160,-0.051465,0.035957,0.438906,-0.431983,-0.006606,0.071553,-0.012088,-0.039314,-0.873051,0.403656,-0.346536,-0.373405,-1.397289,0.008832,-0.269705,-0.899656,-0.145536,0.493894,-0.561377,1.291456,0.232422,0.024304,1
-0.028353,-0.088749,-0.023811,0.345495,-0.305378,0.008855,-0.030143,-0.051465,0.035957,0.438906,-0.431979,-0.006599,0.071566,-0.012088,-0.039324,-0.872979,0.403644,-0.346536,-0.373416,-1.397277,0.008820,-0.269717,-0.899668,-0.145548,0.493882,-0.561353,1.291456,0.232434,0.024304,1
-0.028345,-0.088749,-0.023811,0.345495,-0.305362,0.008855,-0.030151,-0.051482,0.035984,0.438932,-0.431983,-0.006606,0.071553,-0.012088,-0.039314,-0.872883,0.403644,-0.346536,-0.373428,-1.397289,0.008844,-0.269705,-0.899668,-0.145548,0.493906,-0.561353,1.291444,0.232422,0.024292,1
-0.028345,-0.088758,-0.023797,0.345495,-0.305374,0.008891,-0.030151,-0.051474,0.035957,0.438923,-0.431983,-0.006606,0.071540,-0.012080,-0.039309,-0.872811,0.403644,-0.346524,-0.373416,-1.397301,0.008820,-0.269705,-0.899644,-0.145548,0.493906,-0.561353,1.291456,0.232422,0.024316,1
-0.028345,-0.088766,-0.023797,0.345504,-0.305378,0.008884,-0.030151,-0.051482,0.035957,0.438923,-0.431975,-0.006606,0.071566,-0.012095,-0.039319,-0.872739,0.403656,-0.346524,-0.373392,-1.397313,0.008820,-0.269717,-0.899668,-0.145572,0.493906,-0.561365,1.291456,0.232422,0.024328,1
-0.028353,-0.088758,-0.023797,0.345495,-0.305370,0.008884,-0.030151,-0.051474,0.035971,0.438932,-0.431983,-0.006606,0.071553,-0.012065,-0.039319,-0.872667,0.403656,-0.346536,-0.373416,-1.397313,0.008820,-0.269729,-0.899644,-0.145560,0.493906,-0.561377,1.291444,0.232434,0.024292,1
-0.028353,-0.088766,-0.023811,0.345504,-0.305374,0.008891,-0.030160,-0.051474,0.035957,0.438906,-0.431983,-0.006606,0.071566,-0.012088,-0.039314,-0.872476,0.403656,-0.346524,-0.373428,-1.397277,0.008808,-0.269729,-0.899644,-0.145560,0.493930,-0.561341,1.291444,0.232422,0.024304,1
-0.028353,-0.088775,-0.023797,0.345504,-0.305378,0.008884,-0.030168,-0.051474,0.035971,0.438897,-0.431979,-0.006599,0.071540,-0.012072,-0.039314,-0.872416,0.403656,-0.346512,-0.373428,-1.397313,0.008820,-0.269717,-0.899644,-0.145572,0.493954,-0.561353,1.291444,0.232422,0.024304,1
-0.028353,-0.088766,-0.023824,0.345487,-0.305382,0.008891,-0.030168,-0.051465,0.035971,0.438880,-0.431983,-0.006606,0.071540,-0.012088,-0.039314,-0.872296,0.403656,-0.346524,-0.373428,-1.397301,0.008820,-0.269717,-0.899644,-0.145560,0.493978,-0.561353,1.291456,0.232434,0.024304,1
-0.028370,-0.088766,-0.023784,0.345495,-0.305387,0.008884,-0.030143,-0.051474,0.035971,0.438880,-0.431983,-0.006606,0.071540,-0.012095,-0.039309,-0.872212,0.403656,-0.346536,-0.373464,-1.397289,0.008832,-0.269729,-0.899644,-0.145560,0.494014,-0.561353,1.291456,0.232434,0.024304,1
-0.028362,-0.088775,-0.023811,0.345487,-0.305395,0.008884,-0.030151,-0.051448,0.035957,0.438889,-0.431983,-0.006606,0.071540,-0.012080,-0.039309,-0.872128,0.403680,-0.346536,-0.373452,-1.397289,0.008808,-0.269741,-0.899632,-0.145560,0.494062,-0.561329,1.291444,0.232434,0.024304,1
-0.028353,-0.088783,-0.023797,0.345487,-0.305387,0.008884,-0.030151,-0.051448,0.035997,0.438889,-0.431979,-0.006613,0.071540,-0.012088,-0.039304,-0.872068,0.403668,-0.346524,-0.373440,-1.397301,0.008808,-0.269753,-0.899644,-0.145560,0.494098,-0.561329,1.291468,0.232446,0.024304,1
-0.028353,-0.088775,-0.023824,0.345487,-0.305382,0.008877,-0.030151,-0.051482,0.035957,0.438897,-0.431979,-0.006613,0.071540,-0.012095,-0.039319,-0.872020,0.403656,-0.346524,-0.373464,-1.397313,0.008844,-0.269753,-0.899620,-0.145572,0.494134,-0.561329,1.291456,0.232434,0.024304,1
-0.028345,-0.088766,-0.023838,0.345495,-0.305382,0.008877,-0.030160,-0.051474,0.035971,0.438880,-0.431979,-0.006613,0.071526,-0.012072,-0.039304,-0.871960,0.403656,-0.346524,-0.373452,-1.397289,0.008820,-0.269741,-0.899632,-0.145560,0.494146,-0.561353,1.291456,0.232446,0.024304,1
-0.028370,-0.088766,-0.023838,0.345487,-0.305387,0.008884,-0.030143,-0.051482,0.035971,0.438897,-0.431987,-0.006613,0.071540,-0.012065,-0.039309,-0.871936,0.403668,-0.346536,-0.373464,-1.397289,0.008844,-0.269741,-0.899620,-0.145572,0.494182,-0.561341,1.291444,0.232458,0.024292,1
-0.028353,-0.088766,-0.023811,0.345504,-0.305382,0.008891,-0.030168,-0.051457,0.035957,0.438889,-0.431983,-0.006606,0.071540,-0.012095,-0.039309,-0.871912,0.403656,-0.346548,-0.373452,-1.397313,0.008820,-0.269765,-0.899620,-0.145572,0.494217,-0.561353,1.291456,0.232446,0.024280,1
-0.028345,-0.088766,-0.023811,0.345495,-0.305395,0.008869,-0.030168,-0.051474,0.035971,0.438889,-0.431983,-0.006606,0.071526,-0.012088,-0.039304,-0.871864,0.403680,-0.346572,-0.373452,-1.397301,0.008820,-0.269777,-0.899596,-0.145560,0.494265,-0.561341,1.291444,0.232458,0.024304,1
-0.028345,-0.088766,-0.023824,0.345470,-0.305399,0.008891,-0.030168,-0.051474,0.035957,0.438880,-0.431983,-0.006606,0.071553,-0.012088,-0.039314,-0.871840,0.403656,-0.346548,-0.373464,-1.397313,0.008820,-0.269765,-0.899608,-0.145560,0.494325,-0.561365,1.291444,0.232458,0.024304,1
-0.028353,-0.088766,-0.023824,0.345461,-0.305391,0.008905,-0.030168,-0.051465,0.035957,0.438889,-0.431979,-0.006599,0.071540,-0.012088,-0.039314,-0.871780,0.403656,-0.346548,-0.373476,-1.397289,0.008796,-0.269789,-0.899596,-0.145560,0.494349,-0.561341,1.291468,0.232482,0.024304,1
-0.028353,-0.088766,-0.023811,0.345470,-0.305395,0.008898,-0.030160,-0.051482,0.035971,0.438880,-0.431983,-0.006606,0.071540,-0.012072,-0.039314,-0.871733,0.403656,-0.346548,-0.373476,-1.397313,0.008808,-0.269777,-0.899584,-0.145560,0.494397,-0.561365,1.291444,0.232482,0.024304,1
-0.028370,-0.088766,-0.023838,0.345470,-0.305382,0.008920,-0.030168,-0.051474,0.035971,0.438880,-0.431983,-0.006606,0.071566,-0.012095,-0.039319,-0.871661,0.403644,-0.346548,-0.373476,-1.397301,0.008820,-0.269801,-0.899584,-0.145572,0.494421,-0.561365,1.291444,0.232494,0.024304,1
-0.028370,-0.088766,-0.023838,0.345470,-0.305382,0.008920,-0.030168,-0.051474,0.035984,0.438880,-0.431975,-0.006606,0.071540,-0.012080,-0.039309,-0.871613,0.403656,-0.346572,-0.373464,-1.397301,0.008808,-0.269777,-0.899584,-0.145548,0.494457,-0.561365,1.291444,0.232482,0.024316,1
-0.028370,-0.088775,-0.023797,0.345470,-0.305395,0.008898,-0.030177,-0.051482,0.035944,0.438880,-0.431971,-0.006613,0.071566,-0.012065,-0.039299,-0.871565,0.403656,-0.346596,-0.373476,-1.397301,0.008832,-0.269765,-0.899584,-0.145560,0.494445,-0.561353,1.291456,0.232506,0.024340,1
-0.028353,-0.088766,-0.023797,0.345470,-0.305391,0.008876,-0.030177,-0.051482,0.035957,0.438889,-0.431975,-0.006620,0.071566,-0.012088,-0.039314,-0.871565,0.403656,-0.346596,-0.373476,-1.397313,0.008832,-0.269789,-0.899560,-0.145548,0.494469,-0.561365,1.291432,0.232518,0.024352,1
-0.028345,-0.088775,-0.023811,0.345470,-0.305395,0.008898,-0.030177,-0.051482,0.035997,0.438889,-0.431975,-0.006606,0.071553,-0.012072,-0.039314,-0.871565,0.403644,-0.346596,-0.373464,-1.397313,0.008832,-0.269789,-0.899548,-0.145560,0.494481,-0.561377,1.291444,0.232530,0.024352,1
-0.028362,-0.088766,-0.023811,0.345470,-0.305395,0.008898,-0.030160,-0.051474,0.035971,0.438880,-0.431983,-0.006606,0.071540,-0.012080,-0.039309,-0.871529,0.403680,-0.346596,-0.373488,-1.397289,0.008844,-0.269789,-0.899548,-0.145560,0.494493,-0.561377,1.291456,0.232518,0.024340,1
-0.028345,-0.088766,-0.023797,0.345461,-0.305395,0.008898,-0.030160,-0.051474,0.035957,0.438863,-0.431983,-0.006606,0.071540,-0.012088,-0.039314,-0.871529,0.403656,-0.346608,-0.373464,-1.397289,0.008856,-0.269777,-0.899548,-0.145572,0.494505,-0.561365,1.291444,0.232530,0.024328,1
-0.028345,-0.088775,-0.023784,0.345461,-0.305391,0.008905,-0.030168,-0.051474,0.035984,0.438863,-0.431983,-0.006606,0.071553,-0.012080,-0.039309,-0.871517,0.403680,-0.346620,-0.373464,-1.397301,0.008832,-0.269789,-0.899560,-0.145572,0.494529,-0.561377,1.291444,0.232542,0.024328,1
-0.028345,-0.088766,-0.023824,0.345461,-0.305382,0.008891,-0.030168,-0.051474,0.035971,0.438889,-0.431983,-0.006606,0.071553,-0.012065,-0.039299,-0.871469,0.403656,-0.346596,-0.373488,-1.397289,0.008844,-0.269789,-0.899548,-0.145572,0.494517,-0.561365,1.291444,0.232542,0.024340,1
-0.028345,-0.088766,-0.023838,0.345461,-0.305391,0.008905,-0.030151,-0.051474,0.035971,0.438889,-0.431983,-0.006606,0.071566,-0.012065,-0.039299,-0.871409,0.403656,-0.346596,-0.373464,-1.397277,0.008832,-0.269777,-0.899548,-0.145548,0.494505,-0.561353,1.291456,0.232542,0.024328,1
-0.028353,-0.088766,-0.023824,0.345478,-0.305391,0.008905,-0.030177,-0.051482,0.035957,0.438906,-0.431983,-0.006606,0.071540,-0.012080,-0.039299,-0.871373,0.403656,-0.346608,-0.373476,-1.397313,0.008832,-0.269789,-0.899536,-0.145572,0.494505,-0.561365,1.291444,0.232566,0.024328,1
-0.028353,-0.088766,-0.023824,0.345461,-0.305395,0.008898,-0.030168,-0.051465,0.035971,0.438880,-0.431983,-0.006606,0.071540,-0.012072,-0.039304,-0.871361,0.403668,-0.346608,-0.373464,-1.397289,0.008832,-0.269789,-0.899536,-0.145560,0.494517,-0.561353,1.291456,0.232566,0.024328,1
-0.028345,-0.088775,-0.023797,0.345461,-0.305399,0.008905,-0.030168,-0.051482,0.035971,0.438880,-0.431987,-0.006613,0.071540,-0.012080,-0.039309,-0.871313,0.403668,-0.346632,-0.373452,-1.397289,0.008832,-0.269777,-0.899536,-0.145572,0.494505,-0.561377,1.291432,0.232566,0.024328,1
-0.028362,-0.088775,-0.023811,0.345452,-0.305403,0.008927,-0.030168,-0.051482,0.035984,0.438855,-0.431987,-0.006613,0.071566,-0.012057,-0.039304,-0.871301,0.403680,-0.346632,-0.373464,-1.397301,0.008844,-0.269789,-0.899524,-0.145560,0.494505,-0.561365,1.291444,0.232578,0.024328,1
-0.028370,-0.088766,-0.023797,0.345452,-0.305403,0.008913,-0.030160,-0.051482,0.035957,0.438846,-0.431983,-0.006606,0.071566,-0.012072,-0.039294,-0.871277,0.403668,-0.346632,-0.373488,-1.397301,0.008832,-0.269801,-0.899536,-0.145548,0.494505,-0.561377,1.291444,0.232590,0.024304,1
-0.028370,-0.088783,-0.023797,0.345461,-0.305399,0.008905,-0.030160,-0.051482,0.035957,0.438863,-0.431983,-0.006606,0.071553,-0.012072,-0.039304,-0.871265,0.403668,-0.346644,-0.373488,-1.397325,0.008820,-0.269777,-0.899536,-0.145572,0.494505,-0.561353,1.291444,0.232578,0.024304,1
-0.028370,-0.088766,-0.023784,0.345444,-0.305399,0.008905,-0.030160,-0.051482,0.035984,0.438863,-0.431983,-0.006606,0.071553,-0.012080,-0.039299,-0.871241,0.403656,-0.346644,-0.373488,-1.397313,0.008832,-0.269789,-0.899524,-0.145560,0.494505,-0.561341,1.291444,0.232566,0.024316,1
-0.028353,-0.088766,-0.023811,0.345435,-0.305391,0.008905,-0.030168,-0.051482,0.035957,0.438880,-0.431983,-0.006606,0.071566,-0.012088,-0.039294,-0.871217,0.403680,-0.346644,-0.373464,-1.397313,0.008844,-0.269777,-0.899524,-0.145572,0.494505,-0.561365,1.291456,0.232578,0.024328,1
-0.028362,-0.088766,-0.023811,0.345435,-0.305411,0.008898,-0.030160,-0.051482,0.035957,0.438889,-0.431975,-0.006591,0.071566,-0.012065,-0.039289,-0.871217,0.403680,-0.346644,-0.373464,-1.397301,0.008856,-0.269789,-0.899512,-0.145584,0.494505,-0.561365,1.291456,0.232590,0.024328,1
-0.028353,-0.088766,-0.023838,0.345435,-0.305403,0.008913,-0.030160,-0.051482,0.035984,0.438897,-0.431979,-0.006599,0.071566,-0.012072,-0.039304,-0.871181,0.403656,-0.346644,-0.373440,-1.397301,0.008844,-0.269789,-0.899536,-0.145560,0.494505,-0.561341,1.291456,0.232578,0.024316,1
-0.028345,-0.088766,-0.023811,0.345435,-0.305395,0.008898,-0.030151,-0.051482,0.035957,0.438880,-0.431983,-0.006606,0.071553,-0.012065,-0.039299,-0.871157,0.403668,-0.346644,-0.373488,-1.397301,0.008844,-0.269789,-0.899524,-0.145560,0.494505,-0.561353,1.291456,0.232590,0.024304,1
-0.028353,-0.088766,-0.023797,0.345435,-0.305386,0.008913,-0.030168,-0.051482,0.035957,0.438880,-0.431975,-0.006620,0.071553,-0.012080,-0.039289,-0.871121,0.403704,-0.346656,-0.373476,-1.397289,0.008856,-0.269789,-0.899524,-0.145572,0.494493,-0.561353,1.291444,0.232590,0.024304,1
-0.028345,-0.088766,-0.023811,0.345427,-0.305403,0.008913,-0.030168,-0.051465,0.035984,0.438863,-0.431979,-0.006628,0.071553,-0.012065,-0.039299,-0.871121,0.403692,-0.346656,-0.373488,-1.397277,0.008856,-0.269801,-0.899524,-0.145560,0.494505,-0.561341,1.291456,0.232590,0.024316,1
-0.028345,-0.088783,-0.023811,0.345427,-0.305407,0.008920,-0.030160,-0.051482,0.035997,0.438855,-0.431983,-0.006620,0.071540,-0.012065,-0.039309,-0.871097,0.403692,-0.346644,-0.373464,-1.397313,0.008844,-0.269777,-0.899512,-0.145572,0.494505,-0.561365,1.291456,0.232578,0.024304,1
-0.028345,-0.088766,-0.023797,0.345427,-0.305411,0.008898,-0.030151,-0.051474,0.035957,0.438846,-0.431979,-0.006613,0.071540,-0.012080,-0.039289,-0.871085,0.403704,-0.346656,-0.373488,-1.397277,0.008856,-0.269801,-0.899524,-0.145572,0.494505,-0.561341,1.291468,0.232602,0.024328,1
-0.028345,-0.088775,-0.023797,0.345427,-0.305403,0.008913,-0.030168,-0.051482,0.035984,0.438880,-0.431975,-0.006620,0.071553,-0.012095,-0.039299,-0.871073,0.403692,-0.346656,-0.373488,-1.397289,0.008856,-0.269813,-0.899524,-0.145572,0.494493,-0.561353,1.291456,0.232590,0.024340,1
-0.028328,-0.088783,-0.023797,0.345410,-0.305395,0.008898,-0.030160,-0.051482,0.035957,0.438863,-0.431983,-0.006606,0.071540,-0.012057,-0.039304,-0.871049,0.403692,-0.346644,-0.373488,-1.397313,0.008868,-0.269777,-0.899500,-0.145560,0.494481,-0.561353,1.291444,0.232590,0.024316,1
-0.028353,-0.088766,-0.023811,0.345427,-0.305395,0.008898,-0.030143,-0.051482,0.035957,0.438880,-0.431979,-0.006613,0.071540,-0.012057,-0.039304,-0.871049,0.403704,-0.346656,-0.373488,-1.397301,0.008868,-0.269801,-0.899500,-0.145572,0.494469,-0.561377,1.291444,0.232578,0.024328,1
-0.028353,-0.088783,-0.023838,0.345444,-0.305403,0.008913,-0.030143,-0.051482,0.035957,0.438880,-0.431979,-0.006613,0.071540,-0.012050,-0.039309,-0.871026,0.403692,-0.346656,-0.373488,-1.397289,0.008868,-0.269801,-0.899488,-0.145560,0.494445,-0.561365,1.291468,0.232590,0.024328,1
-0.028345,-0.088775,-0.023824,0.345410,-0.305391,0.008905,-0.030151,-0.051482,0.035957,0.438897,-0.431975,-0.006620,0.071540,-0.012065,-0.039309,-0.871026,0.403704,-0.346644,-0.373488,-1.397313,0.008868,-0.269789,-0.899500,-0.145572,0.494445,-0.561377,1.291456,0.232590,0.024328,1
-0.028362,-0.088775,-0.023811,0.345410,-0.305407,0.008891,-0.030160,-0.051482,0.035971,0.438889,-0.431975,-0.006620,0.071540,-0.012072,-0.039304,-0.871013,0.403704,-0.346680,-0.373488,-1.397301,0.008868,-0.269789,-0.899500,-0.145572,0.494421,-0.561353,1.291456,0.232590,0.024328,1
-0.028336,-0.088758,-0.023811,0.345418,-0.305403,0.008913,-0.030160,-0.051482,0.035997,0.438880,-0.431975,-0.006606,0.071553,-0.012065,-0.039319,-0.871001,0.403704,-0.346656,-0.373488,-1.397325,0.008880,-0.269789,-0.899500,-0.145572,0.494409,-0.561365,1.291468,0.232602,0.024328,1
-0.028345,-0.088766,-0.023811,0.345410,-0.305395,0.008898,-0.030160,-0.051482,0.035971,0.438880,-0.431979,-0.006613,0.071540,-0.012072,-0.039304,-0.871013,0.403728,-0.346668,-0.373500,-1.397313,0.008880,-0.269801,-0.899500,-0.145572,0.494397,-0.561365,1.291444,0.232590,0.024316,1
-0.028353,-0.088766,-0.023797,0.345401,-0.305395,0.008913,-0.030151,-0.051482,0.035957,0.438872,-0.431979,-0.006613,0.071540,-0.012072,-0.039304,-0.871001,0.403704,-0.346656,-0.373488,-1.397289,0.008880,-0.269801,-0.899500,-0.145560,0.494385,-0.561353,1.291456,0.232590,0.024328,1
-0.028336,-0.088766,-0.023784,0.345384,-0.305399,0.008920,-0.030143,-0.051465,0.035971,0.438838,-0.431979,-0.006613,0.071540,-0.012072,-0.039294,-0.870990,0.403692,-0.346668,-0.373500,-1.397313,0.008880,-0.269777,-0.899500,-0.145560,0.494385,-0.561389,1.291456,0.232590,0.024316,1
-0.028362,-0.088775,-0.023811,0.345393,-0.305403,0.008913,-0.030160,-0.051474,0.035957,0.438863,-0.431979,-0.006599,0.071566,-0.012065,-0.039309,-0.871001,0.403704,-0.346668,-0.373500,-1.397325,0.008904,-0.269801,-0.899500,-0.145560,0.494373,-0.561353,1.291444,0.232590,0.024328,1
-0.028362,-0.088766,-0.023811,0.345384,-0.305403,0.008913,-0.030160,-0.051474,0.035984,0.438863,-0.431983,-0.006606,0.071540,-0.012072,-0.039314,-0.871013,0.403704,-0.346680,-0.373500,-1.397313,0.008904,-0.269801,-0.899488,-0.145584,0.494361,-0.561365,1.291444,0.232590,0.024328,1
-0.028370,-0.088766,-0.023824,0.345384,-0.305416,0.008905,-0.030143,-0.051474,0.035957,0.438880,-0.431983,-0.006606,0.071540,-0.012057,-0.039314,-0.871001,0.403692,-0.346680,-0.373524,-1.397313,0.008916,-0.269801,-0.899500,-0.145584,0.494361,-0.561365,1.291456,0.232590,0.024328,1
-0.028370,-0.088766,-0.023811,0.345376,-0.305403,0.008913,-0.030160,-0.051482,0.035957,0.438855,-0.431979,-0.006613,0.071540,-0.012080,-0.039309,-0.871001,0.403704,-0.346668,-0.373488,-1.397313,0.008904,-0.269801,-0.899488,-0.145584,0.494337,-0.561353,1.291456,0.232590,0.024316,1
-0.028370,-0.088766,-0.023811,0.345376,-0.305403,0.008913,-0.030160,-0.051482,0.035957,0.438855,-0.431979,-0.006613,0.071540,-0.012080,-0.039309,-0.871001,0.403704,-0.346668,-0.373488,-1.397313,0.008904,-0.269801,-0.899488,-0.145584,0.494337,-0.561353,1.291456,0.232590,0.024316,1
-0.028353,-0.088766,-0.023797,0.345384,-0.305403,0.008913,-0.030160,-0.051482,0.035984,0.438846,-0.431979,-0.006613,0.071566,-0.012072,-0.039294,-0.870978,0.403704,-0.346692,-0.373500,-1.397313,0.008916,-0.269801,-0.899500,-0.145596,0.494337,-0.561377,1.291480,0.232590,0.024316,1
-0.028345,-0.088766,-0.023811,0.345384,-0.305403,0.008913,-0.030151,-0.051474,0.035971,0.438846,-0.431975,-0.006620,0.071513,-0.012050,-0.039299,-0.870990,0.403716,-0.346692,-0.373512,-1.397325,0.008916,-0.269801,-0.899500,-0.145620,0.494337,-0.561365,1.291468,0.232590,0.024316,1
-0.028336,-0.088766,-0.023811,0.345384,-0.305411,0.008927,-0.030168,-0.051465,0.035957,0.438863,-0.431975,-0.006620,0.071540,-0.012050,-0.039289,-0.871001,0.403704,-0.346692,-0.373500,-1.397289,0.008928,-0.269801,-0.899500,-0.145596,0.494337,-0.561353,1.291468,0.232590,0.024328,1
-0.028310,-0.088775,-0.023824,0.345376,-0.305411,0.008927,-0.030160,-0.051482,0.035971,0.438863,-0.431979,-0.006613,0.071540,-0.012057,-0.039294,-0.870978,0.403704,-0.346704,-0.373500,-1.397313,0.008940,-0.269813,-0.899500,-0.145596,0.494361,-0.561341,1.291468,0.232578,0.024316,1
-0.028310,-0.088766,-0.023824,0.345367,-0.305403,0.008927,-0.030168,-0.051482,0.035997,0.438863,-0.431975,-0.006620,0.071566,-0.012057,-0.039304,-0.871001,0.403704,-0.346704,-0.373488,-1.397313,0.008928,-0.269801,-0.899512,-0.145596,0.494361,-0.561353,1.291468,0.232590,0.024304,1
-0.028336,-0.088775,-0.023824,0.345367,-0.305407,0.008905,-0.030151,-0.051482,0.035957,0.438863,-0.431975,-0.006620,0.071566,-0.012042,-0.039304,-0.870978,0.403728,-0.346680,-0.373488,-1.397289,0.008928,-0.269837,-0.899488,-0.145596,0.494349,-0.561353,1.291468,0.232590,0.024328,1
-0.028345,-0.088775,-0.023811,0.345376,-0.305403,0.008913,-0.030160,-0.051482,0.035971,0.438855,-0.431979,-0.006613,0.071540,-0.012057,-0.039294,-0.870978,0.403704,-0.346704,-0.373500,-1.397301,0.008940,-0.269801,-0.899524,-0.145596,0.494349,-0.561353,1.291456,0.232590,0.024328,1
-0.028353,-0.088766,-0.023797,0.345367,-0.305407,0.008905,-0.030143,-0.051491,0.035971,0.438846,-0.431979,-0.006613,0.071540,-0.012027,-0.039284,-0.871001,0.403704,-0.346704,-0.373512,-1.397313,0.008940,-0.269801,-0.899488,-0.145608,0.494373,-0.561353,1.291468,0.232578,0.024328,1
-0.028353,-0.088775,-0.023824,0.345367,-0.305403,0.008913,-0.030160,-0.051482,0.035971,0.438863,-0.431987,-0.006628,0.071553,-0.012050,-0.039299,-0.871001,0.403704,-0.346692,-0.373500,-1.397313,0.008952,-0.269813,-0.899500,-0.145608,0.494361,-0.561341,1.291456,0.232590,0.024316,1
-0.028370,-0.088775,-0.023797,0.345367,-0.305407,0.008905,-0.030160,-0.051482,0.035984,0.438863,-0.431975,-0.006620,0.071566,-0.012034,-0.039289,-0.870990,0.403704,-0.346716,-0.373500,-1.397325,0.008940,-0.269813,-0.899512,-0.145596,0.494373,-0.561341,1.291468,0.232578,0.024316,1
-0.028353,-0.088766,-0.023784,0.345359,-0.305407,0.008905,-0.030168,-0.051482,0.035971,0.438863,-0.431979,-0.006613,0.071553,-0.012065,-0.039299,-0.871001,0.403704,-0.346704,-0.373488,-1.397325,0.008940,-0.269813,-0.899488,-0.145584,0.494385,-0.561329,1.291468,0.232590,0.024304,1
-0.028353,-0.088775,-0.023811,0.345359,-0.305415,0.008920,-0.030151,-0.051482,0.035971,0.438863,-0.431979,-0.006613,0.071553,-0.012050,-0.039289,-0.871001,0.403704,-0.346716,-0.373500,-1.397325,0.008952,-0.269801,-0.899512,-0.145596,0.494385,-0.561365,1.291468,0.232590,0.024316,1
-0.028353,-0.088766,-0.023797,0.345359,-0.305411,0.008927,-0.030168,-0.051499,0.035984,0.438863,-0.431979,-0.006613,0.071566,-0.012057,-0.039294,-0.871001,0.403704,-0.346704,-0.373512,-1.397337,0.008952,-0.269813,-0.899500,-0.145620,0.494397,-0.561329,1.291468,0.232590,0.024316,1
-0.028353,-0.088766,-0.023824,0.345350,-0.305403,0.008913,-0.030151,-0.051499,0.035971,0.438863,-0.431979,-0.006613,0.071553,-0.012027,-0.039284,-0.871013,0.403716,-0.346704,-0.373488,-1.397325,0.008940,-0.269789,-0.899488,-0.145596,0.494397,-0.561341,1.291468,0.232590,0.024316,1
-0.028345,-0.088766,-0.023797,0.345350,-0.305407,0.008920,-0.030160,-0.051491,0.035957,0.438863,-0.431979,-0.006628,0.071553,-0.012012,-0.039274,-0.871026,0.403716,-0.346716,-0.373512,-1.397313,0.008952,-0.269801,-0.899512,-0.145608,0.494397,-0.561329,1.291468,0.232590,0.024328,1
-0.028345,-0.088766,-0.023797,0.345342,-0.305407,0.008920,-0.030143,-0.051482,0.035957,0.438863,-0.431983,-0.006606,0.071566,-0.012019,-0.039269,-0.871037,0.403716,-0.346704,-0.373512,-1.397325,0.008940,-0.269801,-0.899512,-0.145584,0.494421,-0.561305,1.291468,0.232602,0.024316,1
-0.028345,-0.088766,-0.023797,0.345342,-0.305411,0.008927,-0.030151,-0.051474,0.035984,0.438880,-0.431975,-0.006620,0.071540,-0.012019,-0.039269,-0.871049,0.403728,-0.346704,-0.373500,-1.397325,0.008952,-0.269813,-0.899524,-0.145596,0.494421,-0.561305,1.291468,0.232578,0.024304,1
-0.028353,-0.088766,-0.023797,0.345325,-0.305411,0.008927,-0.030160,-0.051482,0.035957,0.438880,-0.431983,-0.006620,0.071540,-0.012004,-0.039269,-0.871073,0.403704,-0.346704,-0.373488,-1.397301,0.008952,-0.269801,-0.899512,-0.145608,0.494421,-0.561293,1.291480,0.232590,0.024292,1
-0.028345,-0.088775,-0.023811,0.345342,-0.305420,0.008913,-0.030151,-0.051482,0.035957,0.438880,-0.431975,-0.006606,0.071553,-0.012012,-0.039274,-0.871073,0.403692,-0.346704,-0.373500,-1.397325,0.008952,-0.269813,-0.899524,-0.145584,0.494421,-0.561293,1.291480,0.232602,0.024328,1
-0.028353,-0.088775,-0.023838,0.345325,-0.305411,0.008913,-0.030143,-0.051482,0.035984,0.438880,-0.431983,-0.006606,0.071566,-0.012027,-0.039264,-0.871061,0.403728,-0.346704,-0.373512,-1.397325,0.008952,-0.269813,-0.899524,-0.145596,0.494421,-0.561293,1.291504,0.232566,0.024328,1
-0.028353,-0.088766,-0.023811,0.345325,-0.305416,0.008905,-0.030151,-0.051474,0.035984,0.438855,-0.431983,-0.006606,0.071566,-0.012027,-0.039274,-0.871061,0.403704,-0.346704,-0.373500,-1.397325,0.008952,-0.269801,-0.899512,-0.145596,0.494421,-0.561293,1.291492,0.232602,0.024316,1
-0.028362,-0.088766,-0.023838,0.345308,-0.305399,0.008920,-0.030143,-0.051474,0.035971,0.438863,-0.431983,-0.006606,0.071566,-0.012019,-0.039279,-0.871073,0.403716,-0.346704,-0.373500,-1.397325,0.008952,-0.269813,-0.899536,-0.145608,0.494433,-0.561269,1.291468,0.232590,0.024316,1
-0.028353,-0.088766,-0.023811,0.345325,-0.305411,0.008927,-0.030151,-0.051508,0.035971,0.438846,-0.431975,-0.006620,0.071553,-0.012004,-0.039269,-0.871073,0.403716,-0.346692,-0.373488,-1.397313,0.008952,-0.269813,-0.899512,-0.145608,0.494433,-0.561269,1.291468,0.232590,0.024316,1
-0.028353,-0.088766,-0.023811,0.345325,-0.305411,0.008942,-0.030151,-0.051474,0.035971,0.438855,-0.431979,-0.006613,0.071566,-0.012004,-0.039279,-0.871073,0.403704,-0.346716,-0.373512,-1.397325,0.008952,-0.269813,-0.899524,-0.145608,0.494421,-0.561281,1.291492,0.232590,0.024304,1
-0.028353,-0.088758,-0.023811,0.345308,-0.305411,0.008927,-0.030160,-0.051482,0.035971,0.438863,-0.431975,-0.006606,0.071540,-0.011974,-0.039259,-0.871073,0.403704,-0.346692,-0.373500,-1.397325,0.008976,-0.269813,-0.899524,-0.145608,0.494421,-0.561269,1.291492,0.232590,0.024316,1
-0.028362,-0.088766,-0.023797,0.345308,-0.305411,0.008927,-0.030143,-0.051474,0.035984,0.438863,-0.431979,-0.006613,0.071540,-0.011981,-0.039254,-0.871085,0.403704,-0.346716,-0.373488,-1.397313,0.008964,-0.269813,-0.899536,-0.145632,0.494421,-0.561269,1.291492,0.232590,0.024316,1
-0.028353,-0.088775,-0.023811,0.345325,-0.305407,0.008934,-0.030126,-0.051474,0.035971,0.438863,-0.431979,-0.006613,0.071540,-0.011974,-0.039259,-0.871097,0.403704,-0.346692,-0.373500,-1.397313,0.008976,-0.269813,-0.899536,-0.145608,0.494433,-0.561233,1.291492,0.232590,0.024292,1
-0.028362,-0.088766,-0.023811,0.345325,-0.305411,0.008927,-0.030151,-0.051482,0.035944,0.438872,-0.431979,-0.006613,0.071566,-0.011981,-0.039254,-0.871073,0.403704,-0.346704,-0.373500,-1.397325,0.008976,-0.269801,-0.899536,-0.145608,0.494409,-0.561269,1.291480,0.232590,0.024304,1
-0.028370,-0.088766,-0.023811,0.345299,-0.305411,0.008927,-0.030143,-0.051482,0.035971,0.438863,-0.431983,-0.006606,0.071566,-0.011966,-0.039244,-0.871085,0.403668,-0.346692,-0.373512,-1.397325,0.008988,-0.269813,-0.899548,-0.145608,0.494421,-0.561269,1.291492,0.232590,0.024304,1
-0.028370,-0.088775,-0.023784,0.345308,-0.305415,0.008934,-0.030143,-0.051482,0.035957,0.438880,-0.431979,-0.006599,0.071540,-0.011981,-0.039254,-0.871073,0.403692,-0.346692,-0.373524,-1.397325,0.008988,-0.269801,-0.899560,-0.145608,0.494421,-0.561257,1.291528,0.232590,0.024304,1
-0.028362,-0.088775,-0.023797,0.345299,-0.305407,0.008949,-0.030134,-0.051482,0.035997,0.438889,-0.431983,-0.006606,0.071540,-0.011951,-0.039234,-0.871085,0.403692,-0.346716,-0.373500,-1.397325,0.009000,-0.269813,-0.899560,-0.145632,0.494433,-0.561233,1.291516,0.232578,0.024304,1
-0.028353,-0.088775,-0.023811,0.345299,-0.305403,0.008942,-0.030143,-0.051474,0.035984,0.438889,-0.431975,-0.006620,0.071540,-0.011943,-0.039229,-0.871085,0.403704,-0.346728,-0.373524,-1.397325,0.009000,-0.269813,-0.899560,-0.145608,0.494445,-0.561245,1.291528,0.232590,0.024316,1
-0.028353,-0.088766,-0.023797,0.345282,-0.305415,0.008934,-0.030151,-0.051491,0.035971,0.438880,-0.431971,-0.006613,0.071540,-0.011928,-0.039219,-0.871073,0.403680,-0.346716,-0.373524,-1.397325,0.009024,-0.269813,-0.899572,-0.145632,0.494421,-0.561233,1.291540,0.232590,0.024316,1
-0.028362,-0.088783,-0.023824,0.345291,-0.305411,0.008927,-0.030151,-0.051482,0.035971,0.438855,-0.431975,-0.006620,0.071540,-0.011936,-0.039224,-0.871085,0.403656,-0.346716,-0.373524,-1.397325,0.009012,-0.269801,-0.899584,-0.145620,0.494421,-0.561269,1.291540,0.232590,0.024316,1
-0.028353,-0.088792,-0.023824,0.345291,-0.305420,0.008927,-0.030134,-0.051482,0.035971,0.438846,-0.431979,-0.006599,0.071566,-0.011943,-0.039229,-0.871073,0.403668,-0.346740,-0.373500,-1.397325,0.009012,-0.269801,-0.899584,-0.145608,0.494421,-0.561257,1.291552,0.232590,0.024304,1
-0.028353,-0.088775,-0.023838,0.345291,-0.305411,0.008927,-0.030143,-0.051482,0.035984,0.438855,-0.431983,-0.006606,0.071540,-0.011935,-0.039214,-0.871085,0.403668,-0.346728,-0.373512,-1.397325,0.009036,-0.269813,-0.899596,-0.145632,0.494433,-0.561257,1.291564,0.232590,0.024304,1
-0.028353,-0.088775,-0.023824,0.345291,-0.305411,0.008956,-0.030151,-0.051499,0.035997,0.438863,-0.431983,-0.006606,0.071553,-0.011935,-0.039214,-0.871097,0.403680,-0.346740,-0.373536,-1.397325,0.009048,-0.269813,-0.899596,-0.145632,0.494421,-0.561257,1.291564,0.232590,0.024316,1
-0.028353,-0.088783,-0.023811,0.345291,-0.305407,0.008949,-0.030151,-0.051482,0.035971,0.438863,-0.431983,-0.006620,0.071566,-0.011928,-0.039219,-0.871121,0.403680,-0.346740,-0.373512,-1.397325,0.009048,-0.269813,-0.899596,-0.145632,0.494421,-0.561269,1.291576,0.232578,0.024304,1
-0.028353,-0.088766,-0.023771,0.345291,-0.305411,0.008942,-0.030151,-0.051482,0.035984,0.438880,-0.431983,-0.006620,0.071566,-0.011920,-0.039204,-0.871121,0.403656,-0.346728,-0.373524,-1.397325,0.009048,-0.269801,-0.899620,-0.145656,0.494421,-0.561269,1.291564,0.232590,0.024316,1
-0.028370,-0.088766,-0.023797,0.345291,-0.305420,0.008927,-0.030134,-0.051482,0.035971,0.438897,-0.431979,-0.006628,0.071566,-0.011928,-0.039219,-0.871109,0.403656,-0.346728,-0.373548,-1.397325,0.009072,-0.269813,-0.899608,-0.145632,0.494445,-0.561233,1.291576,0.232590,0.024304,1
-0.028353,-0.088775,-0.023824,0.345282,-0.305420,0.008942,-0.030143,-0.051482,0.035971,0.438897,-0.431979,-0.006613,0.071566,-0.011935,-0.039204,-0.871097,0.403656,-0.346752,-0.373512,-1.397337,0.009096,-0.269813,-0.899620,-0.145644,0.494445,-0.561269,1.291600,0.232590,0.024316,1
-0.028353,-0.088758,-0.023838,0.345291,-0.305415,0.008934,-0.030151,-0.051499,0.035971,0.438880,-0.431975,-0.006620,0.071553,-0.011935,-0.039214,-0.871073,0.403644,-0.346776,-0.373524,-1.397337,0.009108,-0.269813,-0.899620,-0.145644,0.494445,-0.561281,1.291588,0.232578,0.024328,1
-0.028353,-0.088775,-0.023838,0.345273,-0.305415,0.008934,-0.030151,-0.051482,0.035971,0.438863,-0.431975,-0.006620,0.071540,-0.011913,-0.039219,-0.871097,0.403644,-0.346788,-0.373524,-1.397337,0.009120,-0.269813,-0.899632,-0.145620,0.494457,-0.561269,1.291612,0.232554,0.024328,1
-0.028353,-0.088783,-0.023811,0.345273,-0.305407,0.008949,-0.030151,-0.051482,0.035971,0.438855,-0.431983,-0.006606,0.071566,-0.011943,-0.039209,-0.871109,0.403632,-0.346800,-0.373536,-1.397313,0.009120,-0.269813,-0.899632,-0.145632,0.494457,-0.561269,1.291600,0.232590,0.024328,1
-0.028353,-0.088766,-0.023838,0.345265,-0.305407,0.008949,-0.030134,-0.051482,0.035957,0.438855,-0.431983,-0.006620,0.071540,-0.011928,-0.039219,-0.871097,0.403632,-0.346812,-0.373548,-1.397325,0.009132,-0.269825,-0.899632,-0.145644,0.494457,-0.561269,1.291600,0.232590,0.024340,1
-0.028353,-0.088766,-0.023811,0.345273,-0.305415,0.008949,-0.030151,-0.051491,0.035957,0.438863,-0.431983,-0.006606,0.071566,-0.011928,-0.039229,-0.871097,0.403632,-0.346823,-0.373536,-1.397325,0.009132,-0.269813,-0.899632,-0.145620,0.494457,-0.561257,1.291600,0.232590,0.024316,1
-0.028345,-0.088775,-0.023811,0.345265,-0.305407,0.008949,-0.030151,-0.051491,0.035984,0.438872,-0.431983,-0.006606,0.071540,-0.011951,-0.039234,-0.871097,0.403620,-0.346823,-0.373548,-1.397325,0.009156,-0.269813,-0.899644,-0.145644,0.494481,-0.561269,1.291612,0.232590,0.024340,1
-0.028353,-0.088792,-0.023824,0.345265,-0.305411,0.008971,-0.030151,-0.051491,0.035971,0.438863,-0.431987,-0.006613,0.071540,-0.011936,-0.039224,-0.871085,0.403620,-0.346835,-0.373524,-1.397337,0.009180,-0.269813,-0.899644,-0.145632,0.494469,-0.561281,1.291612,0.232602,0.024340,1
-0.028353,-0.088766,-0.023797,0.345265,-0.305415,0.008934,-0.030143,-0.051482,0.035957,0.438863,-0.431983,-0.006606,0.071540,-0.011936,-0.039224,-0.871109,0.403620,-0.346859,-0.373560,-1.397325,0.009156,-0.269813,-0.899656,-0.145656,0.494481,-0.561281,1.291636,0.232578,0.024340,1
-0.028353,-0.088766,-0.023838,0.345273,-0.305420,0.008942,-0.030151,-0.051482,0.035971,0.438880,-0.431979,-0.006599,0.071540,-0.011936,-0.039224,-0.871109,0.403620,-0.346919,-0.373548,-1.397325,0.009168,-0.269825,-0.899644,-0.145644,0.494505,-0.561281,1.291624,0.232590,0.024328,1
-0.028362,-0.088758,-0.023851,0.345256,-0.305407,0.008949,-0.030143,-0.051482,0.035957,0.438880,-0.431979,-0.006613,0.071540,-0.011928,-0.039219,-0.871109,0.403620,-0.346919,-0.373536,-1.397361,0.009180,-0.269813,-0.899668,-0.145644,0.494493,-0.561305,1.291624,0.232590,0.024328,1
-0.028353,-0.088766,-0.023797,0.345265,-0.305411,0.008942,-0.030151,-0.051482,0.035984,0.438880,-0.431979,-0.006613,0.071513,-0.011936,-0.039224,-0.871097,0.403620,-0.346943,-0.373572,-1.397325,0.009192,-0.269813,-0.899668,-0.145620,0.494493,-0.561281,1.291612,0.232590,0.024352,1
-0.028353,-0.088766,-0.023824,0.345256,-0.305415,0.008934,-0.030143,-0.051482,0.035984,0.438863,-0.431979,-0.006613,0.071566,-0.011936,-0.039234,-0.871109,0.403596,-0.346955,-0.373548,-1.397349,0.009192,-0.269825,-0.899668,-0.145632,0.494493,-0.561281,1.291624,0.232590,0.024340,1
-0.028353,-0.088766,-0.023771,0.345265,-0.305415,0.008934,-0.030151,-0.051482,0.035984,0.438855,-0.431983,-0.006606,0.071566,-0.011936,-0.039224,-0.871121,0.403608,-0.346955,-0.373548,-1.397349,0.009204,-0.269813,-0.899668,-0.145632,0.494505,-0.561281,1.291624,0.232578,0.024340,1
-0.028345,-0.088766,-0.023811,0.345265,-0.305411,0.008956,-0.030151,-0.051491,0.035971,0.438846,-0.431979,-0.006613,0.071540,-0.011951,-0.039224,-0.871109,0.403620,-0.346955,-0.373560,-1.397325,0.009228,-0.269813,-0.899656,-0.145632,0.494505,-0.561269,1.291624,0.232590,0.024340,1
-0.028345,-0.088766,-0.023851,0.345273,-0.305420,0.008942,-0.030143,-0.051474,0.035957,0.438855,-0.431979,-0.006599,0.071553,-0.011943,-0.039229,-0.871109,0.403608,-0.346991,-0.373548,-1.397325,0.009252,-0.269813,-0.899656,-0.145632,0.494493,-0.561269,1.291624,0.232590,0.024352,1
-0.028362,-0.088775,-0.023838,0.345282,-0.305407,0.008949,-0.030151,-0.051491,0.035971,0.438846,-0.431987,-0.006613,0.071540,-0.011958,-0.039219,-0.871109,0.403596,-0.347003,-0.373548,-1.397325,0.009252,-0.269813,-0.899668,-0.145656,0.494505,-0.561269,1.291636,0.232590,0.024352,1
-0.028353,-0.088766,-0.023784,0.345256,-0.305415,0.008934,-0.030151,-0.051474,0.035971,0.438872,-0.431983,-0.006606,0.071540,-0.011966,-0.039215,-0.871121,0.403596,-0.347027,-0.373548,-1.397337,0.009264,-0.269825,-0.899668,-0.145644,0.494517,-0.561269,1.291624,0.232590,0.024352,1
-0.028345,-0.088766,-0.023838,0.345256,-0.305428,0.008927,-0.030151,-0.051499,0.035957,0.438863,-0.431983,-0.006606,0.071566,-0.011951,-0.039224,-0.871133,0.403596,-0.347027,-0.373572,-1.397325,0.009276,-0.269825,-0.899656,-0.145656,0.494517,-0.561269,1.291624,0.232590,0.024352,1
-0.028353,-0.088766,-0.023811,0.345239,-0.305432,0.008949,-0.030160,-0.051491,0.035957,0.438863,-0.431983,-0.006606,0.071540,-0.011958,-0.039229,-0.871121,0.403596,-0.347039,-0.373548,-1.397325,0.009288,-0.269837,-0.899680,-0.145644,0.494517,-0.561269,1.291624,0.232590,0.024352,1
-0.028345,-0.088775,-0.023838,0.345239,-0.305428,0.008956,-0.030160,-0.051491,0.035957,0.438855,-0.431983,-0.006620,0.071526,-0.011966,-0.039234,-0.871121,0.403572,-0.347051,-0.373584,-1.397325,0.009312,-0.269825,-0.899656,-0.145608,0.494505,-0.561269,1.291636,0.232578,0.024352,1
-0.028362,-0.088775,-0.023824,0.345265,-0.305424,0.008949,-0.030151,-0.051474,0.035971,0.438846,-0.431971,-0.006613,0.071553,-0.011958,-0.039219,-0.871121,0.403596,-0.347063,-0.373572,-1.397337,0.009324,-0.269825,-0.899656,-0.145608,0.494493,-0.561281,1.291612,0.232590,0.024340,1
-0.028370,-0.088766,-0.023797,0.345256,-0.305415,0.008963,-0.030151,-0.051482,0.035984,0.438838,-0.431983,-0.006606,0.071540,-0.011958,-0.039219,-0.871121,0.403596,-0.347063,-0.373572,-1.397337,0.009324,-0.269837,-0.899668,-0.145608,0.494505,-0.561269,1.291648,0.232590,0.024328,1
-0.028353,-0.088766,-0.023811,0.345248,-0.305428,0.008941,-0.030134,-0.051482,0.035984,0.438838,-0.431979,-0.006599,0.071540,-0.011951,-0.039224,-0.871109,0.403572,-0.347075,-0.373572,-1.397325,0.009336,-0.269825,-0.899656,-0.145620,0.494505,-0.561281,1.291648,0.232602,0.024340,1
-0.028353,-0.088758,-0.023824,0.345248,-0.305436,0.008956,-0.030143,-0.051482,0.035971,0.438855,-0.431983,-0.006606,0.071540,-0.011974,-0.039220,-0.871121,0.403596,-0.347075,-0.373572,-1.397325,0.009336,-0.269825,-0.899656,-0.145632,0.494505,-0.561269,1.291636,0.232578,0.024340,1
-0.028345,-0.088766,-0.023824,0.345239,-0.305436,0.008941,-0.030151,-0.051482,0.035971,0.438863,-0.431983,-0.006606,0.071540,-0.011943,-0.039229,-0.871109,0.403596,-0.347075,-0.373572,-1.397337,0.009336,-0.269825,-0.899668,-0.145632,0.494517,-0.561281,1.291648,0.232590,0.024328,1
-0.028353,-0.088758,-0.023784,0.345248,-0.305432,0.008963,-0.030134,-0.051482,0.035984,0.438872,-0.431983,-0.006606,0.071540,-0.011943,-0.039209,-0.871109,0.403572,-0.347099,-0.373572,-1.397325,0.009336,-0.269837,-0.899656,-0.145620,0.494505,-0.561281,1.291648,0.232590,0.024352,1
-0.028345,-0.088758,-0.023811,0.345256,-0.305420,0.008970,-0.030134,-0.051482,0.035984,0.438846,-0.431979,-0.006613,0.071566,-0.011966,-0.039224,-0.871097,0.403572,-0.347111,-0.373572,-1.397325,0.009348,-0.269825,-0.899668,-0.145620,0.494505,-0.561293,1.291672,0.232590,0.024352,1
-0.028362,-0.088749,-0.023811,0.345239,-0.305424,0.008978,-0.030151,-0.051482,0.035984,0.438872,-0.431983,-0.006606,0.071553,-0.011966,-0.039224,-0.871109,0.403572,-0.347099,-0.373572,-1.397325,0.009348,-0.269837,-0.899656,-0.145620,0.494505,-0.561281,1.291672,0.232590,0.024328,1
-0.028353,-0.088758,-0.023797,0.345248,-0.305432,0.008992,-0.030143,-0.051474,0.035957,0.438838,-0.431983,-0.006620,0.071540,-0.011936,-0.039234,-0.871085,0.403596,-0.347123,-0.373572,-1.397337,0.009372,-0.269837,-0.899656,-0.145632,0.494517,-0.561281,1.291636,0.232590,0.024340,1
-0.028353,-0.088758,-0.023811,0.345239,-0.305436,0.008985,-0.030126,-0.051499,0.035984,0.438838,-0.431971,-0.006613,0.071540,-0.011958,-0.039210,-0.871097,0.403596,-0.347123,-0.373572,-1.397325,0.009360,-0.269849,-0.899644,-0.145632,0.494505,-0.561281,1.291636,0.232590,0.024352,1
-0.028362,-0.088749,-0.023797,0.345248,-0.305432,0.008963,-0.030151,-0.051491,0.035944,0.438855,-0.431983,-0.006620,0.071540,-0.011951,-0.039224,-0.871097,0.403572,-0.347123,-0.373572,-1.397337,0.009372,-0.269825,-0.899668,-0.145632,0.494493,-0.561269,1.291660,0.232590,0.024340,1
-0.028362,-0.088758,-0.023784,0.345239,-0.305432,0.008963,-0.030151,-0.051491,0.035971,0.438846,-0.431983,-0.006606,0.071540,-0.011958,-0.039219,-0.871097,0.403596,-0.347123,-0.373572,-1.397349,0.009372,-0.269849,-0.899644,-0.145632,0.494517,-0.561257,1.291672,0.232590,0.024340,1
-0.028353,-0.088741,-0.023784,0.345231,-0.305444,0.008970,-0.030143,-0.051482,0.035971,0.438838,-0.431987,-0.006613,0.071540,-0.011951,-0.039214,-0.871073,0.403596,-0.347123,-0.373572,-1.397325,0.009372,-0.269837,-0.899656,-0.145632,0.494505,-0.561269,1.291660,0.232566,0.024340,1
-0.028362,-0.088741,-0.023811,0.345239,-0.305449,0.008992,-0.030143,-0.051482,0.035984,0.438838,-0.431987,-0.006613,0.071540,-0.011958,-0.039219,-0.871073,0.403596,-0.347111,-0.373572,-1.397325,0.009372,-0.269849,-0.899668,-0.145608,0.494517,-0.561269,1.291696,0.232590,0.024328,1
-0.028353,-0.088741,-0.023811,0.345248,-0.305440,0.008978,-0.030151,-0.051482,0.035971,0.438821,-0.431979,-0.006613,0.071540,-0.011981,-0.039224,-0.871073,0.403596,-0.347111,-0.373596,-1.397337,0.009372,-0.269849,-0.899644,-0.145632,0.494505,-0.561269,1.291672,0.232578,0.024328,1
-0.028345,-0.088741,-0.023811,0.345256,-0.305436,0.008999,-0.030143,-0.051474,0.035971,0.438838,-0.431975,-0.006620,0.071540,-0.011974,-0.039220,-0.871073,0.403596,-0.347147,-0.373572,-1.397337,0.009372,-0.269849,-0.899632,-0.145632,0.494517,-0.561281,1.291684,0.232590,0.024328,1
-0.028345,-0.088741,-0.023824,0.345248,-0.305440,0.008992,-0.030134,-0.051482,0.035971,0.438855,-0.431979,-0.006613,0.071526,-0.011958,-0.039219,-0.871085,0.403572,-0.347135,-0.373572,-1.397325,0.009372,-0.269849,-0.899668,-0.145644,0.494517,-0.561269,1.291684,0.232590,0.024352,1
-0.028345,-0.088741,-0.023797,0.345248,-0.305440,0.009007,-0.030151,-0.051482,0.035944,0.438855,-0.431979,-0.006613,0.071566,-0.011966,-0.039215,-0.871061,0.403572,-0.347135,-0.373572,-1.397361,0.009384,-0.269849,-0.899644,-0.145644,0.494529,-0.561281,1.291684,0.232590,0.024328,1
-0.028353,-0.088741,-0.023811,0.345248,-0.305444,0.008985,-0.030126,-0.051482,0.035957,0.438855,-0.431979,-0.006628,0.071540,-0.011966,-0.039224,-0.871049,0.403596,-0.347159,-0.373572,-1.397325,0.009396,-0.269861,-0.899644,-0.145656,0.494517,-0.561281,1.291672,0.232590,0.024328,1
-0.028353,-0.088741,-0.023797,0.345248,-0.305444,0.008970,-0.030151,-0.051482,0.035971,0.438846,-0.431975,-0.006606,0.071540,-0.011951,-0.039214,-0.871073,0.403596,-0.347147,-0.373584,-1.397325,0.009396,-0.269861,-0.899644,-0.145632,0.494517,-0.561281,1.291684,0.232578,0.024340,1
-0.028370,-0.088741,-0.023797,0.345239,-0.305444,0.008970,-0.030143,-0.051457,0.035984,0.438855,-0.431983,-0.006606,0.071540,-0.011935,-0.039214,-0.871073,0.403596,-0.347135,-0.373608,-1.397325,0.009396,-0.269849,-0.899644,-0.145632,0.494505,-0.561281,1.291648,0.232590,0.024328,1
-0.028345,-0.088741,-0.023797,0.345239,-0.305444,0.008985,-0.030134,-0.051474,0.035971,0.438855,-0.431983,-0.006606,0.071540,-0.011943,-0.039229,-0.871073,0.403596,-0.347171,-0.373572,-1.397325,0.009408,-0.269849,-0.899644,-0.145632,0.494505,-0.561269,1.291684,0.232590,0.024340,1
-0.028353,-0.088732,-0.023838,0.345231,-0.305444,0.008985,-0.030151,-0.051499,0.035957,0.438855,-0.431983,-0.006606,0.071540,-0.011958,-0.039219,-0.871073,0.403596,-0.347159,-0.373596,-1.397337,0.009396,-0.269849,-0.899668,-0.145644,0.494517,-0.561269,1.291684,0.232590,0.024328,1
-0.028370,-0.088732,-0.023811,0.345248,-0.305449,0.008992,-0.030143,-0.051491,0.035997,0.438855,-0.431979,-0.006613,0.071499,-0.011943,-0.039219,-0.871073,0.403596,-0.347159,-0.373572,-1.397337,0.009396,-0.269849,-0.899644,-0.145632,0.494517,-0.561281,1.291684,0.232590,0.024328,1
-0.028370,-0.088732,-0.023824,0.345231,-0.305444,0.008985,-0.030151,-0.051499,0.035971,0.438855,-0.431975,-0.006620,0.071540,-0.011966,-0.039224,-0.871073,0.403596,-0.347159,-0.373608,-1.397325,0.009432,-0.269861,-0.899632,-0.145644,0.494505,-0.561269,1.291684,0.232602,0.024316,1
-0.028362,-0.088724,-0.023797,0.345231,-0.305449,0.008978,-0.030151,-0.051491,0.035957,0.438838,-0.431983,-0.006620,0.071553,-0.011966,-0.039215,-0.871073,0.403596,-0.347159,-0.373608,-1.397325,0.009420,-0.269861,-0.899632,-0.145608,0.494517,-0.561281,1.291684,0.232590,0.024328,1
-0.028345,-0.088724,-0.023784,0.345231,-0.305444,0.008985,-0.030151,-0.051482,0.035971,0.438855,-0.431987,-0.006613,0.071526,-0.011966,-0.039215,-0.871049,0.403596,-0.347159,-0.373584,-1.397349,0.009432,-0.269873,-0.899632,-0.145656,0.494505,-0.561269,1.291684,0.232590,0.024304,1
-0.028353,-0.088724,-0.023797,0.345231,-0.305449,0.008992,-0.030160,-0.051491,0.035944,0.438838,-0.431987,-0.006613,0.071513,-0.011958,-0.039219,-0.871073,0.403596,-0.347171,-0.373620,-1.397325,0.009444,-0.269873,-0.899632,-0.145632,0.494517,-0.561269,1.291684,0.232590,0.024328,1
-0.028353,-0.088724,-0.023797,0.345231,-0.305444,0.008985,-0.030151,-0.051491,0.035971,0.438838,-0.431983,-0.006606,0.071540,-0.011958,-0.039219,-0.871061,0.403596,-0.347183,-0.373620,-1.397325,0.009456,-0.269861,-0.899644,-0.145620,0.494517,-0.561281,1.291696,0.232590,0.024304,1
-0.028353,-0.088724,-0.023811,0.345231,-0.305440,0.008978,-0.030151,-0.051482,0.035971,0.438838,-0.431987,-0.006613,0.071553,-0.011951,-0.039224,-0.871049,0.403560,-0.347183,-0.373632,-1.397325,0.009468,-0.269861,-0.899644,-0.145644,0.494529,-0.561269,1.291696,0.232590,0.024316,1
-0.028353,-0.088724,-0.023784,0.345231,-0.305444,0.008985,-0.030151,-0.051491,0.035971,0.438855,-0.431979,-0.006613,0.071566,-0.011936,-0.039224,-0.871061,0.403572,-0.347183,-0.373632,-1.397325,0.009515,-0.269849,-0.899632,-0.145644,0.494529,-0.561257,1.291684,0.232590,0.024316,1
-0.028345,-0.088724,-0.023797,0.345214,-0.305449,0.008992,-0.030151,-0.051499,0.035957,0.438855,-0.431983,-0.006606,0.071566,-0.011943,-0.039219,-0.871049,0.403596,-0.347207,-0.373656,-1.397325,0.009492,-0.269849,-0.899632,-0.145620,0.494529,-0.561269,1.291696,0.232590,0.024316,1
-0.028345,-0.088724,-0.023811,0.345205,-0.305457,0.008978,-0.030151,-0.051482,0.035957,0.438855,-0.431983,-0.006606,0.071513,-0.011951,-0.039224,-0.871061,0.403596,-0.347207,-0.373632,-1.397325,0.009515,-0.269861,-0.899644,-0.145632,0.494529,-0.561257,1.291672,0.232590,0.024316,1
-0.028345,-0.088707,-0.023824,0.345205,-0.305440,0.008978,-0.030160,-0.051482,0.035971,0.438855,-0.431983,-0.006606,0.071540,-0.011943,-0.039209,-0.871073,0.403596,-0.347219,-0.373656,-1.397349,0.009503,-0.269873,-0.899620,-0.145644,0.494529,-0.561257,1.291696,0.232590,0.024316,1
-0.028362,-0.088715,-0.023824,0.345214,-0.305444,0.008985,-0.030151,-0.051482,0.035984,0.438855,-0.431983,-0.006606,0.071499,-0.011966,-0.039215,-0.871061,0.403572,-0.347195,-0.373656,-1.397361,0.009503,-0.269873,-0.899620,-0.145620,0.494517,-0.561269,1.291684,0.232590,0.024316,1
-0.028353,-0.088707,-0.023838,0.345188,-0.305444,0.008999,-0.030151,-0.051482,0.035971,0.438855,-0.431983,-0.006606,0.071540,-0.011966,-0.039205,-0.871073,0.403560,-0.347219,-0.373656,-1.397325,0.009527,-0.269873,-0.899632,-0.145644,0.494493,-0.561257,1.291672,0.232602,0.024328,1
-0.028370,-0.088715,-0.023811,0.345222,-0.305436,0.008999,-0.030160,-0.051474,0.035984,0.438855,-0.431983,-0.006606,0.071526,-0.011951,-0.039214,-0.871061,0.403572,-0.347219,-0.373656,-1.397325,0.009527,-0.269873,-0.899644,-0.145644,0.494517,-0.561269,1.291684,0.232602,0.024316,1
-0.028370,-0.088715,-0.023811,0.345205,-0.305444,0.008985,-0.030151,-0.051474,0.035984,0.438855,-0.431975,-0.006620,0.071540,-0.011951,-0.039224,-0.871073,0.403572,-0.347195,-0.373656,-1.397337,0.009527,-0.269885,-0.899632,-0.145644,0.494517,-0.561269,1.291684,0.232590,0.024304,1
-0.028379,-0.088715,-0.023824,0.345205,-0.305449,0.008978,-0.030134,-0.051499,0.035971,0.438846,-0.431987,-0.006613,0.071513,-0.011928,-0.039199,-0.871073,0.403560,-0.347207,-0.373668,-1.397337,0.009539,-0.269873,-0.899620,-0.145632,0.494517,-0.561257,1.291672,0.232602,0.024316,1
-0.028353,-0.088707,-0.023824,0.345222,-0.305453,0.008985,-0.030151,-0.051482,0.035930,0.438855,-0.431987,-0.006613,0.071499,-0.011951,-0.039224,-0.871073,0.403560,-0.347219,-0.373680,-1.397325,0.009551,-0.269861,-0.899632,-0.145620,0.494517,-0.561245,1.291684,0.232602,0.024304,1
-0.028345,-0.088724,-0.023797,0.345205,-0.305449,0.008978,-0.030160,-0.051491,0.035957,0.438855,-0.431987,-0.006613,0.071526,-0.011913,-0.039219,-0.871049,0.403548,-0.347231,-0.373656,-1.397337,0.009539,-0.269861,-0.899632,-0.145632,0.494505,-0.561257,1.291684,0.232590,0.024304,1
-0.028345,-0.088715,-0.023811,0.345205,-0.305453,0.008999,-0.030151,-0.051491,0.035957,0.438863,-0.431983,-0.006606,0.071513,-0.011936,-0.039224,-0.871085,0.403536,-0.347243,-0.373680,-1.397349,0.009551,-0.269873,-0.899620,-0.145632,0.494505,-0.561245,1.291684,0.232590,0.024316,1
-0.028345,-0.088715,-0.023797,0.345188,-0.305453,0.008999,-0.030143,-0.051482,0.035984,0.438855,-0.431987,-0.006613,0.071526,-0.011935,-0.039214,-0.871097,0.403536,-0.347219,-0.373680,-1.397349,0.009563,-0.269873,-0.899632,-0.145632,0.494505,-0.561245,1.291684,0.232602,0.024304,1
-0.028353,-0.088715,-0.023811,0.345188,-0.305444,0.008985,-0.030151,-0.051482,0.035984,0.438846,-0.431983,-0.006620,0.071499,-0.011935,-0.039214,-0.871109,0.403536,-0.347243,-0.373680,-1.397349,0.009539,-0.269873,-0.899632,-0.145620,0.494505,-0.561257,1.291672,0.232602,0.024304,1
-0.028345,-0.088707,-0.023784,0.345197,-0.305444,0.008985,-0.030151,-0.051482,0.035971,0.438838,-0.431987,-0.006613,0.071540,-0.011928,-0.039209,-0.871097,0.403512,-0.347219,-0.373692,-1.397337,0.009551,-0.269885,-0.899620,-0.145632,0.494529,-0.561269,1.291672,0.232602,0.024292,1
-0.028362,-0.088715,-0.023811,0.345197,-0.305444,0.008985,-0.030151,-0.051482,0.035971,0.438821,-0.431987,-0.006613,0.071526,-0.011943,-0.039219,-0.871109,0.403500,-0.347243,-0.373704,-1.397349,0.009551,-0.269873,-0.899620,-0.145644,0.494529,-0.561257,1.291672,0.232602,0.024304,1
-0.028362,-0.088707,-0.023811,0.345180,-0.305453,0.008970,-0.030143,-0.051491,0.035971,0.438829,-0.431983,-0.006606,0.071513,-0.011951,-0.039214,-0.871097,0.403512,-0.347243,-0.373704,-1.397325,0.009563,-0.269861,-0.899620,-0.145656,0.494529,-0.561257,1.291696,0.232602,0.024304,1
-0.028370,-0.088724,-0.023838,0.345188,-0.305453,0.008970,-0.030151,-0.051482,0.035957,0.438838,-0.431987,-0.006613,0.071486,-0.011928,-0.039209,-0.871073,0.403512,-0.347243,-0.373704,-1.397325,0.009563,-0.269873,-0.899620,-0.145644,0.494517,-0.561257,1.291696,0.232602,0.024304,1
-0.028362,-0.088715,-0.023824,0.345188,-0.305453,0.008999,-0.030151,-0.051482,0.035984,0.438855,-0.431983,-0.006606,0.071486,-0.011920,-0.039204,-0.871085,0.403536,-0.347255,-0.373728,-1.397337,0.009563,-0.269861,-0.899608,-0.145644,0.494517,-0.561269,1.291684,0.232590,0.024304,1
-0.028353,-0.088707,-0.023824,0.345171,-0.305444,0.008999,-0.030151,-0.051482,0.035997,0.438863,-0.431979,-0.006599,0.071513,-0.011928,-0.039219,-0.871073,0.403536,-0.347243,-0.373752,-1.397325,0.009563,-0.269873,-0.899620,-0.145644,0.494517,-0.561269,1.291684,0.232614,0.024328,1
-0.028353,-0.088724,-0.023838,0.345171,-0.305436,0.008999,-0.030151,-0.051491,0.035944,0.438872,-0.431979,-0.006599,0.071499,-0.011928,-0.039209,-0.871085,0.403536,-0.347255,-0.373752,-1.397325,0.009563,-0.269873,-0.899608,-0.145644,0.494517,-0.561269,1.291672,0.232602,0.024316,1
-0.028345,-0.088715,-0.023838,0.345188,-0.305453,0.008999,-0.030151,-0.051491,0.035971,0.438863,-0.431987,-0.006613,0.071486,-0.011928,-0.039219,-0.871073,0.403512,-0.347243,-0.373764,-1.397325,0.009563,-0.269873,-0.899608,-0.145644,0.494529,-0.561257,1.291696,0.232590,0.024304,1
-0.028345,-0.088707,-0.023811,0.345171,-0.305469,0.008985,-0.030168,-0.051491,0.035971,0.438863,-0.431979,-0.006599,0.071486,-0.011920,-0.039214,-0.871097,0.403536,-0.347255,-0.373788,-1.397325,0.009575,-0.269873,-0.899608,-0.145644,0.494517,-0.561281,1.291684,0.232602,0.024304,1
-0.028345,-0.088707,-0.023811,0.345180,-0.305449,0.008978,-0.030160,-0.051491,0.035971,0.438855,-0.431983,-0.006606,0.071513,-0.011935,-0.039214,-0.871097,0.403512,-0.347255,-0.373788,-1.397325,0.009563,-0.269873,-0.899608,-0.145644,0.494529,-0.561281,1.291696,0.232590,0.024304,1
-0.028345,-0.088715,-0.023784,0.345171,-0.305465,0.008992,-0.030160,-0.051482,0.035971,0.438838,-0.431983,-0.006606,0.071513,-0.011928,-0.039209,-0.871097,0.403536,-0.347255,-0.373812,-1.397325,0.009563,-0.269873,-0.899644,-0.145632,0.494517,-0.561269,1.291672,0.232602,0.024316,1
-0.028353,-0.088715,-0.023797,0.345171,-0.305453,0.008999,-0.030160,-0.051491,0.035984,0.438838,-0.431983,-0.006606,0.071499,-0.011943,-0.039209,-0.871109,0.403512,-0.347267,-0.373788,-1.397325,0.009563,-0.269873,-0.899608,-0.145644,0.494517,-0.561281,1.291684,0.232602,0.024316,1
-0.028353,-0.088707,-0.023811,0.345171,-0.305444,0.009014,-0.030168,-0.051482,0.035957,0.438838,-0.431983,-0.006606,0.071486,-0.011936,-0.039224,-0.871109,0.403536,-0.347255,-0.373788,-1.397325,0.009575,-0.269885,-0.899608,-0.145656,0.494517,-0.561281,1.291684,0.232602,0.024316,1
-0.028353,-0.088707,-0.023784,0.345188,-0.305448,0.009021,-0.030143,-0.051482,0.035957,0.438855,-0.431971,-0.006599,0.071513,-0.011935,-0.039214,-0.871085,0.403512,-0.347255,-0.373824,-1.397361,0.009563,-0.269873,-0.899608,-0.145644,0.494541,-0.561269,1.291684,0.232602,0.024316,1
-0.028353,-0.088707,-0.023824,0.345188,-0.305453,0.008999,-0.030151,-0.051491,0.035971,0.438838,-0.431983,-0.006606,0.071499,-0.011920,-0.039224,-0.871097,0.403512,-0.347267,-0.373812,-1.397337,0.009563,-0.269873,-0.899620,-0.145656,0.494505,-0.561269,1.291684,0.232602,0.024304,1
-0.028353,-0.088707,-0.023824,0.345188,-0.305453,0.008999,-0.030151,-0.051482,0.035957,0.438863,-0.431979,-0.006613,0.071513,-0.011943,-0.039209,-0.871097,0.403512,-0.347267,-0.373836,-1.397325,0.009575,-0.269885,-0.899608,-0.145656,0.494529,-0.561281,1.291696,0.232590,0.024316,1
-0.028345,-0.088707,-0.023811,0.345171,-0.305453,0.008970,-0.030151,-0.051482,0.035957,0.438855,-0.431979,-0.006613,0.071499,-0.011920,-0.039204,-0.871097,0.403512,-0.347267,-0.373860,-1.397349,0.009575,-0.269873,-0.899596,-0.145620,0.494517,-0.561269,1.291684,0.232614,0.024304,1
-0.028345,-0.088698,-0.023864,0.345154,-0.305449,0.008978,-0.030151,-0.051482,0.035957,0.438846,-0.431979,-0.006613,0.071486,-0.011935,-0.039204,-0.871121,0.403512,-0.347267,-0.373848,-1.397337,0.009575,-0.269873,-0.899608,-0.145632,0.494541,-0.561269,1.291684,0.232578,0.024304,1
-0.028353,-0.088707,-0.023811,0.345171,-0.305448,0.009007,-0.030134,-0.051482,0.035957,0.438846,-0.431983,-0.006606,0.071486,-0.011913,-0.039199,-0.871097,0.403512,-0.347267,-0.373860,-1.397325,0.009587,-0.269873,-0.899608,-0.145632,0.494529,-0.561269,1.291696,0.232590,0.024304,1
-0.028345,-0.088724,-0.023797,0.345171,-0.305444,0.009014,-0.030160,-0.051491,0.035984,0.438846,-0.431987,-0.006584,0.071499,-0.011920,-0.039224,-0.871085,0.403512,-0.347267,-0.373860,-1.397325,0.009587,-0.269885,-0.899608,-0.145656,0.494529,-0.561269,1.291696,0.232590,0.024304,1
-0.028345,-0.088715,-0.023784,0.345180,-0.305440,0.009007,-0.030160,-0.051482,0.035971,0.438838,-0.431991,-0.006591,0.071486,-0.011913,-0.039209,-0.871097,0.403524,-0.347279,-0.373860,-1.397361,0.009599,-0.269885,-0.899596,-0.145632,0.494529,-0.561269,1.291684,0.232602,0.024316,1
-0.028345,-0.088715,-0.023784,0.345171,-0.305457,0.009007,-0.030151,-0.051482,0.035971,0.438855,-0.431983,-0.006606,0.071486,-0.011920,-0.039204,-0.871097,0.403512,-0.347279,-0.373860,-1.397325,0.009587,-0.269885,-0.899584,-0.145644,0.494517,-0.561269,1.291696,0.232590,0.024316,1
-0.028345,-0.088707,-0.023797,0.345171,-0.305453,0.008999,-0.030151,-0.051491,0.035984,0.438846,-0.431983,-0.006606,0.071486,-0.011920,-0.039214,-0.871121,0.403524,-0.347303,-0.373884,-1.397325,0.009599,-0.269885,-0.899608,-0.145644,0.494517,-0.561269,1.291684,0.232590,0.024304,1
-0.028353,-0.088707,-0.023784,0.345188,-0.305453,0.008999,-0.030151,-0.051482,0.035957,0.438863,-0.431983,-0.006606,0.071486,-0.011920,-0.039214,-0.871097,0.403512,-0.347303,-0.373884,-1.397337,0.009599,-0.269897,-0.899608,-0.145656,0.494505,-0.561281,1.291684,0.232602,0.024304,1
-0.028353,-0.088707,-0.023797,0.345188,-0.305457,0.008992,-0.030151,-0.051482,0.035971,0.438880,-0.431983,-0.006606,0.071486,-0.011920,-0.039204,-0.871073,0.403524,-0.347339,-0.373896,-1.397337,0.009599,-0.269885,-0.899596,-0.145656,0.494505,-0.561269,1.291684,0.232590,0.024328,1
-0.028353,-0.088715,-0.023811,0.345171,-0.305465,0.008992,-0.030160,-0.051474,0.035971,0.438880,-0.431983,-0.006606,0.071486,-0.011905,-0.039214,-0.871073,0.403536,-0.347339,-0.373908,-1.397325,0.009599,-0.269885,-0.899608,-0.145656,0.494517,-0.561269,1.291696,0.232602,0.024304,1
-0.028345,-0.088707,-0.023838,0.345171,-0.305461,0.008999,-0.030168,-0.051491,0.035971,0.438880,-0.431983,-0.006606,0.071486,-0.011913,-0.039209,-0.871085,0.403500,-0.347363,-0.373932,-1.397325,0.009623,-0.269897,-0.899584,-0.145632,0.494529,-0.561269,1.291684,0.232590,0.024304,1
-0.028353,-0.088707,-0.023811,0.345163,-0.305457,0.008992,-0.030151,-0.051482,0.035957,0.438863,-0.431979,-0.006613,0.071486,-0.011920,-0.039204,-0.871097,0.403512,-0.347387,-0.373908,-1.397325,0.009623,-0.269873,-0.899572,-0.145632,0.494541,-0.561281,1.291696,0.232590,0.024316,1
-0.028336,-0.088707,-0.023811,0.345163,-0.305453,0.008999,-0.030151,-0.051482,0.035957,0.438846,-0.431979,-0.006613,0.071486,-0.011935,-0.039214,-0.871097,0.403512,-0.347387,-0.373944,-1.397325,0.009611,-0.269885,-0.899596,-0.145632,0.494529,-0.561281,1.291684,0.232602,0.024304,1
-0.028353,-0.088724,-0.023864,0.345171,-0.305440,0.008992,-0.030151,-0.051482,0.035997,0.438838,-0.431983,-0.006606,0.071473,-0.011920,-0.039214,-0.871121,0.403512,-0.347423,-0.373944,-1.397361,0.009623,-0.269897,-0.899596,-0.145644,0.494541,-0.561281,1.291684,0.232602,0.024316,1
-0.028353,-0.088715,-0.023824,0.345163,-0.305440,0.009007,-0.030151,-0.051491,0.035944,0.438821,-0.431983,-0.006606,0.071473,-0.011928,-0.039199,-0.871109,0.403512,-0.347447,-0.373968,-1.397325,0.009623,-0.269897,-0.899608,-0.145656,0.494541,-0.561281,1.291708,0.232614,0.024304,1
-0.028353,-0.088715,-0.023811,0.345180,-0.305444,0.009014,-0.030151,-0.051482,0.035957,0.438821,-0.431983,-0.006606,0.071486,-0.011928,-0.039209,-0.871121,0.403500,-0.347483,-0.373944,-1.397325,0.009635,-0.269897,-0.899584,-0.145656,0.494517,-0.561269,1.291684,0.232602,0.024304,1
-0.028353,-0.088715,-0.023784,0.345188,-0.305444,0.008985,-0.030151,-0.051482,0.035984,0.438838,-0.431983,-0.006606,0.071473,-0.011920,-0.039214,-0.871133,0.403512,-0.347483,-0.373968,-1.397325,0.009635,-0.269885,-0.899584,-0.145644,0.494517,-0.561269,1.291696,0.232590,0.024316,1
-0.028353,-0.088724,-0.023811,0.345180,-0.305449,0.008992,-0.030160,-0.051482,0.035971,0.438838,-0.431983,-0.006606,0.071473,-0.011928,-0.039209,-0.871109,0.403500,-0.347519,-0.373992,-1.397361,0.009635,-0.269897,-0.899560,-0.145668,0.494517,-0.561257,1.291696,0.232602,0.024304,1
-0.028353,-0.088715,-0.023824,0.345188,-0.305453,0.008999,-0.030151,-0.051482,0.035957,0.438855,-0.431983,-0.006620,0.071473,-0.011928,-0.039219,-0.871085,0.403488,-0.347531,-0.373992,-1.397349,0.009647,-0.269897,-0.899572,-0.145644,0.494529,-0.561257,1.291696,0.232614,0.024316,1
-0.028353,-0.088715,-0.023811,0.345163,-0.305453,0.008999,-0.030151,-0.051491,0.035944,0.438838,-0.431975,-0.006620,0.071486,-0.011920,-0.039214,-0.871073,0.403500,-0.347555,-0.373992,-1.397325,0.009647,-0.269897,-0.899572,-0.145644,0.494529,-0.561257,1.291708,0.232602,0.024328,1
-0.028353,-0.088724,-0.023811,0.345163,-0.305444,0.008985,-0.030168,-0.051491,0.035957,0.438838,-0.431975,-0.006620,0.071459,-0.011897,-0.039209,-0.871085,0.403488,-0.347590,-0.374016,-1.397325,0.009659,-0.269897,-0.899572,-0.145644,0.494541,-0.561257,1.291684,0.232602,0.024316,1
-0.028336,-0.088707,-0.023811,0.345180,-0.305444,0.008985,-0.030151,-0.051491,0.035957,0.438855,-0.431979,-0.006628,0.071486,-0.011920,-0.039204,-0.871097,0.403500,-0.347614,-0.374004,-1.397361,0.009671,-0.269897,-0.899560,-0.145632,0.494529,-0.561257,1.291684,0.232602,0.024328,1
-0.028345,-0.088715,-0.023797,0.345171,-0.305444,0.008985,-0.030151,-0.051491,0.035984,0.438838,-0.431971,-0.006613,0.071513,-0.011905,-0.039214,-0.871085,0.403512,-0.347650,-0.374016,-1.397325,0.009659,-0.269909,-0.899560,-0.145656,0.494541,-0.561245,1.291696,0.232590,0.024316,1
-0.028353,-0.088715,-0.023771,0.345163,-0.305453,0.008999,-0.030160,-0.051482,0.035957,0.438838,-0.431979,-0.006628,0.071473,-0.011920,-0.039204,-0.871073,0.403488,-0.347686,-0.374040,-1.397337,0.009671,-0.269897,-0.899560,-0.145656,0.494529,-0.561269,1.291708,0.232602,0.024304,1
-0.028345,-0.088715,-0.023797,0.345188,-0.305444,0.008985,-0.030160,-0.051491,0.035971,0.438821,-0.431983,-0.006606,0.071499,-0.011897,-0.039209,-0.871061,0.403488,-0.347698,-0.374052,-1.397325,0.009659,-0.269897,-0.899536,-0.145656,0.494529,-0.561269,1.291696,0.232602,0.024304,1
-0.028362,-0.088715,-0.023824,0.345180,-0.305453,0.008999,-0.030160,-0.051482,0.035997,0.438821,-0.431979,-0.006613,0.071486,-0.011913,-0.039209,-0.871073,0.403488,-0.347734,-0.374040,-1.397325,0.009671,-0.269909,-0.899536,-0.145656,0.494541,-0.561269,1.291708,0.232578,0.024304,1
-0.028345,-0.088707,-0.023838,0.345180,-0.305453,0.008970,-0.030151,-0.051482,0.035944,0.438838,-0.431979,-0.006613,0.071486,-0.011913,-0.039199,-0.871073,0.403488,-0.347770,-0.374040,-1.397325,0.009683,-0.269909,-0.899524,-0.145644,0.494541,-0.561257,1.291708,0.232590,0.024304,1
-0.028353,-0.088707,-0.023838,0.345197,-0.305453,0.008985,-0.030151,-0.051474,0.035957,0.438863,-0.431983,-0.006606,0.071486,-0.011935,-0.039204,-0.871085,0.403488,-0.347794,-0.374052,-1.397349,0.009659,-0.269897,-0.899512,-0.145668,0.494541,-0.561257,1.291708,0.232602,0.024304,1
-0.028353,-0.088715,-0.023811,0.345171,-0.305444,0.008985,-0.030151,-0.051482,0.035984,0.438880,-0.431983,-0.006606,0.071473,-0.011928,-0.039219,-0.871097,0.403488,-0.347818,-0.374076,-1.397349,0.009683,-0.269909,-0.899512,-0.145644,0.494529,-0.561257,1.291708,0.232602,0.024304,1
-0.028370,-0.088707,-0.023824,0.345180,-0.305440,0.008992,-0.030160,-0.051474,0.035971,0.438889,-0.431983,-0.006606,0.071486,-0.011905,-0.039214,-0.871097,0.403488,-0.347866,-0.374076,-1.397325,0.009671,-0.269897,-0.899524,-0.145656,0.494529,-0.561245,1.291720,0.232590,0.024304,1
-0.028353,-0.088707,-0.023797,0.345171,-0.305444,0.008999,-0.030151,-0.051465,0.035971,0.438880,-0.431983,-0.006606,0.071486,-0.011905,-0.039204,-0.871109,0.403464,-0.347878,-0.374088,-1.397349,0.009671,-0.269909,-0.899488,-0.145656,0.494541,-0.561245,1.291708,0.232602,0.024304,1
-0.028353,-0.088724,-0.023838,0.345171,-0.305449,0.008992,-0.030151,-0.051474,0.035957,0.438863,-0.431979,-0.006599,0.071486,-0.011920,-0.039214,-0.871109,0.403488,-0.347902,-0.374088,-1.397325,0.009683,-0.269909,-0.899500,-0.145644,0.494541,-0.561257,1.291732,0.232590,0.024304,1
-0.028345,-0.088707,-0.023811,0.345188,-0.305457,0.008992,-0.030151,-0.051474,0.035971,0.438838,-0.431983,-0.006620,0.071486,-0.011913,-0.039199,-0.871109,0.403488,-0.347926,-0.374088,-1.397361,0.009683,-0.269909,-0.899488,-0.145644,0.494529,-0.561245,1.291708,0.232590,0.024304,1
-0.028345,-0.088715,-0.023797,0.345180,-0.305449,0.008978,-0.030151,-0.051482,0.035957,0.438829,-0.431983,-0.006620,0.071486,-0.011905,-0.039194,-0.871097,0.403488,-0.347974,-0.374088,-1.397349,0.009683,-0.269909,-0.899488,-0.145644,0.494529,-0.561233,1.291720,0.232590,0.024328,1
-0.028336,-0.088707,-0.023797,0.345171,-0.305461,0.008985,-0.030160,-0.051482,0.035984,0.438812,-0.431987,-0.006613,0.071499,-0.011905,-0.039194,-0.871073,0.403488,-0.348058,-0.374100,-1.397337,0.009671,-0.269909,-0.899464,-0.145656,0.494541,-0.561233,1.291732,0.232590,0.024268,1
-0.028345,-0.088707,-0.023824,0.345171,-0.305453,0.008970,-0.030160,-0.051499,0.035971,0.438821,-0.431979,-0.006613,0.071486,-0.011905,-0.039194,-0.871085,0.403488,-0.348094,-0.374100,-1.397337,0.009671,-0.269909,-0.899500,-0.145656,0.494541,-0.561245,1.291732,0.232590,0.024304,1
-0.028345,-0.088707,-0.023824,0.345163,-0.305449,0.008978,-0.030160,-0.051482,0.035984,0.438838,-0.431983,-0.006606,0.071486,-0.011920,-0.039195,-0.871073,0.403488,-0.348118,-0.374100,-1.397325,0.009647,-0.269921,-0.899452,-0.145644,0.494541,-0.561245,1.291732,0.232602,0.024304,1
-0.028345,-0.088724,-0.023811,0.345180,-0.305449,0.008992,-0.030151,-0.051491,0.035957,0.438855,-0.431987,-0.006613,0.071486,-0.011913,-0.039199,-0.871097,0.403464,-0.348190,-0.374100,-1.397325,0.009671,-0.269909,-0.899428,-0.145632,0.494541,-0.561245,1.291732,0.232590,0.024304,1
-0.028353,-0.088724,-0.023797,0.345171,-0.305457,0.008978,-0.030151,-0.051482,0.035957,0.438846,-0.431983,-0.006606,0.071486,-0.011905,-0.039204,-0.871085,0.403488,-0.348214,-0.374100,-1.397337,0.009671,-0.269909,-0.899428,-0.145644,0.494541,-0.561257,1.291732,0.232590,0.024304,1
-0.028370,-0.088707,-0.023838,0.345171,-0.305453,0.008999,-0.030151,-0.051482,0.035957,0.438872,-0.431979,-0.006613,0.071499,-0.011897,-0.039189,-0.871109,0.403464,-0.348262,-0.374100,-1.397337,0.009683,-0.269909,-0.899428,-0.145644,0.494529,-0.561257,1.291732,0.232590,0.024316,1
-0.028353,-0.088707,-0.023811,0.345171,-0.305449,0.008992,-0.030143,-0.051491,0.035971,0.438863,-0.431983,-0.006606,0.071486,-0.011913,-0.039199,-0.871085,0.403488,-0.348298,-0.374088,-1.397361,0.009683,-0.269921,-0.899416,-0.145644,0.494541,-0.561257,1.291732,0.232590,0.024304,1
-0.028362,-0.088707,-0.023811,0.345171,-0.305457,0.008978,-0.030151,-0.051491,0.035971,0.438855,-0.431983,-0.006606,0.071486,-0.011897,-0.039199,-0.871085,0.403488,-0.348357,-0.374100,-1.397349,0.009671,-0.269909,-0.899416,-0.145644,0.494541,-0.561245,1.291732,0.232602,0.024304,1
-0.028362,-0.088724,-0.023811,0.345171,-0.305453,0.008999,-0.030143,-0.051491,0.035971,0.438863,-0.431983,-0.006606,0.071473,-0.011897,-0.039209,-0.871097,0.403464,-0.348417,-0.374100,-1.397337,0.009683,-0.269921,-0.899404,-0.145656,0.494529,-0.561245,1.291744,0.232602,0.024316,1
-0.028336,-0.088707,-0.023811,0.345163,-0.305453,0.008999,-0.030160,-0.051482,0.035971,0.438855,-0.431983,-0.006606,0.071473,-0.011897,-0.039199,-0.871097,0.403488,-0.348477,-0.374100,-1.397349,0.009671,-0.269909,-0.899404,-0.145656,0.494541,-0.561269,1.291744,0.232590,0.024304,1
-0.028336,-0.088707,-0.023771,0.345171,-0.305457,0.008992,-0.030168,-0.051482,0.035957,0.438855,-0.431983,-0.006606,0.071513,-0.011913,-0.039199,-0.871097,0.403488,-0.348549,-0.374112,-1.397361,0.009671,-0.269921,-0.899404,-0.145644,0.494541,-0.561257,1.291768,0.232614,0.024304,1
-0.028336,-0.088715,-0.023811,0.345188,-0.305453,0.008985,-0.030160,-0.051491,0.035971,0.438855,-0.431983,-0.006606,0.071486,-0.011913,-0.039199,-0.871109,0.403464,-0.348633,-0.374112,-1.397349,0.009671,-0.269909,-0.899380,-0.145656,0.494541,-0.561269,1.291732,0.232602,0.024292,1
-0.028328,-0.088707,-0.023797,0.345171,-0.305453,0.008999,-0.030168,-0.051465,0.035957,0.438846,-0.431983,-0.006606,0.071473,-0.011920,-0.039195,-0.871097,0.403488,-0.348717,-0.374100,-1.397325,0.009671,-0.269909,-0.899368,-0.145668,0.494529,-0.561269,1.291732,0.232590,0.024304,1
-0.028345,-0.088707,-0.023797,0.345180,-0.305453,0.008999,-0.030168,-0.051482,0.035984,0.438855,-0.431979,-0.006599,0.071486,-0.011913,-0.039190,-0.871121,0.403488,-0.348753,-0.374100,-1.397325,0.009671,-0.269909,-0.899368,-0.145644,0.494541,-0.561269,1.291732,0.232602,0.024304,1
-0.028345,-0.088698,-0.023811,0.345180,-0.305449,0.008992,-0.030143,-0.051474,0.035971,0.438863,-0.431983,-0.006606,0.071486,-0.011897,-0.039189,-0.871097,0.403488,-0.348837,-0.374100,-1.397361,0.009671,-0.269921,-0.899344,-0.145644,0.494541,-0.561269,1.291744,0.232602,0.024304,1
-0.028345,-0.088707,-0.023838,0.345171,-0.305453,0.008999,-0.030160,-0.051491,0.035971,0.438880,-0.431991,-0.006591,0.071486,-0.011905,-0.039194,-0.871073,0.403488,-0.348885,-0.374100,-1.397325,0.009671,-0.269909,-0.899344,-0.145656,0.494541,-0.561257,1.291744,0.232602,0.024292,1
-0.028353,-0.088707,-0.023824,0.345163,-0.305457,0.008978,-0.030160,-0.051474,0.035971,0.438863,-0.431987,-0.006613,0.071499,-0.011920,-0.039195,-0.871073,0.403488,-0.349041,-0.374100,-1.397325,0.009671,-0.269909,-0.899320,-0.145644,0.494541,-0.561257,1.291720,0.232602,0.024292,1
-0.028370,-0.088698,-0.023824,0.345188,-0.305453,0.008985,-0.030160,-0.051482,0.035957,0.438855,-0.431983,-0.006606,0.071513,-0.011890,-0.039204,-0.871073,0.403488,-0.349136,-0.374124,-1.397325,0.009659,-0.269921,-0.899320,-0.145656,0.494529,-0.561257,1.291732,0.232602,0.024292,1
-0.028370,-0.088707,-0.023811,0.345171,-0.305440,0.008992,-0.030168,-0.051491,0.035971,0.438838,-0.431983,-0.006606,0.071459,-0.011897,-0.039199,-0.871073,0.403488,-0.349304,-0.374100,-1.397349,0.009659,-0.269909,-0.899320,-0.145656,0.494529,-0.561269,1.291744,0.232602,0.024304,1
-0.028370,-0.088707,-0.023797,0.345180,-0.305453,0.008985,-0.030168,-0.051474,0.035944,0.438821,-0.431983,-0.006606,0.071486,-0.011920,-0.039204,-0.871073,0.403488,-0.349448,-0.374088,-1.397361,0.009659,-0.269897,-0.899284,-0.145656,0.494529,-0.561257,1.291756,0.232614,0.024304,1
-0.028370,-0.088715,-0.023824,0.345171,-0.305453,0.008999,-0.030160,-0.051482,0.035971,0.438829,-0.431983,-0.006606,0.071486,-0.011905,-0.039204,-0.871085,0.403488,-0.349604,-0.374100,-1.397349,0.009659,-0.269909,-0.899284,-0.145656,0.494541,-0.561269,1.291744,0.232590,0.024304,1
-0.028353,-0.088707,-0.023838,0.345188,-0.305440,0.008992,-0.030168,-0.051491,0.035957,0.438838,-0.431983,-0.006606,0.071499,-0.011905,-0.039204,-0.871085,0.403488,-0.349784,-0.374100,-1.397361,0.009647,-0.269897,-0.899260,-0.145656,0.494541,-0.561269,1.291732,0.232602,0.024304,1
-0.028353,-0.088715,-0.023797,0.345180,-0.305453,0.008999,-0.030151,-0.051491,0.035957,0.438838,-0.431979,-0.006613,0.071486,-0.011890,-0.039194,-0.871073,0.403512,-0.349963,-0.374100,-1.397337,0.009647,-0.269909,-0.899260,-0.145644,0.494541,-0.561269,1.291768,0.232590,0.024304,1
-0.028353,-0.088690,-0.023797,0.345180,-0.305444,0.008985,-0.030151,-0.051491,0.035971,0.438855,-0.431983,-0.006606,0.071486,-0.011882,-0.039199,-0.871073,0.403512,-0.350167,-0.374088,-1.397325,0.009659,-0.269909,-0.899248,-0.145656,0.494541,-0.561281,1.291744,0.232590,0.024304,1
-0.028353,-0.088698,-0.023811,0.345188,-0.305449,0.008992,-0.030151,-0.051482,0.035984,0.438846,-0.431983,-0.006606,0.071473,-0.011920,-0.039195,-0.871073,0.403512,-0.350563,-0.374112,-1.397361,0.009635,-0.269897,-0.899236,-0.145644,0.494541,-0.561269,1.291744,0.232590,0.024304,1
-0.028353,-0.088707,-0.023838,0.345180,-0.305448,0.009007,-0.030160,-0.051482,0.035971,0.438838,-0.431983,-0.006606,0.071499,-0.011920,-0.039195,-0.871085,0.403512,-0.350874,-0.374100,-1.397325,0.009635,-0.269909,-0.899248,-0.145644,0.494541,-0.561269,1.291744,0.232602,0.024304,1
-0.028362,-0.088698,-0.023824,0.345197,-0.305444,0.008985,-0.030168,-0.051482,0.035957,0.438855,-0.431979,-0.006599,0.071486,-0.011905,-0.039194,-0.871073,0.403512,-0.351198,-0.374100,-1.397337,0.009659,-0.269897,-0.899212,-0.145656,0.494541,-0.561281,1.291744,0.232590,0.024316,1
-0.028353,-0.088698,-0.023851,0.345180,-0.305444,0.008985,-0.030168,-0.051482,0.035957,0.438838,-0.431983,-0.006606,0.071513,-0.011890,-0.039204,-0.871073,0.403512,-0.351533,-0.374088,-1.397325,0.009647,-0.269921,-0.899212,-0.145644,0.494541,-0.561281,1.291768,0.232602,0.024304,1
-0.028353,-0.088698,-0.023824,0.345188,-0.305440,0.009007,-0.030160,-0.051482,0.035957,0.438838,-0.431991,-0.006591,0.071499,-0.011905,-0.039204,-0.871073,0.403512,-0.351869,-0.374100,-1.397349,0.009647,-0.269921,-0.899212,-0.145644,0.494541,-0.561281,1.291768,0.232602,0.024304,1
-0.028353,-0.088698,-0.023824,0.345205,-0.305444,0.008985,-0.030168,-0.051482,0.035971,0.438872,-0.431987,-0.006613,0.071473,-0.011897,-0.039199,-0.871097,0.403536,-0.352348,-0.374100,-1.397337,0.009647,-0.269897,-0.899188,-0.145668,0.494541,-0.561329,1.291756,0.232590,0.024316,1
-0.028345,-0.088698,-0.023838,0.345197,-0.305449,0.008992,-0.030160,-0.051482,0.035971,0.438846,-0.431991,-0.006591,0.071499,-0.011913,-0.039209,-0.871097,0.403536,-0.352648,-0.374088,-1.397337,0.009659,-0.269897,-0.899188,-0.145668,0.494529,-0.561293,1.291744,0.232602,0.024280,1
-0.028353,-0.088690,-0.023838,0.345197,-0.305444,0.008985,-0.030168,-0.051482,0.035971,0.438855,-0.431991,-0.006591,0.071499,-0.011905,-0.039204,-0.871097,0.403536,-0.352923,-0.374088,-1.397325,0.009647,-0.269921,-0.899176,-0.145656,0.494529,-0.561281,1.291780,0.232590,0.024304,1
-0.028353,-0.088690,-0.023838,0.345197,-0.305444,0.008985,-0.030168,-0.051482,0.035971,0.438855,-0.431991,-0.006591,0.071499,-0.011905,-0.039204,-0.871097,0.403536,-0.352923,-0.374088,-1.397325,0.009647,-0.269921,-0.899176,-0.145656,0.494529,-0.561281,1.291780,0.232590,0.024304,4
-0.028353,-0.088690,-0.023838,0.345197,-0.305444,0.008985,-0.030168,-0.051482,0.035971,0.438855,-0.431991,-0.006591,0.071499,-0.011905,-0.039204,-0.871097,0.403536,-0.352923,-0.374088,-1.397325,0.009647,-0.269921,-0.899176,-0.145656,0.494529,-0.561281,1.291780,0.232590,0.024304,1
-0.028345,-0.088698,-0.023838,0.345197,-0.305449,0.008992,-0.030160,-0.051482,0.035971,0.438846,-0.431991,-0.006591,0.071499,-0.011913,-0.039209,-0.871097,0.403536,-0.352648,-0.374088,-1.397337,0.009659,-0.269897,-0.899188,-0.145668,0.494529,-0.561293,1.291744,0.232602,0.024280,1
-0.028353,-0.088698,-0.023824,0.345205,-0.305444,0.008985,-0.030168,-0.051482,0.035971,0.438872,-0.431987,-0.006613,0.071473,-0.011897,-0.039199,-0.871097,0.403536,-0.352348,-0.374100,-1.397337,0.009647,-0.269897,-0.899188,-0.145668,0.494541,-0.561329,1.291756,0.232590,0.024316,1
-0.028353,-0.088698,-0.023824,0.345188,-0.305440,0.009007,-0.030160,-0.051482,0.035957,0.438838,-0.431991,-0.006591,0.071499,-0.011905,-0.039204,-0.871073,0.403512,-0.351869,-0.374100,-1.397349,0.009647,-0.269921,-0.899212,-0.145644,0.494541,-0.561281,1.291768,0.232602,0.024304,1
-0.028353,-0.088698,-0.023851,0.345180,-0.305444,0.008985,-0.030168,-0.051482,0.035957,0.438838,-0.431983,-0.006606,0.071513,-0.011890,-0.039204,-0.871073,0.403512,-0.351533,-0.374088,-1.397325,0.009647,-0.269921,-0.899212,-0.145644,0.494541,-0.561281,1.291768,0.232602,0.024304,1
-0.028362,-0.088698,-0.023824,0.345197,-0.305444,0.008985,-0.030168,-0.051482,0.035957,0.438855,-0.431979,-0.006599,0.071486,-0.011905,-0.039194,-0.871073,0.403512,-0.351198,-0.374100,-1.397337,0.009659,-0.269897,-0.899212,-0.145656,0.494541,-0.561281,1.291744,0.232590,0.024316,1
-0.028353,-0.088707,-0.023838,0.345180,-0.305448,0.009007,-0.030160,-0.051482,0.035971,0.438838,-0.431983,-0.006606,0.071499,-0.011920,-0.039195,-0.871085,0.403512,-0.350874,-0.374100,-1.397325,0.009635,-0.269909,-0.899248,-0.145644,0.494541,-0.561269,1.291744,0.232602,0.024304,1
-0.028353,-0.088698,-0.023811,0.345188,-0.305449,0.008992,-0.030151,-0.051482,0.035984,0.438846,-0.431983,-0.006606,0.071473,-0.011920,-0.039195,-0.871073,0.403512,-0.350563,-0.374112,-1.397361,0.009635,-0.269897,-0.899236,-0.145644,0.494541,-0.561269,1.291744,0.232590,0.024304,1
-0.028353,-0.088690,-0.023797,0.345180,-0.305444,0.008985,-0.030151,-0.051491,0.035971,0.438855,-0.431983,-0.006606,0.071486,-0.011882,-0.039199,-0.871073,0.403512,-0.350167,-0.374088,-1.397325,0.009659,-0.269909,-0.899248,-0.145656,0.494541,-0.561281,1.291744,0.232590,0.024304,1
-0.028353,-0.088715,-0.023797,0.345180,-0.305453,0.008999,-0.030151,-0.051491,0.035957,0.438838,-0.431979,-0.006613,0.071486,-0.011890,-0.039194,-0.871073,0.403512,-0.349963,-0.374100,-1.397337,0.009647,-0.269909,-0.899260,-0.145644,0.494541,-0.561269,1.291768,0.232590,0.024304,1
-0.028353,-0.088707,-0.023838,0.345188,-0.305440,0.008992,-0.030168,-0.051491,0.035957,0.438838,-0.431983,-0.006606,0.071499,-0.011905,-0.039204,-0.871085,0.403488,-0.349784,-0.374100,-1.397361,0.009647,-0.269897,-0.899260,-0.145656,0.494541,-0.561269,1.291732,0.232602,0.024304,1
-0.028370,-0.088715,-0.023824,0.345171,-0.305453,0.008999,-0.030160,-0.051482,0.035971,0.438829,-0.431983,-0.006606,0.071486,-0.011905,-0.039204,-0.871085,0.403488,-0.349604,-0.374100,-1.397349,0.009659,-0.269909,-0.899284,-0.145656,0.494541,-0.561269,1.291744,0.232590,0.024304,1
-0.028370,-0.088707,-0.023797,0.345180,-0.305453,0.008985,-0.030168,-0.051474,0.035944,0.438821,-0.431983,-0.006606,0.071486,-0.011920,-0.039204,-0.871073,0.403488,-0.349448,-0.374088,-1.397361,0.009659,-0.269897,-0.899284,-0.145656,0.494529,-0.561257,1.291756,0.232614,0.024304,1
-0.028370,-0.088707,-0.023811,0.345171,-0.305440,0.008992,-0.030168,-0.051491,0.035971,0.438838,-0.431983,-0.006606,0.071459,-0.011897,-0.039199,-0.871073,0.403488,-0.349304,-0.374100,-1.397349,0.009659,-0.269909,-0.899320,-0.145656,0.494529,-0.561269,1.291744,0.232602,0.024304,1
-0.028370,-0.088698,-0.023824,0.345188,-0.305453,0.008985,-0.030160,-0.051482,0.035957,0.438855,-0.431983,-0.006606,0.071513,-0.011890,-0.039204,-0.871073,0.403488,-0.349136,-0.374124,-1.397325,0.009659,-0.269921,-0.899320,-0.145656,0.494529,-0.561257,1.291732,0.232602,0.024292,1
-0.028353,-0.088707,-0.023824,0.345163,-0.305457,0.008978,-0.030160,-0.051474,0.035971,0.438863,-0.431987,-0.006613,0.071499,-0.011920,-0.039195,-0.871073,0.403488,-0.349041,-0.374100,-1.397325,0.009671,-0.269909,-0.899320,-0.145644,0.494541,-0.561257,1.291720,0.232602,0.024292,1
-0.028345,-0.088707,-0.023838,0.345171,-0.305453,0.008999,-0.030160,-0.051491,0.035971,0.438880,-0.431991,-0.006591,0.071486,-0.011905,-0.039194,-0.871073,0.403488,-0.348885,-0.374100,-1.397325,0.009671,-0.269909,-0.899344,-0.145656,0.494541,-0.561257,1.291744,0.232602,0.024292,1
-0.028345,-0.088698,-0.023811,0.345180,-0.305449,0.008992,-0.030143,-0.051474,0.035971,0.438863,-0.431983,-0.006606,0.071486,-0.011897,-0.039189,-0.871097,0.403488,-0.348837,-0.374100,-1.397361,0.009671,-0.269921,-0.899344,-0.145644,0.494541,-0.561269,1.291744,0.232602,0.024304,1
-0.028345,-0.088707,-0.023797,0.345180,-0.305453,0.008999,-0.030168,-0.051482,0.035984,0.438855,-0.431979,-0.006599,0.071486,-0.011913,-0.039190,-0.871121,0.403488,-0.348753,-0.374100,-1.397325,0.009671,-0.269909,-0.899368,-0.145644,0.494541,-0.561269,1.291732,0.232602,0.024304,1
-0.028328,-0.088707,-0.023797,0.345171,-0.305453,0.008999,-0.030168,-0.051465,0.035957,0.438846,-0.431983,-0.006606,0.071473,-0.011920,-0.039195,-0.871097,0.403488,-0.348717,-0.374100,-1.397325,0.009671,-0.269909,-0.899368,-0.145668,0.494529,-0.561269,1.291732,0.232590,0.024304,1
-0.028336,-0.088715,-0.023811,0.345188,-0.305453,0.008985,-0.030160,-0.051491,0.035971,0.438855,-0.431983,-0.006606,0.071486,-0.011913,-0.039199,-0.871109,0.403464,-0.348633,-0.374112,-1.397349,0.009671,-0.269909,-0.899380,-0.145656,0.494541,-0.561269,1.291732,0.232602,0.024292,1
-0.028336,-0.088707,-0.023771,0.345171,-0.305457,0.008992,-0.030168,-0.051482,0.035957,0.438855,-0.431983,-0.006606,0.071513,-0.011913,-0.039199,-0.871097,0.403488,-0.348549,-0.374112,-1.397361,0.009671,-0.269921,-0.899404,-0.145644,0.494541,-0.561257,1.291768,0.232614,0.024304,1
-0.028336,-0.088707,-0.023811,0.345163,-0.305453,0.008999,-0.030160,-0.051482,0.035971,0.438855,-0.431983,-0.006606,0.071473,-0.011897,-0.039199,-0.871097,0.403488,-0.348477,-0.374100,-1.397349,0.009671,-0.269909,-0.899404,-0.145656,0.494541,-0.561269,1.291744,0.232590,0.024304,1
-0.028362,-0.088724,-0.023811,0.345171,-0.305453,0.008999,-0.030143,-0.051491,0.035971,0.438863,-0.431983,-0.006606,0.071473,-0.011897,-0.039209,-0.871097,0.403464,-0.348417,-0.374100,-1.397337,0.009683,-0.269921,-0.899404,-0.145656,0.494529,-0.561245,1.291744,0.232602,0.024316,1
-0.028362,-0.088707,-0.023811,0.345171,-0.305457,0.008978,-0.030151,-0.051491,0.035971,0.438855,-0.431983,-0.006606,0.071486,-0.011897,-0.039199,-0.871085,0.403488,-0.348357,-0.374100,-1.397349,0.009671,-0.269909,-0.899416,-0.145644,0.494541,-0.561245,1.291732,0.232602,0.024304,1
-0.028353,-0.088707,-0.023811,0.345171,-0.305449,0.008992,-0.030143,-0.051491,0.035971,0.438863,-0.431983,-0.006606,0.071486,-0.011913,-0.039199,-0.871085,0.403488,-0.348298,-0.374088,-1.397361,0.009683,-0.269921,-0.899416,-0.145644,0.494541,-0.561257,1.291732,0.232590,0.024304,1
-0.028370,-0.088707,-0.023838,0.345171,-0.305453,0.008999,-0.030151,-0.051482,0.035957,0.438872,-0.431979,-0.006613,0.071499,-0.011897,-0.039189,-0.871109,0.403464,-0.348262,-0.374100,-1.397337,0.009683,-0.269909,-0.899428,-0.145644,0.494529,-0.561257,1.291732,0.232590,0.024316,1
-0.028353,-0.088724,-0.023797,0.345171,-0.305457,0.008978,-0.030151,-0.051482,0.035957,0.438846,-0.431983,-0.006606,0.071486,-0.011905,-0.039204,-0.871085,0.403488,-0.348214,-0.374100,-1.397337,0.009671,-0.269909,-0.899428,-0.145644,0.494541,-0.561257,1.291732,0.232590,0.024304,1
-0.028345,-0.088724,-0.023811,0.345180,-0.305449,0.008992,-0.030151,-0.051491,0.035957,0.438855,-0.431987,-0.006613,0.071486,-0.011913,-0.039199,-0.871097,0.403464,-0.348190,-0.374100,-1.397325,0.009671,-0.269909,-0.899428,-0.145632,0.494541,-0.561245,1.291732,0.232590,0.024304,1
-0.028345,-0.088707,-0.023824,0.345163,-0.305449,0.008978,-0.030160,-0.051482,0.035984,0.438838,-0.431983,-0.006606,0.071486,-0.011920,-0.039195,-0.871073,0.403488,-0.348118,-0.374100,-1.397325,0.009647,-0.269921,-0.899452,-0.145644,0.494541,-0.561245,1.291732,0.232602,0.024304,1
-0.028345,-0.088707,-0.023824,0.345171,-0.305453,0.008970,-0.030160,-0.051499,0.035971,0.438821,-0.431979,-0.006613,0.071486,-0.011905,-0.039194,-0.871085,0.403488,-0.348094,-0.374100,-1.397337,0.009671,-0.269909,-0.899500,-0.145656,0.494541,-0.561245,1.291732,0.232590,0.024304,1
-0.028336,-0.088707,-0.023797,0.345171,-0.305461,0.008985,-0.030160,-0.051482,0.035984,0.438812,-0.431987,-0.006613,0.071499,-0.011905,-0.039194,-0.871073,0.403488,-0.348058,-0.374100,-1.397337,0.009671,-0.269909,-0.899464,-0.145656,0.494541,-0.561233,1.291732,0.232590,0.024268,1
-0.028345,-0.088715,-0.023797,0.345180,-0.305449,0.008978,-0.030151,-0.051482,0.035957,0.438829,-0.431983,-0.006620,0.071486,-0.011905,-0.039194,-0.871097,0.403488,-0.347974,-0.374088,-1.397349,0.009683,-0.269909,-0.899488,-0.145644,0.494529,-0.561233,1.291720,0.232590,0.024328,1
-0.028345,-0.088707,-0.023811,0.345188,-0.305457,0.008992,-0.030151,-0.051474,0.035971,0.438838,-0.431983,-0.006620,0.071486,-0.011913,-0.039199,-0.871109,0.403488,-0.347926,-0.374088,-1.397361,0.009683,-0.269909,-0.899488,-0.145644,0.494529,-0.561245,1.291708,0.232590,0.024304,1
-0.028353,-0.088724,-0.023838,0.345171,-0.305449,0.008992,-0.030151,-0.051474,0.035957,0.438863,-0.431979,-0.006599,0.071486,-0.011920,-0.039214,-0.871109,0.403488,-0.347902,-0.374088,-1.397325,0.009683,-0.269909,-0.899500,-0.145644,0.494541,-0.561257,1.291732,0.232590,0.024304,1
-0.028353,-0.088707,-0.023797,0.345171,-0.305444,0.008999,-0.030151,-0.051465,0.035971,0.438880,-0.431983,-0.006606,0.071486,-0.011905,-0.039204,-0.871109,0.403464,-0.347878,-0.374088,-1.397349,0.009671,-0.269909,-0.899488,-0.145656,0.494541,-0.561245,1.291708,0.232602,0.024304,1
-0.028370,-0.088707,-0.023824,0.345180,-0.305440,0.008992,-0.030160,-0.051474,0.035971,0.438889,-0.431983,-0.006606,0.071486,-0.011905,-0.039214,-0.871097,0.403488,-0.347866,-0.374076,-1.397325,0.009671,-0.269897,-0.899524,-0.145656,0.494529,-0.561245,1.291720,0.232590,0.024304,1
-0.028353,-0.088715,-0.023811,0.345171,-0.305444,0.008985,-0.030151,-0.051482,0.035984,0.438880,-0.431983,-0.006606,0.071473,-0.011928,-0.039219,-0.871097,0.403488,-0.347818,-0.374076,-1.397349,0.009683,-0.269909,-0.899512,-0.145644,0.494529,-0.561257,1.291708,0.232602,0.024304,1
-0.028353,-0.088707,-0.023838,0.345197,-0.305453,0.008985,-0.030151,-0.051474,0.035957,0.438863,-0.431983,-0.006606,0.071486,-0.011935,-0.039204,-0.871085,0.403488,-0.347794,-0.374052,-1.397349,0.009659,-0.269897,-0.899512,-0.145668,0.494541,-0.561257,1.291708,0.232602,0.024304,1
-0.028345,-0.088707,-0.023838,0.345180,-0.305453,0.008970,-0.030151,-0.051482,0.035944,0.438838,-0.431979,-0.006613,0.071486,-0.011913,-0.039199,-0.871073,0.403488,-0.347770,-0.374040,-1.397325,0.009683,-0.269909,-0.899524,-0.145644,0.494541,-0.561257,1.291708,0.232590,0.024304,1
-0.028362,-0.088715,-0.023824,0.345180,-0.305453,0.008999,-0.030160,-0.051482,0.035997,0.438821,-0.431979,-0.006613,0.071486,-0.011913,-0.039209,-0.871073,0.403488,-0.347734,-0.374040,-1.397325,0.009671,-0.269909,-0.899536,-0.145656,0.494541,-0.561269,1.291708,0.232578,0.024304,1
-0.028345,-0.088715,-0.023797,0.345188,-0.305444,0.008985,-0.030160,-0.051491,0.035971,0.438821,-0.431983,-0.006606,0.071499,-0.011897,-0.039209,-0.871061,0.403488,-0.347698,-0.374052,-1.397325,0.009659,-0.269897,-0.899536,-0.145656,0.494529,-0.561269,1.291696,0.232602,0.024304,1
-0.028353,-0.088715,-0.023771,0.345163,-0.305453,0.008999,-0.030160,-0.051482,0.035957,0.438838,-0.431979,-0.006628,0.071473,-0.011920,-0.039204,-0.871073,0.403488,-0.347686,-0.374040,-1.397337,0.009671,-0.269897,-0.899560,-0.145656,0.494529,-0.561269,1.291708,0.232602,0.024304,1
-0.028345,-0.088715,-0.023797,0.345171,-0.305444,0.008985,-0.030151,-0.051491,0.035984,0.438838,-0.431971,-0.006613,0.071513,-0.011905,-0.039214,-0.871085,0.403512,-0.347650,-0.374016,-1.397325,0.009659,-0.269909,-0.899560,-0.145656,0.494541,-0.561245,1.291696,0.232590,0.024316,1
-0.028336,-0.088707,-0.023811,0.345180,-0.305444,0.008985,-0.030151,-0.051491,0.035957,0.438855,-0.431979,-0.006628,0.071486,-0.011920,-0.039204,-0.871097,0.403500,-0.347614,-0.374004,-1.397361,0.009671,-0.269897,-0.899560,-0.145632,0.494529,-0.561257,1.291684,0.232602,0.024328,1
-0.028353,-0.088724,-0.023811,0.345163,-0.305444,0.008985,-0.030168,-0.051491,0.035957,0.438838,-0.431975,-0.006620,0.071459,-0.011897,-0.039209,-0.871085,0.403488,-0.347590,-0.374016,-1.397325,0.009659,-0.269897,-0.899572,-0.145644,0.494541,-0.561257,1.291684,0.232602,0.024316,1
-0.028353,-0.088715,-0.023811,0.345163,-0.305453,0.008999,-0.030151,-0.051491,0.035944,0.438838,-0.431975,-0.006620,0.071486,-0.011920,-0.039214,-0.871073,0.403500,-0.347555,-0.373992,-1.397325,0.009647,-0.269897,-0.899572,-0.145644,0.494529,-0.561257,1.291708,0.232602,0.024328,1
-0.028353,-0.088715,-0.023824,0.345188,-0.305453,0.008999,-0.030151,-0.051482,0.035957,0.438855,-0.431983,-0.006620,0.071473,-0.011928,-0.039219,-0.871085,0.403488,-0.347531,-0.373992,-1.397349,0.009647,-0.269897,-0.899572,-0.145644,0.494529,-0.561257,1.291696,0.232614,0.024316,1
-0.028353,-0.088724,-0.023811,0.345180,-0.305449,0.008992,-0.030160,-0.051482,0.035971,0.438838,-0.431983,-0.006606,0.071473,-0.011928,-0.039209,-0.871109,0.403500,-0.347519,-0.373992,-1.397361,0.009635,-0.269897,-0.899560,-0.145668,0.494517,-0.561257,1.291696,0.232602,0.024304,1
-0.028353,-0.088715,-0.023784,0.345188,-0.305444,0.008985,-0.030151,-0.051482,0.035984,0.438838,-0.431983,-0.006606,0.071473,-0.011920,-0.039214,-0.871133,0.403512,-0.347483,-0.373968,-1.397325,0.009635,-0.269885,-0.899584,-0.145644,0.494517,-0.561269,1.291696,0.232590,0.024316,1
-0.028353,-0.088715,-0.023811,0.345180,-0.305444,0.009014,-0.030151,-0.051482,0.035957,0.438821,-0.431983,-0.006606,0.071486,-0.011928,-0.039209,-0.871121,0.403500,-0.347483,-0.373944,-1.397325,0.009635,-0.269897,-0.899584,-0.145656,0.494517,-0.561269,1.291684,0.232602,0.024304,1
-0.028353,-0.088715,-0.023824,0.345163,-0.305440,0.009007,-0.030151,-0.051491,0.035944,0.438821,-0.431983,-0.006606,0.071473,-0.011928,-0.039199,-0.871109,0.403512,-0.347447,-0.373968,-1.397325,0.009623,-0.269897,-0.899608,-0.145656,0.494541,-0.561281,1.291708,0.232614,0.024304,1
-0.028353,-0.088724,-0.023864,0.345171,-0.305440,0.008992,-0.030151,-0.051482,0.035997,0.438838,-0.431983,-0.006606,0.071473,-0.011920,-0.039214,-0.871121,0.403512,-0.347423,-0.373944,-1.397361,0.009623,-0.269897,-0.899596,-0.145644,0.494541,-0.561281,1.291684,0.232602,0.024316,1
-0.028336,-0.088707,-0.023811,0.345163,-0.305453,0.008999,-0.030151,-0.051482,0.035957,0.438846,-0.431979,-0.006613,0.071486,-0.011935,-0.039214,-0.871097,0.403512,-0.347387,-0.373944,-1.397325,0.009611,-0.269885,-0.899596,-0.145632,0.494529,-0.561281,1.291684,0.232602,0.024304,1
-0.028353,-0.088707,-0.023811,0.345163,-0.305457,0.008992,-0.030151,-0.051482,0.035957,0.438863,-0.431979,-0.006613,0.071486,-0.011920,-0.039204,-0.871097,0.403512,-0.347387,-0.373908,-1.397325,0.009623,-0.269873,-0.899572,-0.145632,0.494541,-0.561281,1.291696,0.232590,0.024316,1
-0.028345,-0.088707,-0.023838,0.345171,-0.305461,0.008999,-0.030168,-0.051491,0.035971,0.438880,-0.431983,-0.006606,0.071486,-0.011913,-0.039209,-0.871085,0.403500,-0.347363,-0.373932,-1.397325,0.009623,-0.269897,-0.899584,-0.145632,0.494529,-0.561269,1.291684,0.232590,0.024304,1
-0.028353,-0.088715,-0.023811,0.345171,-0.305465,0.008992,-0.030160,-0.051474,0.035971,0.438880,-0.431983,-0.006606,0.071486,-0.011905,-0.039214,-0.871073,0.403536,-0.347339,-0.373908,-1.397325,0.009599,-0.269885,-0.899608,-0.145656,0.494517,-0.561269,1.291696,0.232602,0.024304,1
-0.028353,-0.088707,-0.023797,0.345188,-0.305457,0.008992,-0.030151,-0.051482,0.035971,0.438880,-0.431983,-0.006606,0.071486,-0.011920,-0.039204,-0.871073,0.403524,-0.347339,-0.373896,-1.397337,0.009599,-0.269885,-0.899596,-0.145656,0.494505,-0.561269,1.291684,0.232590,0.024328,1
-0.028353,-0.088707,-0.023784,0.345188,-0.305453,0.008999,-0.030151,-0.051482,0.035957,0.438863,-0.431983,-0.006606,0.071486,-0.011920,-0.039214,-0.871097,0.403512,-0.347303,-0.373884,-1.397337,0.009599,-0.269897,-0.899608,-0.145656,0.494505,-0.561281,1.291684,0.232602,0.024304,1
-0.028345,-0.088707,-0.023797,0.345171,-0.305453,0.008999,-0.030151,-0.051491,0.035984,0.438846,-0.431983,-0.006606,0.071486,-0.011920,-0.039214,-0.871121,0.403524,-0.347303,-0.373884,-1.397325,0.009599,-0.269885,-0.899608,-0.145644,0.494517,-0.561269,1.291684,0.232590,0.024304,1
-0.028345,-0.088715,-0.023784,0.345171,-0.305457,0.009007,-0.030151,-0.051482,0.035971,0.438855,-0.431983,-0.006606,0.071486,-0.011920,-0.039204,-0.871097,0.403512,-0.347279,-0.373860,-1.397325,0.009587,-0.269885,-0.899584,-0.145644,0.494517,-0.561269,1.291696,0.232590,0.024316,1
-0.028345,-0.088715,-0.023784,0.345180,-0.305440,0.009007,-0.030160,-0.051482,0.035971,0.438838,-0.431991,-0.006591,0.071486,-0.011913,-0.039209,-0.871097,0.403524,-0.347279,-0.373860,-1.397361,0.009599,-0.269885,-0.899596,-0.145632,0.494529,-0.561269,1.291684,0.232602,0.024316,1
-0.028345,-0.088724,-0.023797,0.345171,-0.305444,0.009014,-0.030160,-0.051491,0.035984,0.438846,-0.431987,-0.006584,0.071499,-0.011920,-0.039224,-0.871085,0.403512,-0.347267,-0.373860,-1.397325,0.009587,-0.269885,-0.899608,-0.145656,0.494529,-0.561269,1.291696,0.232590,0.024304,1
-0.028353,-0.088707,-0.023811,0.345171,-0.305448,0.009007,-0.030134,-0.051482,0.035957,0.438846,-0.431983,-0.006606,0.071486,-0.011913,-0.039199,-0.871097,0.403512,-0.347267,-0.373860,-1.397325,0.009587,-0.269873,-0.899608,-0.145632,0.494529,-0.561269,1.291696,0.232590,0.024304,1
-0.028345,-0.088698,-0.023864,0.345154,-0.305449,0.008978,-0.030151,-0.051482,0.035957,0.438846,-0.431979,-0.006613,0.071486,-0.011935,-0.039204,-0.871121,0.403512,-0.347267,-0.373848,-1.397337,0.009575,-0.269873,-0.899608,-0.145632,0.494541,-0.561269,1.291684,0.232578,0.024304,1
-0.028345,-0.088707,-0.023811,0.345171,-0.305453,0.008970,-0.030151,-0.051482,0.035957,0.438855,-0.431979,-0.006613,0.071499,-0.011920,-0.039204,-0.871097,0.403512,-0.347267,-0.373860,-1.397349,0.009575,-0.269873,-0.899596,-0.145620,0.494517,-0.561269,1.291684,0.232614,0.024304,1
-0.028353,-0.088707,-0.023824,0.345188,-0.305453,0.008999,-0.030151,-0.051482,0.035957,0.438863,-0.431979,-0.006613,0.071513,-0.011943,-0.039209,-0.871097,0.403512,-0.347267,-0.373836,-1.397325,0.009575,-0.269885,-0.899608,-0.145656,0.494529,-0.561281,1.291696,0.232590,0.024316,1
-0.028353,-0.088707,-0.023824,0.345188,-0.305453,0.008999,-0.030151,-0.051491,0.035971,0.438838,-0.431983,-0.006606,0.071499,-0.011920,-0.039224,-0.871097,0.403512,-0.347267,-0.373812,-1.397337,0.009563,-0.269873,-0.899620,-0.145656,0.494505,-0.561269,1.291684,0.232602,0.024304,1
-0.028353,-0.088707,-0.023784,0.345188,-0.305448,0.009021,-0.030143,-0.051482,0.035957,0.438855,-0.431971,-0.006599,0.071513,-0.011935,-0.039214,-0.871085,0.403512,-0.347255,-0.373824,-1.397361,0.009563,-0.269873,-0.899608,-0.145644,0.494541,-0.561269,1.291684,0.232602,0.024316,1
-0.028353,-0.088707,-0.023811,0.345171,-0.305444,0.009014,-0.030168,-0.051482,0.035957,0.438838,-0.431983,-0.006606,0.071486,-0.011936,-0.039224,-0.871109,0.403536,-0.347255,-0.373788,-1.397325,0.009575,-0.269885,-0.899608,-0.145656,0.494517,-0.561281,1.291684,0.232602,0.024316,1
-0.028353,-0.088715,-0.023797,0.345171,-0.305453,0.008999,-0.030160,-0.051491,0.035984,0.438838,-0.431983,-0.006606,0.071499,-0.011943,-0.039209,-0.871109,0.403512,-0.347267,-0.373788,-1.397325,0.009563,-0.269873,-0.899608,-0.145644,0.494517,-0.561281,1.291684,0.232602,0.024316,1
-0.028345,-0.088715,-0.023784,0.345171,-0.305465,0.008992,-0.030160,-0.051482,0.035971,0.438838,-0.431983,-0.006606,0.071513,-0.011928,-0.039209,-0.871097,0.403536,-0.347255,-0.373812,-1.397325,0.009563,-0.269873,-0.899644,-0.145632,0.494517,-0.561269,1.291672,0.232602,0.024316,1
-0.028345,-0.088707,-0.023811,0.345180,-0.305449,0.008978,-0.030160,-0.051491,0.035971,0.438855,-0.431983,-0.006606,0.071513,-0.011935,-0.039214,-0.871097,0.403512,-0.347255,-0.373788,-1.397325,0.009563,-0.269873,-0.899608,-0.145644,0.494529,-0.561281,1.291696,0.232590,0.024304,1
-0.028345,-0.088707,-0.023811,0.345171,-0.305469,0.008985,-0.030168,-0.051491,0.035971,0.438863,-0.431979,-0.006599,0.071486,-0.011920,-0.039214,-0.871097,0.403536,-0.347255,-0.373788,-1.397325,0.009575,-0.269873,-0.899608,-0.145644,0.494517,-0.561281,1.291684,0.232602,0.024304,1
-0.028345,-0.088715,-0.023838,0.345188,-0.305453,0.008999,-0.030151,-0.051491,0.035971,0.438863,-0.431987,-0.006613,0.071486,-0.011928,-0.039219,-0.871073,0.403512,-0.347243,-0.373764,-1.397325,0.009563,-0.269873,-0.899608,-0.145644,0.494529,-0.561257,1.291696,0.232590,0.024304,1
-0.028353,-0.088724,-0.023838,0.345171,-0.305436,0.008999,-0.030151,-0.051491,0.035944,0.438872,-0.431979,-0.006599,0.071499,-0.011928,-0.039209,-0.871085,0.403536,-0.347255,-0.373752,-1.397325,0.009563,-0.269873,-0.899608,-0.145644,0.494517,-0.561269,1.291672,0.232602,0.024316,1
-0.028353,-0.088707,-0.023824,0.345171,-0.305444,0.008999,-0.030151,-0.051482,0.035997,0.438863,-0.431979,-0.006599,0.071513,-0.011928,-0.039219,-0.871073,0.403536,-0.347243,-0.373752,-1.397325,0.009563,-0.269873,-0.899620,-0.145644,0.494517,-0.561269,1.291684,0.232614,0.024328,1
-0.028362,-0.088715,-0.023824,0.345188,-0.305453,0.008999,-0.030151,-0.051482,0.035984,0.438855,-0.431983,-0.006606,0.071486,-0.011920,-0.039204,-0.871085,0.403536,-0.347255,-0.373728,-1.397337,0.009563,-0.269861,-0.899608,-0.145644,0.494517,-0.561269,1.291684,0.232590,0.024304,1
-0.028370,-0.088724,-0.023838,0.345188,-0.305453,0.008970,-0.030151,-0.051482,0.035957,0.438838,-0.431987,-0.006613,0.071486,-0.011928,-0.039209,-0.871073,0.403512,-0.347243,-0.373704,-1.397325,0.009563,-0.269873,-0.899620,-0.145644,0.494517,-0.561257,1.291696,0.232602,0.024304,1
-0.028362,-0.088707,-0.023811,0.345180,-0.305453,0.008970,-0.030143,-0.051491,0.035971,0.438829,-0.431983,-0.006606,0.071513,-0.011951,-0.039214,-0.871097,0.403512,-0.347243,-0.373704,-1.397325,0.009563,-0.269861,-0.899620,-0.145656,0.494529,-0.561257,1.291696,0.232602,0.024304,1
-0.028362,-0.088715,-0.023811,0.345197,-0.305444,0.008985,-0.030151,-0.051482,0.035971,0.438821,-0.431987,-0.006613,0.071526,-0.011943,-0.039219,-0.871109,0.403500,-0.347243,-0.373704,-1.397349,0.009551,-0.269873,-0.899620,-0.145644,0.494529,-0.561257,1.291672,0.232602,0.024304,1
-0.028345,-0.088707,-0.023784,0.345197,-0.305444,0.008985,-0.030151,-0.051482,0.035971,0.438838,-0.431987,-0.006613,0.071540,-0.011928,-0.039209,-0.871097,0.403512,-0.347219,-0.373692,-1.397337,0.009551,-0.269885,-0.899620,-0.145632,0.494529,-0.561269,1.291672,0.232602,0.024292,1
-0.028353,-0.088715,-0.023811,0.345188,-0.305444,0.008985,-0.030151,-0.051482,0.035984,0.438846,-0.431983,-0.006620,0.071499,-0.011935,-0.039214,-0.871109,0.403536,-0.347243,-0.373680,-1.397349,0.009539,-0.269873,-0.899632,-0.145620,0.494505,-0.561257,1.291672,0.232602,0.024304,1
-0.028345,-0.088715,-0.023797,0.345188,-0.305453,0.008999,-0.030143,-0.051482,0.035984,0.438855,-0.431987,-0.006613,0.071526,-0.011935,-0.039214,-0.871097,0.403536,-0.347219,-0.373680,-1.397349,0.009563,-0.269873,-0.899632,-0.145632,0.494505,-0.561245,1.291684,0.232602,0.024304,1
-0.028345,-0.088715,-0.023811,0.345205,-0.305453,0.008999,-0.030151,-0.051491,0.035957,0.438863,-0.431983,-0.006606,0.071513,-0.011936,-0.039224,-0.871085,0.403536,-0.347243,-0.373680,-1.397349,0.009551,-0.269873,-0.899620,-0.145632,0.494505,-0.561245,1.291684,0.232590,0.024316,1
-0.028345,-0.088724,-0.023797,0.345205,-0.305449,0.008978,-0.030160,-0.051491,0.035957,0.438855,-0.431987,-0.006613,0.071526,-0.011913,-0.039219,-0.871049,0.403548,-0.347231,-0.373656,-1.397337,0.009539,-0.269861,-0.899632,-0.145632,0.494505,-0.561257,1.291684,0.232590,0.024304,1
-0.028353,-0.088707,-0.023824,0.345222,-0.305453,0.008985,-0.030151,-0.051482,0.035930,0.438855,-0.431987,-0.006613,0.071499,-0.011951,-0.039224,-0.871073,0.403560,-0.347219,-0.373680,-1.397325,0.009551,-0.269861,-0.899632,-0.145620,0.494517,-0.561245,1.291684,0.232602,0.024304,1
-0.028379,-0.088715,-0.023824,0.345205,-0.305449,0.008978,-0.030134,-0.051499,0.035971,0.438846,-0.431987,-0.006613,0.071513,-0.011928,-0.039199,-0.871073,0.403560,-0.347207,-0.373668,-1.397337,0.009539,-0.269873,-0.899620,-0.145632,0.494517,-0.561257,1.291672,0.232602,0.024316,1
-0.028370,-0.088715,-0.023811,0.345205,-0.305444,0.008985,-0.030151,-0.051474,0.035984,0.438855,-0.431975,-0.006620,0.071540,-0.011951,-0.039224,-0.871073,0.403572,-0.347195,-0.373656,-1.397337,0.009527,-0.269885,-0.899632,-0.145644,0.494517,-0.561269,1.291684,0.232590,0.024304,1
-0.028370,-0.088715,-0.023811,0.345222,-0.305436,0.008999,-0.030160,-0.051474,0.035984,0.438855,-0.431983,-0.006606,0.071526,-0.011951,-0.039214,-0.871061,0.403572,-0.347219,-0.373656,-1.397325,0.009527,-0.269873,-0.899644,-0.145644,0.494517,-0.561269,1.291684,0.232602,0.024316,1
-0.028353,-0.088707,-0.023838,0.345188,-0.305444,0.008999,-0.030151,-0.051482,0.035971,0.438855,-0.431983,-0.006606,0.071540,-0.011966,-0.039205,-0.871073,0.403560,-0.347219,-0.373656,-1.397325,0.009527,-0.269873,-0.899632,-0.145644,0.494493,-0.561257,1.291672,0.232602,0.024328,1
-0.028362,-0.088715,-0.023824,0.345214,-0.305444,0.008985,-0.030151,-0.051482,0.035984,0.438855,-0.431983,-0.006606,0.071499,-0.011966,-0.039215,-0.871061,0.403572,-0.347195,-0.373656,-1.397361,0.009503,-0.269873,-0.899620,-0.145620,0.494517,-0.561269,1.291684,0.232590,0.024316,1
-0.028345,-0.088707,-0.023824,0.345205,-0.305440,0.008978,-0.030160,-0.051482,0.035971,0.438855,-0.431983,-0.006606,0.071540,-0.011943,-0.039209,-0.871073,0.403596,-0.347219,-0.373656,-1.397349,0.009503,-0.269873,-0.899620,-0.145644,0.494529,-0.561257,1.291696,0.232590,0.024316,1
-0.028345,-0.088724,-0.023811,0.345205,-0.305457,0.008978,-0.030151,-0.051482,0.035957,0.438855,-0.431983,-0.006606,0.071513,-0.011951,-0.039224,-0.871061,0.403596,-0.347207,-0.373632,-1.397325,0.009515,-0.269861,-0.899644,-0.145632,0.494529,-0.561257,1.291672,0.232590,0.024316,1
-0.028345,-0.088724,-0.023797,0.345214,-0.305449,0.008992,-0.030151,-0.051499,0.035957,0.438855,-0.431983,-0.006606,0.071566,-0.011943,-0.039219,-0.871049,0.403596,-0.347207,-0.373656,-1.397325,0.009492,-0.269849,-0.899632,-0.145620,0.494529,-0.561269,1.291696,0.232590,0.024316,1
-0.028353,-0.088724,-0.023784,0.345231,-0.305444,0.008985,-0.030151,-0.051491,0.035971,0.438855,-0.431979,-0.006613,0.071566,-0.011936,-0.039224,-0.871061,0.403572,-0.347183,-0.373632,-1.397325,0.009515,-0.269849,-0.899632,-0.145644,0.494529,-0.561257,1.291684,0.232590,0.024316,1
-0.028353,-0.088724,-0.023811,0.345231,-0.305440,0.008978,-0.030151,-0.051482,0.035971,0.438838,-0.431987,-0.006613,0.071553,-0.011951,-0.039224,-0.871049,0.403560,-0.347183,-0.373632,-1.397325,0.009468,-0.269861,-0.899644,-0.145644,0.494529,-0.561269,1.291696,0.232590,0.024316,1
-0.028353,-0.088724,-0.023797,0.345231,-0.305444,0.008985,-0.030151,-0.051491,0.035971,0.438838,-0.431983,-0.006606,0.071540,-0.011958,-0.039219,-0.871061,0.403596,-0.347183,-0.373620,-1.397325,0.009456,-0.269861,-0.899644,-0.145620,0.494517,-0.561281,1.291696,0.232590,0.024304,1
-0.028353,-0.088724,-0.023797,0.345231,-0.305449,0.008992,-0.030160,-0.051491,0.035944,0.438838,-0.431987,-0.006613,0.071513,-0.011958,-0.039219,-0.871073,0.403596,-0.347171,-0.373620,-1.397325,0.009444,-0.269873,-0.899632,-0.145632,0.494517,-0.561269,1.291684,0.232590,0.024328,1
-0.028345,-0.088724,-0.023784,0.345231,-0.305444,0.008985,-0.030151,-0.051482,0.035971,0.438855,-0.431987,-0.006613,0.071526,-0.011966,-0.039215,-0.871049,0.403596,-0.347159,-0.373584,-1.397349,0.009432,-0.269873,-0.899632,-0.145656,0.494505,-0.561269,1.291684,0.232590,0.024304,1
-0.028362,-0.088724,-0.023797,0.345231,-0.305449,0.008978,-0.030151,-0.051491,0.035957,0.438838,-0.431983,-0.006620,0.071553,-0.011966,-0.039215,-0.871073,0.403596,-0.347159,-0.373608,-1.397325,0.009420,-0.269861,-0.899632,-0.145608,0.494517,-0.561281,1.291684,0.232590,0.024328,1
-0.028370,-0.088732,-0.023824,0.345231,-0.305444,0.008985,-0.030151,-0.051499,0.035971,0.438855,-0.431975,-0.006620,0.071540,-0.011966,-0.039224,-0.871073,0.403596,-0.347159,-0.373608,-1.397325,0.009432,-0.269861,-0.899632,-0.145644,0.494505,-0.561269,1.291684,0.232602,0.024316,1
-0.028370,-0.088732,-0.023811,0.345248,-0.305449,0.008992,-0.030143,-0.051491,0.035997,0.438855,-0.431979,-0.006613,0.071499,-0.011943,-0.039219,-0.871073,0.403596,-0.347159,-0.373572,-1.397337,0.009396,-0.269849,-0.899644,-0.145632,0.494517,-0.561281,1.291684,0.232590,0.024328,1
-0.028353,-0.088732,-0.023838,0.345231,-0.305444,0.008985,-0.030151,-0.051499,0.035957,0.438855,-0.431983,-0.006606,0.071540,-0.011958,-0.039219,-0.871073,0.403596,-0.347159,-0.373596,-1.397337,0.009396,-0.269849,-0.899668,-0.145644,0.494517,-0.561269,1.291684,0.232590,0.024328,1
-0.028345,-0.088741,-0.023797,0.345239,-0.305444,0.008985,-0.030134,-0.051474,0.035971,0.438855,-0.431983,-0.006606,0.071540,-0.011943,-0.039229,-0.871073,0.403596,-0.347171,-0.373572,-1.397325,0.009408,-0.269849,-0.899644,-0.145632,0.494505,-0.561269,1.291684,0.232590,0.024340,1
-0.028370,-0.088741,-0.023797,0.345239,-0.305444,0.008970,-0.030143,-0.051457,0.035984,0.438855,-0.431983,-0.006606,0.071540,-0.011935,-0.039214,-0.871073,0.403596,-0.347135,-0.373608,-1.397325,0.009396,-0.269849,-0.899644,-0.145632,0.494505,-0.561281,1.291648,0.232590,0.024328,1
-0.028353,-0.088741,-0.023797,0.345248,-0.305444,0.008970,-0.030151,-0.051482,0.035971,0.438846,-0.431975,-0.006606,0.071540,-0.011951,-0.039214,-0.871073,0.403596,-0.347147,-0.373584,-1.397325,0.009396,-0.269861,-0.899644,-0.145632,0.494517,-0.561281,1.291684,0.232578,0.024340,1
-0.028353,-0.088741,-0.023811,0.345248,-0.305444,0.008985,-0.030126,-0.051482,0.035957,0.438855,-0.431979,-0.006628,0.071540,-0.011966,-0.039224,-0.871049,0.403596,-0.347159,-0.373572,-1.397325,0.009396,-0.269861,-0.899644,-0.145656,0.494517,-0.561281,1.291672,0.232590,0.024328,1
-0.028345,-0.088741,-0.023797,0.345248,-0.305440,0.009007,-0.030151,-0.051482,0.035944,0.438855,-0.431979,-0.006613,0.071566,-0.011966,-0.039215,-0.871061,0.403572,-0.347135,-0.373572,-1.397361,0.009384,-0.269849,-0.899644,-0.145644,0.494529,-0.561281,1.291684,0.232590,0.024328,1
-0.028345,-0.088741,-0.023824,0.345248,-0.305440,0.008992,-0.030134,-0.051482,0.035971,0.438855,-0.431979,-0.006613,0.071526,-0.011958,-0.039219,-0.871085,0.403572,-0.347135,-0.373572,-1.397325,0.009372,-0.269849,-0.899668,-0.145644,0.494517,-0.561269,1.291684,0.232590,0.024352,1
-0.028345,-0.088741,-0.023811,0.345256,-0.305436,0.008999,-0.030143,-0.051474,0.035971,0.438838,-0.431975,-0.006620,0.071540,-0.011974,-0.039220,-0.871073,0.403596,-0.347147,-0.373572,-1.397337,0.009372,-0.269849,-0.899632,-0.145632,0.494517,-0.561281,1.291684,0.232590,0.024328,1
-0.028353,-0.088741,-0.023811,0.345248,-0.305440,0.008978,-0.030151,-0.051482,0.035971,0.438821,-0.431979,-0.006613,0.071540,-0.011981,-0.039224,-0.871073,0.403596,-0.347111,-0.373596,-1.397337,0.009372,-0.269849,-0.899644,-0.145632,0.494505,-0.561269,1.291672,0.232578,0.024328,1
-0.028362,-0.088741,-0.023811,0.345239,-0.305449,0.008992,-0.030143,-0.051482,0.035984,0.438838,-0.431987,-0.006613,0.071540,-0.011958,-0.039219,-0.871073,0.403596,-0.347111,-0.373572,-1.397325,0.009372,-0.269849,-0.899668,-0.145608,0.494517,-0.561269,1.291696,0.232590,0.024328,1
-0.028353,-0.088741,-0.023784,0.345231,-0.305444,0.008970,-0.030143,-0.051482,0.035971,0.438838,-0.431987,-0.006613,0.071540,-0.011951,-0.039214,-0.871073,0.403596,-0.347123,-0.373572,-1.397325,0.009372,-0.269837,-0.899656,-0.145632,0.494505,-0.561269,1.291660,0.232566,0.024340,1
-0.028362,-0.088758,-0.023784,0.345239,-0.305432,0.008963,-0.030151,-0.051491,0.035971,0.438846,-0.431983,-0.006606,0.071540,-0.011958,-0.039219,-0.871097,0.403596,-0.347123,-0.373572,-1.397349,0.009372,-0.269849,-0.899644,-0.145632,0.494517,-0.561257,1.291672,0.232590,0.024340,1
-0.028362,-0.088749,-0.023797,0.345248,-0.305432,0.008963,-0.030151,-0.051491,0.035944,0.438855,-0.431983,-0.006620,0.071540,-0.011951,-0.039224,-0.871097,0.403572,-0.347123,-0.373572,-1.397337,0.009372,-0.269825,-0.899668,-0.145632,0.494493,-0.561269,1.291660,0.232590,0.024340,1
-0.028353,-0.088758,-0.023811,0.345239,-0.305436,0.008985,-0.030126,-0.051499,0.035984,0.438838,-0.431971,-0.006613,0.071540,-0.011958,-0.039210,-0.871097,0.403596,-0.347123,-0.373572,-1.397325,0.009360,-0.269849,-0.899644,-0.145632,0.494505,-0.561281,1.291636,0.232590,0.024352,1
-0.028353,-0.088758,-0.023797,0.345248,-0.305432,0.008992,-0.030143,-0.051474,0.035957,0.438838,-0.431983,-0.006620,0.071540,-0.011936,-0.039234,-0.871085,0.403596,-0.347123,-0.373572,-1.397337,0.009372,-0.269837,-0.899656,-0.145632,0.494517,-0.561281,1.291636,0.232590,0.024340,1
-0.028362,-0.088749,-0.023811,0.345239,-0.305424,0.008978,-0.030151,-0.051482,0.035984,0.438872,-0.431983,-0.006606,0.071553,-0.011966,-0.039224,-0.871109,0.403572,-0.347099,-0.373572,-1.397325,0.009348,-0.269837,-0.899656,-0.145620,0.494505,-0.561281,1.291672,0.232590,0.024328,1
-0.028345,-0.088758,-0.023811,0.345256,-0.305420,0.008970,-0.030134,-0.051482,0.035984,0.438846,-0.431979,-0.006613,0.071566,-0.011966,-0.039224,-0.871097,0.403572,-0.347111,-0.373572,-1.397325,0.009348,-0.269825,-0.899668,-0.145620,0.494505,-0.561293,1.291672,0.232590,0.024352,1
-0.028353,-0.088758,-0.023784,0.345248,-0.305432,0.008963,-0.030134,-0.051482,0.035984,0.438872,-0.431983,-0.006606,0.071540,-0.011943,-0.039209,-0.871109,0.403572,-0.347099,-0.373572,-1.397325,0.009336,-0.269837,-0.899656,-0.145620,0.494505,-0.561281,1.291648,0.232590,0.024352,1
-0.028345,-0.088766,-0.023824,0.345239,-0.305436,0.008941,-0.030151,-0.051482,0.035971,0.438863,-0.431983,-0.006606,0.071540,-0.011943,-0.039229,-0.871109,0.403596,-0.347075,-0.373572,-1.397337,0.009336,-0.269825,-0.899668,-0.145632,0.494517,-0.561281,1.291648,0.232590,0.024328,1
-0.028353,-0.088758,-0.023824,0.345248,-0.305436,0.008956,-0.030143,-0.051482,0.035971,0.438855,-0.431983,-0.006606,0.071540,-0.011974,-0.039220,-0.871121,0.403596,-0.347075,-0.373572,-1.397325,0.009336,-0.269825,-0.899656,-0.145632,0.494505,-0.561269,1.291636,0.232578,0.024340,1
-0.028353,-0.088766,-0.023811,0.345248,-0.305428,0.008941,-0.030134,-0.051482,0.035984,0.438838,-0.431979,-0.006599,0.071540,-0.011951,-0.039224,-0.871109,0.403572,-0.347075,-0.373572,-1.397325,0.009336,-0.269825,-0.899656,-0.145620,0.494505,-0.561281,1.291648,0.232602,0.024340,1
-0.028370,-0.088766,-0.023797,0.345256,-0.305415,0.008963,-0.030151,-0.051482,0.035984,0.438838,-0.431983,-0.006606,0.071540,-0.011958,-0.039219,-0.871121,0.403596,-0.347063,-0.373572,-1.397337,0.009324,-0.269837,-0.899668,-0.145608,0.494505,-0.561269,1.291648,0.232590,0.024328,1
-0.028362,-0.088775,-0.023824,0.345265,-0.305424,0.008949,-0.030151,-0.051474,0.035971,0.438846,-0.431971,-0.006613,0.071553,-0.011958,-0.039219,-0.871121,0.403596,-0.347063,-0.373572,-1.397337,0.009324,-0.269825,-0.899656,-0.145608,0.494493,-0.561281,1.291612,0.232590,0.024340,1
-0.028345,-0.088775,-0.023838,0.345239,-0.305428,0.008956,-0.030160,-0.051491,0.035957,0.438855,-0.431983,-0.006620,0.071526,-0.011966,-0.039234,-0.871121,0.403572,-0.347051,-0.373584,-1.397325,0.009312,-0.269825,-0.899656,-0.145608,0.494505,-0.561269,1.291636,0.232578,0.024352,1
-0.028353,-0.088766,-0.023811,0.345239,-0.305432,0.008949,-0.030160,-0.051491,0.035957,0.438863,-0.431983,-0.006606,0.071540,-0.011958,-0.039229,-0.871121,0.403596,-0.347039,-0.373548,-1.397325,0.009288,-0.269837,-0.899680,-0.145644,0.494517,-0.561269,1.291624,0.232590,0.024352,1
-0.028345,-0.088766,-0.023838,0.345256,-0.305428,0.008927,-0.030151,-0.051499,0.035957,0.438863,-0.431983,-0.006606,0.071566,-0.011951,-0.039224,-0.871133,0.403596,-0.347027,-0.373572,-1.397325,0.009276,-0.269825,-0.899656,-0.145656,0.494517,-0.561269,1.291624,0.232590,0.024352,1
-0.028353,-0.088766,-0.023784,0.345256,-0.305415,0.008934,-0.030151,-0.051474,0.035971,0.438872,-0.431983,-0.006606,0.071540,-0.011966,-0.039215,-0.871121,0.403596,-0.347027,-0.373548,-1.397337,0.009264,-0.269825,-0.899668,-0.145644,0.494517,-0.561269,1.291624,0.232590,0.024352,1
-0.028362,-0.088775,-0.023838,0.345282,-0.305407,0.008949,-0.030151,-0.051491,0.035971,0.438846,-0.431987,-0.006613,0.071540,-0.011958,-0.039219,-0.871109,0.403596,-0.347003,-0.373548,-1.397325,0.009252,-0.269813,-0.899668,-0.145656,0.494505,-0.561269,1.291636,0.232590,0.024352,1
-0.028345,-0.088766,-0.023851,0.345273,-0.305420,0.008942,-0.030143,-0.051474,0.035957,0.438855,-0.431979,-0.006599,0.071553,-0.011943,-0.039229,-0.871109,0.403608,-0.346991,-0.373548,-1.397325,0.009252,-0.269813,-0.899656,-0.145632,0.494493,-0.561269,1.291624,0.232590,0.024352,1
-0.028345,-0.088766,-0.023811,0.345265,-0.305411,0.008956,-0.030151,-0.051491,0.035971,0.438846,-0.431979,-0.006613,0.071540,-0.011951,-0.039224,-0.871109,0.403620,-0.346955,-0.373560,-1.397325,0.009228,-0.269813,-0.899656,-0.145632,0.494505,-0.561269,1.291624,0.232590,0.024340,1
-0.028353,-0.088766,-0.023771,0.345265,-0.305415,0.008934,-0.030151,-0.051482,0.035984,0.438855,-0.431983,-0.006606,0.071566,-0.011936,-0.039224,-0.871121,0.403608,-0.346955,-0.373548,-1.397349,0.009204,-0.269813,-0.899668,-0.145632,0.494505,-0.561281,1.291624,0.232578,0.024340,1
-0.028353,-0.088766,-0.023824,0.345256,-0.305415,0.008934,-0.030143,-0.051482,0.035984,0.438863,-0.431979,-0.006613,0.071566,-0.011936,-0.039234,-0.871109,0.403596,-0.346955,-0.373548,-1.397349,0.009192,-0.269825,-0.899668,-0.145632,0.494493,-0.561281,1.291624,0.232590,0.024340,1
-0.028353,-0.088766,-0.023797,0.345265,-0.305411,0.008942,-0.030151,-0.051482,0.035984,0.438880,-0.431979,-0.006613,0.071513,-0.011936,-0.039224,-0.871097,0.403620,-0.346943,-0.373572,-1.397325,0.009192,-0.269813,-0.899668,-0.145620,0.494493,-0.561281,1.291612,0.232590,0.024352,1
-0.028362,-0.088758,-0.023851,0.345256,-0.305407,0.008949,-0.030143,-0.051482,0.035957,0.438880,-0.431979,-0.006613,0.071540,-0.011928,-0.039219,-0.871109,0.403620,-0.346919,-0.373536,-1.397361,0.009180,-0.269813,-0.899668,-0.145644,0.494493,-0.561305,1.291624,0.232590,0.024328,1
-0.028353,-0.088766,-0.023838,0.345273,-0.305420,0.008942,-0.030151,-0.051482,0.035971,0.438880,-0.431979,-0.006599,0.071540,-0.011936,-0.039224,-0.871109,0.403620,-0.346919,-0.373548,-1.397325,0.009168,-0.269825,-0.899644,-0.145644,0.494505,-0.561281,1.291624,0.232590,0.024328,1
-0.028353,-0.088766,-0.023797,0.345265,-0.305415,0.008934,-0.030143,-0.051482,0.035957,0.438863,-0.431983,-0.006606,0.071540,-0.011936,-0.039224,-0.871109,0.403620,-0.346859,-0.373560,-1.397325,0.009156,-0.269813,-0.899656,-0.145656,0.494481,-0.561281,1.291636,0.232578,0.024340,1
-0.028353,-0.088792,-0.023824,0.345265,-0.305411,0.008971,-0.030151,-0.051491,0.035971,0.438863,-0.431987,-0.006613,0.071540,-0.011936,-0.039224,-0.871085,0.403620,-0.346835,-0.373524,-1.397337,0.009180,-0.269813,-0.899644,-0.145632,0.494469,-0.561281,1.291612,0.232602,0.024340,1
-0.028345,-0.088775,-0.023811,0.345265,-0.305407,0.008949,-0.030151,-0.051491,0.035984,0.438872,-0.431983,-0.006606,0.071540,-0.011951,-0.039234,-0.871097,0.403620,-0.346823,-0.373548,-1.397325,0.009156,-0.269813,-0.899644,-0.145644,0.494481,-0.561269,1.291612,0.232590,0.024340,1
-0.028353,-0.088766,-0.023811,0.345273,-0.305415,0.008949,-0.030151,-0.051491,0.035957,0.438863,-0.431983,-0.006606,0.071566,-0.011928,-0.039229,-0.871097,0.403632,-0.346823,-0.373536,-1.397325,0.009132,-0.269813,-0.899632,-0.145620,0.494457,-0.561257,1.291600,0.232590,0.024316,1
-0.028353,-0.088766,-0.023838,0.345265,-0.305407,0.008949,-0.030134,-0.051482,0.035957,0.438855,-0.431983,-0.006620,0.071540,-0.011928,-0.039219,-0.871097,0.403632,-0.346812,-0.373548,-1.397325,0.009132,-0.269825,-0.899632,-0.145644,0.494457,-0.561269,1.291600,0.232590,0.024340,1
-0.028353,-0.088783,-0.023811,0.345273,-0.305407,0.008949,-0.030151,-0.051482,0.035971,0.438855,-0.431983,-0.006606,0.071566,-0.011943,-0.039209,-0.871109,0.403632,-0.346800,-0.373536,-1.397313,0.009120,-0.269813,-0.899632,-0.145632,0.494457,-0.561269,1.291600,0.232590,0.024328,1
-0.028353,-0.088775,-0.023838,0.345273,-0.305415,0.008934,-0.030151,-0.051482,0.035971,0.438863,-0.431975,-0.006620,0.071540,-0.011913,-0.039219,-0.871097,0.403644,-0.346788,-0.373524,-1.397337,0.009120,-0.269813,-0.899632,-0.145620,0.494457,-0.561269,1.291612,0.232554,0.024328,1
-0.028353,-0.088758,-0.023838,0.345291,-0.305415,0.008934,-0.030151,-0.051499,0.035971,0.438880,-0.431975,-0.006620,0.071553,-0.011935,-0.039214,-0.871073,0.403644,-0.346776,-0.373524,-1.397337,0.009108,-0.269813,-0.899620,-0.145644,0.494445,-0.561281,1.291588,0.232578,0.024328,1
-0.028353,-0.088775,-0.023824,0.345282,-0.305420,0.008942,-0.030143,-0.051482,0.035971,0.438897,-0.431979,-0.006613,0.071566,-0.011935,-0.039204,-0.871097,0.403656,-0.346752,-0.373512,-1.397337,0.009096,-0.269813,-0.899620,-0.145644,0.494445,-0.561269,1.291600,0.232590,0.024316,1
-0.028370,-0.088766,-0.023797,0.345291,-0.305420,0.008927,-0.030134,-0.051482,0.035971,0.438897,-0.431979,-0.006628,0.071566,-0.011928,-0.039219,-0.871109,0.403656,-0.346728,-0.373548,-1.397325,0.009072,-0.269813,-0.899608,-0.145632,0.494445,-0.561233,1.291576,0.232590,0.024304,1
-0.028353,-0.088766,-0.023771,0.345291,-0.305411,0.008942,-0.030151,-0.051482,0.035984,0.438880,-0.431983,-0.006620,0.071566,-0.011920,-0.039204,-0.871121,0.403656,-0.346728,-0.373524,-1.397325,0.009048,-0.269801,-0.899620,-0.145656,0.494421,-0.561269,1.291564,0.232590,0.024316,1
-0.028353,-0.088783,-0.023811,0.345291,-0.305407,0.008949,-0.030151,-0.051482,0.035971,0.438863,-0.431983,-0.006620,0.071566,-0.011928,-0.039219,-0.871121,0.403680,-0.346740,-0.373512,-1.397325,0.009048,-0.269813,-0.899596,-0.145632,0.494421,-0.561269,1.291576,0.232578,0.024304,1
-0.028353,-0.088775,-0.023824,0.345291,-0.305411,0.008956,-0.030151,-0.051499,0.035997,0.438863,-0.431983,-0.006606,0.071553,-0.011935,-0.039214,-0.871097,0.403680,-0.346740,-0.373536,-1.397325,0.009048,-0.269813,-0.899596,-0.145632,0.494421,-0.561257,1.291564,0.232590,0.024316,1
-0.028353,-0.088775,-0.023838,0.345291,-0.305411,0.008927,-0.030143,-0.051482,0.035984,0.438855,-0.431983,-0.006606,0.071540,-0.011935,-0.039214,-0.871085,0.403668,-0.346728,-0.373512,-1.397325,0.009036,-0.269813,-0.899596,-0.145632,0.494433,-0.561257,1.291564,0.232590,0.024304,1
-0.028353,-0.088792,-0.023824,0.345291,-0.305420,0.008927,-0.030134,-0.051482,0.035971,0.438846,-0.431979,-0.006599,0.071566,-0.011943,-0.039229,-0.871073,0.403668,-0.346740,-0.373500,-1.397325,0.009012,-0.269801,-0.899584,-0.145608,0.494421,-0.561257,1.291552,0.232590,0.024304,1
-0.028362,-0.088783,-0.023824,0.345291,-0.305411,0.008927,-0.030151,-0.051482,0.035971,0.438855,-0.431975,-0.006620,0.071540,-0.011936,-0.039224,-0.871085,0.403656,-0.346716,-0.373524,-1.397325,0.009012,-0.269801,-0.899584,-0.145620,0.494421,-0.561269,1.291540,0.232590,0.024316,1
-0.028353,-0.088766,-0.023797,0.345282,-0.305415,0.008934,-0.030151,-0.051491,0.035971,0.438880,-0.431971,-0.006613,0.071540,-0.011928,-0.039219,-0.871073,0.403680,-0.346716,-0.373524,-1.397325,0.009024,-0.269813,-0.899572,-0.145632,0.494421,-0.561233,1.291540,0.232590,0.024316,1
-0.028353,-0.088775,-0.023811,0.345299,-0.305403,0.008942,-0.030143,-0.051474,0.035984,0.438889,-0.431975,-0.006620,0.071540,-0.011943,-0.039229,-0.871085,0.403704,-0.346728,-0.373524,-1.397325,0.009000,-0.269813,-0.899560,-0.145608,0.494445,-0.561245,1.291528,0.232590,0.024316,1
-0.028362,-0.088775,-0.023797,0.345299,-0.305407,0.008949,-0.030134,-0.051482,0.035997,0.438889,-0.431983,-0.006606,0.071540,-0.011951,-0.039234,-0.871085,0.403692,-0.346716,-0.373500,-1.397325,0.009000,-0.269813,-0.899560,-0.145632,0.494433,-0.561233,1.291516,0.232578,0.024304,1
-0.028370,-0.088775,-0.023784,0.345308,-0.305415,0.008934,-0.030143,-0.051482,0.035957,0.438880,-0.431979,-0.006599,0.071540,-0.011981,-0.039254,-0.871073,0.403692,-0.346692,-0.373524,-1.397325,0.008988,-0.269801,-0.899560,-0.145608,0.494421,-0.561257,1.291528,0.232590,0.024304,1
-0.028370,-0.088766,-0.023811,0.345299,-0.305411,0.008927,-0.030143,-0.051482,0.035971,0.438863,-0.431983,-0.006606,0.071566,-0.011966,-0.039244,-0.871085,0.403668,-0.346692,-0.373512,-1.397325,0.008988,-0.269813,-0.899548,-0.145608,0.494421,-0.561269,1.291492,0.232590,0.024304,1
-0.028362,-0.088766,-0.023811,0.345325,-0.305411,0.008927,-0.030151,-0.051482,0.035944,0.438872,-0.431979,-0.006613,0.071566,-0.011981,-0.039254,-0.871073,0.403704,-0.346704,-0.373500,-1.397325,0.008976,-0.269801,-0.899536,-0.145608,0.494409,-0.561269,1.291480,0.232590,0.024304,1
-0.028353,-0.088775,-0.023811,0.345325,-0.305407,0.008934,-0.030126,-0.051474,0.035971,0.438863,-0.431979,-0.006613,0.071540,-0.011974,-0.039259,-0.871097,0.403704,-0.346692,-0.373500,-1.397313,0.008976,-0.269813,-0.899536,-0.145608,0.494433,-0.561233,1.291492,0.232590,0.024292,1
-0.028362,-0.088766,-0.023797,0.345308,-0.305411,0.008927,-0.030143,-0.051474,0.035984,0.438863,-0.431979,-0.006613,0.071540,-0.011981,-0.039254,-0.871085,0.403704,-0.346716,-0.373488,-1.397313,0.008964,-0.269813,-0.899536,-0.145632,0.494421,-0.561269,1.291492,0.232590,0.024316,1
-0.028353,-0.088758,-0.023811,0.345308,-0.305411,0.008927,-0.030160,-0.051482,0.035971,0.438863,-0.431975,-0.006606,0.071540,-0.011974,-0.039259,-0.871073,0.403704,-0.346692,-0.373500,-1.397325,0.008976,-0.269813,-0.899524,-0.145608,0.494421,-0.561269,1.291492,0.232590,0.024316,1
-0.028353,-0.088766,-0.023811,0.345325,-0.305411,0.008942,-0.030151,-0.051474,0.035971,0.438855,-0.431979,-0.006613,0.071566,-0.012004,-0.039279,-0.871073,0.403704,-0.346716,-0.373512,-1.397325,0.008952,-0.269813,-0.899524,-0.145608,0.494421,-0.561281,1.291492,0.232590,0.024304,1
-0.028353,-0.088766,-0.023811,0.345325,-0.305411,0.008927,-0.030151,-0.051508,0.035971,0.438846,-0.431975,-0.006620,0.071553,-0.012004,-0.039269,-0.871073,0.403716,-0.346692,-0.373488,-1.397313,0.008952,-0.269813,-0.899512,-0.145608,0.494433,-0.561269,1.291468,0.232590,0.024316,1
-0.028362,-0.088766,-0.023838,0.345308,-0.305399,0.008920,-0.030143,-0.051474,0.035971,0.438863,-0.431983,-0.006606,0.071566,-0.012019,-0.039279,-0.871073,0.403716,-0.346704,-0.373500,-1.397325,0.008952,-0.269813,-0.899536,-0.145608,0.494433,-0.561269,1.291468,0.232590,0.024316,1
-0.028353,-0.088766,-0.023811,0.345325,-0.305416,0.008905,-0.030151,-0.051474,0.035984,0.438855,-0.431983,-0.006606,0.071566,-0.012027,-0.039274,-0.871061,0.403704,-0.346704,-0.373500,-1.397325,0.008952,-0.269801,-0.899512,-0.145596,0.494421,-0.561293,1.291492,0.232602,0.024316,1
-0.028353,-0.088775,-0.023838,0.345325,-0.305411,0.008913,-0.030143,-0.051482,0.035984,0.438880,-0.431983,-0.006606,0.071566,-0.012027,-0.039264,-0.871061,0.403728,-0.346704,-0.373512,-1.397325,0.008952,-0.269813,-0.899524,-0.145596,0.494421,-0.561293,1.291504,0.232566,0.024328,1
-0.028345,-0.088775,-0.023811,0.345342,-0.305420,0.008913,-0.030151,-0.051482,0.035957,0.438880,-0.431975,-0.006606,0.071553,-0.012012,-0.039274,-0.871073,0.403692,-0.346704,-0.373500,-1.397325,0.008952,-0.269813,-0.899524,-0.145584,0.494421,-0.561293,1.291480,0.232602,0.024328,1
-0.028353,-0.088766,-0.023797,0.345325,-0.305411,0.008927,-0.030160,-0.051482,0.035957,0.438880,-0.431983,-0.006620,0.071540,-0.012004,-0.039269,-0.871073,0.403704,-0.346704,-0.373488,-1.397301,0.008952,-0.269801,-0.899512,-0.145608,0.494421,-0.561293,1.291480,0.232590,0.024292,1
-0.028345,-0.088766,-0.023797,0.345342,-0.305411,0.008927,-0.030151,-0.051474,0.035984,0.438880,-0.431975,-0.006620,0.071540,-0.012019,-0.039269,-0.871049,0.403728,-0.346704,-0.373500,-1.397325,0.008952,-0.269813,-0.899524,-0.145596,0.494421,-0.561305,1.291468,0.232578,0.024304,1
-0.028345,-0.088766,-0.023797,0.345342,-0.305407,0.008920,-0.030143,-0.051482,0.035957,0.438863,-0.431983,-0.006606,0.071566,-0.012019,-0.039269,-0.871037,0.403716,-0.346704,-0.373512,-1.397325,0.008940,-0.269801,-0.899512,-0.145584,0.494421,-0.561305,1.291468,0.232602,0.024316,1
-0.028345,-0.088766,-0.023797,0.345350,-0.305407,0.008920,-0.030160,-0.051491,0.035957,0.438863,-0.431979,-0.006628,0.071553,-0.012012,-0.039274,-0.871026,0.403716,-0.346716,-0.373512,-1.397313,0.008952,-0.269801,-0.899512,-0.145608,0.494397,-0.561329,1.291468,0.232590,0.024328,1
-0.028353,-0.088766,-0.023824,0.345350,-0.305403,0.008913,-0.030151,-0.051499,0.035971,0.438863,-0.431979,-0.006613,0.071553,-0.012027,-0.039284,-0.871013,0.403716,-0.346704,-0.373488,-1.397325,0.008940,-0.269789,-0.899488,-0.145596,0.494397,-0.561341,1.291468,0.232590,0.024316,1
-0.028353,-0.088766,-0.023797,0.345359,-0.305411,0.008927,-0.030168,-0.051499,0.035984,0.438863,-0.431979,-0.006613,0.071566,-0.012057,-0.039294,-0.871001,0.403704,-0.346704,-0.373512,-1.397337,0.008952,-0.269813,-0.899500,-0.145620,0.494397,-0.561329,1.291468,0.232590,0.024316,1
-0.028353,-0.088775,-0.023811,0.345359,-0.305415,0.008920,-0.030151,-0.051482,0.035971,0.438863,-0.431979,-0.006613,0.071553,-0.012050,-0.039289,-0.871001,0.403704,-0.346716,-0.373500,-1.397325,0.008952,-0.269801,-0.899512,-0.145596,0.494385,-0.561365,1.291468,0.232590,0.024316,1
-0.028353,-0.088766,-0.023784,0.345359,-0.305407,0.008905,-0.030168,-0.051482,0.035971,0.438863,-0.431979,-0.006613,0.071553,-0.012065,-0.039299,-0.871001,0.403704,-0.346704,-0.373488,-1.397325,0.008940,-0.269813,-0.899488,-0.145584,0.494385,-0.561329,1.291468,0.232590,0.024304,1
-0.028370,-0.088775,-0.023797,0.345367,-0.305407,0.008905,-0.030160,-0.051482,0.035984,0.438863,-0.431975,-0.006620,0.071566,-0.012034,-0.039289,-0.870990,0.403704,-0.346716,-0.373500,-1.397325,0.008940,-0.269813,-0.899512,-0.145596,0.494373,-0.561341,1.291468,0.232578,0.024316,1
-0.028353,-0.088775,-0.023824,0.345367,-0.305403,0.008913,-0.030160,-0.051482,0.035971,0.438863,-0.431987,-0.006628,0.071553,-0.012050,-0.039299,-0.871001,0.403704,-0.346692,-0.373500,-1.397313,0.008952,-0.269813,-0.899500,-0.145608,0.494361,-0.561341,1.291456,0.232590,0.024316,1
-0.028353,-0.088766,-0.023797,0.345367,-0.305407,0.008905,-0.030143,-0.051491,0.035971,0.438846,-0.431979,-0.006613,0.071540,-0.012027,-0.039284,-0.871001,0.403704,-0.346704,-0.373512,-1.397313,0.008940,-0.269801,-0.899488,-0.145608,0.494373,-0.561353,1.291468,0.232578,0.024328,1
-0.028345,-0.088775,-0.023811,0.345376,-0.305403,0.008913,-0.030160,-0.051482,0.035971,0.438855,-0.431979,-0.006613,0.071540,-0.012057,-0.039294,-0.870978,0.403704,-0.346704,-0.373500,-1.397301,0.008940,-0.269801,-0.899524,-0.145596,0.494349,-0.561353,1.291456,0.232590,0.024328,1
-0.028336,-0.088775,-0.023824,0.345367,-0.305407,0.008905,-0.030151,-0.051482,0.035957,0.438863,-0.431975,-0.006620,0.071566,-0.012042,-0.039304,-0.870978,0.403728,-0.346680,-0.373488,-1.397289,0.008928,-0.269837,-0.899488,-0.145596,0.494349,-0.561353,1.291468,0.232590,0.024328,1
-0.028310,-0.088766,-0.023824,0.345367,-0.305403,0.008927,-0.030168,-0.051482,0.035997,0.438863,-0.431975,-0.006620,0.071566,-0.012057,-0.039304,-0.871001,0.403704,-0.346704,-0.373488,-1.397313,0.008928,-0.269801,-0.899512,-0.145596,0.494361,-0.561353,1.291468,0.232590,0.024304,1
-0.028310,-0.088775,-0.023824,0.345376,-0.305411,0.008927,-0.030160,-0.051482,0.035971,0.438863,-0.431979,-0.006613,0.071540,-0.012057,-0.039294,-0.870978,0.403704,-0.346704,-0.373500,-1.397313,0.008940,-0.269813,-0.899500,-0.145596,0.494361,-0.561341,1.291468,0.232578,0.024316,1
-0.028336,-0.088766,-0.023811,0.345384,-0.305411,0.008927,-0.030168,-0.051465,0.035957,0.438863,-0.431975,-0.006620,0.071540,-0.012050,-0.039289,-0.871001,0.403704,-0.346692,-0.373500,-1.397289,0.008928,-0.269801,-0.899500,-0.145596,0.494337,-0.561353,1.291468,0.232590,0.024328,1
-0.028345,-0.088766,-0.023811,0.345384,-0.305403,0.008913,-0.030151,-0.051474,0.035971,0.438846,-0.431975,-0.006620,0.071513,-0.012050,-0.039299,-0.870990,0.403716,-0.346692,-0.373512,-1.397325,0.008916,-0.269801,-0.899500,-0.145620,0.494337,-0.561365,1.291468,0.232590,0.024316,1
-0.028353,-0.088766,-0.023797,0.345384,-0.305403,0.008913,-0.030160,-0.051482,0.035984,0.438846,-0.431979,-0.006613,0.071566,-0.012072,-0.039294,-0.870978,0.403704,-0.346692,-0.373500,-1.397313,0.008916,-0.269801,-0.899500,-0.145596,0.494337,-0.561377,1.291480,0.232590,0.024316,1
-0.028370,-0.088766,-0.023811,0.345376,-0.305403,0.008913,-0.030160,-0.051482,0.035957,0.438855,-0.431979,-0.006613,0.071540,-0.012080,-0.039309,-0.871001,0.403704,-0.346668,-0.373488,-1.397313,0.008904,-0.269801,-0.899488,-0.145584,0.494337,-0.561353,1.291456,0.232590,0.024316,1
-0.028370,-0.088766,-0.023811,0.345376,-0.305403,0.008913,-0.030160,-0.051482,0.035957,0.438855,-0.431979,-0.006613,0.071540,-0.012080,-0.039309,-0.871001,0.403704,-0.346668,-0.373488,-1.397313,0.008904,-0.269801,-0.899488,-0.145584,0.494337,-0.561353,1.291456,0.232590,0.024316,1
-0.028370,-0.088766,-0.023824,0.345384,-0.305416,0.008905,-0.030143,-0.051474,0.035957,0.438880,-0.431983,-0.006606,0.071540,-0.012057,-0.039314,-0.871001,0.403692,-0.346680,-0.373524,-1.397313,0.008916,-0.269801,-0.899500,-0.145584,0.494361,-0.561365,1.291456,0.232590,0.024328,1
-0.028362,-0.088766,-0.023811,0.345384,-0.305403,0.008913,-0.030160,-0.051474,0.035984,0.438863,-0.431983,-0.006606,0.071540,-0.012072,-0.039314,-0.871013,0.403704,-0.346680,-0.373500,-1.397313,0.008904,-0.269801,-0.899488,-0.145584,0.494361,-0.561365,1.291444,0.232590,0.024328,1
-0.028362,-0.088775,-0.023811,0.345393,-0.305403,0.008913,-0.030160,-0.051474,0.035957,0.438863,-0.431979,-0.006599,0.071566,-0.012065,-0.039309,-0.871001,0.403704,-0.346668,-0.373500,-1.397325,0.008904,-0.269801,-0.899500,-0.145560,0.494373,-0.561353,1.291444,0.232590,0.024328,1
-0.028336,-0.088766,-0.023784,0.345384,-0.305399,0.008920,-0.030143,-0.051465,0.035971,0.438838,-0.431979,-0.006613,0.071540,-0.012072,-0.039294,-0.870990,0.403692,-0.346668,-0.373500,-1.397313,0.008880,-0.269777,-0.899500,-0.145560,0.494385,-0.561389,1.291456,0.232590,0.024316,1
-0.028353,-0.088766,-0.023797,0.345401,-0.305395,0.008913,-0.030151,-0.051482,0.035957,0.438872,-0.431979,-0.006613,0.071540,-0.012072,-0.039304,-0.871001,0.403704,-0.346656,-0.373488,-1.397289,0.008880,-0.269801,-0.899500,-0.145560,0.494385,-0.561353,1.291456,0.232590,0.024328,1
-0.028345,-0.088766,-0.023811,0.345410,-0.305395,0.008898,-0.030160,-0.051482,0.035971,0.438880,-0.431979,-0.006613,0.071540,-0.012072,-0.039304,-0.871013,0.403728,-0.346668,-0.373500,-1.397313,0.008880,-0.269801,-0.899500,-0.145572,0.494397,-0.561365,1.291444,0.232590,0.024316,1
-0.028336,-0.088758,-0.023811,0.345418,-0.305403,0.008913,-0.030160,-0.051482,0.035997,0.438880,-0.431975,-0.006606,0.071553,-0.012065,-0.039319,-0.871001,0.403704,-0.346656,-0.373488,-1.397325,0.008880,-0.269789,-0.899500,-0.145572,0.494409,-0.561365,1.291468,0.232602,0.024328,1
-0.028362,-0.088775,-0.023811,0.345410,-0.305407,0.008891,-0.030160,-0.051482,0.035971,0.438889,-0.431975,-0.006620,0.071540,-0.012072,-0.039304,-0.871013,0.403704,-0.346680,-0.373488,-1.397301,0.008868,-0.269789,-0.899500,-0.145572,0.494421,-0.561353,1.291456,0.232590,0.024328,1
-0.028345,-0.088775,-0.023824,0.345410,-0.305391,0.008905,-0.030151,-0.051482,0.035957,0.438897,-0.431975,-0.006620,0.071540,-0.012065,-0.039309,-0.871026,0.403704,-0.346644,-0.373488,-1.397313,0.008868,-0.269789,-0.899500,-0.145572,0.494445,-0.561377,1.291456,0.232590,0.024328,1
-0.028353,-0.088783,-0.023838,0.345444,-0.305403,0.008913,-0.030143,-0.051482,0.035957,0.438880,-0.431979,-0.006613,0.071540,-0.012050,-0.039309,-0.871026,0.403692,-0.346656,-0.373488,-1.397289,0.008868,-0.269801,-0.899488,-0.145560,0.494445,-0.561365,1.291468,0.232590,0.024328,1
-0.028353,-0.088766,-0.023811,0.345427,-0.305395,0.008898,-0.030143,-0.051482,0.035957,0.438880,-0.431979,-0.006613,0.071540,-0.012057,-0.039304,-0.871049,0.403704,-0.346656,-0.373488,-1.397301,0.008868,-0.269801,-0.899500,-0.145572,0.494469,-0.561377,1.291444,0.232578,0.024328,1
-0.028328,-0.088783,-0.023797,0.345410,-0.305395,0.008898,-0.030160,-0.051482,0.035957,0.438863,-0.431983,-0.006606,0.071540,-0.012057,-0.039304,-0.871049,0.403692,-0.346644,-0.373488,-1.397313,0.008868,-0.269777,-0.899500,-0.145560,0.494481,-0.561353,1.291444,0.232590,0.024316,1
-0.028345,-0.088775,-0.023797,0.345427,-0.305403,0.008913,-0.030168,-0.051482,0.035984,0.438880,-0.431975,-0.006620,0.071553,-0.012095,-0.039299,-0.871073,0.403692,-0.346656,-0.373488,-1.397289,0.008856,-0.269813,-0.899524,-0.145572,0.494493,-0.561353,1.291456,0.232590,0.024340,1
-0.028345,-0.088766,-0.023797,0.345427,-0.305411,0.008898,-0.030151,-0.051474,0.035957,0.438846,-0.431979,-0.006613,0.071540,-0.012080,-0.039289,-0.871085,0.403704,-0.346656,-0.373488,-1.397277,0.008856,-0.269801,-0.899524,-0.145572,0.494505,-0.561341,1.291468,0.232602,0.024328,1
-0.028345,-0.088783,-0.023811,0.345427,-0.305407,0.008920,-0.030160,-0.051482,0.035997,0.438855,-0.431983,-0.006620,0.071540,-0.012065,-0.039309,-0.871097,0.403692,-0.346644,-0.373464,-1.397313,0.008844,-0.269777,-0.899512,-0.145572,0.494505,-0.561365,1.291456,0.232578,0.024304,1
-0.028345,-0.088766,-0.023811,0.345427,-0.305403,0.008913,-0.030168,-0.051465,0.035984,0.438863,-0.431979,-0.006628,0.071553,-0.012065,-0.039299,-0.871121,0.403692,-0.346656,-0.373488,-1.397277,0.008856,-0.269801,-0.899524,-0.145560,0.494505,-0.561341,1.291456,0.232590,0.024316,1
-0.028353,-0.088766,-0.023797,0.345435,-0.305386,0.008913,-0.030168,-0.051482,0.035957,0.438880,-0.431975,-0.006620,0.071553,-0.012080,-0.039289,-0.871121,0.403704,-0.346656,-0.373476,-1.397289,0.008856,-0.269789,-0.899524,-0.145572,0.494493,-0.561353,1.291444,0.232590,0.024304,1
-0.028345,-0.088766,-0.023811,0.345435,-0.305395,0.008898,-0.030151,-0.051482,0.035957,0.438880,-0.431983,-0.006606,0.071553,-0.012065,-0.039299,-0.871157,0.403668,-0.346644,-0.373488,-1.397301,0.008844,-0.269789,-0.899524,-0.145560,0.494505,-0.561353,1.291456,0.232590,0.024304,1
-0.028353,-0.088766,-0.023838,0.345435,-0.305403,0.008913,-0.030160,-0.051482,0.035984,0.438897,-0.431979,-0.006599,0.071566,-0.012072,-0.039304,-0.871181,0.403656,-0.346644,-0.373440,-1.397301,0.008844,-0.269789,-0.899536,-0.145560,0.494505,-0.561341,1.291456,0.232578,0.024316,1
-0.028362,-0.088766,-0.023811,0.345435,-0.305411,0.008898,-0.030160,-0.051482,0.035957,0.438889,-0.431975,-0.006591,0.071566,-0.012065,-0.039289,-0.871217,0.403680,-0.346644,-0.373464,-1.397301,0.008856,-0.269789,-0.899512,-0.145584,0.494505,-0.561365,1.291456,0.232590,0.024328,1
-0.028353,-0.088766,-0.023811,0.345435,-0.305391,0.008905,-0.030168,-0.051482,0.035957,0.438880,-0.431983,-0.006606,0.071566,-0.012088,-0.039294,-0.871217,0.403680,-0.346644,-0.373464,-1.397313,0.008844,-0.269777,-0.899524,-0.145572,0.494505,-0.561365,1.291456,0.232578,0.024328,1
-0.028370,-0.088766,-0.023784,0.345444,-0.305399,0.008905,-0.030160,-0.051482,0.035984,0.438863,-0.431983,-0.006606,0.071553,-0.012080,-0.039299,-0.871241,0.403656,-0.346644,-0.373488,-1.397313,0.008832,-0.269789,-0.899524,-0.145560,0.494505,-0.561341,1.291444,0.232566,0.024316,1
-0.028370,-0.088783,-0.023797,0.345461,-0.305399,0.008905,-0.030160,-0.051482,0.035957,0.438863,-0.431983,-0.006606,0.071553,-0.012072,-0.039304,-0.871265,0.403668,-0.346644,-0.373488,-1.397325,0.008820,-0.269777,-0.899536,-0.145572,0.494505,-0.561353,1.291444,0.232578,0.024304,1
-0.028370,-0.088766,-0.023797,0.345452,-0.305403,0.008913,-0.030160,-0.051482,0.035957,0.438846,-0.431983,-0.006606,0.071566,-0.012072,-0.039294,-0.871277,0.403668,-0.346632,-0.373488,-1.397301,0.008832,-0.269801,-0.899536,-0.145548,0.494505,-0.561377,1.291444,0.232590,0.024304,1
-0.028362,-0.088775,-0.023811,0.345452,-0.305403,0.008927,-0.030168,-0.051482,0.035984,0.438855,-0.431987,-0.006613,0.071566,-0.012057,-0.039304,-0.871301,0.403680,-0.346632,-0.373464,-1.397301,0.008844,-0.269789,-0.899524,-0.145560,0.494505,-0.561365,1.291444,0.232578,0.024328,1
-0.028345,-0.088775,-0.023797,0.345461,-0.305399,0.008905,-0.030168,-0.051482,0.035971,0.438880,-0.431987,-0.006613,0.071540,-0.012080,-0.039309,-0.871313,0.403668,-0.346632,-0.373452,-1.397289,0.008832,-0.269777,-0.899536,-0.145572,0.494505,-0.561377,1.291432,0.232566,0.024328,1
-0.028353,-0.088766,-0.023824,0.345461,-0.305395,0.008898,-0.030168,-0.051465,0.035971,0.438880,-0.431983,-0.006606,0.071540,-0.012072,-0.039304,-0.871361,0.403668,-0.346608,-0.373464,-1.397289,0.008832,-0.269789,-0.899536,-0.145560,0.494517,-0.561353,1.291456,0.232566,0.024328,1
-0.028353,-0.088766,-0.023824,0.345478,-0.305391,0.008905,-0.030177,-0.051482,0.035957,0.438906,-0.431983,-0.006606,0.071540,-0.012080,-0.039299,-0.871373,0.403656,-0.346608,-0.373476,-1.397313,0.008832,-0.269789,-0.899536,-0.145572,0.494505,-0.561365,1.291444,0.232566,0.024328,1
-0.028345,-0.088766,-0.023838,0.345461,-0.305391,0.008905,-0.030151,-0.051474,0.035971,0.438889,-0.431983,-0.006606,0.071566,-0.012065,-0.039299,-0.871409,0.403656,-0.346596,-0.373464,-1.397277,0.008832,-0.269777,-0.899548,-0.145548,0.494505,-0.561353,1.291456,0.232542,0.024328,1
-0.028345,-0.088766,-0.023824,0.345461,-0.305382,0.008891,-0.030168,-0.051474,0.035971,0.438889,-0.431983,-0.006606,0.071553,-0.012065,-0.039299,-0.871469,0.403656,-0.346596,-0.373488,-1.397289,0.008844,-0.269789,-0.899548,-0.145572,0.494517,-0.561365,1.291444,0.232542,0.024340,1
-0.028345,-0.088775,-0.023784,0.345461,-0.305391,0.008905,-0.030168,-0.051474,0.035984,0.438863,-0.431983,-0.006606,0.071553,-0.012080,-0.039309,-0.871517,0.403680,-0.346620,-0.373464,-1.397301,0.008832,-0.269789,-0.899560,-0.145572,0.494529,-0.561377,1.291444,0.232542,0.024328,1
-0.028345,-0.088766,-0.023797,0.345461,-0.305395,0.008898,-0.030160,-0.051474,0.035957,0.438863,-0.431983,-0.006606,0.071540,-0.012088,-0.039314,-0.871529,0.403656,-0.346608,-0.373464,-1.397289,0.008856,-0.269777,-0.899548,-0.145572,0.494505,-0.561365,1.291444,0.232530,0.024328,1
-0.028362,-0.088766,-0.023811,0.345470,-0.305395,0.008898,-0.030160,-0.051474,0.035971,0.438880,-0.431983,-0.006606,0.071540,-0.012080,-0.039309,-0.871529,0.403680,-0.346596,-0.373488,-1.397289,0.008844,-0.269789,-0.899548,-0.145560,0.494493,-0.561377,1.291456,0.232518,0.024340,1
-0.028345,-0.088775,-0.023811,0.345470,-0.305395,0.008898,-0.030177,-0.051482,0.035997,0.438889,-0.431975,-0.006606,0.071553,-0.012072,-0.039314,-0.871565,0.403644,-0.346596,-0.373464,-1.397313,0.008832,-0.269789,-0.899548,-0.145560,0.494481,-0.561377,1.291444,0.232530,0.024352,1
-0.028353,-0.088766,-0.023797,0.345470,-0.305391,0.008876,-0.030177,-0.051482,0.035957,0.438889,-0.431975,-0.006620,0.071566,-0.012088,-0.039314,-0.871565,0.403656,-0.346596,-0.373476,-1.397313,0.008832,-0.269789,-0.899560,-0.145548,0.494469,-0.561365,1.291432,0.232518,0.024352,1
-0.028370,-0.088775,-0.023797,0.345470,-0.305395,0.008898,-0.030177,-0.051482,0.035944,0.438880,-0.431971,-0.006613,0.071566,-0.012065,-0.039299,-0.871565,0.403656,-0.346596,-0.373476,-1.397301,0.008832,-0.269765,-0.899584,-0.145560,0.494445,-0.561353,1.291456,0.232506,0.024340,1
-0.028370,-0.088766,-0.023838,0.345470,-0.305382,0.008920,-0.030168,-0.051474,0.035984,0.438880,-0.431975,-0.006606,0.071540,-0.012080,-0.039309,-0.871613,0.403656,-0.346572,-0.373464,-1.397301,0.008808,-0.269777,-0.899584,-0.145548,0.494457,-0.561365,1.291444,0.232482,0.024316,1
-0.028370,-0.088766,-0.023838,0.345470,-0.305382,0.008920,-0.030168,-0.051474,0.035971,0.438880,-0.431983,-0.006606,0.071566,-0.012095,-0.039319,-0.871661,0.403644,-0.346548,-0.373476,-1.397301,0.008820,-0.269801,-0.899584,-0.145572,0.494421,-0.561365,1.291444,0.232494,0.024304,1
-0.028353,-0.088766,-0.023811,0.345470,-0.305395,0.008898,-0.030160,-0.051482,0.035971,0.438880,-0.431983,-0.006606,0.071540,-0.012072,-0.039314,-0.871733,0.403656,-0.346548,-0.373476,-1.397313,0.008808,-0.269777,-0.899584,-0.145560,0.494397,-0.561365,1.291444,0.232482,0.024304,1
-0.028353,-0.088766,-0.023824,0.345461,-0.305391,0.008905,-0.030168,-0.051465,0.035957,0.438889,-0.431979,-0.006599,0.071540,-0.012088,-0.039314,-0.871780,0.403656,-0.346548,-0.373476,-1.397289,0.008796,-0.269789,-0.899596,-0.145560,0.494349,-0.561341,1.291468,0.232482,0.024304,1
-0.028345,-0.088766,-0.023824,0.345470,-0.305399,0.008891,-0.030168,-0.051474,0.035957,0.438880,-0.431983,-0.006606,0.071553,-0.012088,-0.039314,-0.871840,0.403656,-0.346548,-0.373464,-1.397313,0.008820,-0.269765,-0.899608,-0.145560,0.494325,-0.561365,1.291444,0.232458,0.024304,1
-0.028345,-0.088766,-0.023811,0.345495,-0.305395,0.008869,-0.030168,-0.051474,0.035971,0.438889,-0.431983,-0.006606,0.071526,-0.012088,-0.039304,-0.871864,0.403680,-0.346572,-0.373452,-1.397301,0.008820,-0.269777,-0.899596,-0.145560,0.494265,-0.561341,1.291444,0.232458,0.024304,1
-0.028353,-0.088766,-0.023811,0.345504,-0.305382,0.008891,-0.030168,-0.051457,0.035957,0.438889,-0.431983,-0.006606,0.071540,-0.012095,-0.039309,-0.871912,0.403656,-0.346548,-0.373452,-1.397313,0.008820,-0.269765,-0.899620,-0.145572,0.494217,-0.561353,1.291456,0.232446,0.024280,1
-0.028370,-0.088766,-0.023838,0.345487,-0.305387,0.008884,-0.030143,-0.051482,0.035971,0.438897,-0.431987,-0.006613,0.071540,-0.012065,-0.039309,-0.871936,0.403668,-0.346536,-0.373464,-1.397289,0.008844,-0.269741,-0.899620,-0.145572,0.494182,-0.561341,1.291444,0.232458,0.024292,1
-0.028345,-0.088766,-0.023838,0.345495,-0.305382,0.008877,-0.030160,-0.051474,0.035971,0.438880,-0.431979,-0.006613,0.071526,-0.012072,-0.039304,-0.871960,0.403656,-0.346524,-0.373452,-1.397289,0.008820,-0.269741,-0.899632,-0.145560,0.494146,-0.561353,1.291456,0.232446,0.024304,1
-0.028353,-0.088775,-0.023824,0.345487,-0.305382,0.008877,-0.030151,-0.051482,0.035957,0.438897,-0.431979,-0.006613,0.071540,-0.012095,-0.039319,-0.872020,0.403656,-0.346524,-0.373464,-1.397313,0.008844,-0.269753,-0.899620,-0.145572,0.494134,-0.561329,1.291456,0.232434,0.024304,1
-0.028353,-0.088783,-0.023797,0.345487,-0.305387,0.008884,-0.030151,-0.051448,0.035997,0.438889,-0.431979,-0.006613,0.071540,-0.012088,-0.039304,-0.872068,0.403668,-0.346524,-0.373440,-1.397301,0.008808,-0.269753,-0.899644,-0.145560,0.494098,-0.561329,1.291468,0.232446,0.024304,1
-0.028362,-0.088775,-0.023811,0.345487,-0.305395,0.008884,-0.030151,-0.051448,0.035957,0.438889,-0.431983,-0.006606,0.071540,-0.012080,-0.039309,-0.872128,0.403680,-0.346536,-0.373452,-1.397289,0.008808,-0.269741,-0.899632,-0.145560,0.494062,-0.561329,1.291444,0.232434,0.024304,1
-0.028370,-0.088766,-0.023784,0.345495,-0.305387,0.008884,-0.030143,-0.051474,0.035971,0.438880,-0.431983,-0.006606,0.071540,-0.012095,-0.039309,-0.872212,0.403656,-0.346536,-0.373464,-1.397289,0.008832,-0.269729,-0.899644,-0.145560,0.494014,-0.561353,1.291456,0.232434,0.024304,1
-0.028353,-0.088766,-0.023824,0.345487,-0.305382,0.008891,-0.030168,-0.051465,0.035971,0.438880,-0.431983,-0.006606,0.071540,-0.012088,-0.039314,-0.872296,0.403656,-0.346524,-0.373428,-1.397301,0.008820,-0.269717,-0.899644,-0.145560,0.493978,-0.561353,1.291456,0.232434,0.024304,1
-0.028353,-0.088775,-0.023797,0.345504,-0.305378,0.008884,-0.030168,-0.051474,0.035971,0.438897,-0.431979,-0.006599,0.071540,-0.012072,-0.039314,-0.872416,0.403656,-0.346512,-0.373428,-1.397313,0.008820,-0.269717,-0.899644,-0.145572,0.493954,-0.561353,1.291444,0.232422,0.024304,1
-0.028353,-0.088766,-0.023811,0.345504,-0.305374,0.008891,-0.030160,-0.051474,0.035957,0.438906,-0.431983,-0.006606,0.071566,-0.012088,-0.039314,-0.872476,0.403656,-0.346524,-0.373428,-1.397277,0.008808,-0.269729,-0.899644,-0.145560,0.493930,-0.561341,1.291444,0.232422,0.024304,1
-0.028353,-0.088758,-0.023797,0.345495,-0.305370,0.008884,-0.030151,-0.051474,0.035971,0.438932,-0.431983,-0.006606,0.071553,-0.012065,-0.039319,-0.872667,0.403656,-0.346536,-0.373416,-1.397313,0.008820,-0.269729,-0.899644,-0.145560,0.493906,-0.561377,1.291444,0.232434,0.024292,1
-0.028345,-0.088766,-0.023797,0.345504,-0.305378,0.008884,-0.030151,-0.051482,0.035957,0.438923,-0.431975,-0.006606,0.071566,-0.012095,-0.039319,-0.872739,0.403656,-0.346524,-0.373392,-1.397313,0.008820,-0.269717,-0.899668,-0.145572,0.493906,-0.561365,1.291456,0.232422,0.024328,1
-0.028345,-0.088758,-0.023797,0.345495,-0.305374,0.008891,-0.030151,-0.051474,0.035957,0.438923,-0.431983,-0.006606,0.071540,-0.012080,-0.039309,-0.872811,0.403644,-0.346524,-0.373416,-1.397301,0.008820,-0.269705,-0.899644,-0.145548,0.493906,-0.561353,1.291456,0.232422,0.024316,1
-0.028345,-0.088749,-0.023811,0.345495,-0.305362,0.008855,-0.030151,-0.051482,0.035984,0.438932,-0.431983,-0.006606,0.071553,-0.012088,-0.039314,-0.872883,0.403644,-0.346536,-0.373428,-1.397289,0.008844,-0.269705,-0.899668,-0.145548,0.493906,-0.561353,1.291444,0.232422,0.024292,1
-0.028353,-0.088749,-0.023811,0.345495,-0.305378,0.008855,-0.030143,-0.051465,0.035957,0.438906,-0.431979,-0.006599,0.071566,-0.012088,-0.039324,-0.872979,0.403644,-0.346536,-0.373416,-1.397277,0.008820,-0.269717,-0.899668,-0.145548,0.493882,-0.561353,1.291456,0.232434,0.024304,1
-0.028353,-0.088749,-0.023838,0.345495,-0.305366,0.008862,-0.030160,-0.051465,0.035957,0.438906,-0.431983,-0.006606,0.071553,-0.012088,-0.039314,-0.873051,0.403656,-0.346536,-0.373405,-1.397289,0.008832,-0.269705,-0.899656,-0.145536,0.493894,-0.561377,1.291456,0.232422,0.024304,1
-0.028353,-0.088758,-0.023838,0.345495,-0.305370,0.008855,-0.030160,-0.051482,0.035984,0.438906,-0.431979,-0.006599,0.071566,-0.012088,-0.039314,-0.873159,0.403644,-0.346536,-0.373416,-1.397313,0.008808,-0.269717,-0.899668,-0.145560,0.493894,-0.561377,1.291444,0.232422,0.024304,1
-0.028362,-0.088741,-0.023824,0.345495,-0.305366,0.008862,-0.030151,-0.051465,0.035997,0.438906,-0.431983,-0.006606,0.071566,-0.012095,-0.039309,-0.873243,0.403632,-0.346536,-0.373416,-1.397313,0.008832,-0.269717,-0.899656,-0.145560,0.493906,-0.561377,1.291444,0.232434,0.024304,1
-0.028353,-0.088741,-0.023838,0.345495,-0.305366,0.008848,-0.030168,-0.051474,0.035957,0.438906,-0.431983,-0.006606,0.071553,-0.012080,-0.039319,-0.873338,0.403632,-0.346524,-0.373416,-1.397289,0.008820,-0.269705,-0.899668,-0.145548,0.493942,-0.561377,1.291456,0.232434,0.024292,1
-0.028353,-0.088724,-0.023811,0.345495,-0.305374,0.008862,-0.030151,-0.051474,0.035984,0.438906,-0.431979,-0.006599,0.071540,-0.012088,-0.039314,-0.873446,0.403608,-0.346548,-0.373416,-1.397313,0.008808,-0.269705,-0.899668,-0.145560,0.493978,-0.561389,1.291456,0.232434,0.024280,1
-0.028353,-0.088741,-0.023838,0.345504,-0.305370,0.008855,-0.030168,-0.051474,0.035984,0.438915,-0.431979,-0.006613,0.071566,-0.012095,-0.039309,-0.873554,0.403608,-0.346548,-0.373392,-1.397301,0.008820,-0.269693,-0.899656,-0.145572,0.494038,-0.561413,1.291456,0.232434,0.024280,1
-0.028353,-0.088741,-0.023824,0.345495,-0.305366,0.008848,-0.030177,-0.051474,0.035957,0.438906,-0.431979,-0.006613,0.071540,-0.012088,-0.039304,-0.873650,0.403608,-0.346548,-0.373416,-1.397313,0.008820,-0.269705,-0.899644,-0.145560,0.494074,-0.561413,1.291456,0.232434,0.024304,1
-0.028353,-0.088741,-0.023811,0.345495,-0.305370,0.008840,-0.030168,-0.051474,0.035957,0.438923,-0.431983,-0.006606,0.071566,-0.012095,-0.039309,-0.873722,0.403608,-0.346548,-0.373416,-1.397313,0.008820,-0.269705,-0.899668,-0.145572,0.494110,-0.561437,1.291468,0.232410,0.024304,1
-0.028370,-0.088741,-0.023784,0.345495,-0.305370,0.008855,-0.030177,-0.051482,0.035971,0.438915,-0.431991,-0.006591,0.071566,-0.012095,-0.039309,-0.873806,0.403596,-0.346548,-0.373416,-1.397277,0.008820,-0.269681,-0.899644,-0.145560,0.494146,-0.561437,1.291456,0.232434,0.024304,1
-0.028345,-0.088741,-0.023811,0.345495,-0.305358,0.008833,-0.030177,-0.051474,0.035971,0.438940,-0.431987,-0.006584,0.071540,-0.012110,-0.039299,-0.873890,0.403572,-0.346560,-0.373416,-1.397277,0.008820,-0.269693,-0.899644,-0.145560,0.494182,-0.561449,1.291444,0.232434,0.024304,1
-0.028345,-0.088732,-0.023851,0.345478,-0.305366,0.008848,-0.030177,-0.051474,0.035957,0.438932,-0.431987,-0.006584,0.071540,-0.012095,-0.039319,-0.873974,0.403596,-0.346584,-0.373392,-1.397301,0.008820,-0.269681,-0.899644,-0.145560,0.494265,-0.561473,1.291456,0.232422,0.024304,1
-0.028345,-0.088732,-0.023824,0.345495,-0.305358,0.008833,-0.030194,-0.051474,0.035957,0.438932,-0.431979,-0.006613,0.071566,-0.012072,-0.039314,-0.874034,0.403572,-0.346596,-0.373392,-1.397313,0.008820,-0.269669,-0.899644,-0.145584,0.494349,-0.561461,1.291456,0.232434,0.024292,1
-0.028353,-0.088732,-0.023864,0.345495,-0.305362,0.008840,-0.030185,-0.051482,0.035971,0.438923,-0.431975,-0.006620,0.071540,-0.012072,-0.039314,-0.874177,0.403560,-0.346620,-0.373416,-1.397301,0.008832,-0.269681,-0.899668,-0.145572,0.494433,-0.561461,1.291456,0.232434,0.024316,1
-0.028362,-0.088732,-0.023811,0.345495,-0.305362,0.008840,-0.030194,-0.051482,0.035971,0.438932,-0.431979,-0.006613,0.071566,-0.012103,-0.039314,-0.874285,0.403548,-0.346632,-0.373416,-1.397313,0.008820,-0.269693,-0.899644,-0.145560,0.494541,-0.561473,1.291468,0.232434,0.024292,1
-0.028353,-0.088732,-0.023811,0.345504,-0.305354,0.008811,-0.030185,-0.051482,0.035957,0.438923,-0.431983,-0.006606,0.071540,-0.012072,-0.039304,-0.874429,0.403536,-0.346632,-0.373416,-1.397277,0.008820,-0.269669,-0.899644,-0.145548,0.494697,-0.561485,1.291456,0.232434,0.024292,1
-0.028362,-0.088732,-0.023811,0.345487,-0.305349,0.008819,-0.030194,-0.051474,0.035971,0.438932,-0.431979,-0.006599,0.071540,-0.012065,-0.039309,-0.874525,0.403524,-0.346644,-0.373416,-1.397313,0.008832,-0.269681,-0.899644,-0.145548,0.494757,-0.561485,1.291468,0.232446,0.024280,1
-0.028353,-0.088749,-0.023811,0.345512,-0.305349,0.008819,-0.030194,-0.051465,0.035971,0.438940,-0.431983,-0.006606,0.071540,-0.012080,-0.039309,-0.874609,0.403536,-0.346632,-0.373416,-1.397313,0.008832,-0.269693,-0.899668,-0.145572,0.494733,-0.561485,1.291444,0.232434,0.024280,1
-0.028353,-0.088732,-0.023811,0.345495,-0.305354,0.008797,-0.030219,-0.051474,0.035971,0.438932,-0.431975,-0.006620,0.071540,-0.012072,-0.039314,-0.874681,0.403536,-0.346668,-0.373416,-1.397301,0.008844,-0.269681,-0.899644,-0.145560,0.494685,-0.561485,1.291444,0.232434,0.024304,1
-0.028353,-0.088741,-0.023864,0.345495,-0.305349,0.008819,-0.030194,-0.051474,0.035957,0.438949,-0.431975,-0.006620,0.071540,-0.012080,-0.039299,-0.874753,0.403536,-0.346704,-0.373416,-1.397325,0.008820,-0.269669,-0.899644,-0.145548,0.494661,-0.561485,1.291468,0.232446,0.024304,1
-0.028345,-0.088724,-0.023851,0.345504,-0.305349,0.008819,-0.030185,-0.051482,0.035944,0.438932,-0.431975,-0.006620,0.071566,-0.012080,-0.039299,-0.874836,0.403536,-0.346716,-0.373392,-1.397301,0.008832,-0.269693,-0.899644,-0.145536,0.494721,-0.561485,1.291456,0.232434,0.024304,1
-0.028353,-0.088724,-0.023864,0.345495,-0.305345,0.008826,-0.030185,-0.051474,0.035997,0.438932,-0.431979,-0.006613,0.071540,-0.012103,-0.039304,-0.874920,0.403500,-0.346728,-0.373416,-1.397313,0.008820,-0.269693,-0.899668,-0.145548,0.494793,-0.561485,1.291444,0.232434,0.024340,1
-0.028345,-0.088715,-0.023838,0.345495,-0.305345,0.008812,-0.030211,-0.051474,0.035984,0.438923,-0.431975,-0.006606,0.071540,-0.012103,-0.039304,-0.875088,0.403524,-0.346740,-0.373392,-1.397301,0.008832,-0.269693,-0.899668,-0.145560,0.494901,-0.561485,1.291444,0.232434,0.024304,1
-0.028353,-0.088715,-0.023864,0.345495,-0.305337,0.008826,-0.030219,-0.051474,0.035957,0.438932,-0.431983,-0.006606,0.071540,-0.012088,-0.039284,-0.875232,0.403536,-0.346752,-0.373416,-1.397277,0.008820,-0.269705,-0.899668,-0.145548,0.495032,-0.561461,1.291468,0.232434,0.024292,1
-0.028362,-0.088715,-0.023838,0.345487,-0.305337,0.008826,-0.030219,-0.051482,0.035944,0.438923,-0.431975,-0.006620,0.071540,-0.012088,-0.039294,-0.875292,0.403524,-0.346788,-0.373416,-1.397301,0.008832,-0.269669,-0.899668,-0.145560,0.495068,-0.561461,1.291444,0.232434,0.024304,1
-0.028345,-0.088707,-0.023797,0.345504,-0.305345,0.008783,-0.030219,-0.051465,0.035971,0.438940,-0.431983,-0.006606,0.071540,-0.012088,-0.039294,-0.875388,0.403512,-0.346800,-0.373392,-1.397289,0.008832,-0.269657,-0.899668,-0.145572,0.495032,-0.561461,1.291456,0.232434,0.024304,1
-0.028345,-0.088707,-0.023824,0.345504,-0.305341,0.008790,-0.030228,-0.051474,0.035957,0.438932,-0.431975,-0.006620,0.071540,-0.012110,-0.039299,-0.875520,0.403512,-0.346823,-0.373392,-1.397277,0.008832,-0.269645,-0.899668,-0.145572,0.494937,-0.561449,1.291456,0.232422,0.024292,1
-0.028345,-0.088698,-0.023838,0.345495,-0.305341,0.008790,-0.030236,-0.051474,0.035957,0.438932,-0.431983,-0.006606,0.071566,-0.012103,-0.039304,-0.875579,0.403512,-0.346847,-0.373416,-1.397301,0.008832,-0.269645,-0.899668,-0.145572,0.494745,-0.561425,1.291456,0.232446,0.024292,1
-0.028345,-0.088707,-0.023851,0.345504,-0.305341,0.008790,-0.030219,-0.051465,0.035957,0.438915,-0.431971,-0.006613,0.071540,-0.012103,-0.039294,-0.875675,0.403524,-0.346859,-0.373416,-1.397301,0.008820,-0.269645,-0.899680,-0.145560,0.494409,-0.561389,1.291432,0.232422,0.024316,1
-0.028336,-0.088690,-0.023851,0.345504,-0.305333,0.008804,-0.030219,-0.051474,0.035971,0.438923,-0.431971,-0.006599,0.071566,-0.012088,-0.039294,-0.875759,0.403512,-0.346859,-0.373416,-1.397325,0.008820,-0.269645,-0.899668,-0.145548,0.494170,-0.561401,1.291444,0.232434,0.024316,1
-0.028345,-0.088698,-0.023838,0.345504,-0.305329,0.008783,-0.030236,-0.051465,0.035971,0.438923,-0.431971,-0.006599,0.071526,-0.012103,-0.039294,-0.875843,0.403524,-0.346859,-0.373416,-1.397277,0.008844,-0.269621,-0.899656,-0.145548,0.493930,-0.561377,1.291444,0.232446,0.024316,1
-0.028345,-0.088690,-0.023838,0.345504,-0.305325,0.008790,-0.030236,-0.051465,0.035971,0.438923,-0.431979,-0.006613,0.071553,-0.012095,-0.039299,-0.875987,0.403536,-0.346871,-0.373416,-1.397277,0.008832,-0.269633,-0.899668,-0.145548,0.493774,-0.561377,1.291420,0.232434,0.024316,1
-0.028345,-0.088690,-0.023851,0.345495,-0.305325,0.008790,-0.030228,-0.051448,0.035957,0.438906,-0.431979,-0.006613,0.071566,-0.012095,-0.039309,-0.876107,0.403536,-0.346883,-0.373416,-1.397289,0.008832,-0.269633,-0.899668,-0.145536,0.493750,-0.561329,1.291420,0.232434,0.024304,1
-0.028362,-0.088673,-0.023838,0.345495,-0.305329,0.008812,-0.030236,-0.051465,0.035971,0.438923,-0.431971,-0.006599,0.071566,-0.012103,-0.039304,-0.876191,0.403548,-0.346883,-0.373392,-1.397289,0.008832,-0.269633,-0.899656,-0.145548,0.493870,-0.561305,1.291432,0.232434,0.024304,1
-0.028362,-0.088664,-0.023838,0.345512,-0.305345,0.008797,-0.030236,-0.051465,0.035971,0.438949,-0.431971,-0.006613,0.071566,-0.012095,-0.039299,-0.876287,0.403536,-0.346883,-0.373381,-1.397289,0.008832,-0.269621,-0.899668,-0.145548,0.494373,-0.561269,1.291408,0.232446,0.024316,1
-0.028370,-0.088656,-0.023864,0.345504,-0.305341,0.008790,-0.030219,-0.051465,0.035971,0.438940,-0.431967,-0.006606,0.071566,-0.012110,-0.039299,-0.876382,0.403536,-0.346859,-0.373392,-1.397277,0.008832,-0.269609,-0.899668,-0.145560,0.494877,-0.561269,1.291420,0.232434,0.024328,1
-0.028370,-0.088656,-0.023838,0.345504,-0.305329,0.008783,-0.030219,-0.051457,0.035957,0.438940,-0.431975,-0.006606,0.071620,-0.012118,-0.039304,-0.876502,0.403560,-0.346847,-0.373369,-1.397289,0.008832,-0.269621,-0.899668,-0.145548,0.495811,-0.561257,1.291396,0.232422,0.024316,1
-0.028362,-0.088647,-0.023851,0.345495,-0.305333,0.008790,-0.030219,-0.051474,0.035971,0.438932,-0.431979,-0.006613,0.071606,-0.012095,-0.039289,-0.876586,0.403572,-0.346823,-0.373357,-1.397301,0.008832,-0.269621,-0.899656,-0.145536,0.496447,-0.561221,1.291396,0.232434,0.024304,1
-0.028370,-0.088639,-0.023851,0.345521,-0.305333,0.008804,-0.030219,-0.051465,0.035984,0.438923,-0.431979,-0.006613,0.071620,-0.012103,-0.039304,-0.876670,0.403596,-0.346800,-0.373369,-1.397277,0.008820,-0.269621,-0.899668,-0.145536,0.497094,-0.561173,1.291384,0.232434,0.024316,1
-0.028362,-0.088639,-0.023851,0.345504,-0.305325,0.008790,-0.030236,-0.051465,0.035957,0.438932,-0.431983,-0.006606,0.071620,-0.012095,-0.039299,-0.876766,0.403572,-0.346788,-0.373345,-1.397301,0.008832,-0.269621,-0.899656,-0.145548,0.497621,-0.561137,1.291396,0.232446,0.024304,1
-0.028345,-0.088630,-0.023891,0.345512,-0.305329,0.008783,-0.030236,-0.051457,0.035971,0.438966,-0.431979,-0.006599,0.071606,-0.012110,-0.039309,-0.876886,0.403596,-0.346716,-0.373369,-1.397289,0.008844,-0.269609,-0.899668,-0.145536,0.498328,-0.561125,1.291384,0.232446,0.024280,1
-0.028353,-0.088613,-0.023905,0.345512,-0.305333,0.008790,-0.030219,-0.051465,0.035957,0.438949,-0.431979,-0.006599,0.071620,-0.012110,-0.039289,-0.876922,0.403584,-0.346656,-0.373369,-1.397277,0.008832,-0.269609,-0.899668,-0.145536,0.498520,-0.561125,1.291372,0.232422,0.024304,1
-0.028336,-0.088613,-0.023891,0.345504,-0.305345,0.008797,-0.030219,-0.051474,0.035971,0.438957,-0.431979,-0.006613,0.071620,-0.012118,-0.039294,-0.877030,0.403608,-0.346560,-0.373333,-1.397313,0.008784,-0.269609,-0.899668,-0.145548,0.499023,-0.561054,1.291372,0.232410,0.024316,1
-0.028345,-0.088596,-0.023905,0.345521,-0.305325,0.008790,-0.030228,-0.051465,0.035971,0.438949,-0.431971,-0.006613,0.071620,-0.012110,-0.039299,-0.877113,0.403620,-0.346500,-0.373333,-1.397313,0.008748,-0.269621,-0.899668,-0.145536,0.499275,-0.560982,1.291372,0.232386,0.024304,1
-0.028353,-0.088587,-0.023891,0.345529,-0.305325,0.008761,-0.030219,-0.051474,0.035971,0.438949,-0.431964,-0.006599,0.071633,-0.012103,-0.039314,-0.877173,0.403632,-0.346452,-0.373333,-1.397301,0.008748,-0.269609,-0.899680,-0.145548,0.499514,-0.560958,1.291372,0.232374,0.024316,1
-0.028353,-0.088596,-0.023931,0.345521,-0.305329,0.008783,-0.030219,-0.051465,0.035957,0.438949,-0.431975,-0.006606,0.071620,-0.012110,-0.039309,-0.877233,0.403644,-0.346452,-0.373309,-1.397301,0.008737,-0.269609,-0.899668,-0.145536,0.499826,-0.560934,1.291348,0.232362,0.024316,1
-0.028353,-0.088587,-0.023931,0.345512,-0.305329,0.008783,-0.030219,-0.051448,0.035957,0.438949,-0.431983,-0.006606,0.071620,-0.012118,-0.039314,-0.877269,0.403644,-0.346464,-0.373333,-1.397289,0.008737,-0.269609,-0.899668,-0.145548,0.500006,-0.560922,1.291336,0.232362,0.024316,1
-0.028362,-0.088570,-0.023891,0.345512,-0.305337,0.008783,-0.030219,-0.051465,0.035957,0.438957,-0.431979,-0.006599,0.071620,-0.012080,-0.039299,-0.877365,0.403632,-0.346476,-0.373333,-1.397277,0.008737,-0.269621,-0.899656,-0.145548,0.500174,-0.560910,1.291360,0.232362,0.024316,1
-0.028362,-0.088579,-0.023931,0.345504,-0.305329,0.008783,-0.030219,-0.051465,0.035957,0.438957,-0.431979,-0.006613,0.071620,-0.012118,-0.039304,-0.877413,0.403656,-0.346428,-0.373333,-1.397301,0.008737,-0.269633,-0.899644,-0.145536,0.500317,-0.560862,1.291360,0.232362,0.024316,1
-0.028370,-0.088570,-0.023931,0.345512,-0.305329,0.008783,-0.030211,-0.051474,0.035957,0.438966,-0.431975,-0.006620,0.071620,-0.012110,-0.039319,-0.877461,0.403632,-0.346320,-0.373333,-1.397301,0.008737,-0.269621,-0.899668,-0.145536,0.500449,-0.560826,1.291336,0.232350,0.024328,1
-0.028353,-0.088553,-0.023918,0.345512,-0.305337,0.008783,-0.030202,-0.051448,0.035971,0.438966,-0.431971,-0.006613,0.071633,-0.012110,-0.039309,-0.877497,0.403632,-0.346212,-0.373333,-1.397301,0.008737,-0.269633,-0.899656,-0.145536,0.500593,-0.560790,1.291336,0.232350,0.024292,1
-0.028353,-0.088553,-0.023945,0.345512,-0.305333,0.008775,-0.030211,-0.051457,0.035957,0.438966,-0.431979,-0.006599,0.071620,-0.012118,-0.039314,-0.877533,0.403632,-0.346092,-0.373333,-1.397325,0.008737,-0.269633,-0.899668,-0.145536,0.500701,-0.560802,1.291336,0.232350,0.024292,1
-0.028353,-0.088553,-0.023971,0.345521,-0.305329,0.008783,-0.030202,-0.051482,0.035957,0.438957,-0.431975,-0.006606,0.071620,-0.012103,-0.039294,-0.877593,0.403632,-0.345997,-0.373297,-1.397277,0.008737,-0.269633,-0.899668,-0.145536,0.500869,-0.560766,1.291336,0.232350,0.024304,1
-0.028370,-0.088553,-0.023958,0.345521,-0.305333,0.008790,-0.030194,-0.051474,0.035984,0.438957,-0.431975,-0.006591,0.071647,-0.012110,-0.039309,-0.877617,0.403632,-0.346021,-0.373285,-1.397313,0.008737,-0.269633,-0.899668,-0.145548,0.500953,-0.560766,1.291348,0.232350,0.024304,1
-0.028353,-0.088536,-0.023985,0.345521,-0.305325,0.008790,-0.030194,-0.051474,0.035957,0.438966,-0.431975,-0.006606,0.071633,-0.012095,-0.039309,-0.877665,0.403656,-0.346224,-0.373309,-1.397301,0.008737,-0.269633,-0.899668,-0.145548,0.501084,-0.560742,1.291348,0.232350,0.024304,1
-0.028362,-0.088536,-0.024012,0.345512,-0.305329,0.008783,-0.030211,-0.051474,0.035957,0.438974,-0.431971,-0.006613,0.071620,-0.012126,-0.039309,-0.877713,0.403644,-0.346452,-0.373333,-1.397301,0.008737,-0.269645,-0.899668,-0.145548,0.501180,-0.560754,1.291324,0.232338,0.024304,1
-0.028362,-0.088536,-0.023971,0.345512,-0.305320,0.008768,-0.030194,-0.051465,0.035984,0.438991,-0.431975,-0.006591,0.071620,-0.012110,-0.039319,-0.877773,0.403644,-0.346716,-0.373333,-1.397301,0.008725,-0.269669,-0.899680,-0.145536,0.501288,-0.560730,1.291324,0.232350,0.024304,1
-0.028370,-0.088511,-0.023971,0.345512,-0.305329,0.008783,-0.030185,-0.051465,0.035971,0.439000,-0.431979,-0.006613,0.071633,-0.012141,-0.039319,-0.877797,0.403644,-0.347015,-0.373309,-1.397301,0.008737,-0.269681,-0.899680,-0.145536,0.501396,-0.560730,1.291348,0.232338,0.024304,1
-0.028379,-0.088502,-0.023998,0.345512,-0.305333,0.008775,-0.030185,-0.051474,0.035957,0.439000,-0.431971,-0.006599,0.071593,-0.012133,-0.039314,-0.877809,0.403644,-0.347231,-0.373309,-1.397313,0.008725,-0.269705,-0.899680,-0.145536,0.501504,-0.560718,1.291324,0.232338,0.024304,1
-0.028362,-0.088502,-0.023998,0.345504,-0.305333,0.008775,-0.030194,-0.051474,0.035957,0.438991,-0.431975,-0.006620,0.071620,-0.012118,-0.039324,-0.877845,0.403644,-0.347459,-0.373297,-1.397325,0.008725,-0.269717,-0.899704,-0.145536,0.501576,-0.560730,1.291360,0.232338,0.024304,1
-0.028353,-0.088502,-0.023985,0.345521,-0.305333,0.008775,-0.030194,-0.051474,0.035971,0.438991,-0.431983,-0.006606,0.071633,-0.012126,-0.039319,-0.877892,0.403680,-0.347567,-0.373333,-1.397325,0.008737,-0.269729,-0.899704,-0.145548,0.501636,-0.560718,1.291360,0.232338,0.024316,1
-0.028353,-0.088494,-0.024025,0.345538,-0.305325,0.008790,-0.030194,-0.051474,0.035957,0.439008,-0.431975,-0.006591,0.071606,-0.012133,-0.039324,-0.877928,0.403656,-0.347626,-0.373333,-1.397289,0.008737,-0.269765,-0.899692,-0.145536,0.501708,-0.560730,1.291360,0.232338,0.024316,1
-0.028370,-0.088468,-0.024012,0.345512,-0.305329,0.008783,-0.030194,-0.051474,0.035957,0.439025,-0.431975,-0.006591,0.071647,-0.012126,-0.039329,-0.877976,0.403644,-0.347291,-0.373333,-1.397313,0.008701,-0.269777,-0.899728,-0.145548,0.501827,-0.560706,1.291360,0.232338,0.024328,1
-0.028370,-0.088460,-0.024025,0.345521,-0.305329,0.008783,-0.030194,-0.051474,0.035971,0.439000,-0.431975,-0.006591,0.071633,-0.012141,-0.039329,-0.878000,0.403656,-0.347135,-0.373333,-1.397289,0.008713,-0.269777,-0.899728,-0.145536,0.501827,-0.560730,1.291360,0.232338,0.024340,1
-0.028370,-0.088451,-0.024025,0.345521,-0.305325,0.008790,-0.030185,-0.051465,0.035971,0.439017,-0.431979,-0.006599,0.071633,-0.012118,-0.039334,-0.878060,0.403656,-0.346404,-0.373345,-1.397313,0.008725,-0.269789,-0.899752,-0.145536,0.501899,-0.560706,1.291372,0.232350,0.024352,1
-0.028370,-0.088434,-0.024038,0.345504,-0.305329,0.008783,-0.030177,-0.051448,0.035957,0.439025,-0.431975,-0.006606,0.071606,-0.012133,-0.039334,-0.878096,0.403668,-0.345781,-0.373333,-1.397289,0.008748,-0.269825,-0.899776,-0.145548,0.501959,-0.560694,1.291372,0.232350,0.024352,1
-0.028370,-0.088425,-0.024065,0.345529,-0.305320,0.008783,-0.030185,-0.051474,0.035957,0.439017,-0.431983,-0.006606,0.071620,-0.012133,-0.039334,-0.878144,0.403716,-0.345074,-0.373345,-1.397289,0.008784,-0.269825,-0.899812,-0.145548,0.501983,-0.560682,1.291384,0.232338,0.024328,1
-0.028379,-0.088425,-0.024052,0.345521,-0.305329,0.008783,-0.030177,-0.051465,0.035971,0.439017,-0.431975,-0.006591,0.071620,-0.012126,-0.039319,-0.878168,0.403716,-0.344379,-0.373333,-1.397313,0.008832,-0.269801,-0.899800,-0.145548,0.502031,-0.560694,1.291396,0.232326,0.024328,1
-0.028353,-0.088417,-0.024052,0.345521,-0.305325,0.008790,-0.030177,-0.051465,0.035984,0.439025,-0.431975,-0.006591,0.071647,-0.012141,-0.039329,-0.878216,0.403716,-0.343720,-0.373333,-1.397289,0.008880,-0.269801,-0.899812,-0.145548,0.502067,-0.560670,1.291384,0.232338,0.024328,1
-0.028370,-0.088408,-0.024079,0.345521,-0.305325,0.008790,-0.030185,-0.051474,0.035957,0.439034,-0.431975,-0.006591,0.071660,-0.012133,-0.039334,-0.878240,0.403728,-0.342749,-0.373333,-1.397313,0.008964,-0.269825,-0.899848,-0.145536,0.502151,-0.560670,1.291396,0.232338,0.024328,1
-0.028353,-0.088374,-0.024052,0.345521,-0.305329,0.008783,-0.030160,-0.051474,0.035957,0.439025,-0.431967,-0.006606,0.071633,-0.012133,-0.039334,-0.878300,0.403788,-0.341922,-0.373381,-1.397313,0.009108,-0.269825,-0.899895,-0.145548,0.502199,-0.560670,1.291384,0.232314,0.024340,1
-0.028362,-0.088374,-0.024079,0.345521,-0.305325,0.008790,-0.030168,-0.051482,0.035971,0.439025,-0.431975,-0.006591,0.071620,-0.012133,-0.039324,-0.878324,0.403812,-0.341670,-0.373381,-1.397313,0.009144,-0.269825,-0.899895,-0.145536,0.502187,-0.560670,1.291396,0.232326,0.024328,1
-0.028353,-0.088332,-0.024052,0.345521,-0.305329,0.008783,-0.030177,-0.051457,0.035957,0.439008,-0.431967,-0.006606,0.071633,-0.012141,-0.039329,-0.878432,0.403896,-0.340951,-0.373381,-1.397313,0.009348,-0.269837,-0.899943,-0.145548,0.502259,-0.560670,1.291408,0.232314,0.024316,1
-0.028362,-0.088332,-0.024065,0.345504,-0.305333,0.008775,-0.030168,-0.051465,0.035957,0.439017,-0.431971,-0.006599,0.071620,-0.012133,-0.039334,-0.878468,0.403980,-0.340568,-0.373405,-1.397325,0.009432,-0.269861,-0.899967,-0.145536,0.502259,-0.560634,1.291408,0.232326,0.024304,1
-0.028362,-0.088323,-0.024065,0.345504,-0.305341,0.008790,-0.030177,-0.051474,0.035957,0.439034,-0.431975,-0.006606,0.071647,-0.012126,-0.039329,-0.878540,0.404004,-0.340256,-0.373428,-1.397325,0.009539,-0.269873,-0.899967,-0.145536,0.502283,-0.560634,1.291408,0.232338,0.024328,1
-0.028362,-0.088306,-0.024079,0.345512,-0.305329,0.008783,-0.030177,-0.051482,0.035957,0.439017,-0.431971,-0.006599,0.071620,-0.012133,-0.039324,-0.878635,0.404088,-0.339992,-0.373416,-1.397325,0.009587,-0.269873,-0.900003,-0.145536,0.502319,-0.560646,1.291408,0.232338,0.024316,1
-0.028353,-0.088289,-0.024052,0.345470,-0.305329,0.008783,-0.030177,-0.051457,0.035971,0.439034,-0.431975,-0.006606,0.071647,-0.012141,-0.039319,-0.878731,0.404159,-0.339765,-0.373416,-1.397313,0.009659,-0.269873,-0.900027,-0.145548,0.502343,-0.560646,1.291396,0.232338,0.024304,1
-0.028345,-0.088281,-0.024079,0.345487,-0.305325,0.008790,-0.030168,-0.051465,0.035971,0.439008,-0.431979,-0.006613,0.071633,-0.012126,-0.039339,-0.878791,0.404279,-0.339561,-0.373428,-1.397325,0.009695,-0.269873,-0.900075,-0.145548,0.502343,-0.560634,1.291384,0.232338,0.024304,1
-0.028353,-0.088272,-0.024065,0.345461,-0.305325,0.008790,-0.030160,-0.051465,0.035957,0.439017,-0.431971,-0.006613,0.071647,-0.012141,-0.039339,-0.878887,0.404399,-0.339333,-0.373440,-1.397325,0.009731,-0.269873,-0.900087,-0.145548,0.502391,-0.560646,1.291408,0.232338,0.024292,1
-0.028345,-0.088255,-0.024105,0.345470,-0.305333,0.008790,-0.030168,-0.051474,0.035957,0.439017,-0.431967,-0.006606,0.071647,-0.012126,-0.039349,-0.879019,0.404591,-0.339190,-0.373440,-1.397325,0.009755,-0.269885,-0.900123,-0.145536,0.502403,-0.560646,1.291432,0.232338,0.024304,1
-0.028362,-0.088247,-0.024079,0.345435,-0.305329,0.008783,-0.030177,-0.051465,0.035971,0.439017,-0.431967,-0.006606,0.071620,-0.012133,-0.039334,-0.879235,0.404807,-0.338962,-0.373440,-1.397325,0.009779,-0.269873,-0.900135,-0.145536,0.502439,-0.560670,1.291420,0.232338,0.024304,1
-0.028345,-0.088238,-0.024079,0.345427,-0.305333,0.008775,-0.030177,-0.051465,0.035957,0.439034,-0.431979,-0.006613,0.071606,-0.012148,-0.039334,-0.879343,0.404914,-0.338854,-0.373428,-1.397301,0.009755,-0.269873,-0.900135,-0.145524,0.502463,-0.560658,1.291420,0.232326,0.024280,1
-0.028353,-0.088221,-0.024079,0.345418,-0.305337,0.008783,-0.030168,-0.051457,0.035971,0.439008,-0.431979,-0.006613,0.071606,-0.012156,-0.039329,-0.879474,0.405058,-0.338758,-0.373428,-1.397325,0.009791,-0.269885,-0.900171,-0.145524,0.502511,-0.560646,1.291420,0.232350,0.024304,1
-0.028353,-0.088204,-0.024105,0.345418,-0.305337,0.008783,-0.030168,-0.051465,0.035957,0.439025,-0.431983,-0.006606,0.071660,-0.012164,-0.039324,-0.879642,0.405166,-0.338650,-0.373416,-1.397325,0.009803,-0.269885,-0.900159,-0.145512,0.502558,-0.560670,1.291408,0.232350,0.024292,1
-0.028353,-0.088195,-0.024119,0.345376,-0.305325,0.008775,-0.030168,-0.051474,0.035957,0.439017,-0.431979,-0.006613,0.071606,-0.012141,-0.039319,-0.879774,0.405310,-0.338554,-0.373428,-1.397313,0.009791,-0.269861,-0.900171,-0.145524,0.502582,-0.560646,1.291444,0.232350,0.024304,1
-0.028345,-0.088178,-0.024105,0.345333,-0.305329,0.008783,-0.030168,-0.051465,0.035971,0.439025,-0.431975,-0.006606,0.071633,-0.012133,-0.039334,-0.879942,0.405466,-0.338470,-0.373440,-1.397325,0.009791,-0.269873,-0.900183,-0.145512,0.502618,-0.560634,1.291420,0.232350,0.024292,1
-0.028345,-0.088170,-0.024146,0.345325,-0.305337,0.008797,-0.030168,-0.051465,0.035971,0.439000,-0.431979,-0.006613,0.071633,-0.012141,-0.039329,-0.880098,0.405634,-0.338363,-0.373416,-1.397325,0.009791,-0.269873,-0.900195,-0.145512,0.502690,-0.560622,1.291420,0.232350,0.024304,1
-0.028345,-0.088144,-0.024146,0.345316,-0.305333,0.008775,-0.030160,-0.051457,0.035971,0.439000,-0.431971,-0.006613,0.071647,-0.012141,-0.039329,-0.880277,0.405921,-0.338315,-0.373428,-1.397325,0.009791,-0.269873,-0.900195,-0.145500,0.502714,-0.560634,1.291432,0.232350,0.024304,1
-0.028345,-0.088136,-0.024172,0.345299,-0.305337,0.008768,-0.030160,-0.051465,0.035971,0.438991,-0.431983,-0.006606,0.071633,-0.012156,-0.039329,-0.880421,0.406125,-0.338255,-0.373428,-1.397325,0.009791,-0.269873,-0.900183,-0.145500,0.502774,-0.560622,1.291432,0.232374,0.024304,1
-0.028336,-0.088127,-0.024132,0.345273,-0.305329,0.008783,-0.030151,-0.051465,0.035984,0.438966,-0.431983,-0.006606,0.071620,-0.012164,-0.039324,-0.880697,0.406317,-0.338231,-0.373392,-1.397301,0.009791,-0.269873,-0.900195,-0.145500,0.502822,-0.560622,1.291432,0.232362,0.024292,1
-0.028345,-0.088110,-0.024172,0.345256,-0.305337,0.008783,-0.030160,-0.051474,0.035957,0.438957,-0.431979,-0.006599,0.071620,-0.012148,-0.039324,-0.880889,0.406484,-0.338195,-0.373392,-1.397325,0.009791,-0.269873,-0.900195,-0.145512,0.502846,-0.560634,1.291444,0.232362,0.024304,1
-0.028353,-0.088102,-0.024172,0.345222,-0.305337,0.008797,-0.030168,-0.051465,0.035957,0.438949,-0.431975,-0.006606,0.071633,-0.012148,-0.039334,-0.881152,0.406784,-0.338171,-0.373369,-1.397325,0.009791,-0.269873,-0.900195,-0.145512,0.502930,-0.560622,1.291444,0.232374,0.024304,1
-0.028353,-0.088076,-0.024186,0.345205,-0.305333,0.008790,-0.030143,-0.051465,0.035957,0.438957,-0.431971,-0.006613,0.071620,-0.012148,-0.039334,-0.881344,0.406988,-0.338147,-0.373345,-1.397325,0.009791,-0.269861,-0.900195,-0.145512,0.503026,-0.560622,1.291456,0.232374,0.024316,1
-0.028353,-0.088059,-0.024213,0.345171,-0.305333,0.008790,-0.030168,-0.051457,0.035971,0.438949,-0.431979,-0.006599,0.071620,-0.012141,-0.039329,-0.881512,0.407167,-0.338123,-0.373333,-1.397325,0.009791,-0.269861,-0.900195,-0.145489,0.503098,-0.560634,1.291444,0.232386,0.024316,1
-0.028353,-0.088033,-0.024226,0.345163,-0.305333,0.008804,-0.030177,-0.051457,0.035957,0.438949,-0.431979,-0.006599,0.071647,-0.012164,-0.039334,-0.881727,0.407383,-0.338123,-0.373297,-1.397325,0.009791,-0.269873,-0.900195,-0.145489,0.503218,-0.560634,1.291444,0.232398,0.024328,1
-0.028336,-0.088025,-0.024186,0.345146,-0.305325,0.008790,-0.030160,-0.051457,0.035957,0.438949,-0.431983,-0.006606,0.071606,-0.012164,-0.039324,-0.881919,0.407611,-0.338099,-0.373285,-1.397325,0.009803,-0.269861,-0.900195,-0.145489,0.503278,-0.560634,1.291444,0.232386,0.024304,1
-0.028345,-0.088008,-0.024186,0.345120,-0.305333,0.008790,-0.030168,-0.051465,0.035957,0.438949,-0.431979,-0.006599,0.071606,-0.012148,-0.039324,-0.882123,0.407934,-0.338123,-0.373273,-1.397325,0.009815,-0.269861,-0.900195,-0.145465,0.503385,-0.560634,1.291456,0.232374,0.024292,1
-0.028353,-0.087991,-0.024213,0.345103,-0.305341,0.008804,-0.030168,-0.051465,0.035957,0.438949,-0.431979,-0.006599,0.071620,-0.012156,-0.039319,-0.882470,0.408186,-0.338099,-0.373261,-1.397325,0.009803,-0.269873,-0.900195,-0.145465,0.503517,-0.560646,1.291456,0.232386,0.024304,1
-0.028353,-0.087991,-0.024226,0.345077,-0.305341,0.008790,-0.030168,-0.051465,0.035944,0.438949,-0.431975,-0.006591,0.071633,-0.012164,-0.039324,-0.882662,0.408402,-0.338099,-0.373285,-1.397337,0.009815,-0.269861,-0.900195,-0.145465,0.503637,-0.560670,1.291444,0.232398,0.024292,1
-0.028353,-0.087974,-0.024226,0.345077,-0.305337,0.008797,-0.030177,-0.051465,0.035984,0.438949,-0.431975,-0.006591,0.071633,-0.012164,-0.039324,-0.882890,0.408618,-0.338123,-0.373273,-1.397325,0.009827,-0.269861,-0.900219,-0.145465,0.503757,-0.560658,1.291456,0.232398,0.024304,1
-0.028353,-0.087957,-0.024239,0.345060,-0.305333,0.008790,-0.030185,-0.051465,0.035957,0.438949,-0.431975,-0.006591,0.071620,-0.012156,-0.039319,-0.883118,0.408857,-0.338111,-0.373273,-1.397337,0.009827,-0.269873,-0.900195,-0.145477,0.503865,-0.560658,1.291456,0.232386,0.024304,1
-0.028370,-0.087948,-0.024239,0.345035,-0.305337,0.008797,-0.030202,-0.051457,0.035957,0.438949,-0.431983,-0.006606,0.071620,-0.012156,-0.039319,-0.883405,0.409229,-0.338099,-0.373213,-1.397325,0.009827,-0.269873,-0.900195,-0.145489,0.504080,-0.560646,1.291456,0.232398,0.024304,1
-0.028370,-0.087940,-0.024293,0.345026,-0.305333,0.008804,-0.030185,-0.051465,0.035984,0.438932,-0.431983,-0.006606,0.071620,-0.012171,-0.039319,-0.883645,0.409564,-0.338111,-0.373225,-1.397325,0.009815,-0.269861,-0.900207,-0.145477,0.504272,-0.560670,1.291444,0.232386,0.024292,1
-0.028370,-0.087940,-0.024239,0.345009,-0.305337,0.008797,-0.030211,-0.051457,0.035971,0.438949,-0.431983,-0.006577,0.071593,-0.012156,-0.039319,-0.883885,0.409924,-0.338123,-0.373213,-1.397325,0.009815,-0.269861,-0.900195,-0.145465,0.504440,-0.560670,1.291444,0.232386,0.024280,1
-0.028379,-0.087931,-0.024239,0.344992,-0.305337,0.008797,-0.030211,-0.051474,0.035957,0.438932,-0.431983,-0.006606,0.071647,-0.012179,-0.039315,-0.884100,0.410487,-0.338099,-0.373237,-1.397325,0.009827,-0.269861,-0.900207,-0.145453,0.504608,-0.560682,1.291456,0.232410,0.024292,1
-0.028362,-0.087923,-0.024266,0.345001,-0.305337,0.008797,-0.030219,-0.051457,0.035971,0.438932,-0.431979,-0.006599,0.071647,-0.012179,-0.039315,-0.884424,0.410859,-0.338111,-0.373261,-1.397325,0.009827,-0.269861,-0.900195,-0.145465,0.504788,-0.560670,1.291456,0.232422,0.024304,1
-0.028353,-0.087906,-0.024293,0.344967,-0.305345,0.008812,-0.030219,-0.051465,0.035957,0.438949,-0.431979,-0.006599,0.071633,-0.012171,-0.039319,-0.884628,0.411146,-0.338087,-0.373285,-1.397313,0.009815,-0.269861,-0.900195,-0.145465,0.504931,-0.560670,1.291456,0.232458,0.024304,1
-0.028353,-0.087897,-0.024280,0.344967,-0.305337,0.008826,-0.030219,-0.051465,0.035971,0.438949,-0.431971,-0.006599,0.071633,-0.012164,-0.039324,-0.884807,0.411422,-0.338039,-0.373285,-1.397337,0.009815,-0.269849,-0.900207,-0.145465,0.505087,-0.560694,1.291444,0.232470,0.024316,1
-0.028362,-0.087897,-0.024293,0.344967,-0.305337,0.008826,-0.030219,-0.051474,0.035957,0.438957,-0.431967,-0.006606,0.071620,-0.012164,-0.039305,-0.885023,0.411674,-0.338015,-0.373261,-1.397325,0.009827,-0.269849,-0.900195,-0.145441,0.505243,-0.560706,1.291456,0.232482,0.024280,1
-0.028353,-0.087889,-0.024280,0.344958,-0.305345,0.008797,-0.030236,-0.051457,0.035984,0.438966,-0.431975,-0.006591,0.071620,-0.012164,-0.039314,-0.885227,0.411949,-0.338003,-0.373225,-1.397313,0.009839,-0.269849,-0.900195,-0.145465,0.505399,-0.560694,1.291456,0.232494,0.024304,1
-0.028353,-0.087863,-0.024266,0.344950,-0.305349,0.008804,-0.030236,-0.051465,0.035957,0.438949,-0.431975,-0.006620,0.071647,-0.012179,-0.039315,-0.885407,0.412237,-0.337979,-0.373201,-1.397325,0.009827,-0.269861,-0.900195,-0.145441,0.505543,-0.560706,1.291456,0.232482,0.024292,1
-0.028362,-0.087863,-0.024293,0.344916,-0.305345,0.008812,-0.030262,-0.051448,0.035957,0.438915,-0.431975,-0.006606,0.071606,-0.012202,-0.039329,-0.885730,0.412764,-0.337931,-0.373213,-1.397325,0.009827,-0.269861,-0.900195,-0.145465,0.505926,-0.560706,1.291456,0.232494,0.024292,1
-0.028353,-0.087863,-0.024306,0.344907,-0.305349,0.008819,-0.030271,-0.051465,0.035944,0.438932,-0.431979,-0.006599,0.071620,-0.012194,-0.039334,-0.885958,0.413279,-0.337907,-0.373249,-1.397325,0.009815,-0.269849,-0.900195,-0.145453,0.506190,-0.560694,1.291444,0.232494,0.024292,1
-0.028353,-0.087854,-0.024333,0.344890,-0.305345,0.008812,-0.030236,-0.051465,0.035984,0.438949,-0.431975,-0.006591,0.071620,-0.012194,-0.039324,-0.886245,0.413615,-0.337847,-0.373261,-1.397325,0.009827,-0.269849,-0.900195,-0.145465,0.506465,-0.560694,1.291444,0.232470,0.024292,1
-0.028353,-0.087837,-0.024360,0.344873,-0.305349,0.008819,-0.030236,-0.051465,0.035971,0.438949,-0.431971,-0.006599,0.071620,-0.012171,-0.039319,-0.886485,0.413951,-0.337823,-0.373261,-1.397313,0.009827,-0.269837,-0.900195,-0.145465,0.506705,-0.560718,1.291444,0.232494,0.024292,1
-0.028345,-0.087837,-0.024333,0.344856,-0.305341,0.008804,-0.030228,-0.051465,0.035984,0.438949,-0.431979,-0.006599,0.071620,-0.012156,-0.039319,-0.886677,0.414262,-0.337763,-0.373225,-1.397325,0.009827,-0.269861,-0.900195,-0.145465,0.506969,-0.560718,1.291420,0.232494,0.024292,1
-0.028345,-0.087829,-0.024346,0.344839,-0.305337,0.008826,-0.030245,-0.051457,0.035957,0.438949,-0.431983,-0.006606,0.071606,-0.012164,-0.039314,-0.886905,0.414586,-0.337703,-0.373213,-1.397325,0.009827,-0.269873,-0.900195,-0.145453,0.507208,-0.560730,1.291420,0.232506,0.024304,1
-0.028345,-0.087820,-0.024320,0.344813,-0.305345,0.008812,-0.030211,-0.051465,0.035971,0.438949,-0.431979,-0.006599,0.071620,-0.012164,-0.039324,-0.887096,0.414885,-0.337632,-0.373201,-1.397325,0.009827,-0.269873,-0.900195,-0.145453,0.507472,-0.560718,1.291420,0.232482,0.024292,1
-0.028362,-0.087812,-0.024360,0.344788,-0.305349,0.008819,-0.030236,-0.051457,0.035984,0.438923,-0.431975,-0.006591,0.071620,-0.012148,-0.039314,-0.887384,0.415329,-0.337524,-0.373237,-1.397313,0.009839,-0.269873,-0.900195,-0.145453,0.507903,-0.560742,1.291420,0.232482,0.024316,1
-0.028345,-0.087803,-0.024320,0.344796,-0.305358,0.008833,-0.030219,-0.051457,0.035971,0.438923,-0.431983,-0.006606,0.071633,-0.012148,-0.039334,-0.887564,0.415628,-0.337416,-0.373225,-1.397325,0.009839,-0.269885,-0.900195,-0.145453,0.508407,-0.560742,1.291420,0.232482,0.024280,1
-0.028345,-0.087812,-0.024346,0.344771,-0.305345,0.008826,-0.030228,-0.051457,0.035957,0.438932,-0.431975,-0.006591,0.071620,-0.012164,-0.039334,-0.887708,0.416072,-0.337320,-0.373237,-1.397325,0.009827,-0.269885,-0.900195,-0.145441,0.508718,-0.560742,1.291420,0.232494,0.024304,1
-0.028345,-0.087803,-0.024360,0.344754,-0.305358,0.008833,-0.030219,-0.051465,0.035957,0.438940,-0.431979,-0.006599,0.071620,-0.012148,-0.039334,-0.887971,0.416323,-0.337272,-0.373273,-1.397325,0.009839,-0.269897,-0.900195,-0.145441,0.509042,-0.560730,1.291408,0.232482,0.024304,1
-0.028345,-0.087803,-0.024373,0.344771,-0.305362,0.008840,-0.030219,-0.051457,0.035971,0.438923,-0.431979,-0.006599,0.071606,-0.012148,-0.039334,-0.888151,0.416623,-0.337200,-0.373285,-1.397325,0.009839,-0.269921,-0.900195,-0.145441,0.509318,-0.560730,1.291396,0.232494,0.024304,1
-0.028345,-0.087778,-0.024360,0.344754,-0.305358,0.008833,-0.030236,-0.051457,0.035957,0.438932,-0.431975,-0.006606,0.071593,-0.012148,-0.039334,-0.888295,0.416971,-0.337116,-0.373285,-1.397325,0.009815,-0.269933,-0.900195,-0.145441,0.509569,-0.560730,1.291396,0.232494,0.024340,1
-0.028362,-0.087786,-0.024387,0.344754,-0.305374,0.008833,-0.030236,-0.051457,0.035957,0.438932,-0.431979,-0.006599,0.071620,-0.012148,-0.039344,-0.888439,0.417258,-0.337032,-0.373309,-1.397325,0.009815,-0.269933,-0.900195,-0.145441,0.509821,-0.560742,1.291396,0.232494,0.024304,1
-0.028353,-0.087786,-0.024360,0.344745,-0.305366,0.008848,-0.030236,-0.051457,0.035957,0.438932,-0.431975,-0.006620,0.071633,-0.012141,-0.039339,-0.888558,0.417630,-0.336925,-0.373297,-1.397313,0.009815,-0.269945,-0.900195,-0.145441,0.510061,-0.560730,1.291396,0.232506,0.024316,1
-0.028370,-0.087778,-0.024360,0.344720,-0.305370,0.008840,-0.030219,-0.051465,0.035971,0.438949,-0.431983,-0.006606,0.071620,-0.012141,-0.039339,-0.888702,0.417965,-0.336817,-0.373309,-1.397337,0.009815,-0.269945,-0.900195,-0.145441,0.510348,-0.560718,1.291384,0.232494,0.024304,1
-0.028353,-0.087769,-0.024387,0.344720,-0.305374,0.008862,-0.030228,-0.051457,0.035957,0.438957,-0.431979,-0.006599,0.071620,-0.012148,-0.039344,-0.888882,0.418253,-0.336649,-0.373297,-1.397325,0.009827,-0.269945,-0.900195,-0.145453,0.510732,-0.560730,1.291372,0.232494,0.024316,1
-0.028362,-0.087769,-0.024346,0.344711,-0.305374,0.008862,-0.030219,-0.051465,0.035944,0.438966,-0.431983,-0.006606,0.071620,-0.012156,-0.039349,-0.889122,0.418828,-0.336457,-0.373333,-1.397325,0.009839,-0.269933,-0.900183,-0.145453,0.511151,-0.560694,1.291348,0.232506,0.024304,1
-0.028370,-0.087761,-0.024400,0.344711,-0.305387,0.008884,-0.030185,-0.051457,0.035957,0.438974,-0.431983,-0.006606,0.071620,-0.012156,-0.039329,-0.889337,0.419116,-0.336349,-0.373333,-1.397325,0.009839,-0.269933,-0.900195,-0.145453,0.511379,-0.560682,1.291348,0.232542,0.024304,1
-0.028379,-0.087752,-0.024373,0.344694,-0.305382,0.008877,-0.030202,-0.051465,0.035957,0.438966,-0.431975,-0.006591,0.071620,-0.012148,-0.039344,-0.889457,0.419367,-0.336217,-0.373345,-1.397313,0.009827,-0.269945,-0.900195,-0.145441,0.511559,-0.560706,1.291348,0.232578,0.024316,1
-0.028362,-0.087769,-0.024413,0.344694,-0.305374,0.008862,-0.030194,-0.051448,0.035957,0.438974,-0.431979,-0.006599,0.071593,-0.012141,-0.039359,-0.889613,0.419631,-0.336098,-0.373333,-1.397325,0.009839,-0.269921,-0.900195,-0.145417,0.511643,-0.560682,1.291312,0.232566,0.024316,1
-0.028353,-0.087761,-0.024387,0.344677,-0.305382,0.008877,-0.030194,-0.051474,0.035971,0.439000,-0.431979,-0.006613,0.071620,-0.012156,-0.039339,-0.889757,0.419907,-0.335966,-0.373285,-1.397325,0.009839,-0.269921,-0.900183,-0.145429,0.511702,-0.560670,1.291336,0.232578,0.024304,1
-0.028345,-0.087761,-0.024413,0.344660,-0.305378,0.008898,-0.030177,-0.051457,0.035957,0.438974,-0.431979,-0.006599,0.071620,-0.012148,-0.039344,-0.889949,0.420158,-0.335822,-0.373237,-1.397325,0.009851,-0.269909,-0.900195,-0.145405,0.511738,-0.560646,1.291324,0.232578,0.024316,1
-0.028336,-0.087752,-0.024387,0.344643,-0.305395,0.008898,-0.030160,-0.051457,0.035957,0.438991,-0.431979,-0.006599,0.071593,-0.012164,-0.039354,-0.890152,0.420434,-0.335690,-0.373213,-1.397349,0.009851,-0.269909,-0.900195,-0.145429,0.511762,-0.560646,1.291312,0.232578,0.024304,1
-0.028336,-0.087752,-0.024413,0.344643,-0.305399,0.008876,-0.030151,-0.051465,0.035957,0.439000,-0.431983,-0.006606,0.071620,-0.012164,-0.039354,-0.890344,0.420674,-0.335558,-0.373225,-1.397325,0.009851,-0.269909,-0.900195,-0.145417,0.511762,-0.560610,1.291300,0.232578,0.024304,1
-0.028336,-0.087735,-0.024387,0.344626,-0.305391,0.008905,-0.030134,-0.051465,0.035957,0.439017,-0.431979,-0.006599,0.071606,-0.012171,-0.039349,-0.890548,0.420937,-0.335403,-0.373261,-1.397325,0.009863,-0.269897,-0.900195,-0.145453,0.511774,-0.560598,1.291300,0.232578,0.024304,1
-0.028336,-0.087752,-0.024400,0.344617,-0.305411,0.008898,-0.030117,-0.051465,0.035971,0.438991,-0.431983,-0.006606,0.071593,-0.012156,-0.039339,-0.890740,0.421177,-0.335211,-0.373285,-1.397325,0.009851,-0.269885,-0.900195,-0.145441,0.511786,-0.560586,1.291288,0.232590,0.024328,1
-0.028336,-0.087752,-0.024400,0.344600,-0.305395,0.008913,-0.030134,-0.051457,0.035971,0.439008,-0.431979,-0.006613,0.071593,-0.012171,-0.039349,-0.891099,0.421680,-0.335007,-0.373249,-1.397325,0.009839,-0.269885,-0.900195,-0.145429,0.511798,-0.560550,1.291264,0.232578,0.024316,1
-0.028336,-0.087744,-0.024413,0.344592,-0.305399,0.008920,-0.030117,-0.051457,0.035957,0.439000,-0.431983,-0.006606,0.071593,-0.012156,-0.039349,-0.891471,0.421944,-0.334911,-0.373213,-1.397325,0.009827,-0.269897,-0.900195,-0.145417,0.511810,-0.560538,1.291264,0.232578,0.024328,1
-0.028345,-0.087735,-0.024400,0.344583,-0.305399,0.008920,-0.030100,-0.051431,0.035957,0.439025,-0.431979,-0.006613,0.071620,-0.012171,-0.039339,-0.891686,0.422220,-0.334779,-0.373213,-1.397349,0.009803,-0.269909,-0.900195,-0.145417,0.511822,-0.560514,1.291264,0.232578,0.024316,1
-0.028336,-0.087735,-0.024427,0.344575,-0.305407,0.008920,-0.030092,-0.051448,0.035957,0.439017,-0.431975,-0.006606,0.071593,-0.012156,-0.039349,-0.891902,0.422471,-0.334636,-0.373189,-1.397325,0.009815,-0.269909,-0.900183,-0.145417,0.511798,-0.560466,1.291264,0.232578,0.024316,1
-0.028345,-0.087735,-0.024413,0.344566,-0.305407,0.008905,-0.030092,-0.051448,0.035957,0.439017,-0.431979,-0.006613,0.071633,-0.012171,-0.039359,-0.892082,0.422711,-0.334492,-0.373177,-1.397325,0.009791,-0.269909,-0.900183,-0.145393,0.511810,-0.560430,1.291252,0.232578,0.024328,1
-0.028353,-0.087735,-0.024440,0.344549,-0.305415,0.008920,-0.030100,-0.051465,0.035957,0.439008,-0.431971,-0.006613,0.071620,-0.012164,-0.039354,-0.892214,0.422939,-0.334372,-0.373225,-1.397325,0.009839,-0.269873,-0.900183,-0.145405,0.511786,-0.560394,1.291228,0.232578,0.024340,1
-0.028353,-0.087727,-0.024440,0.344558,-0.305411,0.008927,-0.030083,-0.051439,0.035957,0.439008,-0.431979,-0.006613,0.071620,-0.012148,-0.039344,-0.892321,0.423178,-0.334228,-0.373249,-1.397337,0.009839,-0.269885,-0.900183,-0.145405,0.511786,-0.560382,1.291216,0.232590,0.024328,1
-0.028345,-0.087727,-0.024427,0.344541,-0.305411,0.008927,-0.030083,-0.051457,0.035971,0.439025,-0.431983,-0.006606,0.071620,-0.012148,-0.039354,-0.892417,0.423418,-0.334060,-0.373261,-1.397325,0.009923,-0.269885,-0.900171,-0.145393,0.511798,-0.560382,1.291228,0.232590,0.024352,1
-0.028345,-0.087727,-0.024454,0.344524,-0.305415,0.008934,-0.030092,-0.051448,0.035944,0.439025,-0.431983,-0.006606,0.071620,-0.012164,-0.039354,-0.892513,0.423778,-0.333785,-0.373237,-1.397325,0.010019,-0.269885,-0.900171,-0.145405,0.511810,-0.560370,1.291216,0.232578,0.024340,1
-0.028345,-0.087727,-0.024454,0.344524,-0.305424,0.008934,-0.030083,-0.051465,0.035971,0.439025,-0.431979,-0.006613,0.071620,-0.012179,-0.039344,-0.892717,0.424185,-0.333473,-0.373201,-1.397325,0.010282,-0.269885,-0.900171,-0.145381,0.511822,-0.560346,1.291216,0.232590,0.024316,1
-0.028336,-0.087710,-0.024454,0.344507,-0.305428,0.008941,-0.030066,-0.051457,0.035957,0.439025,-0.431979,-0.006613,0.071633,-0.012171,-0.039349,-0.892945,0.424425,-0.333209,-0.373177,-1.397325,0.010486,-0.269897,-0.900171,-0.145369,0.511810,-0.560370,1.291216,0.232554,0.024340,1
-0.028328,-0.087701,-0.024440,0.344515,-0.305428,0.008941,-0.030058,-0.051465,0.035957,0.439042,-0.431975,-0.006606,0.071620,-0.012164,-0.039354,-0.893088,0.424605,-0.332958,-0.373189,-1.397325,0.010666,-0.269909,-0.900171,-0.145357,0.511810,-0.560358,1.291192,0.232590,0.024292,1
-0.028328,-0.087710,-0.024454,0.344507,-0.305436,0.008956,-0.030040,-0.051457,0.035984,0.439000,-0.431975,-0.006620,0.071647,-0.012164,-0.039364,-0.893208,0.424796,-0.332718,-0.373201,-1.397289,0.010954,-0.269897,-0.900171,-0.145369,0.511786,-0.560322,1.291192,0.232578,0.024280,1
-0.028328,-0.087710,-0.024440,0.344507,-0.305428,0.008956,-0.030032,-0.051465,0.035971,0.438991,-0.431979,-0.006613,0.071620,-0.012164,-0.039354,-0.893304,0.424952,-0.332442,-0.373237,-1.397325,0.011109,-0.269897,-0.900159,-0.145357,0.511798,-0.560346,1.291192,0.232590,0.024256,1
-0.028336,-0.087693,-0.024454,0.344489,-0.305440,0.008978,-0.030023,-0.051465,0.035957,0.438991,-0.431975,-0.006620,0.071620,-0.012179,-0.039354,-0.893340,0.425192,-0.332155,-0.373261,-1.397325,0.011253,-0.269909,-0.900183,-0.145345,0.511798,-0.560370,1.291204,0.232578,0.024280,1
-0.028328,-0.087684,-0.024427,0.344481,-0.305440,0.008978,-0.030023,-0.051448,0.035984,0.439000,-0.431979,-0.006613,0.071633,-0.012186,-0.039359,-0.893388,0.425431,-0.331747,-0.373261,-1.397313,0.011385,-0.269933,-0.900171,-0.145357,0.511786,-0.560430,1.291204,0.232578,0.024304,1
-0.028336,-0.087693,-0.024454,0.344498,-0.305444,0.008985,-0.030015,-0.051465,0.035984,0.439017,-0.431979,-0.006613,0.071647,-0.012202,-0.039379,-0.893400,0.425719,-0.331496,-0.373225,-1.397313,0.011469,-0.269945,-0.900159,-0.145357,0.511798,-0.560490,1.291192,0.232590,0.024328,1
-0.028362,-0.087676,-0.024440,0.344472,-0.305444,0.008985,-0.030015,-0.051465,0.035957,0.439000,-0.431983,-0.006606,0.071647,-0.012217,-0.039389,-0.893424,0.426127,-0.331232,-0.373213,-1.397313,0.011505,-0.269957,-0.900159,-0.145357,0.511810,-0.560514,1.291216,0.232590,0.024364,1
-0.028353,-0.087667,-0.024454,0.344455,-0.305444,0.008985,-0.029998,-0.051457,0.035957,0.438991,-0.431975,-0.006620,0.071620,-0.012202,-0.039379,-0.893424,0.426450,-0.330837,-0.373201,-1.397325,0.011445,-0.270005,-0.900171,-0.145357,0.511810,-0.560550,1.291216,0.232578,0.024364,1
-0.028370,-0.087676,-0.024427,0.344447,-0.305465,0.009006,-0.029998,-0.051439,0.035957,0.439000,-0.431979,-0.006613,0.071647,-0.012209,-0.039394,-0.893424,0.426654,-0.330621,-0.373213,-1.397325,0.011277,-0.270077,-0.900159,-0.145369,0.511810,-0.560598,1.291204,0.232590,0.024328,1
-0.028362,-0.087676,-0.024413,0.344430,-0.305469,0.009028,-0.029998,-0.051457,0.035971,0.439017,-0.431979,-0.006613,0.071660,-0.012209,-0.039384,-0.893424,0.426894,-0.330417,-0.373225,-1.397337,0.010882,-0.270112,-0.900159,-0.145369,0.511810,-0.560598,1.291216,0.232566,0.024268,1
-0.028353,-0.087676,-0.024387,0.344430,-0.305465,0.009035,-0.029998,-0.051457,0.035984,0.439025,-0.431971,-0.006613,0.071700,-0.012225,-0.039394,-0.893436,0.427193,-0.330225,-0.373225,-1.397325,0.010570,-0.270172,-0.900171,-0.145345,0.511810,-0.560622,1.291240,0.232578,0.024220,1
-0.028362,-0.087658,-0.024360,0.344430,-0.305461,0.009043,-0.029989,-0.051457,0.035971,0.439017,-0.431983,-0.006606,0.071673,-0.012217,-0.039389,-0.893436,0.427565,-0.330058,-0.373225,-1.397325,0.010211,-0.270268,-0.900171,-0.145345,0.511834,-0.560646,1.291240,0.232578,0.024184,1
-0.028345,-0.087676,-0.024373,0.344430,-0.305461,0.009043,-0.029981,-0.051465,0.035971,0.439000,-0.431987,-0.006584,0.071673,-0.012240,-0.039384,-0.893424,0.427972,-0.329950,-0.373237,-1.397325,0.009779,-0.270316,-0.900183,-0.145297,0.511834,-0.560646,1.291240,0.232566,0.024160,1
-0.028345,-0.087667,-0.024333,0.344421,-0.305469,0.009028,-0.029981,-0.051465,0.035957,0.439000,-0.431983,-0.006577,0.071660,-0.012209,-0.039384,-0.893400,0.428356,-0.329890,-0.373237,-1.397325,0.009276,-0.270412,-0.900195,-0.145297,0.511846,-0.560622,1.291276,0.232578,0.024184,1
-0.028345,-0.087667,-0.024360,0.344421,-0.305482,0.009050,-0.029989,-0.051457,0.035957,0.439008,-0.431987,-0.006584,0.071620,-0.012209,-0.039374,-0.893412,0.428907,-0.329914,-0.373249,-1.397325,0.008653,-0.270484,-0.900195,-0.145225,0.511870,-0.560646,1.291276,0.232566,0.024232,1
-0.028345,-0.087658,-0.024360,0.344413,-0.305490,0.009064,-0.029998,-0.051465,0.035957,0.439017,-0.431991,-0.006591,0.071566,-0.012194,-0.039384,-0.893400,0.429278,-0.329950,-0.373237,-1.397325,0.007886,-0.270532,-0.900219,-0.145189,0.511858,-0.560658,1.291288,0.232566,0.024376,1
-0.028345,-0.087667,-0.024360,0.344430,-0.305494,0.009057,-0.029998,-0.051457,0.035957,0.439025,-0.431991,-0.006591,0.071526,-0.012202,-0.039379,-0.893400,0.429638,-0.329974,-0.373237,-1.397325,0.007023,-0.270604,-0.900219,-0.145153,0.511870,-0.560646,1.291276,0.232578,0.024699,1
-0.028353,-0.087658,-0.024360,0.344404,-0.305490,0.009064,-0.030006,-0.051439,0.035971,0.439042,-0.431979,-0.006613,0.071459,-0.012202,-0.039369,-0.893412,0.430249,-0.329998,-0.373273,-1.397361,0.005525,-0.270628,-0.900231,-0.145081,0.511846,-0.560694,1.291300,0.232566,0.025155,1
-0.028353,-0.087676,-0.024320,0.344396,-0.305486,0.009072,-0.030015,-0.051457,0.035944,0.439042,-0.431975,-0.006620,0.071432,-0.012217,-0.039379,-0.893400,0.430609,-0.329986,-0.373273,-1.397337,0.003979,-0.270664,-0.900243,-0.145033,0.511846,-0.560754,1.291288,0.232578,0.025419,1
-0.028345,-0.087676,-0.024346,0.344396,-0.305490,0.009064,-0.030032,-0.051457,0.035971,0.439042,-0.431983,-0.006606,0.071392,-0.012209,-0.039384,-0.893400,0.430968,-0.329986,-0.373285,-1.397325,0.002972,-0.270688,-0.900219,-0.144973,0.511846,-0.560898,1.291312,0.232554,0.025634,1
-0.028362,-0.087676,-0.024333,0.344387,-0.305490,0.009064,-0.030023,-0.051457,0.035971,0.439042,-0.431975,-0.006620,0.071392,-0.012217,-0.039379,-0.893400,0.431316,-0.329986,-0.373309,-1.397337,0.002025,-0.270724,-0.900231,-0.144901,0.511870,-0.561029,1.291312,0.232554,0.025766,1
-0.028362,-0.087658,-0.024293,0.344379,-0.305490,0.009079,-0.030032,-0.051465,0.035944,0.439059,-0.431971,-0.006613,0.071392,-0.012194,-0.039384,-0.893412,0.431735,-0.330094,-0.373297,-1.397337,0.001115,-0.270784,-0.900243,-0.144877,0.511870,-0.561089,1.291312,0.232578,0.025754,1
-0.028345,-0.087658,-0.024333,0.344370,-0.305486,0.009072,-0.030023,-0.051457,0.035944,0.439034,-0.431979,-0.006599,0.071392,-0.012202,-0.039379,-0.893424,0.432215,-0.330213,-0.373285,-1.397337,0.000216,-0.270796,-0.900231,-0.144817,0.511882,-0.561269,1.291312,0.232566,0.025586,1
-0.028345,-0.087676,-0.024346,0.344387,-0.305486,0.009072,-0.030032,-0.051457,0.035971,0.439017,-0.431979,-0.006628,0.071379,-0.012202,-0.039379,-0.893436,0.432910,-0.330309,-0.373261,-1.397325,-0.000743,-0.270784,-0.900231,-0.144769,0.511894,-0.561545,1.291324,0.232566,0.025275,1
-0.028353,-0.087676,-0.024333,0.344370,-0.305498,0.009079,-0.030049,-0.051457,0.035984,0.439025,-0.431975,-0.006606,0.071379,-0.012209,-0.039374,-0.893436,0.433293,-0.330405,-0.373225,-1.397325,-0.001690,-0.270808,-0.900231,-0.144745,0.511930,-0.561796,1.291348,0.232554,0.024795,1
-0.028345,-0.087676,-0.024346,0.344370,-0.305494,0.009071,-0.030049,-0.051457,0.035971,0.439000,-0.431979,-0.006599,0.071352,-0.012209,-0.039364,-0.893424,0.433820,-0.330453,-0.373213,-1.397325,-0.003583,-0.270820,-0.900231,-0.144722,0.511966,-0.561964,1.291336,0.232554,0.023513,1
-0.028336,-0.087676,-0.024333,0.344370,-0.305494,0.009071,-0.030066,-0.051465,0.035971,0.439000,-0.431975,-0.006591,0.071352,-0.012202,-0.039379,-0.893412,0.434000,-0.330465,-0.373201,-1.397325,-0.004015,-0.270820,-0.900243,-0.144710,0.511966,-0.561988,1.291336,0.232566,0.023130,1
-0.028345,-0.087676,-0.024320,0.344370,-0.305498,0.009064,-0.030058,-0.051457,0.035971,0.439000,-0.431983,-0.006606,0.071392,-0.012209,-0.039374,-0.893400,0.434444,-0.330441,-0.373225,-1.397337,-0.005153,-0.270820,-0.900219,-0.144674,0.511966,-0.561976,1.291348,0.232566,0.021943,1
-0.028345,-0.087676,-0.024360,0.344370,-0.305490,0.009064,-0.030049,-0.051448,0.035971,0.438974,-0.431983,-0.006606,0.071379,-0.012209,-0.039374,-0.893412,0.434767,-0.330393,-0.373237,-1.397325,-0.005824,-0.270843,-0.900231,-0.144662,0.511978,-0.561976,1.291348,0.232554,0.021104,1
-0.028345,-0.087676,-0.024306,0.344362,-0.305494,0.009071,-0.030075,-0.051448,0.035984,0.438949,-0.431979,-0.006613,0.071419,-0.012202,-0.039379,-0.893424,0.435139,-0.330285,-0.373225,-1.397325,-0.006376,-0.270831,-0.900243,-0.144650,0.511990,-0.561976,1.291348,0.232554,0.020289,1
-0.028345,-0.087693,-0.024293,0.344370,-0.305502,0.009086,-0.030075,-0.051457,0.035984,0.438923,-0.431979,-0.006613,0.071419,-0.012209,-0.039384,-0.893424,0.435630,-0.330165,-0.373225,-1.397313,-0.006903,-0.270855,-0.900231,-0.144626,0.511990,-0.561952,1.291360,0.232542,0.019486,1
-0.028362,-0.087684,-0.024280,0.344362,-0.305494,0.009057,-0.030075,-0.051465,0.035971,0.438897,-0.431975,-0.006606,0.071432,-0.012194,-0.039384,-0.893412,0.435942,-0.329998,-0.373237,-1.397325,-0.007382,-0.270855,-0.900243,-0.144602,0.512002,-0.561952,1.291348,0.232566,0.018815,1
-0.028345,-0.087693,-0.024306,0.344370,-0.305490,0.009064,-0.030075,-0.051457,0.035957,0.438889,-0.431975,-0.006620,0.071432,-0.012202,-0.039389,-0.893412,0.436217,-0.329854,-0.373225,-1.397313,-0.007874,-0.270855,-0.900231,-0.144578,0.512026,-0.561964,1.291360,0.232554,0.018252,1
-0.028353,-0.087693,-0.024320,0.344345,-0.305490,0.009079,-0.030066,-0.051448,0.035971,0.438880,-0.431983,-0.006620,0.071432,-0.012194,-0.039384,-0.893412,0.436445,-0.329710,-0.373201,-1.397325,-0.008365,-0.270867,-0.900219,-0.144554,0.512050,-0.562012,1.291348,0.232590,0.017797,1
-0.028362,-0.087710,-0.024333,0.344362,-0.305486,0.009072,-0.030083,-0.051457,0.035984,0.438880,-0.431979,-0.006599,0.071419,-0.012194,-0.039384,-0.893424,0.436685,-0.329578,-0.373213,-1.397325,-0.008856,-0.270855,-0.900231,-0.144530,0.512050,-0.561988,1.291360,0.232554,0.017281,1
-0.028345,-0.087718,-0.024306,0.344370,-0.305494,0.009071,-0.030075,-0.051448,0.035971,0.438863,-0.431979,-0.006628,0.071446,-0.012202,-0.039389,-0.893424,0.436936,-0.329458,-0.373225,-1.397337,-0.009599,-0.270820,-0.900219,-0.144506,0.512074,-0.562000,1.291384,0.232566,0.016994,1
-0.028345,-0.087718,-0.024306,0.344370,-0.305502,0.009086,-0.030083,-0.051457,0.035984,0.438880,-0.431987,-0.006613,0.071432,-0.012194,-0.039384,-0.893436,0.437368,-0.329315,-0.373249,-1.397325,-0.010414,-0.270867,-0.900243,-0.144422,0.512110,-0.561964,1.291360,0.232590,0.016634,1
-0.028353,-0.087718,-0.024293,0.344370,-0.305490,0.009064,-0.030066,-0.051457,0.035971,0.438880,-0.431983,-0.006606,0.071432,-0.012202,-0.039369,-0.893436,0.437655,-0.329267,-0.373309,-1.397325,-0.011025,-0.270867,-0.900231,-0.144386,0.512134,-0.561952,1.291372,0.232578,0.016406,1
-0.028345,-0.087735,-0.024306,0.344370,-0.305494,0.009057,-0.030083,-0.051448,0.035971,0.438880,-0.431983,-0.006606,0.071459,-0.012179,-0.039374,-0.893448,0.437943,-0.329207,-0.373321,-1.397325,-0.011673,-0.270867,-0.900219,-0.144362,0.512146,-0.561976,1.291372,0.232590,0.016239,1
-0.028345,-0.087744,-0.024306,0.344387,-0.305498,0.009064,-0.030083,-0.051465,0.035971,0.438880,-0.431979,-0.006599,0.071432,-0.012194,-0.039374,-0.893436,0.438362,-0.329195,-0.373321,-1.397325,-0.012332,-0.270879,-0.900219,-0.144350,0.512170,-0.561988,1.291348,0.232602,0.016047,1
-0.028336,-0.087744,-0.024293,0.344387,-0.305494,0.009057,-0.030066,-0.051457,0.035984,0.438863,-0.431983,-0.006606,0.071432,-0.012179,-0.039374,-0.893436,0.438650,-0.329207,-0.373273,-1.397325,-0.013087,-0.270867,-0.900219,-0.144278,0.512194,-0.562012,1.291348,0.232614,0.015867,1
-0.028328,-0.087752,-0.024306,0.344387,-0.305494,0.009071,-0.030066,-0.051465,0.035971,0.438863,-0.431975,-0.006620,0.071432,-0.012179,-0.039374,-0.893436,0.438962,-0.329207,-0.373189,-1.397337,-0.013830,-0.270867,-0.900243,-0.144242,0.512230,-0.562012,1.291372,0.232626,0.015615,1
-0.028345,-0.087769,-0.024280,0.344379,-0.305490,0.009079,-0.030075,-0.051457,0.035971,0.438863,-0.431979,-0.006613,0.071446,-0.012194,-0.039374,-0.893448,0.439285,-0.329207,-0.373045,-1.397325,-0.014657,-0.270843,-0.900243,-0.144194,0.512254,-0.562000,1.291360,0.232662,0.015448,1
-0.028336,-0.087778,-0.024280,0.344370,-0.305486,0.009086,-0.030075,-0.051465,0.035957,0.438863,-0.431983,-0.006620,0.071459,-0.012194,-0.039374,-0.893424,0.439597,-0.329207,-0.372985,-1.397349,-0.015831,-0.270879,-0.900231,-0.144158,0.512254,-0.561976,1.291384,0.232638,0.015304,1
-0.028336,-0.087795,-0.024253,0.344362,-0.305486,0.009086,-0.030083,-0.051457,0.035971,0.438846,-0.431983,-0.006606,0.071392,-0.012164,-0.039364,-0.893400,0.439920,-0.329195,-0.373009,-1.397337,-0.016610,-0.270867,-0.900243,-0.144134,0.512254,-0.561964,1.291384,0.232674,0.015172,1
-0.028345,-0.087803,-0.024239,0.344379,-0.305494,0.009071,-0.030075,-0.051457,0.035984,0.438855,-0.431987,-0.006613,0.071419,-0.012171,-0.039359,-0.893412,0.440244,-0.329195,-0.373141,-1.397325,-0.017341,-0.270867,-0.900231,-0.144134,0.512278,-0.561976,1.291360,0.232674,0.015040,1
-0.028336,-0.087795,-0.024172,0.344379,-0.305498,0.009079,-0.030066,-0.051465,0.035997,0.438838,-0.431991,-0.006620,0.071446,-0.012164,-0.039374,-0.893436,0.440795,-0.329207,-0.373369,-1.397325,-0.018396,-0.270879,-0.900219,-0.144074,0.512278,-0.561988,1.291372,0.232698,0.014836,1
-0.028345,-0.087820,-0.024199,0.344370,-0.305494,0.009071,-0.030066,-0.051457,0.035984,0.438855,-0.431983,-0.006606,0.071432,-0.012171,-0.039389,-0.893424,0.441275,-0.329219,-0.373524,-1.397325,-0.019103,-0.270867,-0.900219,-0.144038,0.512278,-0.562000,1.291360,0.232710,0.014621,1
-0.028345,-0.087846,-0.024199,0.344370,-0.305494,0.009071,-0.030075,-0.051457,0.035971,0.438872,-0.431983,-0.006606,0.071392,-0.012164,-0.039384,-0.893424,0.441514,-0.329219,-0.373608,-1.397337,-0.019834,-0.270843,-0.900243,-0.144002,0.512278,-0.562012,1.291348,0.232686,0.014405,1
-0.028353,-0.087854,-0.024172,0.344387,-0.305490,0.009064,-0.030066,-0.051465,0.035971,0.438863,-0.431987,-0.006613,0.071406,-0.012179,-0.039364,-0.893448,0.441802,-0.329219,-0.373584,-1.397337,-0.020529,-0.270867,-0.900243,-0.143990,0.512278,-0.562012,1.291372,0.232710,0.014165,1
-0.028345,-0.087863,-0.024146,0.344379,-0.305494,0.009057,-0.030049,-0.051448,0.035984,0.438863,-0.431987,-0.006613,0.071392,-0.012194,-0.039374,-0.893424,0.442149,-0.329255,-0.373452,-1.397325,-0.021200,-0.270867,-0.900231,-0.143955,0.512254,-0.562000,1.291360,0.232698,0.013938,1
-0.028353,-0.087889,-0.024146,0.344387,-0.305494,0.009057,-0.030049,-0.051457,0.035971,0.438880,-0.431987,-0.006613,0.071392,-0.012186,-0.039369,-0.893424,0.442485,-0.329267,-0.373225,-1.397325,-0.022159,-0.270879,-0.900231,-0.143978,0.512254,-0.562000,1.291348,0.232698,0.013890,1
-0.028345,-0.087889,-0.024119,0.344379,-0.305494,0.009057,-0.030058,-0.051457,0.035984,0.438880,-0.431979,-0.006628,0.071406,-0.012186,-0.039369,-0.893424,0.442869,-0.329315,-0.372901,-1.397337,-0.022734,-0.270879,-0.900219,-0.143978,0.512254,-0.562012,1.291336,0.232698,0.013878,1
-0.028345,-0.087923,-0.024132,0.344362,-0.305494,0.009057,-0.030058,-0.051457,0.035984,0.438880,-0.431987,-0.006613,0.071406,-0.012186,-0.039369,-0.893424,0.443204,-0.329350,-0.372542,-1.397325,-0.023309,-0.270867,-0.900219,-0.143966,0.512254,-0.561988,1.291336,0.232734,0.013878,1
-0.028353,-0.087923,-0.024132,0.344370,-0.305486,0.009072,-0.030058,-0.051457,0.035957,0.438863,-0.431987,-0.006613,0.071419,-0.012171,-0.039389,-0.893448,0.443552,-0.329434,-0.372050,-1.397361,-0.023813,-0.270855,-0.900231,-0.143978,0.512218,-0.561988,1.291336,0.232698,0.013878,1
-0.028353,-0.087940,-0.024105,0.344387,-0.305502,0.009071,-0.030058,-0.051448,0.035971,0.438863,-0.431987,-0.006613,0.071406,-0.012171,-0.039369,-0.893448,0.443839,-0.329434,-0.371739,-1.397361,-0.024352,-0.270867,-0.900231,-0.143978,0.512146,-0.562000,1.291336,0.232710,0.013866,1
-0.028353,-0.087957,-0.024065,0.344379,-0.305502,0.009057,-0.030006,-0.051457,0.035984,0.438863,-0.431991,-0.006620,0.071392,-0.012186,-0.039379,-0.893424,0.444391,-0.329446,-0.371367,-1.397349,-0.025035,-0.270879,-0.900243,-0.144026,0.512074,-0.562000,1.291324,0.232722,0.013854,1
-0.028345,-0.087991,-0.024052,0.344379,-0.305498,0.009050,-0.029998,-0.051448,0.035984,0.438846,-0.431987,-0.006613,0.071379,-0.012194,-0.039384,-0.893424,0.444678,-0.329446,-0.371104,-1.397325,-0.025407,-0.270891,-0.900231,-0.144086,0.511966,-0.562036,1.291324,0.232746,0.013854,1
-0.028345,-0.088016,-0.024052,0.344370,-0.305502,0.009057,-0.029989,-0.051457,0.035984,0.438863,-0.431987,-0.006613,0.071419,-0.012209,-0.039384,-0.893412,0.445002,-0.329446,-0.370900,-1.397337,-0.025730,-0.270855,-0.900231,-0.144122,0.511858,-0.562000,1.291312,0.232734,0.013782,1
-0.028345,-0.088042,-0.024012,0.344370,-0.305498,0.009064,-0.029981,-0.051457,0.035971,0.438863,-0.431987,-0.006613,0.071392,-0.012232,-0.039399,-0.893424,0.445313,-0.329458,-0.370672,-1.397325,-0.026150,-0.270867,-0.900243,-0.144146,0.511750,-0.562012,1.291324,0.232734,0.013746,1
-0.028353,-0.088042,-0.024025,0.344387,-0.305494,0.009057,-0.029981,-0.051465,0.035944,0.438855,-0.431987,-0.006613,0.071379,-0.012240,-0.039394,-0.893424,0.445601,-0.329458,-0.370456,-1.397337,-0.026389,-0.270843,-0.900219,-0.144218,0.511666,-0.562012,1.291300,0.232734,0.013722,1
-0.028353,-0.088076,-0.024012,0.344387,-0.305490,0.009064,-0.029972,-0.051448,0.035984,0.438855,-0.431983,-0.006606,0.071392,-0.012232,-0.039409,-0.893424,0.445853,-0.329458,-0.370145,-1.397325,-0.026617,-0.270843,-0.900219,-0.144302,0.511571,-0.562000,1.291288,0.232746,0.013662,1
-0.028345,-0.088110,-0.024012,0.344379,-0.305494,0.009057,-0.029981,-0.051457,0.035971,0.438838,-0.431987,-0.006613,0.071392,-0.012247,-0.039419,-0.893424,0.446140,-0.329422,-0.369881,-1.397337,-0.026809,-0.270796,-0.900231,-0.144398,0.511367,-0.561964,1.291312,0.232746,0.013614,1
-0.028345,-0.088127,-0.024025,0.344396,-0.305494,0.009057,-0.029972,-0.051457,0.035971,0.438855,-0.431987,-0.006613,0.071392,-0.012240,-0.039414,-0.893412,0.446380,-0.329410,-0.369629,-1.397337,-0.026988,-0.270796,-0.900231,-0.144518,0.511271,-0.562000,1.291312,0.232734,0.013566,1
-0.028336,-0.088161,-0.024025,0.344396,-0.305502,0.009042,-0.029964,-0.051457,0.035984,0.438863,-0.431979,-0.006613,0.071392,-0.012240,-0.039414,-0.893424,0.446763,-0.329398,-0.369294,-1.397325,-0.027132,-0.270820,-0.900219,-0.144674,0.511163,-0.561976,1.291312,0.232746,0.013506,1
-0.028345,-0.088178,-0.024012,0.344404,-0.305490,0.009064,-0.029913,-0.051448,0.035984,0.438863,-0.431979,-0.006628,0.071392,-0.012278,-0.039439,-0.893424,0.447171,-0.329422,-0.368647,-1.397337,-0.027288,-0.270927,-0.900219,-0.144841,0.510983,-0.562012,1.291312,0.232746,0.013410,1
-0.028345,-0.088212,-0.023998,0.344413,-0.305498,0.009050,-0.029887,-0.051448,0.035971,0.438863,-0.431991,-0.006620,0.071392,-0.012293,-0.039439,-0.893424,0.447399,-0.329398,-0.368203,-1.397337,-0.027360,-0.271083,-0.900231,-0.145033,0.510852,-0.562000,1.291312,0.232746,0.013362,1
-0.028336,-0.088221,-0.024025,0.344430,-0.305498,0.009050,-0.029870,-0.051431,0.035984,0.438855,-0.431995,-0.006598,0.071392,-0.012301,-0.039453,-0.893424,0.447650,-0.329410,-0.367736,-1.397337,-0.027468,-0.271299,-0.900219,-0.145261,0.510684,-0.561988,1.291324,0.232734,0.013302,1
-0.028345,-0.088247,-0.024012,0.344438,-0.305498,0.009079,-0.029827,-0.051457,0.035984,0.438863,-0.431991,-0.006620,0.071392,-0.012308,-0.039449,-0.893424,0.447902,-0.329410,-0.367305,-1.397337,-0.027576,-0.271575,-0.900231,-0.145512,0.510516,-0.561988,1.291312,0.232746,0.013267,1
-0.028336,-0.088272,-0.023985,0.344430,-0.305498,0.009064,-0.029802,-0.051431,0.035997,0.438863,-0.431991,-0.006620,0.071392,-0.012301,-0.039453,-0.893436,0.448118,-0.329398,-0.366550,-1.397325,-0.027648,-0.271850,-0.900219,-0.145752,0.510324,-0.561988,1.291312,0.232722,0.013243,1
-0.028353,-0.088289,-0.023985,0.344430,-0.305502,0.009071,-0.029793,-0.051448,0.035971,0.438855,-0.431983,-0.006635,0.071392,-0.012301,-0.039453,-0.893472,0.448369,-0.329350,-0.365878,-1.397325,-0.027684,-0.272078,-0.900219,-0.145944,0.510109,-0.562000,1.291312,0.232734,0.013243,1
-0.028336,-0.088315,-0.023998,0.344430,-0.305506,0.009079,-0.029768,-0.051457,0.035957,0.438863,-0.431995,-0.006627,0.071406,-0.012308,-0.039458,-0.893496,0.448561,-0.329338,-0.364992,-1.397313,-0.027743,-0.272282,-0.900219,-0.146196,0.509953,-0.562012,1.291312,0.232734,0.013219,1
-0.028345,-0.088315,-0.023971,0.344438,-0.305498,0.009064,-0.029768,-0.051457,0.035997,0.438855,-0.431991,-0.006649,0.071406,-0.012323,-0.039459,-0.893496,0.448861,-0.329327,-0.364033,-1.397325,-0.027767,-0.272533,-0.900231,-0.146411,0.509797,-0.562000,1.291312,0.232734,0.013231,1
-0.028353,-0.088340,-0.023985,0.344447,-0.305502,0.009086,-0.029768,-0.051457,0.035971,0.438846,-0.431991,-0.006635,0.071392,-0.012339,-0.039488,-0.893532,0.449076,-0.329327,-0.363074,-1.397325,-0.027803,-0.272773,-0.900231,-0.146651,0.509605,-0.562000,1.291324,0.232722,0.013231,1
-0.028362,-0.088357,-0.023985,0.344430,-0.305498,0.009064,-0.029768,-0.051448,0.035971,0.438855,-0.431991,-0.006635,0.071446,-0.012377,-0.039493,-0.893532,0.449388,-0.329291,-0.361864,-1.397325,-0.027851,-0.273228,-0.900243,-0.147106,0.509365,-0.561964,1.291420,0.232650,0.013219,1
-0.028362,-0.088374,-0.023971,0.344447,-0.305511,0.009057,-0.029768,-0.051457,0.035971,0.438863,-0.431987,-0.006642,0.071446,-0.012369,-0.039498,-0.893544,0.449580,-0.329291,-0.361169,-1.397361,-0.027875,-0.273408,-0.900231,-0.147430,0.509198,-0.561976,1.291444,0.232614,0.013183,1
-0.028387,-0.088391,-0.024025,0.344455,-0.305498,0.009064,-0.029759,-0.051465,0.035971,0.438880,-0.431995,-0.006627,0.071406,-0.012377,-0.039503,-0.893568,0.449783,-0.329279,-0.360485,-1.397325,-0.027863,-0.273588,-0.900231,-0.147730,0.509042,-0.561976,1.291432,0.232590,0.013207,1
-0.028387,-0.088408,-0.023958,0.344447,-0.305511,0.009057,-0.029759,-0.051457,0.035944,0.438880,-0.431983,-0.006620,0.071446,-0.012384,-0.039498,-0.893568,0.449999,-0.329267,-0.359443,-1.397325,-0.027863,-0.273828,-0.900231,-0.147981,0.508898,-0.561988,1.291360,0.232578,0.013207,1
-0.028379,-0.088425,-0.023945,0.344447,-0.305511,0.009057,-0.029734,-0.051457,0.035984,0.438863,-0.431991,-0.006635,0.071473,-0.012377,-0.039503,-0.893568,0.450227,-0.329207,-0.358556,-1.397325,-0.027875,-0.274067,-0.900231,-0.148221,0.508742,-0.562012,1.291240,0.232578,0.013183,1
-0.028370,-0.088468,-0.023971,0.344464,-0.305502,0.009057,-0.029725,-0.051448,0.035957,0.438855,-0.431991,-0.006635,0.071473,-0.012369,-0.039508,-0.893556,0.450395,-0.329159,-0.357573,-1.397325,-0.027887,-0.274295,-0.900243,-0.148520,0.508623,-0.562000,1.291121,0.232566,0.013159,1
-0.028345,-0.088494,-0.023945,0.344447,-0.305511,0.009057,-0.029725,-0.051439,0.035984,0.438838,-0.431995,-0.006642,0.071473,-0.012377,-0.039493,-0.893568,0.450646,-0.329135,-0.356471,-1.397325,-0.027911,-0.274487,-0.900219,-0.148976,0.508467,-0.561976,1.290977,0.232578,0.013183,1
-0.028336,-0.088528,-0.023945,0.344447,-0.305511,0.009057,-0.029717,-0.051448,0.035984,0.438855,-0.431987,-0.006642,0.071459,-0.012384,-0.039518,-0.893592,0.450814,-0.329123,-0.355308,-1.397301,-0.027923,-0.274654,-0.900219,-0.149311,0.508299,-0.561976,1.290905,0.232590,0.013195,1
-0.028336,-0.088545,-0.023985,0.344455,-0.305506,0.009064,-0.029751,-0.051457,0.035957,0.438855,-0.431991,-0.006649,0.071473,-0.012437,-0.039543,-0.893532,0.451078,-0.329135,-0.353367,-1.397289,-0.027971,-0.274894,-0.900243,-0.149767,0.508083,-0.561988,1.290953,0.232578,0.013291,1
-0.028328,-0.088579,-0.023958,0.344438,-0.305506,0.009064,-0.029768,-0.051448,0.035984,0.438863,-0.431987,-0.006642,0.071473,-0.012445,-0.039548,-0.893520,0.451293,-0.329111,-0.352109,-1.397325,-0.027995,-0.274954,-0.900219,-0.149959,0.507987,-0.561988,1.291132,0.232566,0.013302,1
-0.028336,-0.088621,-0.023945,0.344455,-0.305498,0.009050,-0.029768,-0.051457,0.035957,0.438855,-0.431987,-0.006642,0.071486,-0.012437,-0.039553,-0.893484,0.451509,-0.329051,-0.350862,-1.397289,-0.027995,-0.274966,-0.900231,-0.150150,0.507903,-0.561988,1.291636,0.232590,0.013302,1
-0.028353,-0.088630,-0.023971,0.344447,-0.305515,0.009064,-0.029768,-0.051457,0.035984,0.438855,-0.431999,-0.006649,0.071473,-0.012437,-0.039563,-0.893460,0.451701,-0.328979,-0.349112,-1.397313,-0.028007,-0.274954,-0.900219,-0.150366,0.507844,-0.562012,1.292031,0.232518,0.013267,1
-0.028353,-0.088664,-0.023945,0.344464,-0.305506,0.009064,-0.029768,-0.051457,0.035984,0.438846,-0.431995,-0.006642,0.071459,-0.012460,-0.039558,-0.893472,0.451869,-0.328979,-0.348489,-1.397325,-0.027995,-0.275038,-0.900207,-0.150654,0.507712,-0.561988,1.292547,0.232446,0.013267,1
-0.028353,-0.088707,-0.023945,0.344464,-0.305506,0.009050,-0.029768,-0.051431,0.035957,0.438855,-0.431999,-0.006635,0.071473,-0.012460,-0.039548,-0.893460,0.452108,-0.328955,-0.348238,-1.397289,-0.027995,-0.275242,-0.900195,-0.151229,0.507676,-0.561976,1.293062,0.232422,0.013243,1
-0.028353,-0.088741,-0.023985,0.344481,-0.305506,0.009050,-0.029768,-0.051457,0.035957,0.438855,-0.431999,-0.006635,0.071499,-0.012468,-0.039553,-0.893484,0.452252,-0.328895,-0.348046,-1.397313,-0.028055,-0.275493,-0.900195,-0.151756,0.507652,-0.561988,1.293398,0.232410,0.013267,1
-0.028336,-0.088766,-0.023985,0.344472,-0.305506,0.009064,-0.029751,-0.051448,0.035971,0.438872,-0.431999,-0.006649,0.071473,-0.012468,-0.039553,-0.893484,0.452384,-0.328835,-0.347638,-1.397301,-0.028055,-0.275721,-0.900195,-0.152320,0.507652,-0.561964,1.293505,0.232434,0.013267,1
-0.028345,-0.088783,-0.023985,0.344481,-0.305502,0.009042,-0.029742,-0.051439,0.035957,0.438855,-0.431995,-0.006657,0.071486,-0.012483,-0.039553,-0.893472,0.452504,-0.328811,-0.346979,-1.397289,-0.028067,-0.275697,-0.900195,-0.152739,0.507628,-0.562000,1.293326,0.232470,0.013267,1
-0.028336,-0.088809,-0.023945,0.344489,-0.305502,0.009042,-0.029734,-0.051457,0.035971,0.438838,-0.431995,-0.006657,0.071499,-0.012491,-0.039578,-0.893460,0.452624,-0.328859,-0.346104,-1.397337,-0.028067,-0.275589,-0.900171,-0.152907,0.507592,-0.561988,1.292882,0.232470,0.013267,1
-0.028336,-0.088826,-0.023958,0.344489,-0.305502,0.009042,-0.029742,-0.051439,0.035984,0.438846,-0.431991,-0.006649,0.071486,-0.012483,-0.039593,-0.893460,0.452756,-0.328931,-0.345050,-1.397313,-0.028079,-0.275493,-0.900159,-0.152727,0.507604,-0.561988,1.292103,0.232470,0.013267,1
-0.028336,-0.088826,-0.023971,0.344507,-0.305511,0.009057,-0.029768,-0.051439,0.035957,0.438846,-0.431999,-0.006635,0.071446,-0.012529,-0.039603,-0.893448,0.453067,-0.328979,-0.343324,-1.397277,-0.028115,-0.274966,-0.900243,-0.152355,0.507616,-0.561964,1.289766,0.232470,0.013243,1
-0.028336,-0.088835,-0.023891,0.344558,-0.305506,0.009050,-0.029768,-0.051457,0.035971,0.438846,-0.432003,-0.006642,0.071419,-0.012536,-0.039608,-0.893436,0.453295,-0.328883,-0.341407,-1.397277,-0.028103,-0.274283,-0.900411,-0.152128,0.507640,-0.561988,1.288280,0.232470,0.013231,1
-0.028345,-0.088835,-0.023905,0.344592,-0.305506,0.009064,-0.029751,-0.051448,0.035971,0.438855,-0.432003,-0.006642,0.071419,-0.012529,-0.039613,-0.893448,0.453499,-0.328715,-0.340040,-1.397253,-0.028007,-0.273192,-0.900639,-0.151960,0.507616,-0.562012,1.286722,0.232446,0.013255,1
-0.028353,-0.088843,-0.023905,0.344600,-0.305502,0.009057,-0.029734,-0.051457,0.035957,0.438855,-0.431995,-0.006627,0.071392,-0.012529,-0.039613,-0.893472,0.453678,-0.328703,-0.338578,-1.397301,-0.027935,-0.272114,-0.900830,-0.151912,0.507604,-0.562012,1.285284,0.232470,0.013267,1
-0.028362,-0.088835,-0.023931,0.344626,-0.305515,0.009050,-0.029734,-0.051448,0.035957,0.438846,-0.431991,-0.006649,0.071446,-0.012559,-0.039613,-0.893484,0.453786,-0.328727,-0.338015,-1.397277,-0.027911,-0.271371,-0.900986,-0.152056,0.507568,-0.562036,1.283834,0.232470,0.013326,1
-0.028362,-0.088835,-0.023918,0.344660,-0.305511,0.009057,-0.029700,-0.051465,0.035957,0.438855,-0.431999,-0.006649,0.071392,-0.012559,-0.039603,-0.893508,0.453882,-0.328799,-0.338231,-1.397277,-0.027899,-0.270688,-0.900842,-0.152320,0.507568,-0.562072,1.282504,0.232470,0.013410,1
-0.028362,-0.088826,-0.023945,0.344694,-0.305502,0.009042,-0.029691,-0.051457,0.035971,0.438855,-0.431999,-0.006649,0.071406,-0.012567,-0.039618,-0.893520,0.453978,-0.328847,-0.338470,-1.397277,-0.027887,-0.269993,-0.900435,-0.152727,0.507556,-0.562048,1.281329,0.232482,0.013470,1
-0.028353,-0.088835,-0.023931,0.344720,-0.305506,0.009064,-0.029674,-0.051448,0.035997,0.438872,-0.431995,-0.006642,0.071406,-0.012582,-0.039618,-0.893544,0.454074,-0.328895,-0.338446,-1.397277,-0.027899,-0.269106,-0.899836,-0.153362,0.507544,-0.562000,1.280239,0.232482,0.013554,1
-0.028345,-0.088843,-0.023931,0.344737,-0.305511,0.009057,-0.029665,-0.051448,0.035984,0.438855,-0.431987,-0.006642,0.071432,-0.012574,-0.039623,-0.893532,0.454182,-0.328943,-0.338075,-1.397277,-0.027887,-0.268123,-0.899200,-0.154153,0.507568,-0.561904,1.278957,0.232494,0.013626,1
-0.028345,-0.088826,-0.023931,0.344813,-0.305511,0.009057,-0.029674,-0.051439,0.035971,0.438872,-0.431987,-0.006642,0.071446,-0.012582,-0.039628,-0.893544,0.454301,-0.328955,-0.336577,-1.397265,-0.027875,-0.266529,-0.898146,-0.155483,0.507544,-0.561677,1.277962,0.232542,0.013698,1
-0.028345,-0.088826,-0.023918,0.344822,-0.305502,0.009057,-0.029665,-0.051439,0.035971,0.438855,-0.431987,-0.006642,0.071473,-0.012582,-0.039618,-0.893556,0.454409,-0.328967,-0.335510,-1.397277,-0.027887,-0.265499,-0.897606,-0.156406,0.507568,-0.561533,1.277459,0.232602,0.013770,1
-0.028345,-0.088835,-0.023918,0.344873,-0.305511,0.009057,-0.029674,-0.051448,0.035971,0.438846,-0.431987,-0.006642,0.071446,-0.012590,-0.039623,-0.893592,0.454589,-0.328991,-0.334444,-1.397301,-0.027887,-0.264492,-0.897103,-0.157760,0.507568,-0.561389,1.277051,0.232614,0.013830,1
-0.028345,-0.088835,-0.023931,0.344899,-0.305511,0.009057,-0.029683,-0.051457,0.035971,0.438863,-0.431991,-0.006635,0.071486,-0.012582,-0.039628,-0.893640,0.454733,-0.329015,-0.333281,-1.397289,-0.027887,-0.263413,-0.896576,-0.158707,0.507592,-0.561269,1.276716,0.232674,0.013866,1
-0.028353,-0.088826,-0.023945,0.344933,-0.305506,0.009064,-0.029700,-0.051448,0.035971,0.438855,-0.431987,-0.006642,0.071540,-0.012597,-0.039628,-0.893688,0.454829,-0.329039,-0.332203,-1.397277,-0.027887,-0.261903,-0.896324,-0.159522,0.507580,-0.561149,1.276416,0.232734,0.013938,1
-0.028345,-0.088843,-0.023945,0.344950,-0.305511,0.009057,-0.029717,-0.051448,0.035971,0.438829,-0.431995,-0.006627,0.071553,-0.012582,-0.039628,-0.893688,0.454937,-0.329063,-0.331112,-1.397277,-0.027911,-0.260801,-0.896061,-0.160265,0.507604,-0.560994,1.276152,0.232806,0.013974,1
-0.028328,-0.088860,-0.023971,0.344967,-0.305506,0.009064,-0.029725,-0.051457,0.035971,0.438846,-0.431983,-0.006620,0.071580,-0.012574,-0.039613,-0.893700,0.455080,-0.329051,-0.329938,-1.397277,-0.027983,-0.259614,-0.895809,-0.160936,0.507592,-0.560790,1.275900,0.232937,0.013998,1
-0.028345,-0.088860,-0.023945,0.345018,-0.305506,0.009064,-0.029751,-0.051439,0.035971,0.438846,-0.431987,-0.006613,0.071553,-0.012552,-0.039608,-0.893688,0.455224,-0.329051,-0.328643,-1.397301,-0.028019,-0.258500,-0.895497,-0.161607,0.507580,-0.560646,1.275481,0.233045,0.014034,1
-0.028336,-0.088869,-0.023971,0.345043,-0.305506,0.009050,-0.029768,-0.051457,0.035984,0.438863,-0.431979,-0.006628,0.071566,-0.012536,-0.039578,-0.893652,0.455392,-0.329003,-0.326426,-1.397277,-0.028055,-0.257325,-0.895234,-0.162242,0.507592,-0.560418,1.275146,0.233153,0.014081,1
-0.028336,-0.088886,-0.023985,0.345095,-0.305511,0.009057,-0.029776,-0.051457,0.035984,0.438863,-0.431987,-0.006613,0.071553,-0.012514,-0.039563,-0.893604,0.455608,-0.328955,-0.324856,-1.397301,-0.028079,-0.256223,-0.895018,-0.162818,0.507568,-0.560287,1.274774,0.233261,0.014153,1
-0.028336,-0.088903,-0.023985,0.345146,-0.305511,0.009057,-0.029810,-0.051457,0.035971,0.438863,-0.431979,-0.006628,0.071566,-0.012498,-0.039553,-0.893568,0.455788,-0.328919,-0.323286,-1.397289,-0.028115,-0.254964,-0.894814,-0.163369,0.507568,-0.560119,1.274343,0.233369,0.014261,1
-0.028345,-0.088903,-0.023998,0.345171,-0.305494,0.009071,-0.029896,-0.051439,0.035971,0.438863,-0.431979,-0.006613,0.071566,-0.012498,-0.039534,-0.893544,0.455955,-0.328907,-0.321225,-1.397289,-0.028163,-0.253095,-0.894371,-0.164340,0.507628,-0.559927,1.273528,0.233453,0.014405,1
-0.028353,-0.088928,-0.023998,0.345214,-0.305481,0.009079,-0.029955,-0.051439,0.035984,0.438863,-0.431979,-0.006628,0.071540,-0.012491,-0.039539,-0.893544,0.456075,-0.328907,-0.319907,-1.397277,-0.028199,-0.251825,-0.893688,-0.164747,0.507664,-0.559879,1.272916,0.233417,0.014537,1
-0.028362,-0.088928,-0.023985,0.345248,-0.305481,0.009093,-0.029964,-0.051448,0.035957,0.438880,-0.431979,-0.006613,0.071566,-0.012506,-0.039529,-0.893484,0.456207,-0.328895,-0.318517,-1.397277,-0.028259,-0.249835,-0.893376,-0.165274,0.507724,-0.559831,1.272138,0.233261,0.014789,1
-0.028362,-0.088928,-0.023971,0.345291,-0.305477,0.009086,-0.029964,-0.051448,0.035971,0.438897,-0.431979,-0.006628,0.071606,-0.012498,-0.039494,-0.893388,0.456399,-0.328859,-0.316875,-1.397277,-0.028343,-0.248493,-0.893076,-0.165862,0.507820,-0.559819,1.271227,0.232961,0.014992,1
-0.028362,-0.088928,-0.023985,0.345316,-0.305465,0.009108,-0.029955,-0.051457,0.035971,0.438897,-0.431975,-0.006620,0.071566,-0.012460,-0.039449,-0.893244,0.456602,-0.328763,-0.315065,-1.397265,-0.028367,-0.247163,-0.892729,-0.166521,0.507927,-0.559783,1.270136,0.232674,0.015220,1
-0.028362,-0.088945,-0.023985,0.345350,-0.305477,0.009101,-0.029955,-0.051439,0.035984,0.438863,-0.431975,-0.006620,0.071566,-0.012430,-0.039420,-0.893148,0.456794,-0.328691,-0.312609,-1.397277,-0.028367,-0.245940,-0.892166,-0.167168,0.508047,-0.559735,1.268374,0.232254,0.015472,1
-0.028379,-0.088945,-0.024025,0.345384,-0.305477,0.009101,-0.029964,-0.051457,0.035971,0.438855,-0.431979,-0.006628,0.071553,-0.012415,-0.039400,-0.893088,0.456878,-0.328667,-0.311254,-1.397277,-0.028367,-0.244838,-0.891531,-0.167839,0.508191,-0.559699,1.267164,0.231751,0.015735,1
-0.028362,-0.088945,-0.023985,0.345410,-0.305477,0.009086,-0.029981,-0.051448,0.035944,0.438855,-0.431983,-0.006620,0.071540,-0.012407,-0.039405,-0.893052,0.456914,-0.328655,-0.309984,-1.397265,-0.028367,-0.243831,-0.891135,-0.168462,0.508371,-0.559747,1.265954,0.231212,0.016035,1
-0.028345,-0.088962,-0.023971,0.345461,-0.305477,0.009086,-0.030015,-0.051439,0.035997,0.438855,-0.431975,-0.006620,0.071499,-0.012445,-0.039420,-0.893052,0.456986,-0.328631,-0.308426,-1.397277,-0.028367,-0.242573,-0.890835,-0.169673,0.508635,-0.559843,1.264168,0.230241,0.016574,1
-0.028362,-0.088962,-0.023958,0.345495,-0.305465,0.009122,-0.030040,-0.051448,0.035971,0.438872,-0.431975,-0.006620,0.071513,-0.012453,-0.039415,-0.893028,0.457070,-0.328631,-0.307288,-1.397277,-0.028367,-0.241746,-0.889949,-0.170332,0.508826,-0.559891,1.263053,0.229414,0.017018,1
-0.028345,-0.088954,-0.023931,0.345538,-0.305469,0.009115,-0.030040,-0.051448,0.035971,0.438880,-0.431979,-0.006628,0.071473,-0.012445,-0.039420,-0.893040,0.457142,-0.328631,-0.305885,-1.397277,-0.028367,-0.240907,-0.889002,-0.171123,0.509042,-0.559795,1.261987,0.228491,0.017809,1
-0.028345,-0.088962,-0.023891,0.345563,-0.305461,0.009115,-0.030032,-0.051448,0.035957,0.438880,-0.431983,-0.006620,0.071459,-0.012437,-0.039395,-0.893028,0.457250,-0.328619,-0.304291,-1.397265,-0.028367,-0.239373,-0.887851,-0.171962,0.509222,-0.559711,1.260980,0.227533,0.018444,1
-0.028345,-0.088962,-0.023945,0.345580,-0.305465,0.009122,-0.030023,-0.051448,0.035984,0.438889,-0.431983,-0.006620,0.071473,-0.012437,-0.039385,-0.893040,0.457286,-0.328607,-0.302722,-1.397277,-0.028379,-0.238186,-0.886988,-0.172609,0.509365,-0.559651,1.260045,0.225855,0.019199,1
-0.028362,-0.088971,-0.023891,0.345597,-0.305469,0.009115,-0.030015,-0.051448,0.035984,0.438889,-0.431979,-0.006599,0.071473,-0.012437,-0.039375,-0.893005,0.457286,-0.328631,-0.301212,-1.397241,-0.028355,-0.237084,-0.886953,-0.173208,0.509485,-0.559663,1.258655,0.224465,0.020062,1
-0.028353,-0.088971,-0.023878,0.345606,-0.305465,0.009108,-0.029998,-0.051448,0.035971,0.438889,-0.431983,-0.006620,0.071473,-0.012437,-0.039375,-0.893028,0.457286,-0.328631,-0.299354,-1.397265,-0.028367,-0.235945,-0.887324,-0.173867,0.509557,-0.559579,1.257661,0.223050,0.021032,1
-0.028362,-0.088979,-0.023864,0.345606,-0.305465,0.009108,-0.029998,-0.051448,0.035957,0.438880,-0.431979,-0.006628,0.071473,-0.012445,-0.039380,-0.893040,0.457286,-0.328643,-0.298096,-1.397277,-0.028355,-0.234567,-0.887588,-0.174730,0.509629,-0.559484,1.256606,0.221600,0.022099,1
-0.028379,-0.088962,-0.023851,0.345614,-0.305465,0.009108,-0.029998,-0.051439,0.035984,0.438880,-0.431987,-0.006613,0.071486,-0.012475,-0.039400,-0.893040,0.457286,-0.328631,-0.296825,-1.397301,-0.028343,-0.233285,-0.887755,-0.175737,0.509653,-0.559328,1.255563,0.220210,0.023297,1
-0.028387,-0.088971,-0.023797,0.345623,-0.305461,0.009115,-0.029981,-0.051448,0.035984,0.438872,-0.431987,-0.006613,0.071473,-0.012468,-0.039395,-0.893040,0.457298,-0.328619,-0.295447,-1.397277,-0.028355,-0.232194,-0.887660,-0.177079,0.509641,-0.559256,1.254473,0.218892,0.024556,1
-0.028387,-0.088971,-0.023771,0.345623,-0.305457,0.009122,-0.029964,-0.051439,0.035984,0.438889,-0.431979,-0.006613,0.071473,-0.012506,-0.039400,-0.893028,0.457310,-0.328643,-0.293302,-1.397277,-0.028367,-0.229953,-0.886593,-0.178038,0.509569,-0.559232,1.252555,0.216914,0.026701,1
-0.028387,-0.088971,-0.023771,0.345631,-0.305461,0.009115,-0.029947,-0.051448,0.035971,0.438897,-0.431979,-0.006613,0.071473,-0.012513,-0.039396,-0.893052,0.457321,-0.328655,-0.292032,-1.397253,-0.028343,-0.227101,-0.885706,-0.178565,0.509497,-0.559232,1.250913,0.215596,0.028798,1
-0.028379,-0.088996,-0.023717,0.345640,-0.305452,0.009101,-0.029930,-0.051448,0.035984,0.438889,-0.431983,-0.006620,0.071459,-0.012506,-0.039381,-0.893040,0.457310,-0.328655,-0.290869,-1.397277,-0.028355,-0.225052,-0.884484,-0.179128,0.509449,-0.559208,1.248996,0.213978,0.030092,1
-0.028362,-0.089013,-0.023677,0.345640,-0.305448,0.009094,-0.029930,-0.051457,0.035984,0.438897,-0.431983,-0.006620,0.071419,-0.012536,-0.039391,-0.893040,0.457321,-0.328655,-0.289767,-1.397265,-0.028355,-0.223098,-0.883046,-0.179847,0.509413,-0.559256,1.245868,0.212936,0.031351,1
-0.028353,-0.089022,-0.023610,0.345657,-0.305448,0.009094,-0.029930,-0.051448,0.035997,0.438906,-0.431983,-0.006606,0.071392,-0.012536,-0.039401,-0.893040,0.457321,-0.328643,-0.287897,-1.397253,-0.028355,-0.221217,-0.881260,-0.180698,0.509425,-0.559316,1.243735,0.211785,0.032513,1
-0.028353,-0.089039,-0.023597,0.345657,-0.305440,0.009079,-0.029921,-0.051448,0.035997,0.438906,-0.431983,-0.006606,0.071392,-0.012544,-0.039406,-0.893040,0.457345,-0.328643,-0.286507,-1.397277,-0.028355,-0.219347,-0.879211,-0.181741,0.509569,-0.559304,1.241710,0.210455,0.033700,1
-0.028345,-0.089056,-0.023556,0.345674,-0.305457,0.009079,-0.029938,-0.051457,0.035997,0.438889,-0.431987,-0.006613,0.071392,-0.012544,-0.039396,-0.893040,0.457357,-0.328643,-0.285021,-1.397253,-0.028355,-0.217538,-0.877401,-0.183299,0.509677,-0.559280,1.240080,0.209448,0.034730,1
-0.028362,-0.089082,-0.023543,0.345666,-0.305436,0.009086,-0.029955,-0.051439,0.035984,0.438889,-0.431983,-0.006606,0.071392,-0.012567,-0.039411,-0.893005,0.457369,-0.328655,-0.283475,-1.397253,-0.028343,-0.215740,-0.875915,-0.184186,0.509869,-0.559316,1.238462,0.208334,0.035725,1
-0.028353,-0.089099,-0.023530,0.345674,-0.305440,0.009079,-0.029955,-0.051439,0.035984,0.438889,-0.431975,-0.006620,0.071392,-0.012567,-0.039411,-0.893017,0.457333,-0.328631,-0.282001,-1.397265,-0.028343,-0.214182,-0.874309,-0.184605,0.510132,-0.559376,1.236916,0.206896,0.036600,1
-0.028362,-0.089116,-0.023476,0.345683,-0.305444,0.009072,-0.029930,-0.051431,0.035984,0.438889,-0.431979,-0.006628,0.071392,-0.012559,-0.039416,-0.893028,0.457345,-0.328631,-0.280587,-1.397277,-0.028355,-0.211917,-0.873566,-0.184869,0.510396,-0.559436,1.235502,0.205182,0.037690,1
-0.028370,-0.089150,-0.023409,0.345708,-0.305444,0.009072,-0.029913,-0.051431,0.035997,0.438880,-0.431991,-0.006620,0.071365,-0.012559,-0.039396,-0.893040,0.457345,-0.328655,-0.277998,-1.397277,-0.028367,-0.209544,-0.872667,-0.185360,0.510720,-0.559543,1.233812,0.201479,0.038565,1
-0.028370,-0.089167,-0.023369,0.345708,-0.305436,0.009057,-0.029921,-0.051431,0.035997,0.438880,-0.431975,-0.006620,0.071365,-0.012536,-0.039381,-0.893040,0.457345,-0.328691,-0.276105,-1.397265,-0.028355,-0.207735,-0.871996,-0.185851,0.510888,-0.559615,1.232218,0.199585,0.039117,1
-0.028370,-0.089192,-0.023329,0.345725,-0.305432,0.009065,-0.029938,-0.051431,0.035997,0.438880,-0.431983,-0.006620,0.071339,-0.012529,-0.039386,-0.893028,0.457345,-0.328715,-0.274163,-1.397265,-0.028355,-0.205949,-0.871205,-0.186451,0.511007,-0.559699,1.231032,0.197668,0.039668,1
-0.028370,-0.089210,-0.023235,0.345734,-0.305424,0.009050,-0.029930,-0.051431,0.035997,0.438897,-0.431979,-0.006628,0.071298,-0.012574,-0.039396,-0.893028,0.457333,-0.328751,-0.271682,-1.397265,-0.028355,-0.204283,-0.870306,-0.187134,0.511223,-0.559783,1.229689,0.195810,0.040219,1
-0.028353,-0.089235,-0.023222,0.345759,-0.305432,0.009065,-0.029921,-0.051422,0.036011,0.438897,-0.431979,-0.006628,0.071312,-0.012544,-0.039406,-0.893040,0.457298,-0.328799,-0.270244,-1.397253,-0.028355,-0.202773,-0.869168,-0.187925,0.511403,-0.559867,1.228239,0.194013,0.040866,1
-0.028353,-0.089252,-0.023222,0.345776,-0.305428,0.009072,-0.029947,-0.051422,0.036011,0.438880,-0.431983,-0.006606,0.071325,-0.012498,-0.039376,-0.893017,0.457310,-0.328799,-0.268902,-1.397277,-0.028367,-0.201251,-0.867993,-0.189255,0.511702,-0.559939,1.226621,0.192239,0.041573,1
-0.028370,-0.089278,-0.023208,0.345785,-0.305428,0.009057,-0.029947,-0.051431,0.036011,0.438889,-0.431987,-0.006613,0.071298,-0.012453,-0.039356,-0.893017,0.457333,-0.328763,-0.267404,-1.397253,-0.028367,-0.199633,-0.866280,-0.190309,0.511978,-0.559975,1.224908,0.190513,0.042352,1
-0.028370,-0.089303,-0.023235,0.345802,-0.305424,0.009036,-0.029938,-0.051448,0.035997,0.438889,-0.431979,-0.006613,0.071312,-0.012376,-0.039296,-0.893028,0.457345,-0.328739,-0.264756,-1.397277,-0.028331,-0.196457,-0.864566,-0.192287,0.512350,-0.559963,1.222331,0.187793,0.043934,1
-0.028362,-0.089312,-0.023222,0.345802,-0.305419,0.009043,-0.029947,-0.051439,0.036011,0.438889,-0.431983,-0.006606,0.071339,-0.012369,-0.039281,-0.893017,0.457321,-0.328739,-0.263833,-1.397241,-0.028307,-0.195619,-0.864135,-0.193090,0.512421,-0.559939,1.221432,0.186738,0.044330,1
-0.028362,-0.089312,-0.023195,0.345819,-0.305419,0.009029,-0.029913,-0.051474,0.035997,0.438897,-0.431979,-0.006613,0.071325,-0.012338,-0.039261,-0.893017,0.457250,-0.328763,-0.262155,-1.397241,-0.028223,-0.193869,-0.863655,-0.194768,0.512541,-0.559963,1.219814,0.183562,0.045085,1
-0.028353,-0.089346,-0.023195,0.345810,-0.305407,0.009036,-0.029887,-0.051474,0.035997,0.438897,-0.431975,-0.006620,0.071339,-0.012247,-0.039231,-0.893005,0.457190,-0.328847,-0.259399,-1.397277,-0.028187,-0.191292,-0.863068,-0.197057,0.512649,-0.559975,1.216411,0.180291,0.046187,1
-0.028345,-0.089363,-0.023181,0.345819,-0.305419,0.009029,-0.029879,-0.051516,0.035984,0.438889,-0.431979,-0.006628,0.071312,-0.012224,-0.039206,-0.893028,0.457142,-0.328931,-0.258068,-1.397241,-0.028187,-0.189614,-0.862469,-0.198399,0.512721,-0.559987,1.214661,0.178038,0.046882,1
-0.028362,-0.089371,-0.023141,0.345827,-0.305407,0.009021,-0.029879,-0.051533,0.035997,0.438889,-0.431987,-0.006613,0.071339,-0.012209,-0.039216,-0.893088,0.457094,-0.329075,-0.256510,-1.397253,-0.028187,-0.187925,-0.861678,-0.199549,0.512757,-0.559963,1.212888,0.175857,0.047589,1
-0.028345,-0.089397,-0.023141,0.345836,-0.305403,0.009014,-0.029904,-0.051593,0.036024,0.438880,-0.431983,-0.006620,0.071339,-0.012224,-0.039206,-0.893124,0.457034,-0.329207,-0.254940,-1.397253,-0.028187,-0.186079,-0.860767,-0.201155,0.512745,-0.559999,1.211030,0.173759,0.048284,1
-0.028353,-0.089406,-0.023195,0.345836,-0.305403,0.009014,-0.029964,-0.051635,0.036038,0.438872,-0.431983,-0.006606,0.071325,-0.012179,-0.039196,-0.893208,0.456986,-0.329315,-0.253275,-1.397253,-0.028175,-0.184162,-0.859161,-0.202330,0.512709,-0.560071,1.209029,0.171590,0.049027,1
-0.028336,-0.089431,-0.023168,0.345836,-0.305403,0.009014,-0.029972,-0.051670,0.036078,0.438880,-0.431979,-0.006613,0.071325,-0.012095,-0.039151,-0.893268,0.456998,-0.329398,-0.251777,-1.397277,-0.028187,-0.182208,-0.858047,-0.203720,0.512625,-0.560155,1.206871,0.169565,0.050106,1
-0.028353,-0.089448,-0.023208,0.345827,-0.305395,0.009000,-0.030006,-0.051704,0.036118,0.438880,-0.431979,-0.006628,0.071339,-0.011989,-0.039091,-0.893268,0.456998,-0.329458,-0.250231,-1.397253,-0.028187,-0.179464,-0.856848,-0.205098,0.512541,-0.560191,1.204678,0.167504,0.050789,1
-0.028345,-0.089474,-0.023208,0.345853,-0.305386,0.009000,-0.030015,-0.051755,0.036145,0.438872,-0.431979,-0.006613,0.071312,-0.011920,-0.039046,-0.893208,0.457046,-0.329458,-0.248505,-1.397265,-0.028199,-0.177762,-0.855662,-0.206440,0.512445,-0.560047,1.202461,0.164448,0.051400,1
-0.028353,-0.089491,-0.023195,0.345870,-0.305378,0.009000,-0.030040,-0.051797,0.036212,0.438880,-0.431979,-0.006613,0.071325,-0.011814,-0.038977,-0.893148,0.457082,-0.329446,-0.246791,-1.397253,-0.028187,-0.176288,-0.854523,-0.207759,0.512386,-0.559855,1.199669,0.162422,0.052012,1
-0.028396,-0.089533,-0.023195,0.345904,-0.305390,0.009007,-0.030083,-0.051857,0.036319,0.438872,-0.431975,-0.006620,0.071339,-0.011738,-0.038927,-0.893148,0.457142,-0.329434,-0.243448,-1.397253,-0.028175,-0.174275,-0.852881,-0.209652,0.512398,-0.559627,1.196853,0.159151,0.052934,1
-0.028370,-0.089559,-0.023155,0.345921,-0.305395,0.009000,-0.030117,-0.051900,0.036386,0.438880,-0.431979,-0.006613,0.071325,-0.011684,-0.038941,-0.893172,0.457118,-0.329470,-0.241962,-1.397253,-0.028175,-0.173100,-0.852258,-0.210611,0.512565,-0.559591,1.195331,0.156802,0.053546,1
-0.028370,-0.089584,-0.023155,0.345938,-0.305395,0.008971,-0.030134,-0.051951,0.036439,0.438880,-0.431979,-0.006613,0.071365,-0.011578,-0.038921,-0.893184,0.457082,-0.329506,-0.240440,-1.397265,-0.028187,-0.171974,-0.851899,-0.211737,0.512745,-0.559567,1.193845,0.154501,0.054109,1
-0.028396,-0.089602,-0.023141,0.345972,-0.305386,0.008971,-0.030168,-0.052002,0.036506,0.438889,-0.431975,-0.006620,0.071352,-0.011441,-0.038920,-0.893124,0.457106,-0.329506,-0.238642,-1.397265,-0.028187,-0.170931,-0.851180,-0.212768,0.513009,-0.559579,1.192382,0.152260,0.054600,1
-0.028370,-0.089602,-0.023141,0.346006,-0.305378,0.008985,-0.030177,-0.052036,0.036600,0.438906,-0.431971,-0.006613,0.071285,-0.011319,-0.038900,-0.893088,0.457178,-0.329518,-0.236688,-1.397265,-0.028187,-0.169433,-0.850341,-0.214110,0.513380,-0.559543,1.190992,0.150102,0.055259,1
-0.028379,-0.089602,-0.023155,0.346040,-0.305370,0.009000,-0.030168,-0.052087,0.036627,0.438897,-0.431975,-0.006606,0.071245,-0.011205,-0.038904,-0.893040,0.457238,-0.329518,-0.234939,-1.397229,-0.028187,-0.168450,-0.849202,-0.215608,0.513800,-0.559388,1.189686,0.147142,0.055631,1
-0.028370,-0.089619,-0.023155,0.346083,-0.305361,0.009014,-0.030168,-0.052121,0.036680,0.438889,-0.431983,-0.006620,0.071178,-0.011122,-0.038908,-0.893028,0.457298,-0.329530,-0.233297,-1.397241,-0.028187,-0.167468,-0.847728,-0.217046,0.514291,-0.559232,1.188416,0.145069,0.055954,1
-0.028379,-0.089627,-0.023141,0.346100,-0.305336,0.009058,-0.030168,-0.052155,0.036761,0.438880,-0.431979,-0.006628,0.071124,-0.011053,-0.038923,-0.893040,0.457345,-0.329566,-0.231727,-1.397229,-0.028199,-0.166497,-0.846482,-0.218413,0.514794,-0.559196,1.186438,0.142960,0.056278,1
-0.028370,-0.089644,-0.023168,0.346143,-0.305320,0.009073,-0.030168,-0.052206,0.036788,0.438880,-0.431975,-0.006620,0.071124,-0.011000,-0.038917,-0.893028,0.457393,-0.329602,-0.229246,-1.397205,-0.028175,-0.165526,-0.846362,-0.219611,0.515358,-0.559208,1.184916,0.140899,0.056566,1
-0.028353,-0.089627,-0.023155,0.346185,-0.305299,0.009095,-0.030168,-0.052249,0.036814,0.438889,-0.431971,-0.006613,0.071071,-0.010970,-0.038907,-0.893028,0.457405,-0.329602,-0.227281,-1.397193,-0.028187,-0.164531,-0.846925,-0.220809,0.516113,-0.559220,1.183203,0.138933,0.056817,1
-0.028370,-0.089661,-0.023181,0.346211,-0.305282,0.009124,-0.030168,-0.052343,0.036828,0.438889,-0.431979,-0.006599,0.071057,-0.010917,-0.038892,-0.893040,0.457441,-0.329614,-0.225220,-1.397181,-0.028151,-0.163513,-0.847596,-0.222823,0.516520,-0.559268,1.181465,0.136956,0.057021,1
-0.028370,-0.089670,-0.023181,0.346245,-0.305266,0.009153,-0.030126,-0.052420,0.036868,0.438889,-0.431979,-0.006599,0.071071,-0.010848,-0.038857,-0.893040,0.457453,-0.329698,-0.222751,-1.397205,-0.028115,-0.162206,-0.848663,-0.225016,0.516916,-0.559424,1.178780,0.134008,0.057189,1
-0.028353,-0.089670,-0.023155,0.346279,-0.305253,0.009175,-0.030126,-0.052437,0.036868,0.438889,-0.431991,-0.006620,0.071057,-0.010833,-0.038857,-0.893028,0.457453,-0.329758,-0.221301,-1.397205,-0.028127,-0.161188,-0.848939,-0.226226,0.517047,-0.559603,1.176827,0.132258,0.057261,1
-0.028362,-0.089678,-0.023141,0.346347,-0.305241,0.009211,-0.030134,-0.052488,0.036881,0.438897,-0.431987,-0.006613,0.071057,-0.010810,-0.038852,-0.893040,0.457429,-0.329842,-0.219587,-1.397205,-0.028127,-0.160505,-0.848951,-0.227245,0.517119,-0.559819,1.174909,0.129825,0.057297,1
-0.028370,-0.089695,-0.023141,0.346373,-0.305228,0.009218,-0.030143,-0.052573,0.036895,0.438880,-0.431987,-0.006613,0.071057,-0.010795,-0.038852,-0.893052,0.457417,-0.329938,-0.217574,-1.397205,-0.028115,-0.159882,-0.848555,-0.228252,0.517155,-0.560143,1.172884,0.128471,0.057345,1
-0.028370,-0.089704,-0.023141,0.346398,-0.305212,0.009247,-0.030143,-0.052624,0.036895,0.438863,-0.431975,-0.006606,0.071057,-0.010765,-0.038852,-0.893052,0.457393,-0.330058,-0.215488,-1.397181,-0.028127,-0.159210,-0.847716,-0.229318,0.517119,-0.560514,1.169708,0.127296,0.057357,1
-0.028379,-0.089721,-0.023141,0.346467,-0.305208,0.009255,-0.030143,-0.052684,0.036935,0.438889,-0.431983,-0.006606,0.071071,-0.010772,-0.038867,-0.893040,0.457357,-0.330189,-0.212732,-1.397157,-0.028139,-0.158707,-0.846386,-0.230708,0.517071,-0.561077,1.167707,0.126338,0.057380,1
-0.028370,-0.089729,-0.023155,0.346509,-0.305195,0.009276,-0.030143,-0.052752,0.036935,0.438880,-0.431979,-0.006599,0.071044,-0.010757,-0.038857,-0.893040,0.457298,-0.330333,-0.210958,-1.397157,-0.028127,-0.158192,-0.844409,-0.232374,0.516868,-0.561485,1.165753,0.125583,0.057368,1
-0.028379,-0.089763,-0.023155,0.346586,-0.305178,0.009306,-0.030134,-0.052888,0.036935,0.438889,-0.431979,-0.006599,0.071057,-0.010711,-0.038847,-0.893040,0.457310,-0.330441,-0.208070,-1.397109,-0.028139,-0.157497,-0.840861,-0.235909,0.516472,-0.562216,1.162650,0.124744,0.057321,1
-0.028396,-0.089806,-0.023155,0.346611,-0.305170,0.009320,-0.030126,-0.052965,0.036935,0.438889,-0.431983,-0.006606,0.071071,-0.010719,-0.038852,-0.893040,0.457310,-0.330465,-0.205973,-1.397097,-0.028091,-0.157041,-0.837434,-0.237515,0.516005,-0.562731,1.160720,0.124312,0.057309,1
-0.028387,-0.089823,-0.023114,0.346654,-0.305162,0.009320,-0.030143,-0.053033,0.036948,0.438889,-0.431983,-0.006606,0.071084,-0.010688,-0.038851,-0.893040,0.457298,-0.330501,-0.204079,-1.397037,-0.028103,-0.156670,-0.835552,-0.239013,0.515382,-0.563259,1.158719,0.123917,0.057345,1
-0.028370,-0.089849,-0.023114,0.346697,-0.305158,0.009342,-0.030134,-0.053127,0.036948,0.438880,-0.431975,-0.006620,0.071071,-0.010696,-0.038847,-0.893052,0.457298,-0.330525,-0.202378,-1.397049,-0.028139,-0.156178,-0.833767,-0.240212,0.514770,-0.563774,1.156861,0.123641,0.057428,1
-0.028379,-0.089874,-0.023074,0.346739,-0.305141,0.009342,-0.030160,-0.053178,0.036948,0.438872,-0.431975,-0.006606,0.071071,-0.010704,-0.038842,-0.893052,0.457286,-0.330561,-0.200544,-1.397037,-0.028127,-0.155915,-0.832161,-0.241386,0.514255,-0.564277,1.155255,0.123354,0.057632,1
-0.028379,-0.089900,-0.023007,0.346765,-0.305149,0.009357,-0.030160,-0.053255,0.036935,0.438880,-0.431975,-0.006606,0.071057,-0.010688,-0.038851,-0.893052,0.457286,-0.330585,-0.198447,-1.397001,-0.028151,-0.155639,-0.830830,-0.242549,0.513752,-0.564733,1.152894,0.123294,0.057884,1
-0.028379,-0.089908,-0.022980,0.346799,-0.305141,0.009371,-0.030143,-0.053323,0.036935,0.438880,-0.431983,-0.006606,0.070990,-0.010704,-0.038852,-0.893052,0.457286,-0.330585,-0.195415,-1.396953,-0.028103,-0.155387,-0.829644,-0.243795,0.513272,-0.565404,1.151348,0.123258,0.058255,1
-0.028370,-0.089934,-0.022954,0.346842,-0.305145,0.009364,-0.030160,-0.053400,0.036948,0.438880,-0.431975,-0.006620,0.070910,-0.010704,-0.038852,-0.893052,0.457286,-0.330573,-0.193629,-1.396929,-0.028127,-0.155208,-0.828541,-0.245125,0.512362,-0.565847,1.149946,0.123210,0.058759,1
-0.028396,-0.089951,-0.022980,0.346884,-0.305133,0.009386,-0.030126,-0.053519,0.036948,0.438880,-0.431975,-0.006606,0.070830,-0.010673,-0.038841,-0.893052,0.457369,-0.330585,-0.191088,-1.396869,-0.028151,-0.154920,-0.826959,-0.247702,0.511187,-0.566482,1.148185,0.123102,0.059669,1
-0.028387,-0.089951,-0.022954,0.346884,-0.305133,0.009371,-0.030117,-0.053527,0.036935,0.438880,-0.431975,-0.006620,0.070776,-0.010666,-0.038837,-0.893028,0.457393,-0.330609,-0.190190,-1.396869,-0.028139,-0.154812,-0.826432,-0.248373,0.510756,-0.566674,1.147729,0.123054,0.059969,1
-0.028387,-0.089976,-0.022914,0.346901,-0.305129,0.009393,-0.030109,-0.053630,0.036948,0.438880,-0.431979,-0.006613,0.070723,-0.010711,-0.038847,-0.893052,0.457405,-0.330585,-0.188248,-1.396869,-0.028139,-0.154525,-0.825461,-0.249548,0.509773,-0.567070,1.146878,0.122910,0.060628,1
-0.028379,-0.089968,-0.022900,0.346901,-0.305124,0.009400,-0.030126,-0.053749,0.036948,0.438889,-0.431975,-0.006620,0.070696,-0.010734,-0.038871,-0.893052,0.457441,-0.330573,-0.185024,-1.396857,-0.028139,-0.153997,-0.824850,-0.251237,0.508395,-0.567549,1.145908,0.122718,0.062126,1
-0.028379,-0.089985,-0.022940,0.346893,-0.305129,0.009407,-0.030134,-0.053817,0.036948,0.438889,-0.431979,-0.006613,0.070709,-0.010742,-0.038886,-0.893052,0.457405,-0.330609,-0.183323,-1.396833,-0.028127,-0.153889,-0.824203,-0.252532,0.507592,-0.567861,1.145404,0.122599,0.063169,1
-0.028362,-0.089985,-0.022940,0.346901,-0.305116,0.009415,-0.030126,-0.053902,0.036948,0.438889,-0.431975,-0.006620,0.070682,-0.010719,-0.038871,-0.893052,0.457381,-0.330657,-0.181765,-1.396809,-0.028163,-0.153853,-0.823244,-0.253850,0.506873,-0.568208,1.144841,0.122563,0.064379,1
-0.028387,-0.089968,-0.022914,0.346918,-0.305104,0.009437,-0.030100,-0.053971,0.036948,0.438889,-0.431975,-0.006606,0.070682,-0.010719,-0.038862,-0.893028,0.457345,-0.330669,-0.179116,-1.396785,-0.028187,-0.153865,-0.821950,-0.255228,0.506202,-0.568747,1.144542,0.122563,0.065710,1
-0.028379,-0.089976,-0.022927,0.346918,-0.305099,0.009444,-0.030083,-0.054030,0.036935,0.438880,-0.431979,-0.006613,0.070682,-0.010696,-0.038856,-0.893052,0.457298,-0.330693,-0.177115,-1.396726,-0.028259,-0.153853,-0.820464,-0.256570,0.505351,-0.569059,1.144266,0.122575,0.066920,1
-0.028387,-0.089976,-0.022914,0.346927,-0.305095,0.009451,-0.030066,-0.054124,0.036935,0.438880,-0.431979,-0.006613,0.070669,-0.010673,-0.038851,-0.893052,0.457298,-0.330705,-0.175090,-1.396713,-0.028307,-0.153865,-0.818918,-0.258464,0.504057,-0.569359,1.144062,0.122575,0.068118,1
-0.028387,-0.089994,-0.022914,0.346961,-0.305099,0.009444,-0.030058,-0.054184,0.036948,0.438906,-0.431979,-0.006613,0.070642,-0.010681,-0.038846,-0.893052,0.457298,-0.330717,-0.173208,-1.396690,-0.028331,-0.153853,-0.817624,-0.259818,0.503110,-0.569634,1.143858,0.122563,0.069233,1
-0.028379,-0.089985,-0.022887,0.346969,-0.305099,0.009444,-0.030032,-0.054260,0.036935,0.438906,-0.431979,-0.006613,0.070602,-0.010666,-0.038846,-0.893028,0.457298,-0.330753,-0.171374,-1.396666,-0.028415,-0.153853,-0.816341,-0.261208,0.502151,-0.569898,1.143691,0.122575,0.070299,1
-0.028379,-0.089985,-0.022900,0.346986,-0.305091,0.009458,-0.030040,-0.054328,0.036935,0.438949,-0.431971,-0.006599,0.070575,-0.010681,-0.038856,-0.893040,0.457298,-0.330753,-0.169529,-1.396642,-0.028487,-0.153853,-0.815862,-0.262886,0.501144,-0.570233,1.143535,0.122539,0.071450,1
-0.028370,-0.089976,-0.022887,0.347021,-0.305095,0.009451,-0.030075,-0.054448,0.036948,0.438991,-0.431975,-0.006620,0.070549,-0.010681,-0.038876,-0.893052,0.457321,-0.330753,-0.166677,-1.396570,-0.028630,-0.153841,-0.815179,-0.265067,0.499682,-0.570749,1.143343,0.122311,0.073655,1
-0.028387,-0.089976,-0.022873,0.347012,-0.305087,0.009466,-0.030100,-0.054507,0.036935,0.439017,-0.431971,-0.006599,0.070562,-0.010688,-0.038861,-0.893064,0.457298,-0.330777,-0.164927,-1.396546,-0.028714,-0.153853,-0.814412,-0.266230,0.498783,-0.571144,1.143151,0.122119,0.074650,1
-0.028379,-0.089968,-0.022887,0.347038,-0.305075,0.009458,-0.030100,-0.054593,0.036948,0.439042,-0.431971,-0.006599,0.070562,-0.010681,-0.038876,-0.893076,0.457310,-0.330765,-0.163297,-1.396510,-0.028810,-0.153841,-0.813321,-0.267236,0.497969,-0.571540,1.143043,0.121999,0.075632,1
-0.028370,-0.089968,-0.022873,0.347046,-0.305079,0.009480,-0.030109,-0.054678,0.036948,0.439111,-0.431967,-0.006606,0.070549,-0.010681,-0.038866,-0.893052,0.457333,-0.330729,-0.160517,-1.396474,-0.028894,-0.153841,-0.812015,-0.268267,0.497297,-0.572067,1.142972,0.121975,0.076543,1
-0.028370,-0.089968,-0.022887,0.347038,-0.305075,0.009487,-0.030117,-0.054763,0.036935,0.439153,-0.431979,-0.006613,0.070508,-0.010688,-0.038861,-0.893052,0.457405,-0.330657,-0.158539,-1.396462,-0.028978,-0.153853,-0.810781,-0.269501,0.496327,-0.572450,1.142912,0.121951,0.077418,1
-0.028379,-0.089976,-0.022887,0.347038,-0.305066,0.009502,-0.030126,-0.054899,0.036935,0.439187,-0.431971,-0.006599,0.070468,-0.010688,-0.038861,-0.893028,0.457573,-0.330609,-0.156634,-1.396438,-0.029074,-0.153818,-0.809594,-0.271598,0.495620,-0.572822,1.142852,0.121999,0.078245,1
-0.028387,-0.089959,-0.022900,0.347046,-0.305066,0.009502,-0.030160,-0.054976,0.036935,0.439221,-0.431975,-0.006606,0.070441,-0.010666,-0.038866,-0.893040,0.457609,-0.330561,-0.154944,-1.396426,-0.029146,-0.153794,-0.808168,-0.273252,0.494745,-0.573241,1.142792,0.122083,0.079180,1
-0.028370,-0.089994,-0.022887,0.347055,-0.305045,0.009524,-0.030160,-0.055053,0.036935,0.439281,-0.431967,-0.006606,0.070321,-0.010688,-0.038861,-0.893052,0.457657,-0.330501,-0.152703,-1.396354,-0.029277,-0.153794,-0.807018,-0.275745,0.493403,-0.573817,1.142732,0.122107,0.081061,1
-0.028370,-0.089976,-0.022887,0.347063,-0.305050,0.009531,-0.030185,-0.055087,0.036935,0.439307,-0.431971,-0.006599,0.070321,-0.010688,-0.038861,-0.893052,0.457669,-0.330477,-0.152008,-1.396330,-0.029409,-0.153770,-0.806730,-0.276524,0.492947,-0.574032,1.142708,0.122119,0.081553,1
-0.028370,-0.089985,-0.022887,0.347072,-0.305041,0.009546,-0.030194,-0.055155,0.036948,0.439349,-0.431971,-0.006599,0.070321,-0.010666,-0.038866,-0.893052,0.457765,-0.330417,-0.150426,-1.396294,-0.029541,-0.153698,-0.806179,-0.278070,0.492060,-0.574392,1.142684,0.122107,0.082451,1
-0.028362,-0.089985,-0.022900,0.347072,-0.305020,0.009582,-0.030177,-0.055240,0.036948,0.439375,-0.431967,-0.006606,0.070267,-0.010666,-0.038876,-0.893017,0.457957,-0.330249,-0.146915,-1.396294,-0.029721,-0.153422,-0.805172,-0.280527,0.490742,-0.574859,1.142624,0.122095,0.083674,1
-0.028379,-0.089985,-0.022847,0.347063,-0.305020,0.009611,-0.030185,-0.055309,0.036935,0.439392,-0.431964,-0.006599,0.070254,-0.010673,-0.038871,-0.893028,0.458100,-0.330105,-0.145261,-1.396282,-0.029841,-0.153254,-0.804142,-0.282336,0.489915,-0.575039,1.142600,0.122059,0.084585,1
-0.028370,-0.089968,-0.022873,0.347055,-0.305008,0.009604,-0.030168,-0.055360,0.036948,0.439417,-0.431964,-0.006584,0.070227,-0.010673,-0.038861,-0.893028,0.458172,-0.330046,-0.143919,-1.396282,-0.029997,-0.153182,-0.803027,-0.284158,0.488705,-0.575303,1.142588,0.122023,0.085507,1
-0.028379,-0.089968,-0.022873,0.347072,-0.304991,0.009619,-0.030177,-0.055462,0.036935,0.439434,-0.431964,-0.006599,0.070227,-0.010673,-0.038861,-0.893052,0.458196,-0.330034,-0.142708,-1.396294,-0.030176,-0.153170,-0.802164,-0.286591,0.487950,-0.575614,1.142564,0.122011,0.086550,1
-0.028362,-0.089968,-0.022873,0.347055,-0.304995,0.009640,-0.030177,-0.055513,0.036948,0.439434,-0.431967,-0.006592,0.070267,-0.010681,-0.038866,-0.893088,0.458184,-0.330046,-0.141162,-1.396282,-0.030392,-0.153158,-0.802092,-0.287885,0.487279,-0.575998,1.142540,0.122011,0.087629,1
-0.028362,-0.089934,-0.022847,0.347063,-0.304987,0.009611,-0.030160,-0.055539,0.036948,0.439434,-0.431960,-0.006592,0.070294,-0.010681,-0.038866,-0.893172,0.458184,-0.330058,-0.139460,-1.396282,-0.030608,-0.153158,-0.802572,-0.289335,0.486572,-0.576369,1.142516,0.122023,0.088647,1
-0.028362,-0.089959,-0.022860,0.347055,-0.304979,0.009597,-0.030168,-0.055590,0.036935,0.439451,-0.431964,-0.006584,0.070321,-0.010681,-0.038866,-0.893184,0.458184,-0.330046,-0.137699,-1.396270,-0.030859,-0.153158,-0.803183,-0.290929,0.485769,-0.576669,1.142504,0.122023,0.090073,1
-0.028379,-0.089968,-0.022873,0.347072,-0.304983,0.009619,-0.030177,-0.055658,0.036948,0.439434,-0.431968,-0.006577,0.070361,-0.010658,-0.038861,-0.893232,0.458184,-0.330022,-0.135997,-1.396258,-0.031243,-0.153146,-0.803830,-0.292655,0.484882,-0.576933,1.142516,0.122059,0.090984,1
-0.028362,-0.089968,-0.022873,0.347097,-0.304962,0.009611,-0.030194,-0.055701,0.036935,0.439409,-0.431964,-0.006599,0.070374,-0.010681,-0.038856,-0.893256,0.458184,-0.329974,-0.133708,-1.396258,-0.031566,-0.153146,-0.804741,-0.295171,0.483360,-0.577268,1.142516,0.121987,0.092386,1
-0.028370,-0.089976,-0.022847,0.347097,-0.304950,0.009590,-0.030202,-0.055752,0.036935,0.439417,-0.431960,-0.006592,0.070428,-0.010673,-0.038871,-0.893268,0.458184,-0.329938,-0.131551,-1.396258,-0.031770,-0.153134,-0.804956,-0.296741,0.482401,-0.577652,1.142480,0.121808,0.093285,1
-0.028370,-0.089976,-0.022833,0.347106,-0.304946,0.009597,-0.030185,-0.055794,0.036948,0.439417,-0.431971,-0.006599,0.070482,-0.010673,-0.038861,-0.893268,0.458172,-0.329878,-0.130053,-1.396234,-0.031986,-0.153146,-0.804753,-0.298323,0.481167,-0.577903,1.142456,0.121616,0.094124,1
-0.028387,-0.089968,-0.022833,0.347097,-0.304937,0.009612,-0.030177,-0.055854,0.036935,0.439392,-0.431964,-0.006599,0.070508,-0.010658,-0.038861,-0.893268,0.458184,-0.329770,-0.128375,-1.396198,-0.032226,-0.153134,-0.804046,-0.300816,0.480484,-0.578107,1.142408,0.121388,0.094939,1
-0.028404,-0.089968,-0.022793,0.347097,-0.304933,0.009604,-0.030151,-0.055905,0.036935,0.439375,-0.431971,-0.006599,0.070562,-0.010650,-0.038876,-0.893292,0.458196,-0.329650,-0.127009,-1.396174,-0.032453,-0.153146,-0.801553,-0.302674,0.479848,-0.578287,1.142360,0.121137,0.095646,1
-0.028387,-0.089976,-0.022793,0.347097,-0.304929,0.009597,-0.030109,-0.055939,0.036935,0.439332,-0.431967,-0.006592,0.070589,-0.010650,-0.038866,-0.893292,0.458196,-0.329506,-0.125822,-1.396114,-0.032633,-0.153146,-0.799528,-0.304351,0.479285,-0.578491,1.142336,0.120825,0.096269,1
-0.028404,-0.089968,-0.022793,0.347106,-0.304925,0.009590,-0.030126,-0.055982,0.036935,0.439289,-0.431964,-0.006599,0.070629,-0.010643,-0.038871,-0.893268,0.458208,-0.329350,-0.124708,-1.396078,-0.032789,-0.153146,-0.797646,-0.305861,0.478698,-0.578706,1.142312,0.120453,0.097024,1
-0.028413,-0.089959,-0.022820,0.347097,-0.304913,0.009568,-0.030117,-0.056041,0.036921,0.439264,-0.431968,-0.006577,0.070629,-0.010658,-0.038881,-0.893148,0.458256,-0.329195,-0.123581,-1.396030,-0.032921,-0.153146,-0.796040,-0.307323,0.478111,-0.578922,1.142276,0.119938,0.097408,1
-0.028421,-0.089968,-0.022806,0.347097,-0.304909,0.009576,-0.030160,-0.056067,0.036921,0.439255,-0.431975,-0.006591,0.070656,-0.010658,-0.038881,-0.893028,0.458292,-0.328991,-0.122335,-1.395994,-0.033088,-0.153134,-0.794482,-0.309097,0.477499,-0.579102,1.142252,0.119651,0.097743,1
-0.028421,-0.089968,-0.022780,0.347089,-0.304900,0.009561,-0.030202,-0.056127,0.036935,0.439264,-0.431971,-0.006599,0.070669,-0.010658,-0.038881,-0.892897,0.458292,-0.328775,-0.120214,-1.395899,-0.033184,-0.153146,-0.792948,-0.311290,0.476948,-0.579293,1.142252,0.119399,0.098007,1
-0.028438,-0.089968,-0.022766,0.347089,-0.304892,0.009547,-0.030211,-0.056178,0.036935,0.439264,-0.431964,-0.006599,0.070642,-0.010658,-0.038891,-0.892777,0.458316,-0.328500,-0.118632,-1.395839,-0.033304,-0.153134,-0.791402,-0.313507,0.476481,-0.579449,1.142228,0.119279,0.098343,1
-0.028438,-0.089968,-0.022766,0.347097,-0.304888,0.009554,-0.030236,-0.056220,0.036921,0.439264,-0.431975,-0.006591,0.070642,-0.010658,-0.038891,-0.892645,0.458364,-0.328092,-0.117206,-1.395779,-0.033400,-0.153170,-0.790048,-0.315497,0.475942,-0.579653,1.142228,0.119231,0.098582,1
-0.028455,-0.089968,-0.022739,0.347097,-0.304880,0.009540,-0.030219,-0.056306,0.036935,0.439230,-0.431971,-0.006599,0.070642,-0.010650,-0.038886,-0.892393,0.458592,-0.327577,-0.115144,-1.395755,-0.033508,-0.153110,-0.788562,-0.318780,0.475306,-0.579893,1.142228,0.119267,0.098954,1
-0.028481,-0.089968,-0.022726,0.347097,-0.304871,0.009511,-0.030228,-0.056357,0.036935,0.439238,-0.431971,-0.006599,0.070602,-0.010651,-0.038896,-0.892046,0.458748,-0.327241,-0.113874,-1.395743,-0.033484,-0.152943,-0.787483,-0.320566,0.474719,-0.579989,1.142241,0.119339,0.099157,1
-0.028498,-0.089968,-0.022726,0.347089,-0.304859,0.009503,-0.030219,-0.056399,0.036948,0.439247,-0.431975,-0.006591,0.070602,-0.010643,-0.038881,-0.891818,0.458879,-0.326918,-0.112700,-1.395683,-0.033520,-0.152715,-0.786932,-0.322543,0.474036,-0.580049,1.142205,0.119459,0.099421,1
-0.028541,-0.089968,-0.022699,0.347106,-0.304846,0.009511,-0.030245,-0.056425,0.036962,0.439238,-0.431975,-0.006591,0.070602,-0.010643,-0.038881,-0.891590,0.459035,-0.326582,-0.111753,-1.395611,-0.033592,-0.152679,-0.786405,-0.324569,0.473209,-0.580060,1.142217,0.119627,0.099553,1
-0.028583,-0.089968,-0.022699,0.347097,-0.304838,0.009511,-0.030262,-0.056442,0.036988,0.439238,-0.431975,-0.006591,0.070602,-0.010650,-0.038886,-0.891423,0.459179,-0.326247,-0.111046,-1.395539,-0.033796,-0.152691,-0.785890,-0.326318,0.472382,-0.580060,1.142192,0.119662,0.099685,1
-0.028600,-0.089968,-0.022713,0.347106,-0.304818,0.009504,-0.030262,-0.056476,0.037029,0.439221,-0.431971,-0.006599,0.070602,-0.010635,-0.038886,-0.891195,0.459311,-0.325935,-0.110339,-1.395443,-0.033915,-0.152679,-0.785494,-0.327864,0.471639,-0.580072,1.142169,0.119662,0.099817,1
-0.028617,-0.089976,-0.022686,0.347114,-0.304818,0.009504,-0.030262,-0.056510,0.037029,0.439255,-0.431964,-0.006584,0.070589,-0.010635,-0.038886,-0.890979,0.459479,-0.325659,-0.108985,-1.395383,-0.033963,-0.152703,-0.785159,-0.329566,0.470956,-0.580049,1.142192,0.119615,0.100008,1
-0.028626,-0.089968,-0.022659,0.347089,-0.304805,0.009526,-0.030271,-0.056493,0.037055,0.439264,-0.431967,-0.006606,0.070562,-0.010651,-0.038896,-0.890680,0.459634,-0.325480,-0.107858,-1.395335,-0.033999,-0.152703,-0.784751,-0.331484,0.470201,-0.580037,1.142192,0.119627,0.100248,1
-0.028626,-0.089976,-0.022659,0.347114,-0.304797,0.009526,-0.030254,-0.056510,0.037109,0.439272,-0.431967,-0.006606,0.070468,-0.010635,-0.038896,-0.890224,0.460018,-0.325516,-0.105845,-1.395335,-0.033963,-0.152355,-0.783972,-0.335367,0.469698,-0.580025,1.142181,0.119615,0.100608,1
-0.028617,-0.089968,-0.022672,0.347114,-0.304780,0.009540,-0.030245,-0.056519,0.037149,0.439264,-0.431971,-0.006599,0.070415,-0.010620,-0.038895,-0.889805,0.460186,-0.325611,-0.104622,-1.395323,-0.033939,-0.152068,-0.783361,-0.336948,0.469338,-0.580025,1.142145,0.119639,0.100811,1
-0.028617,-0.089976,-0.022672,0.347080,-0.304768,0.009533,-0.030211,-0.056527,0.037189,0.439247,-0.431971,-0.006599,0.070388,-0.010612,-0.038900,-0.889601,0.460377,-0.325803,-0.103628,-1.395311,-0.033915,-0.151888,-0.783133,-0.338494,0.468835,-0.580049,1.142097,0.119591,0.100991,1
-0.028617,-0.089968,-0.022672,0.347106,-0.304747,0.009555,-0.030194,-0.056561,0.037243,0.439238,-0.431967,-0.006592,0.070374,-0.010605,-0.038905,-0.889409,0.460521,-0.325983,-0.103112,-1.395263,-0.033963,-0.151828,-0.782834,-0.340292,0.468176,-0.580060,1.142037,0.119195,0.101243,1
-0.028609,-0.089985,-0.022713,0.347097,-0.304714,0.009555,-0.030194,-0.056578,0.037256,0.439247,-0.431967,-0.006592,0.070361,-0.010620,-0.038925,-0.889277,0.460665,-0.326247,-0.102597,-1.395227,-0.034011,-0.151840,-0.782510,-0.342425,0.467433,-0.580060,1.142001,0.118896,0.101470,1
-0.028634,-0.089968,-0.022686,0.347106,-0.304697,0.009599,-0.030194,-0.056587,0.037310,0.439247,-0.431964,-0.006584,0.070361,-0.010613,-0.038940,-0.889158,0.460785,-0.326534,-0.101818,-1.395192,-0.034071,-0.151816,-0.782115,-0.344487,0.466786,-0.580060,1.141941,0.118788,0.101734,1
-0.028668,-0.089976,-0.022726,0.347106,-0.304681,0.009613,-0.030185,-0.056595,0.037363,0.439264,-0.431971,-0.006613,0.070388,-0.010658,-0.038970,-0.889014,0.460893,-0.326798,-0.100152,-1.395180,-0.034143,-0.151828,-0.781683,-0.346128,0.466570,-0.580049,1.141965,0.118776,0.102034,1
-0.028702,-0.089968,-0.022739,0.347106,-0.304660,0.009621,-0.030177,-0.056621,0.037417,0.439307,-0.431967,-0.006592,0.070348,-0.010658,-0.038980,-0.888714,0.461144,-0.327349,-0.098211,-1.395156,-0.034239,-0.151876,-0.780916,-0.348393,0.466462,-0.579941,1.142145,0.118800,0.102417,1
-0.028720,-0.089959,-0.022726,0.347114,-0.304652,0.009621,-0.030177,-0.056638,0.037430,0.439332,-0.431971,-0.006599,0.070348,-0.010635,-0.038994,-0.888582,0.461324,-0.327445,-0.097540,-1.395144,-0.034227,-0.151888,-0.780628,-0.350167,0.466342,-0.579869,1.142241,0.118800,0.102561,1
-0.028728,-0.089951,-0.022739,0.347114,-0.304639,0.009628,-0.030177,-0.056655,0.037457,0.439366,-0.431971,-0.006599,0.070294,-0.010643,-0.038980,-0.888355,0.461492,-0.327637,-0.096185,-1.395108,-0.034179,-0.151852,-0.780101,-0.352025,0.466078,-0.579737,1.142420,0.118800,0.102825,1
-0.028720,-0.089959,-0.022753,0.347140,-0.304618,0.009650,-0.030151,-0.056638,0.037497,0.439426,-0.431967,-0.006592,0.070267,-0.010628,-0.038979,-0.887887,0.461660,-0.327661,-0.094472,-1.395048,-0.033951,-0.151780,-0.779166,-0.354889,0.465407,-0.579533,1.142696,0.118800,0.103196,1
-0.028728,-0.089951,-0.022753,0.347157,-0.304606,0.009643,-0.030117,-0.056646,0.037537,0.439434,-0.431967,-0.006592,0.070214,-0.010643,-0.038989,-0.887660,0.461780,-0.327421,-0.093729,-1.394976,-0.033819,-0.151768,-0.778663,-0.356651,0.464820,-0.579389,1.142816,0.118764,0.103520,1
-0.028745,-0.089959,-0.022753,0.347157,-0.304610,0.009665,-0.030100,-0.056681,0.037564,0.439460,-0.431964,-0.006599,0.070227,-0.010643,-0.038999,-0.887432,0.461971,-0.326798,-0.093105,-1.394916,-0.033748,-0.151792,-0.778160,-0.358352,0.464173,-0.579234,1.142816,0.118692,0.103699,1
-0.028737,-0.089985,-0.022753,0.347182,-0.304598,0.009657,-0.030092,-0.056706,0.037564,0.439477,-0.431963,-0.006613,0.070214,-0.010681,-0.039014,-0.887204,0.462199,-0.325707,-0.092506,-1.394880,-0.033724,-0.151780,-0.777656,-0.360162,0.463454,-0.579018,1.142456,0.118680,0.103891,1
-0.028754,-0.090002,-0.022780,0.347225,-0.304589,0.009657,-0.030075,-0.056732,0.037578,0.439503,-0.431967,-0.006606,0.070214,-0.010704,-0.039039,-0.886976,0.462463,-0.324233,-0.091811,-1.394868,-0.033724,-0.151816,-0.777261,-0.362175,0.462735,-0.578646,1.142001,0.118776,0.104071,1
-0.028779,-0.090019,-0.022766,0.347242,-0.304585,0.009650,-0.030058,-0.056740,0.037604,0.439528,-0.431967,-0.006606,0.070214,-0.010727,-0.039064,-0.886713,0.462654,-0.322160,-0.090649,-1.394892,-0.033724,-0.151768,-0.776853,-0.364093,0.461632,-0.578467,1.141282,0.118884,0.104239,1
-0.028805,-0.090045,-0.022793,0.347276,-0.304577,0.009636,-0.030049,-0.056757,0.037618,0.439545,-0.431971,-0.006599,0.070200,-0.010765,-0.039079,-0.886413,0.462834,-0.321081,-0.089702,-1.394904,-0.033724,-0.151756,-0.776434,-0.365795,0.460937,-0.578347,1.140335,0.118955,0.104407,1
-0.028813,-0.090079,-0.022780,0.347310,-0.304577,0.009636,-0.030032,-0.056800,0.037671,0.439562,-0.431967,-0.006592,0.070214,-0.010803,-0.039124,-0.886114,0.463110,-0.320278,-0.088695,-1.394916,-0.033724,-0.151768,-0.775991,-0.367940,0.460206,-0.578203,1.138981,0.118967,0.104502,1
-0.028788,-0.090113,-0.022780,0.347336,-0.304573,0.009629,-0.029998,-0.056791,0.037671,0.439605,-0.431967,-0.006592,0.070214,-0.010886,-0.039169,-0.885706,0.463385,-0.319308,-0.087293,-1.394892,-0.033748,-0.151780,-0.774756,-0.370193,0.458984,-0.578011,1.136572,0.118979,0.104610,1
-0.028805,-0.090121,-0.022793,0.347344,-0.304569,0.009636,-0.029972,-0.056783,0.037685,0.439622,-0.431968,-0.006577,0.070214,-0.010947,-0.039218,-0.885478,0.463577,-0.318816,-0.086466,-1.394880,-0.033760,-0.151816,-0.773989,-0.371954,0.458025,-0.577855,1.134762,0.118991,0.104730,1
-0.028813,-0.090138,-0.022793,0.347370,-0.304573,0.009643,-0.029947,-0.056800,0.037698,0.439630,-0.431975,-0.006591,0.070240,-0.011016,-0.039263,-0.885191,0.463769,-0.318421,-0.085663,-1.394868,-0.033772,-0.151804,-0.773150,-0.373692,0.456935,-0.577736,1.132665,0.118955,0.104826,1
-0.028805,-0.090147,-0.022766,0.347404,-0.304573,0.009629,-0.029930,-0.056808,0.037698,0.439647,-0.431971,-0.006599,0.070321,-0.011099,-0.039318,-0.884843,0.463997,-0.318097,-0.084728,-1.394880,-0.033760,-0.151792,-0.772527,-0.375574,0.455652,-0.577688,1.129429,0.118943,0.104898,1
-0.028813,-0.090164,-0.022753,0.347430,-0.304569,0.009636,-0.029896,-0.056800,0.037685,0.439664,-0.431971,-0.006599,0.070374,-0.011198,-0.039383,-0.884496,0.464200,-0.317798,-0.083878,-1.394880,-0.033736,-0.151732,-0.772359,-0.377419,0.454334,-0.577640,1.127260,0.119003,0.104970,1
-0.028788,-0.090173,-0.022766,0.347464,-0.304569,0.009650,-0.029887,-0.056791,0.037685,0.439639,-0.431971,-0.006599,0.070495,-0.011290,-0.039462,-0.884208,0.464356,-0.317486,-0.082751,-1.394880,-0.033724,-0.151684,-0.772299,-0.379145,0.453088,-0.577556,1.125199,0.119051,0.105042,1
-0.028779,-0.090173,-0.022793,0.347472,-0.304573,0.009629,-0.029853,-0.056800,0.037698,0.439639,-0.431971,-0.006599,0.070615,-0.011396,-0.039562,-0.883968,0.464512,-0.316971,-0.082188,-1.394880,-0.033712,-0.151660,-0.772240,-0.380799,0.451242,-0.577484,1.123497,0.118967,0.105078,1
-0.028805,-0.090190,-0.022793,0.347481,-0.304569,0.009621,-0.029844,-0.056817,0.037685,0.439622,-0.431979,-0.006599,0.070749,-0.011548,-0.039661,-0.883741,0.464680,-0.316515,-0.081661,-1.394892,-0.033700,-0.151660,-0.771928,-0.382944,0.450151,-0.577460,1.121783,0.118860,0.105054,1
-0.028847,-0.090198,-0.022793,0.347489,-0.304573,0.009643,-0.029853,-0.056825,0.037698,0.439639,-0.431975,-0.006606,0.070843,-0.011617,-0.039706,-0.883441,0.464764,-0.315976,-0.080989,-1.394892,-0.033700,-0.151636,-0.771053,-0.384358,0.449133,-0.577448,1.119926,0.118764,0.105090,1
-0.028873,-0.090232,-0.022793,0.347506,-0.304585,0.009621,-0.029853,-0.056825,0.037725,0.439656,-0.431971,-0.006613,0.070964,-0.011670,-0.039751,-0.882962,0.464848,-0.315341,-0.080318,-1.394892,-0.033688,-0.151648,-0.770202,-0.385808,0.448258,-0.577424,1.117972,0.118716,0.105150,1
-0.028873,-0.090232,-0.022793,0.347540,-0.304577,0.009636,-0.029861,-0.056834,0.037725,0.439664,-0.431967,-0.006606,0.071071,-0.011731,-0.039791,-0.882674,0.464955,-0.314706,-0.079503,-1.394904,-0.033700,-0.151660,-0.769279,-0.387474,0.447407,-0.577424,1.116127,0.118692,0.105198,1
-0.028864,-0.090241,-0.022793,0.347566,-0.304573,0.009629,-0.029836,-0.056817,0.037738,0.439647,-0.431971,-0.006599,0.071285,-0.011822,-0.039860,-0.882387,0.465207,-0.313843,-0.078413,-1.394904,-0.033652,-0.151672,-0.767662,-0.390554,0.445981,-0.577400,1.112208,0.118704,0.105281,1
-0.028847,-0.090232,-0.022780,0.347566,-0.304581,0.009643,-0.029819,-0.056800,0.037738,0.439622,-0.431971,-0.006599,0.071553,-0.011906,-0.039935,-0.882171,0.465387,-0.313340,-0.077766,-1.394904,-0.033640,-0.151660,-0.766607,-0.392615,0.444830,-0.577316,1.110350,0.118680,0.105317,1
-0.028847,-0.090241,-0.022780,0.347574,-0.304598,0.009599,-0.029802,-0.056766,0.037738,0.439554,-0.431979,-0.006613,0.071861,-0.012012,-0.040034,-0.881895,0.465531,-0.312932,-0.076951,-1.394892,-0.033640,-0.151648,-0.765624,-0.394485,0.443632,-0.577280,1.108709,0.118608,0.105377,1
-0.028839,-0.090241,-0.022847,0.347574,-0.304610,0.009607,-0.029793,-0.056757,0.037738,0.439503,-0.431979,-0.006613,0.072236,-0.012119,-0.040133,-0.881584,0.465663,-0.312405,-0.076447,-1.394880,-0.033676,-0.151624,-0.764881,-0.396139,0.441942,-0.577292,1.107223,0.118572,0.105437,1
-0.028856,-0.090232,-0.022806,0.347583,-0.304643,0.009563,-0.029776,-0.056723,0.037752,0.439468,-0.431991,-0.006635,0.072664,-0.012316,-0.040332,-0.881176,0.465878,-0.312105,-0.075980,-1.394868,-0.033724,-0.151636,-0.764642,-0.398619,0.440840,-0.577292,1.105808,0.118524,0.105497,1
-0.028856,-0.090207,-0.022833,0.347592,-0.304668,0.009534,-0.029776,-0.056706,0.037752,0.439434,-0.431987,-0.006642,0.072999,-0.012438,-0.040471,-0.880541,0.466034,-0.311818,-0.075453,-1.394868,-0.033819,-0.151660,-0.764689,-0.400465,0.439641,-0.577292,1.104646,0.118500,0.105557,1
-0.028881,-0.090181,-0.022860,0.347600,-0.304710,0.009461,-0.029793,-0.056681,0.037738,0.439409,-0.431995,-0.006657,0.073455,-0.012621,-0.040630,-0.880145,0.466154,-0.311554,-0.074889,-1.394844,-0.033915,-0.151684,-0.764438,-0.402358,0.438263,-0.577256,1.103711,0.118440,0.105665,1
-0.028881,-0.090173,-0.022860,0.347583,-0.304747,0.009395,-0.029793,-0.056646,0.037738,0.439392,-0.431999,-0.006664,0.073642,-0.012803,-0.040779,-0.879834,0.466286,-0.311326,-0.074350,-1.394856,-0.034131,-0.151696,-0.763922,-0.403976,0.436765,-0.577232,1.102956,0.118272,0.105761,1
-0.028864,-0.090138,-0.022860,0.347583,-0.304797,0.009337,-0.029776,-0.056587,0.037752,0.439366,-0.431995,-0.006657,0.073749,-0.013001,-0.040929,-0.879534,0.466406,-0.311087,-0.073763,-1.394844,-0.034335,-0.151696,-0.763120,-0.405510,0.435243,-0.577244,1.102117,0.118200,0.105893,1
-0.028847,-0.090138,-0.022847,0.347566,-0.304826,0.009257,-0.029768,-0.056536,0.037752,0.439332,-0.432003,-0.006656,0.073789,-0.013214,-0.041118,-0.879103,0.466645,-0.310775,-0.072672,-1.394832,-0.034754,-0.151624,-0.761514,-0.407751,0.433481,-0.577280,1.101518,0.118188,0.106108,1
-0.028839,-0.090113,-0.022833,0.347557,-0.304839,0.009235,-0.029768,-0.056510,0.037752,0.439307,-0.431999,-0.006678,0.073803,-0.013306,-0.041217,-0.878803,0.466801,-0.310559,-0.072193,-1.394832,-0.035078,-0.151564,-0.760243,-0.409309,0.432067,-0.577328,1.101171,0.118200,0.106276,1
-0.028830,-0.090113,-0.022847,0.347557,-0.304868,0.009228,-0.029768,-0.056459,0.037752,0.439264,-0.431995,-0.006671,0.073843,-0.013359,-0.041301,-0.878480,0.466933,-0.310439,-0.071750,-1.394832,-0.035449,-0.151541,-0.758985,-0.410951,0.431061,-0.577328,1.100895,0.118176,0.106348,1
-0.028847,-0.090096,-0.022820,0.347540,-0.304880,0.009206,-0.029768,-0.056425,0.037738,0.439204,-0.432007,-0.006664,0.073843,-0.013450,-0.041391,-0.878168,0.467089,-0.310379,-0.071354,-1.394832,-0.035809,-0.151541,-0.757846,-0.413300,0.430042,-0.577340,1.100583,0.118140,0.106456,1
-0.028856,-0.090079,-0.022847,0.347557,-0.304909,0.009199,-0.029768,-0.056382,0.037752,0.439128,-0.432007,-0.006664,0.073870,-0.013503,-0.041485,-0.877749,0.467208,-0.310355,-0.070911,-1.394832,-0.036216,-0.151541,-0.756097,-0.414618,0.428903,-0.577412,1.100332,0.118117,0.106552,1
-0.028856,-0.090062,-0.022833,0.347566,-0.304926,0.009184,-0.029759,-0.056348,0.037738,0.439059,-0.431999,-0.006664,0.073883,-0.013602,-0.041600,-0.877449,0.467388,-0.310308,-0.070383,-1.394832,-0.036660,-0.151553,-0.754790,-0.415901,0.427645,-0.577448,1.100092,0.118093,0.106803,1
-0.028890,-0.090045,-0.022873,0.347566,-0.304930,0.009177,-0.029734,-0.056331,0.037738,0.439000,-0.432003,-0.006656,0.073910,-0.013755,-0.041749,-0.877161,0.467604,-0.310272,-0.069856,-1.394832,-0.037127,-0.151553,-0.753436,-0.417231,0.426159,-0.577484,1.099804,0.118057,0.107007,1
-0.028873,-0.090045,-0.022914,0.347557,-0.304951,0.009169,-0.029700,-0.056314,0.037712,0.438949,-0.431999,-0.006678,0.073896,-0.013914,-0.041893,-0.876850,0.467844,-0.310272,-0.069293,-1.394820,-0.037954,-0.151553,-0.752214,-0.418753,0.424481,-0.577496,1.099553,0.118129,0.107211,1
-0.028898,-0.090036,-0.022954,0.347592,-0.304959,0.009184,-0.029700,-0.056323,0.037698,0.438889,-0.431995,-0.006671,0.073883,-0.014143,-0.042063,-0.876586,0.468119,-0.310296,-0.068610,-1.394772,-0.038565,-0.151529,-0.751039,-0.420514,0.422732,-0.577484,1.099133,0.118284,0.107331,1
-0.028950,-0.090036,-0.022994,0.347617,-0.305001,0.009155,-0.029717,-0.056272,0.037685,0.438906,-0.432003,-0.006656,0.073856,-0.014394,-0.042267,-0.876215,0.468491,-0.310355,-0.068010,-1.394748,-0.039548,-0.151541,-0.749457,-0.423079,0.418873,-0.577460,1.098678,0.118440,0.107475,1
-0.028958,-0.090028,-0.022954,0.347609,-0.305030,0.009118,-0.029759,-0.056246,0.037738,0.438889,-0.432007,-0.006664,0.073816,-0.014668,-0.042437,-0.875987,0.468826,-0.310403,-0.067567,-1.394736,-0.040279,-0.151541,-0.748439,-0.424589,0.416751,-0.577472,1.098450,0.118440,0.107498,1
-0.028941,-0.090028,-0.022927,0.347574,-0.305050,0.009096,-0.029810,-0.056195,0.037779,0.438906,-0.432007,-0.006664,0.073776,-0.014789,-0.042508,-0.875723,0.469090,-0.310415,-0.067100,-1.394700,-0.041022,-0.151541,-0.747360,-0.425464,0.414546,-0.577532,1.098198,0.118332,0.107534,1
-0.028924,-0.090019,-0.022833,0.347540,-0.305059,0.009053,-0.029879,-0.056135,0.037859,0.438906,-0.432007,-0.006664,0.073803,-0.014919,-0.042583,-0.875316,0.469390,-0.310403,-0.066644,-1.394688,-0.041753,-0.151553,-0.745826,-0.426495,0.412593,-0.577580,1.097983,0.118081,0.107498,1
-0.028898,-0.090019,-0.022833,0.347506,-0.305080,0.009016,-0.029921,-0.056110,0.037899,0.438923,-0.432007,-0.006664,0.074191,-0.015025,-0.042653,-0.875052,0.469713,-0.310403,-0.066225,-1.394676,-0.042388,-0.151588,-0.744796,-0.427837,0.410879,-0.577616,1.097779,0.117805,0.107463,1
-0.028873,-0.090002,-0.022793,0.347481,-0.305109,0.009023,-0.029955,-0.056067,0.037953,0.438932,-0.431995,-0.006657,0.074901,-0.015147,-0.042723,-0.874765,0.470121,-0.310415,-0.065865,-1.394664,-0.043011,-0.151612,-0.743837,-0.429455,0.409405,-0.577664,1.097563,0.117613,0.107427,1
-0.028856,-0.090002,-0.022793,0.347472,-0.305109,0.008994,-0.029972,-0.056024,0.037966,0.438923,-0.432003,-0.006656,0.076026,-0.015253,-0.042793,-0.874525,0.470552,-0.310403,-0.065554,-1.394676,-0.043886,-0.151564,-0.742830,-0.431049,0.408135,-0.577688,1.097276,0.117637,0.107391,1
-0.028864,-0.090002,-0.022739,0.347464,-0.305117,0.009009,-0.029981,-0.055999,0.037993,0.438940,-0.432007,-0.006664,0.077552,-0.015345,-0.042882,-0.874213,0.471043,-0.310308,-0.065314,-1.394676,-0.044485,-0.151493,-0.741871,-0.432607,0.407020,-0.577700,1.097120,0.117733,0.107367,1
-0.028864,-0.089985,-0.022753,0.347481,-0.305125,0.009009,-0.029989,-0.055990,0.037979,0.438949,-0.432007,-0.006664,0.079200,-0.015451,-0.042943,-0.873830,0.471571,-0.310236,-0.064990,-1.394664,-0.045097,-0.151373,-0.741009,-0.434009,0.405858,-0.577736,1.096976,0.117829,0.107343,1
-0.028864,-0.089985,-0.022753,0.347489,-0.305125,0.009009,-0.029972,-0.055956,0.037966,0.438949,-0.432003,-0.006671,0.080740,-0.015596,-0.043008,-0.873410,0.472110,-0.310056,-0.064787,-1.394664,-0.045720,-0.151205,-0.740182,-0.435243,0.403808,-0.577724,1.096820,0.117961,0.107379,1
-0.028830,-0.089968,-0.022739,0.347515,-0.305125,0.009009,-0.029947,-0.055897,0.037953,0.438949,-0.432007,-0.006664,0.082615,-0.015869,-0.043090,-0.872811,0.473272,-0.309900,-0.064547,-1.394664,-0.046619,-0.150905,-0.738863,-0.437676,0.401663,-0.577652,1.096629,0.118164,0.107331,1
-0.028805,-0.089959,-0.022766,0.347489,-0.305121,0.009001,-0.029955,-0.055862,0.037966,0.438957,-0.432006,-0.006678,0.083686,-0.016075,-0.043136,-0.872392,0.473848,-0.309828,-0.064427,-1.394664,-0.047146,-0.150678,-0.737869,-0.438850,0.400033,-0.577592,1.096533,0.118332,0.107307,1
-0.028796,-0.089951,-0.022780,0.347455,-0.305129,0.009016,-0.029955,-0.055828,0.037979,0.438974,-0.432007,-0.006664,0.084530,-0.016280,-0.043192,-0.871900,0.474387,-0.309744,-0.064295,-1.394664,-0.047673,-0.150438,-0.736407,-0.439965,0.398032,-0.577592,1.096413,0.118464,0.107271,1
-0.028805,-0.089951,-0.022753,0.347447,-0.305129,0.009016,-0.029972,-0.055820,0.037993,0.439017,-0.432010,-0.006671,0.085601,-0.016455,-0.043248,-0.871541,0.474926,-0.309648,-0.064140,-1.394664,-0.048260,-0.150054,-0.735724,-0.440936,0.395815,-0.577604,1.096341,0.118524,0.107295,1
-0.028813,-0.089942,-0.022753,0.347421,-0.305125,0.009009,-0.029998,-0.055777,0.037993,0.439042,-0.431999,-0.006664,0.086244,-0.016592,-0.043308,-0.871217,0.475514,-0.309493,-0.063948,-1.394676,-0.049171,-0.149827,-0.735076,-0.441894,0.393706,-0.577640,1.096293,0.118440,0.107343,1
-0.028830,-0.089942,-0.022780,0.347413,-0.305133,0.009009,-0.030023,-0.055726,0.038020,0.439085,-0.432003,-0.006671,0.086779,-0.016729,-0.043369,-0.870954,0.476125,-0.309325,-0.063744,-1.394676,-0.049651,-0.149635,-0.734273,-0.442841,0.391668,-0.577664,1.096245,0.118248,0.107463,1
-0.028830,-0.089934,-0.022766,0.347378,-0.305129,0.009030,-0.030040,-0.055692,0.038006,0.439128,-0.431999,-0.006664,0.087382,-0.016835,-0.043419,-0.870642,0.476688,-0.309181,-0.063504,-1.394664,-0.050022,-0.149443,-0.733171,-0.443836,0.389727,-0.577568,1.096221,0.118069,0.107606,1
-0.028830,-0.089917,-0.022780,0.347361,-0.305133,0.009023,-0.030049,-0.055641,0.038033,0.439153,-0.432003,-0.006656,0.087891,-0.016980,-0.043495,-0.870282,0.477287,-0.309109,-0.063409,-1.394652,-0.050274,-0.149276,-0.731889,-0.444938,0.388013,-0.577508,1.096209,0.118105,0.107822,1
-0.028813,-0.089925,-0.022806,0.347353,-0.305133,0.009023,-0.030058,-0.055581,0.038033,0.439179,-0.431995,-0.006657,0.088387,-0.017239,-0.043625,-0.869875,0.478162,-0.308989,-0.063289,-1.394652,-0.050597,-0.149168,-0.730618,-0.446676,0.385616,-0.577532,1.096185,0.118260,0.108062,1
-0.028796,-0.089908,-0.022833,0.347319,-0.305138,0.009016,-0.030075,-0.055530,0.038033,0.439204,-0.432003,-0.006671,0.088895,-0.017414,-0.043711,-0.869492,0.478749,-0.308786,-0.063085,-1.394628,-0.051077,-0.149036,-0.729528,-0.447743,0.384202,-0.577604,1.096173,0.118476,0.108349,1
-0.028788,-0.089925,-0.022860,0.347293,-0.305150,0.009009,-0.030083,-0.055496,0.038046,0.439247,-0.432007,-0.006664,0.089886,-0.017725,-0.043778,-0.869072,0.479552,-0.308150,-0.062773,-1.394628,-0.051880,-0.148760,-0.728713,-0.449001,0.382021,-0.577736,1.096173,0.118800,0.109092,1
-0.028779,-0.089951,-0.022873,0.347293,-0.305138,0.009001,-0.030092,-0.055453,0.038033,0.439264,-0.432003,-0.006671,0.090355,-0.017877,-0.043829,-0.868892,0.480032,-0.307683,-0.062594,-1.394616,-0.052215,-0.148676,-0.728150,-0.449816,0.380247,-0.577795,1.096185,0.118884,0.109572,1
-0.028771,-0.089942,-0.022847,0.347276,-0.305150,0.009009,-0.030117,-0.055411,0.038046,0.439281,-0.432007,-0.006664,0.090824,-0.018037,-0.043875,-0.868569,0.480439,-0.307551,-0.062462,-1.394616,-0.052311,-0.148664,-0.727323,-0.450643,0.378150,-0.577879,1.096149,0.118800,0.110135,1
-0.028745,-0.089968,-0.022873,0.347276,-0.305154,0.009001,-0.030066,-0.055351,0.038033,0.439289,-0.432010,-0.006671,0.091252,-0.018189,-0.043926,-0.868053,0.480906,-0.307863,-0.062402,-1.394640,-0.052323,-0.148664,-0.726112,-0.451614,0.375741,-0.577951,1.096173,0.118560,0.110722,1
-0.028702,-0.089968,-0.022820,0.347285,-0.305167,0.008979,-0.030092,-0.055317,0.038020,0.439366,-0.432003,-0.006671,0.091641,-0.018334,-0.044022,-0.867706,0.481410,-0.308102,-0.062378,-1.394628,-0.052335,-0.148676,-0.724662,-0.452704,0.373464,-0.577975,1.096161,0.118356,0.111513,1
-0.028685,-0.089976,-0.022780,0.347302,-0.305163,0.008972,-0.030100,-0.055274,0.038033,0.439417,-0.432007,-0.006664,0.092029,-0.018433,-0.044087,-0.867478,0.481877,-0.308031,-0.062390,-1.394628,-0.052335,-0.148664,-0.723224,-0.453783,0.370432,-0.577891,1.096137,0.118296,0.112304,1
-0.028660,-0.089951,-0.022726,0.347327,-0.305179,0.008972,-0.030092,-0.055232,0.038033,0.439451,-0.432003,-0.006656,0.092417,-0.018539,-0.044147,-0.867203,0.482321,-0.307695,-0.062414,-1.394628,-0.052335,-0.148664,-0.721894,-0.454885,0.368515,-0.577748,1.096101,0.118129,0.113179,1
-0.028685,-0.089917,-0.022739,0.347370,-0.305175,0.008965,-0.030109,-0.055164,0.038006,0.439434,-0.432007,-0.006664,0.092873,-0.018646,-0.044188,-0.866747,0.482920,-0.307084,-0.062390,-1.394628,-0.052395,-0.148628,-0.720767,-0.456371,0.366286,-0.577652,1.096101,0.117865,0.114030,1
-0.028762,-0.089866,-0.022713,0.347430,-0.305192,0.008950,-0.030066,-0.055095,0.037845,0.439324,-0.431999,-0.006664,0.093596,-0.018699,-0.044193,-0.865309,0.483639,-0.305909,-0.062354,-1.394604,-0.052467,-0.148568,-0.719137,-0.457857,0.363398,-0.577676,1.096113,0.117254,0.115372,1
-0.028839,-0.089857,-0.022753,0.347506,-0.305200,0.008950,-0.030032,-0.055027,0.037698,0.439204,-0.432007,-0.006664,0.094413,-0.018745,-0.044214,-0.864902,0.484166,-0.304963,-0.062390,-1.394628,-0.052479,-0.148544,-0.718586,-0.458744,0.362127,-0.577748,1.096089,0.116666,0.116678,1
-0.028907,-0.089849,-0.022793,0.347600,-0.305192,0.008950,-0.029998,-0.054976,0.037564,0.439093,-0.432003,-0.006671,0.095069,-0.018866,-0.044294,-0.865105,0.484669,-0.303932,-0.062474,-1.394616,-0.052479,-0.148485,-0.717927,-0.459787,0.360881,-0.577771,1.096113,0.115576,0.117529,1
-0.028958,-0.089832,-0.022833,0.347660,-0.305196,0.008972,-0.029972,-0.054925,0.037417,0.439025,-0.432002,-0.006686,0.095832,-0.019026,-0.044419,-0.865417,0.485137,-0.302901,-0.062594,-1.394604,-0.052455,-0.148389,-0.717100,-0.460877,0.359215,-0.577783,1.096101,0.114725,0.118380,1
-0.029009,-0.089857,-0.022900,0.347745,-0.305204,0.008986,-0.029955,-0.054925,0.037283,0.438974,-0.432003,-0.006671,0.096475,-0.019247,-0.044584,-0.865669,0.485496,-0.301919,-0.062749,-1.394616,-0.052431,-0.148281,-0.716009,-0.462016,0.357190,-0.577795,1.096089,0.113910,0.119123,1
-0.029018,-0.089874,-0.022954,0.347822,-0.305196,0.008986,-0.029938,-0.054874,0.037163,0.438940,-0.432003,-0.006671,0.096931,-0.019490,-0.044755,-0.865872,0.485784,-0.300648,-0.062737,-1.394628,-0.052443,-0.148197,-0.714763,-0.463202,0.353858,-0.577867,1.096089,0.113071,0.119782,1
-0.029001,-0.089917,-0.022954,0.347881,-0.305200,0.008979,-0.029947,-0.054797,0.037122,0.438906,-0.432007,-0.006664,0.097011,-0.019688,-0.044886,-0.865980,0.486048,-0.300049,-0.062689,-1.394604,-0.052479,-0.148161,-0.713373,-0.464413,0.351545,-0.577963,1.096101,0.112280,0.120501,1
-0.028967,-0.089985,-0.022954,0.347949,-0.305204,0.008943,-0.029955,-0.054669,0.037096,0.438880,-0.431999,-0.006664,0.096703,-0.019848,-0.044962,-0.865920,0.486419,-0.299582,-0.062594,-1.394616,-0.052503,-0.148149,-0.711935,-0.466198,0.349412,-0.578095,1.096089,0.111417,0.121196,1
-0.029001,-0.090036,-0.022900,0.347949,-0.305188,0.008856,-0.029972,-0.054593,0.037082,0.438812,-0.432010,-0.006685,0.096288,-0.019954,-0.045012,-0.865489,0.486659,-0.299186,-0.062534,-1.394604,-0.052563,-0.148125,-0.709981,-0.467361,0.347255,-0.578287,1.096089,0.110602,0.121892,1
-0.029086,-0.090079,-0.022900,0.347864,-0.305171,0.008755,-0.030015,-0.054524,0.037042,0.438761,-0.432014,-0.006678,0.095993,-0.020091,-0.045103,-0.864961,0.486839,-0.298827,-0.062498,-1.394592,-0.052611,-0.148101,-0.708807,-0.468679,0.345266,-0.578586,1.096077,0.109692,0.122599,1
-0.029214,-0.090087,-0.022954,0.347617,-0.305176,0.008588,-0.030092,-0.054490,0.036988,0.438667,-0.432022,-0.006678,0.096060,-0.020358,-0.045318,-0.863847,0.487138,-0.298287,-0.062426,-1.394580,-0.052743,-0.148053,-0.707357,-0.470656,0.342593,-0.579030,1.096101,0.107810,0.123749,1
-0.029171,-0.090062,-0.022954,0.347421,-0.305222,0.008508,-0.030177,-0.054490,0.036975,0.438616,-0.432022,-0.006678,0.096381,-0.020525,-0.045459,-0.863032,0.487366,-0.297868,-0.062390,-1.394592,-0.053030,-0.148053,-0.706422,-0.471987,0.340735,-0.579234,1.096125,0.106863,0.124205,1
-0.029103,-0.090002,-0.022954,0.347319,-0.305230,0.008479,-0.030219,-0.054456,0.036975,0.438582,-0.432014,-0.006664,0.096917,-0.020677,-0.045589,-0.862193,0.487630,-0.297281,-0.062366,-1.394580,-0.053282,-0.148041,-0.705296,-0.473221,0.338315,-0.579437,1.096101,0.105965,0.124660,1
-0.029018,-0.089917,-0.022914,0.347506,-0.305218,0.008428,-0.030245,-0.054414,0.036975,0.438574,-0.432014,-0.006678,0.097721,-0.020822,-0.045714,-0.861426,0.487905,-0.296705,-0.062342,-1.394592,-0.053522,-0.148029,-0.703905,-0.474360,0.335678,-0.579953,1.096101,0.105042,0.125091,1
-0.028907,-0.089823,-0.022820,0.347770,-0.305197,0.008378,-0.030245,-0.054363,0.036962,0.438557,-0.432022,-0.006678,0.098805,-0.020989,-0.045835,-0.860707,0.488145,-0.295879,-0.062378,-1.394592,-0.053677,-0.148017,-0.702407,-0.475510,0.332059,-0.580372,1.096089,0.104191,0.125535,1
-0.028813,-0.089636,-0.022713,0.348026,-0.305176,0.008313,-0.030228,-0.054303,0.036962,0.438531,-0.432022,-0.006678,0.100252,-0.021324,-0.046076,-0.860036,0.488457,-0.295447,-0.062462,-1.394592,-0.053725,-0.148065,-0.701005,-0.477535,0.330070,-0.580696,1.096065,0.103136,0.125930,1
-0.028660,-0.089584,-0.022686,0.348239,-0.305160,0.008255,-0.030185,-0.054277,0.036962,0.438522,-0.432030,-0.006692,0.102127,-0.021522,-0.046217,-0.859413,0.488636,-0.295040,-0.062606,-1.394592,-0.053725,-0.148089,-0.699951,-0.479093,0.328188,-0.580815,1.096113,0.102022,0.126206,1
-0.028592,-0.089542,-0.022672,0.348376,-0.305127,0.008183,-0.030117,-0.054243,0.036962,0.438488,-0.432026,-0.006685,0.104122,-0.021651,-0.046302,-0.858502,0.488852,-0.294500,-0.062725,-1.394580,-0.053809,-0.148101,-0.698429,-0.480735,0.326175,-0.580863,1.096113,0.101434,0.126374,1
-0.028532,-0.089542,-0.022726,0.348393,-0.305102,0.008081,-0.030083,-0.054209,0.036948,0.438471,-0.432026,-0.006685,0.106948,-0.021690,-0.046347,-0.857987,0.489104,-0.293757,-0.062821,-1.394580,-0.054001,-0.148113,-0.697194,-0.482197,0.324281,-0.580923,1.096113,0.100847,0.126553,1
-0.028464,-0.089602,-0.022833,0.348265,-0.305057,0.007959,-0.030023,-0.054158,0.036935,0.438471,-0.432018,-0.006685,0.108756,-0.021674,-0.046377,-0.857411,0.489451,-0.292954,-0.062845,-1.394580,-0.054384,-0.148089,-0.695648,-0.483563,0.322543,-0.581067,1.096113,0.099229,0.126673,1
-0.028276,-0.089772,-0.023061,0.347881,-0.304975,0.007829,-0.029998,-0.054107,0.036828,0.438471,-0.432018,-0.006700,0.111327,-0.021720,-0.046526,-0.856501,0.489979,-0.291900,-0.062953,-1.394580,-0.054660,-0.148113,-0.693587,-0.485397,0.320171,-0.581391,1.096089,0.097048,0.126913,1
-0.028089,-0.089968,-0.023195,0.347259,-0.304913,0.007750,-0.029964,-0.054090,0.036747,0.438480,-0.432018,-0.006685,0.112907,-0.021850,-0.046691,-0.855961,0.490254,-0.291432,-0.063169,-1.394592,-0.054768,-0.148089,-0.693275,-0.486823,0.318469,-0.581762,1.096113,0.095358,0.127129,1
-0.027910,-0.090173,-0.023315,0.346748,-0.304839,0.007605,-0.029955,-0.054115,0.036627,0.438488,-0.432022,-0.006692,0.114273,-0.022093,-0.046882,-0.855674,0.490338,-0.291013,-0.063313,-1.394580,-0.055032,-0.148053,-0.693036,-0.488525,0.316599,-0.581966,1.096077,0.093513,0.127332,1
-0.027722,-0.090505,-0.023275,0.346177,-0.304764,0.007475,-0.029938,-0.054132,0.036600,0.438488,-0.432018,-0.006685,0.115197,-0.022512,-0.047179,-0.855470,0.490446,-0.290426,-0.063325,-1.394556,-0.055499,-0.147993,-0.692544,-0.491066,0.313783,-0.582098,1.096101,0.091547,0.127464,1
-0.027552,-0.090684,-0.023155,0.345555,-0.304715,0.007374,-0.029938,-0.054141,0.036573,0.438497,-0.432010,-0.006685,0.115827,-0.022763,-0.047355,-0.855254,0.490590,-0.289815,-0.063265,-1.394556,-0.056206,-0.147921,-0.691729,-0.492600,0.311662,-0.582170,1.096113,0.089534,0.127524,1
-0.027433,-0.090863,-0.022954,0.344950,-0.304670,0.007280,-0.029938,-0.054124,0.036573,0.438497,-0.432014,-0.006693,0.116161,-0.022961,-0.047467,-0.854823,0.490781,-0.289012,-0.063193,-1.394580,-0.056757,-0.147825,-0.689920,-0.493858,0.309409,-0.582194,1.096113,0.087449,0.127548,1
-0.027424,-0.090974,-0.022659,0.344345,-0.304641,0.007215,-0.029921,-0.054090,0.036573,0.438488,-0.432022,-0.006692,0.116576,-0.023098,-0.047548,-0.854439,0.490937,-0.288376,-0.063169,-1.394592,-0.057045,-0.147766,-0.688362,-0.495188,0.306940,-0.582218,1.096113,0.085471,0.127512,1
-0.027441,-0.090965,-0.022458,0.343774,-0.304608,0.007172,-0.029904,-0.054056,0.036587,0.438505,-0.432006,-0.006678,0.117005,-0.023174,-0.047618,-0.854032,0.491009,-0.288388,-0.063229,-1.394640,-0.057093,-0.147777,-0.686516,-0.496746,0.304687,-0.582230,1.096065,0.082679,0.127488,1
-0.027441,-0.090769,-0.022271,0.343220,-0.304587,0.007136,-0.029887,-0.054064,0.036573,0.438488,-0.432018,-0.006700,0.117567,-0.023242,-0.047633,-0.853624,0.491045,-0.288724,-0.063289,-1.394628,-0.057105,-0.147766,-0.684287,-0.498592,0.302913,-0.582254,1.096113,0.080965,0.127488,1
-0.027441,-0.090062,-0.022030,0.342137,-0.304558,0.007086,-0.029853,-0.054081,0.036560,0.438497,-0.432026,-0.006700,0.118625,-0.023402,-0.047640,-0.853109,0.491141,-0.288844,-0.063433,-1.394628,-0.057105,-0.147754,-0.681040,-0.501228,0.300181,-0.582278,1.096077,0.078617,0.127572,1
-0.027467,-0.089371,-0.021909,0.341635,-0.304538,0.007064,-0.029819,-0.054073,0.036573,0.438497,-0.432022,-0.006692,0.119616,-0.023539,-0.047632,-0.852809,0.491189,-0.288245,-0.063468,-1.394640,-0.057105,-0.147718,-0.679326,-0.502582,0.297401,-0.582290,1.096113,0.076771,0.127596,1
-0.027475,-0.088604,-0.021775,0.341166,-0.304525,0.007028,-0.029810,-0.054064,0.036573,0.438480,-0.432022,-0.006692,0.120741,-0.023660,-0.047634,-0.852534,0.491261,-0.287454,-0.063480,-1.394640,-0.057105,-0.147682,-0.678247,-0.503733,0.295579,-0.582278,1.096113,0.074853,0.127632,1
-0.027450,-0.087488,-0.021655,0.340697,-0.304509,0.007014,-0.029768,-0.054064,0.036573,0.438471,-0.432022,-0.006692,0.122014,-0.023797,-0.047645,-0.852234,0.491429,-0.286327,-0.063468,-1.394664,-0.057117,-0.147610,-0.677672,-0.505830,0.293697,-0.582278,1.096101,0.072756,0.127680,1
-0.027441,-0.086798,-0.021548,0.340237,-0.304501,0.006985,-0.029717,-0.054081,0.036573,0.438454,-0.432022,-0.006707,0.123406,-0.023911,-0.047632,-0.851863,0.491584,-0.284829,-0.063480,-1.394676,-0.057117,-0.147550,-0.676953,-0.507760,0.291732,-0.582278,1.096113,0.070335,0.127716,1
-0.027433,-0.086193,-0.021440,0.339802,-0.304484,0.006970,-0.029708,-0.054081,0.036573,0.438471,-0.432022,-0.006707,0.125589,-0.024018,-0.047623,-0.851563,0.491716,-0.283259,-0.063504,-1.394652,-0.057081,-0.147502,-0.676354,-0.509653,0.289647,-0.582254,1.096077,0.068010,0.127692,1
-0.027433,-0.085664,-0.021360,0.339410,-0.304472,0.006963,-0.029725,-0.054064,0.036573,0.438471,-0.432022,-0.006707,0.127250,-0.024124,-0.047644,-0.851299,0.491848,-0.281845,-0.063504,-1.394676,-0.057057,-0.147418,-0.675659,-0.511487,0.287322,-0.582278,1.096089,0.065590,0.127632,1
-0.027407,-0.085213,-0.021253,0.339044,-0.304463,0.006949,-0.029751,-0.054047,0.036573,0.438488,-0.432022,-0.006707,0.129326,-0.024200,-0.047635,-0.850988,0.492016,-0.280659,-0.063516,-1.394688,-0.057021,-0.147334,-0.674808,-0.513248,0.285249,-0.582278,1.096101,0.062402,0.127608,1
-0.027399,-0.084838,-0.021146,0.338703,-0.304447,0.006934,-0.029776,-0.054039,0.036587,0.438497,-0.432030,-0.006707,0.131388,-0.024314,-0.047662,-0.850700,0.492243,-0.279688,-0.063516,-1.394700,-0.056913,-0.147298,-0.673813,-0.515070,0.283427,-0.582290,1.096089,0.060460,0.127560,1
-0.027399,-0.084497,-0.020998,0.338243,-0.304451,0.006927,-0.029844,-0.054030,0.036573,0.438480,-0.432030,-0.006707,0.133490,-0.024413,-0.047678,-0.850461,0.492531,-0.278717,-0.063516,-1.394700,-0.056781,-0.147238,-0.672675,-0.517023,0.281653,-0.582278,1.096089,0.058519,0.127548,1
-0.027382,-0.084037,-0.020624,0.337791,-0.304439,0.006905,-0.029930,-0.054013,0.036573,0.438463,-0.432030,-0.006692,0.135928,-0.024596,-0.047710,-0.850077,0.493034,-0.277207,-0.063480,-1.394700,-0.056554,-0.147214,-0.670805,-0.519924,0.277639,-0.582301,1.096101,0.055283,0.127596,1
-0.027416,-0.083653,-0.020436,0.337527,-0.304435,0.006884,-0.029955,-0.053996,0.036573,0.438446,-0.432026,-0.006700,0.137387,-0.024771,-0.047777,-0.849789,0.493430,-0.276404,-0.063480,-1.394700,-0.056446,-0.147178,-0.669355,-0.521853,0.275637,-0.582313,1.096077,0.053174,0.127644,1
-0.027407,-0.083414,-0.020222,0.337280,-0.304435,0.006884,-0.029989,-0.053988,0.036587,0.438429,-0.432030,-0.006707,0.138539,-0.024923,-0.047789,-0.849562,0.493658,-0.275565,-0.063480,-1.394700,-0.056278,-0.147118,-0.667701,-0.522836,0.273792,-0.582337,1.096113,0.050993,0.127716,1
-0.027416,-0.083218,-0.020074,0.337050,-0.304443,0.006869,-0.030006,-0.053988,0.036587,0.438446,-0.432026,-0.006700,0.139611,-0.025044,-0.047810,-0.849298,0.493957,-0.274678,-0.063409,-1.394700,-0.056146,-0.147058,-0.664717,-0.524082,0.271886,-0.582361,1.096101,0.048596,0.127824,1
-0.027416,-0.083031,-0.019860,0.336837,-0.304431,0.006876,-0.030023,-0.053979,0.036587,0.438454,-0.432026,-0.006700,0.141070,-0.025113,-0.047786,-0.849094,0.494329,-0.273840,-0.063337,-1.394700,-0.056026,-0.147058,-0.662584,-0.525724,0.269945,-0.582421,1.096089,0.046187,0.128135,1
-0.027424,-0.082861,-0.019673,0.336649,-0.304426,0.006884,-0.029998,-0.053971,0.036546,0.438488,-0.432030,-0.006707,0.141927,-0.025151,-0.047772,-0.848783,0.494808,-0.272989,-0.063313,-1.394688,-0.055846,-0.147022,-0.660367,-0.527701,0.267764,-0.582457,1.096089,0.043023,0.128471,1
-0.027407,-0.082699,-0.019485,0.336462,-0.304439,0.006876,-0.029981,-0.053971,0.036520,0.438514,-0.432026,-0.006714,0.142838,-0.025204,-0.047758,-0.848363,0.495299,-0.272090,-0.063301,-1.394700,-0.055763,-0.146939,-0.658198,-0.530194,0.265774,-0.582529,1.096113,0.041250,0.128914,1
-0.027416,-0.082537,-0.019351,0.336257,-0.304435,0.006869,-0.029989,-0.053954,0.036480,0.438540,-0.432026,-0.006714,0.143668,-0.025303,-0.047764,-0.848100,0.495659,-0.271263,-0.063217,-1.394712,-0.055751,-0.146891,-0.656220,-0.532531,0.264024,-0.582565,1.096101,0.039440,0.129370,1
-0.027407,-0.082375,-0.019217,0.335959,-0.304426,0.006869,-0.029972,-0.053936,0.036426,0.438565,-0.432018,-0.006714,0.144606,-0.025440,-0.047796,-0.847980,0.495971,-0.270544,-0.063001,-1.394724,-0.055763,-0.146867,-0.655321,-0.534305,0.261472,-0.582649,1.096101,0.037630,0.129849,1
-0.027416,-0.082238,-0.019164,0.335763,-0.304426,0.006855,-0.029972,-0.053936,0.036386,0.438540,-0.432026,-0.006700,0.145503,-0.025554,-0.047852,-0.847836,0.496222,-0.269633,-0.062881,-1.394700,-0.055787,-0.146855,-0.655489,-0.535479,0.259518,-0.582697,1.096101,0.035761,0.130316,1
-0.027390,-0.081906,-0.019097,0.335499,-0.304435,0.006855,-0.029930,-0.053954,0.036279,0.438446,-0.432022,-0.006707,0.146842,-0.025782,-0.047954,-0.847656,0.496869,-0.268770,-0.062522,-1.394700,-0.055835,-0.146771,-0.655753,-0.537960,0.256474,-0.582757,1.096101,0.032753,0.130988,1
-0.027390,-0.081753,-0.019097,0.335362,-0.304451,0.006826,-0.029913,-0.053936,0.036225,0.438378,-0.432022,-0.006707,0.147739,-0.025835,-0.047979,-0.847345,0.497265,-0.268171,-0.062234,-1.394700,-0.055918,-0.146699,-0.655369,-0.539566,0.254485,-0.582793,1.096101,0.030752,0.131443,1
-0.027399,-0.081557,-0.019070,0.335260,-0.304439,0.006862,-0.029861,-0.053936,0.036091,0.438284,-0.432026,-0.006685,0.149052,-0.025835,-0.047989,-0.847021,0.497648,-0.267488,-0.061994,-1.394688,-0.056026,-0.146591,-0.654650,-0.541136,0.252508,-0.582817,1.096113,0.028678,0.132102,1
-0.027407,-0.081403,-0.019070,0.335158,-0.304435,0.006869,-0.029810,-0.053919,0.035957,0.438156,-0.432026,-0.006714,0.150029,-0.025866,-0.048009,-0.846733,0.498008,-0.266757,-0.061934,-1.394700,-0.056098,-0.146555,-0.653596,-0.543005,0.250422,-0.582805,1.096101,0.025514,0.132546,1
-0.027424,-0.081258,-0.019057,0.335047,-0.304439,0.006862,-0.029742,-0.053902,0.035837,0.438054,-0.432034,-0.006714,0.151034,-0.025889,-0.048015,-0.846482,0.498355,-0.266122,-0.061934,-1.394700,-0.056074,-0.146507,-0.652206,-0.544959,0.247978,-0.582781,1.096053,0.023585,0.132929,1
-0.027433,-0.081139,-0.019124,0.334936,-0.304439,0.006862,-0.029691,-0.053894,0.035730,0.437943,-0.432030,-0.006707,0.151931,-0.025965,-0.048045,-0.846182,0.498703,-0.265499,-0.061899,-1.394712,-0.055966,-0.146483,-0.650468,-0.547224,0.245521,-0.582769,1.096041,0.021751,0.133289,1
-0.027458,-0.081020,-0.019137,0.334766,-0.304439,0.006862,-0.029648,-0.053885,0.035663,0.437815,-0.432034,-0.006700,0.152748,-0.026071,-0.048096,-0.845763,0.499087,-0.264779,-0.061683,-1.394712,-0.055870,-0.146411,-0.648418,-0.549621,0.243028,-0.582889,1.096017,0.019942,0.133564,1
-0.027450,-0.080892,-0.019137,0.334612,-0.304447,0.006862,-0.029623,-0.053885,0.035622,0.437764,-0.432030,-0.006707,0.153404,-0.026185,-0.048152,-0.845355,0.499434,-0.263461,-0.061407,-1.394700,-0.055799,-0.146291,-0.645806,-0.551910,0.238822,-0.583033,1.096005,0.018144,0.133864,1
-0.027450,-0.080653,-0.019070,0.334416,-0.304451,0.006855,-0.029648,-0.053894,0.035596,0.437696,-0.432038,-0.006721,0.154087,-0.026360,-0.048239,-0.844996,0.499925,-0.262059,-0.061000,-1.394736,-0.055739,-0.146148,-0.641839,-0.556320,0.235083,-0.583332,1.095993,0.015675,0.134331,1
-0.027433,-0.080543,-0.019016,0.334297,-0.304447,0.006876,-0.029657,-0.053894,0.035582,0.437670,-0.432026,-0.006714,0.154476,-0.026406,-0.048240,-0.844708,0.500165,-0.261304,-0.060880,-1.394724,-0.055727,-0.146112,-0.638400,-0.558345,0.233081,-0.583536,1.096017,0.014357,0.134643,1
-0.027407,-0.080423,-0.018976,0.334161,-0.304426,0.006884,-0.029683,-0.053902,0.035569,0.437645,-0.432026,-0.006714,0.155252,-0.026436,-0.048220,-0.844385,0.500453,-0.260585,-0.060880,-1.394712,-0.055679,-0.146112,-0.636374,-0.560191,0.231331,-0.583680,1.096017,0.013039,0.135014,1
-0.027373,-0.080329,-0.018976,0.334033,-0.304439,0.006876,-0.029674,-0.053902,0.035542,0.437628,-0.432030,-0.006707,0.156123,-0.026451,-0.048210,-0.844013,0.500812,-0.259890,-0.060892,-1.394724,-0.055619,-0.146124,-0.634529,-0.561761,0.229438,-0.583847,1.096017,0.011565,0.135206,1
-0.027322,-0.080227,-0.018976,0.333931,-0.304435,0.006884,-0.029674,-0.053868,0.035555,0.437602,-0.432026,-0.006714,0.157194,-0.026482,-0.048191,-0.843665,0.501220,-0.259111,-0.060904,-1.394712,-0.055523,-0.146124,-0.632995,-0.563450,0.227365,-0.583943,1.095957,0.009312,0.135362,1
-0.027271,-0.080133,-0.018976,0.333820,-0.304439,0.006862,-0.029691,-0.053860,0.035529,0.437594,-0.432026,-0.006714,0.158373,-0.026512,-0.048201,-0.843462,0.501711,-0.258296,-0.060868,-1.394712,-0.055451,-0.146136,-0.631701,-0.565548,0.225208,-0.584027,1.095838,0.007970,0.135506,1
-0.027228,-0.080040,-0.018963,0.333649,-0.304426,0.006840,-0.029717,-0.053860,0.035542,0.437585,-0.432030,-0.006707,0.159564,-0.026573,-0.048212,-0.843246,0.502178,-0.257385,-0.060856,-1.394700,-0.055415,-0.146112,-0.630454,-0.567885,0.223038,-0.584147,1.095790,0.006579,0.135697,1
-0.027194,-0.079929,-0.018950,0.333539,-0.304439,0.006804,-0.029734,-0.053868,0.035542,0.437577,-0.432026,-0.006714,0.160796,-0.026634,-0.048223,-0.842946,0.502550,-0.256091,-0.060832,-1.394712,-0.055379,-0.146112,-0.629172,-0.570305,0.219299,-0.584207,1.095706,0.005141,0.135865,1
-0.027143,-0.079716,-0.018923,0.333402,-0.304431,0.006790,-0.029776,-0.053868,0.035542,0.437594,-0.432022,-0.006722,0.162417,-0.026672,-0.048248,-0.842335,0.503209,-0.254869,-0.060832,-1.394700,-0.055487,-0.146100,-0.627158,-0.573781,0.215836,-0.584315,1.095562,0.003140,0.135985,1
-0.027143,-0.079656,-0.018909,0.333360,-0.304431,0.006819,-0.029793,-0.053851,0.035542,0.437611,-0.432030,-0.006707,0.162912,-0.026672,-0.048248,-0.842096,0.503425,-0.254485,-0.060856,-1.394712,-0.055523,-0.146112,-0.626356,-0.574440,0.214793,-0.584339,1.095514,0.002457,0.135997,1
-0.027117,-0.079545,-0.018909,0.333274,-0.304435,0.006811,-0.029810,-0.053826,0.035542,0.437577,-0.432026,-0.006714,0.163984,-0.026680,-0.048253,-0.841341,0.503928,-0.253766,-0.060880,-1.394724,-0.055547,-0.146088,-0.623743,-0.575782,0.212732,-0.584339,1.095430,0.001150,0.136009,1
-0.027100,-0.079366,-0.018896,0.333155,-0.304431,0.006833,-0.029870,-0.053826,0.035515,0.437568,-0.432030,-0.006721,0.165818,-0.026733,-0.048269,-0.840609,0.504791,-0.252795,-0.060904,-1.394700,-0.055715,-0.146112,-0.621442,-0.578011,0.209640,-0.584315,1.095298,-0.000539,0.136105,1
-0.027100,-0.079256,-0.018896,0.333087,-0.304406,0.006804,-0.029896,-0.053826,0.035542,0.437568,-0.432026,-0.006700,0.166649,-0.026786,-0.048304,-0.840178,0.505462,-0.252160,-0.060892,-1.394664,-0.056338,-0.146148,-0.620244,-0.579689,0.207615,-0.584327,1.095178,-0.001738,0.136213,1
